# This file was produced by the NASA Exoplanet Archive  http://exoplanetarchive.ipac.caltech.edu,,,,,,,,,,,,,,,,,,,,,,,,,,,,,,,,,,,,,,,,,,,,,,,,,,,,,,,,,,,,,,,,,,,,,,,,,,,,,,,,,,,,,,,,,,,,,,,,,,,,,,,,,,,,,,,,,,,,,,,,,,,,,,,,,,,,,,,,,,,,,,,,,,,,,,,,,,,,,,,,,,,,,,,,,,
# Fri Jul 16 01:29:16 2021,,,,,,,,,,,,,,,,,,,,,,,,,,,,,,,,,,,,,,,,,,,,,,,,,,,,,,,,,,,,,,,,,,,,,,,,,,,,,,,,,,,,,,,,,,,,,,,,,,,,,,,,,,,,,,,,,,,,,,,,,,,,,,,,,,,,,,,,,,,,,,,,,,,,,,,,,,,,,,,,,,,,,,,,,,
#,,,,,,,,,,,,,,,,,,,,,,,,,,,,,,,,,,,,,,,,,,,,,,,,,,,,,,,,,,,,,,,,,,,,,,,,,,,,,,,,,,,,,,,,,,,,,,,,,,,,,,,,,,,,,,,,,,,,,,,,,,,,,,,,,,,,,,,,,,,,,,,,,,,,,,,,,,,,,,,,,,,,,,,,,,
# User preference: *,,,,,,,,,,,,,,,,,,,,,,,,,,,,,,,,,,,,,,,,,,,,,,,,,,,,,,,,,,,,,,,,,,,,,,,,,,,,,,,,,,,,,,,,,,,,,,,,,,,,,,,,,,,,,,,,,,,,,,,,,,,,,,,,,,,,,,,,,,,,,,,,,,,,,,,,,,,,,,,,,,,,,,,,,,
#,,,,,,,,,,,,,,,,,,,,,,,,,,,,,,,,,,,,,,,,,,,,,,,,,,,,,,,,,,,,,,,,,,,,,,,,,,,,,,,,,,,,,,,,,,,,,,,,,,,,,,,,,,,,,,,,,,,,,,,,,,,,,,,,,,,,,,,,,,,,,,,,,,,,,,,,,,,,,,,,,,,,,,,,,,
# CONSTRAINT:  where (default_flag = 1,,,,,,,,,,,,,,,,,,,,,,,,,,,,,,,,,,,,,,,,,,,,,,,,,,,,,,,,,,,,,,,,,,,,,,,,,,,,,,,,,,,,,,,,,,,,,,,,,,,,,,,,,,,,,,,,,,,,,,,,,,,,,,,,,,,,,,,,,,,,,,,,,,,,,,,,,,,,,,,,,,,,,,,,,,
# CONSTRAINT:  and sy_snum = 1,,,,,,,,,,,,,,,,,,,,,,,,,,,,,,,,,,,,,,,,,,,,,,,,,,,,,,,,,,,,,,,,,,,,,,,,,,,,,,,,,,,,,,,,,,,,,,,,,,,,,,,,,,,,,,,,,,,,,,,,,,,,,,,,,,,,,,,,,,,,,,,,,,,,,,,,,,,,,,,,,,,,,,,,,,
# CONSTRAINT:  and sy_pnum = 1,,,,,,,,,,,,,,,,,,,,,,,,,,,,,,,,,,,,,,,,,,,,,,,,,,,,,,,,,,,,,,,,,,,,,,,,,,,,,,,,,,,,,,,,,,,,,,,,,,,,,,,,,,,,,,,,,,,,,,,,,,,,,,,,,,,,,,,,,,,,,,,,,,,,,,,,,,,,,,,,,,,,,,,,,,
# CONSTRAINT:  and discoverymethod like '%Transit%'),,,,,,,,,,,,,,,,,,,,,,,,,,,,,,,,,,,,,,,,,,,,,,,,,,,,,,,,,,,,,,,,,,,,,,,,,,,,,,,,,,,,,,,,,,,,,,,,,,,,,,,,,,,,,,,,,,,,,,,,,,,,,,,,,,,,,,,,,,,,,,,,,,,,,,,,,,,,,,,,,,,,,,,,,,
#,,,,,,,,,,,,,,,,,,,,,,,,,,,,,,,,,,,,,,,,,,,,,,,,,,,,,,,,,,,,,,,,,,,,,,,,,,,,,,,,,,,,,,,,,,,,,,,,,,,,,,,,,,,,,,,,,,,,,,,,,,,,,,,,,,,,,,,,,,,,,,,,,,,,,,,,,,,,,,,,,,,,,,,,,,
# COLUMN pl_name:        Planet Name,,,,,,,,,,,,,,,,,,,,,,,,,,,,,,,,,,,,,,,,,,,,,,,,,,,,,,,,,,,,,,,,,,,,,,,,,,,,,,,,,,,,,,,,,,,,,,,,,,,,,,,,,,,,,,,,,,,,,,,,,,,,,,,,,,,,,,,,,,,,,,,,,,,,,,,,,,,,,,,,,,,,,,,,,,
# COLUMN hostname:       Host Name,,,,,,,,,,,,,,,,,,,,,,,,,,,,,,,,,,,,,,,,,,,,,,,,,,,,,,,,,,,,,,,,,,,,,,,,,,,,,,,,,,,,,,,,,,,,,,,,,,,,,,,,,,,,,,,,,,,,,,,,,,,,,,,,,,,,,,,,,,,,,,,,,,,,,,,,,,,,,,,,,,,,,,,,,,
# COLUMN pl_letter:      Planet Letter,,,,,,,,,,,,,,,,,,,,,,,,,,,,,,,,,,,,,,,,,,,,,,,,,,,,,,,,,,,,,,,,,,,,,,,,,,,,,,,,,,,,,,,,,,,,,,,,,,,,,,,,,,,,,,,,,,,,,,,,,,,,,,,,,,,,,,,,,,,,,,,,,,,,,,,,,,,,,,,,,,,,,,,,,,
# COLUMN default_flag:   Default Parameter Set,,,,,,,,,,,,,,,,,,,,,,,,,,,,,,,,,,,,,,,,,,,,,,,,,,,,,,,,,,,,,,,,,,,,,,,,,,,,,,,,,,,,,,,,,,,,,,,,,,,,,,,,,,,,,,,,,,,,,,,,,,,,,,,,,,,,,,,,,,,,,,,,,,,,,,,,,,,,,,,,,,,,,,,,,,
# COLUMN sy_snum:        Number of Stars,,,,,,,,,,,,,,,,,,,,,,,,,,,,,,,,,,,,,,,,,,,,,,,,,,,,,,,,,,,,,,,,,,,,,,,,,,,,,,,,,,,,,,,,,,,,,,,,,,,,,,,,,,,,,,,,,,,,,,,,,,,,,,,,,,,,,,,,,,,,,,,,,,,,,,,,,,,,,,,,,,,,,,,,,,
# COLUMN sy_pnum:        Number of Planets,,,,,,,,,,,,,,,,,,,,,,,,,,,,,,,,,,,,,,,,,,,,,,,,,,,,,,,,,,,,,,,,,,,,,,,,,,,,,,,,,,,,,,,,,,,,,,,,,,,,,,,,,,,,,,,,,,,,,,,,,,,,,,,,,,,,,,,,,,,,,,,,,,,,,,,,,,,,,,,,,,,,,,,,,,
# COLUMN discoverymethod: Discovery Method,,,,,,,,,,,,,,,,,,,,,,,,,,,,,,,,,,,,,,,,,,,,,,,,,,,,,,,,,,,,,,,,,,,,,,,,,,,,,,,,,,,,,,,,,,,,,,,,,,,,,,,,,,,,,,,,,,,,,,,,,,,,,,,,,,,,,,,,,,,,,,,,,,,,,,,,,,,,,,,,,,,,,,,,,,
# COLUMN pl_controv_flag: Controversial Flag,,,,,,,,,,,,,,,,,,,,,,,,,,,,,,,,,,,,,,,,,,,,,,,,,,,,,,,,,,,,,,,,,,,,,,,,,,,,,,,,,,,,,,,,,,,,,,,,,,,,,,,,,,,,,,,,,,,,,,,,,,,,,,,,,,,,,,,,,,,,,,,,,,,,,,,,,,,,,,,,,,,,,,,,,,
# COLUMN pl_orbper:      Orbital Period [days],,,,,,,,,,,,,,,,,,,,,,,,,,,,,,,,,,,,,,,,,,,,,,,,,,,,,,,,,,,,,,,,,,,,,,,,,,,,,,,,,,,,,,,,,,,,,,,,,,,,,,,,,,,,,,,,,,,,,,,,,,,,,,,,,,,,,,,,,,,,,,,,,,,,,,,,,,,,,,,,,,,,,,,,,,
# COLUMN pl_orbpererr1:  Orbital Period Upper Unc. [days],,,,,,,,,,,,,,,,,,,,,,,,,,,,,,,,,,,,,,,,,,,,,,,,,,,,,,,,,,,,,,,,,,,,,,,,,,,,,,,,,,,,,,,,,,,,,,,,,,,,,,,,,,,,,,,,,,,,,,,,,,,,,,,,,,,,,,,,,,,,,,,,,,,,,,,,,,,,,,,,,,,,,,,,,,
# COLUMN pl_orbpererr2:  Orbital Period Lower Unc. [days],,,,,,,,,,,,,,,,,,,,,,,,,,,,,,,,,,,,,,,,,,,,,,,,,,,,,,,,,,,,,,,,,,,,,,,,,,,,,,,,,,,,,,,,,,,,,,,,,,,,,,,,,,,,,,,,,,,,,,,,,,,,,,,,,,,,,,,,,,,,,,,,,,,,,,,,,,,,,,,,,,,,,,,,,,
# COLUMN pl_orbperlim:   Orbital Period Limit Flag,,,,,,,,,,,,,,,,,,,,,,,,,,,,,,,,,,,,,,,,,,,,,,,,,,,,,,,,,,,,,,,,,,,,,,,,,,,,,,,,,,,,,,,,,,,,,,,,,,,,,,,,,,,,,,,,,,,,,,,,,,,,,,,,,,,,,,,,,,,,,,,,,,,,,,,,,,,,,,,,,,,,,,,,,,
# COLUMN pl_orbsmax:     Orbit Semi-Major Axis [au]),,,,,,,,,,,,,,,,,,,,,,,,,,,,,,,,,,,,,,,,,,,,,,,,,,,,,,,,,,,,,,,,,,,,,,,,,,,,,,,,,,,,,,,,,,,,,,,,,,,,,,,,,,,,,,,,,,,,,,,,,,,,,,,,,,,,,,,,,,,,,,,,,,,,,,,,,,,,,,,,,,,,,,,,,,
# COLUMN pl_orbsmaxerr1: Orbit Semi-Major Axis Upper Unc. [au],,,,,,,,,,,,,,,,,,,,,,,,,,,,,,,,,,,,,,,,,,,,,,,,,,,,,,,,,,,,,,,,,,,,,,,,,,,,,,,,,,,,,,,,,,,,,,,,,,,,,,,,,,,,,,,,,,,,,,,,,,,,,,,,,,,,,,,,,,,,,,,,,,,,,,,,,,,,,,,,,,,,,,,,,,
# COLUMN pl_orbsmaxerr2: Orbit Semi-Major Axis Lower Unc. [au],,,,,,,,,,,,,,,,,,,,,,,,,,,,,,,,,,,,,,,,,,,,,,,,,,,,,,,,,,,,,,,,,,,,,,,,,,,,,,,,,,,,,,,,,,,,,,,,,,,,,,,,,,,,,,,,,,,,,,,,,,,,,,,,,,,,,,,,,,,,,,,,,,,,,,,,,,,,,,,,,,,,,,,,,,
# COLUMN pl_orbsmaxlim:  Orbit Semi-Major Axis Limit Flag,,,,,,,,,,,,,,,,,,,,,,,,,,,,,,,,,,,,,,,,,,,,,,,,,,,,,,,,,,,,,,,,,,,,,,,,,,,,,,,,,,,,,,,,,,,,,,,,,,,,,,,,,,,,,,,,,,,,,,,,,,,,,,,,,,,,,,,,,,,,,,,,,,,,,,,,,,,,,,,,,,,,,,,,,,
# COLUMN pl_rade:        Planet Radius [Earth Radius],,,,,,,,,,,,,,,,,,,,,,,,,,,,,,,,,,,,,,,,,,,,,,,,,,,,,,,,,,,,,,,,,,,,,,,,,,,,,,,,,,,,,,,,,,,,,,,,,,,,,,,,,,,,,,,,,,,,,,,,,,,,,,,,,,,,,,,,,,,,,,,,,,,,,,,,,,,,,,,,,,,,,,,,,,
# COLUMN pl_radeerr1:    Planet Radius Upper Unc. [Earth Radius],,,,,,,,,,,,,,,,,,,,,,,,,,,,,,,,,,,,,,,,,,,,,,,,,,,,,,,,,,,,,,,,,,,,,,,,,,,,,,,,,,,,,,,,,,,,,,,,,,,,,,,,,,,,,,,,,,,,,,,,,,,,,,,,,,,,,,,,,,,,,,,,,,,,,,,,,,,,,,,,,,,,,,,,,,
# COLUMN pl_radeerr2:    Planet Radius Lower Unc. [Earth Radius],,,,,,,,,,,,,,,,,,,,,,,,,,,,,,,,,,,,,,,,,,,,,,,,,,,,,,,,,,,,,,,,,,,,,,,,,,,,,,,,,,,,,,,,,,,,,,,,,,,,,,,,,,,,,,,,,,,,,,,,,,,,,,,,,,,,,,,,,,,,,,,,,,,,,,,,,,,,,,,,,,,,,,,,,,
# COLUMN pl_radelim:     Planet Radius Limit Flag,,,,,,,,,,,,,,,,,,,,,,,,,,,,,,,,,,,,,,,,,,,,,,,,,,,,,,,,,,,,,,,,,,,,,,,,,,,,,,,,,,,,,,,,,,,,,,,,,,,,,,,,,,,,,,,,,,,,,,,,,,,,,,,,,,,,,,,,,,,,,,,,,,,,,,,,,,,,,,,,,,,,,,,,,,
# COLUMN pl_radj:        Planet Radius [Jupiter Radius],,,,,,,,,,,,,,,,,,,,,,,,,,,,,,,,,,,,,,,,,,,,,,,,,,,,,,,,,,,,,,,,,,,,,,,,,,,,,,,,,,,,,,,,,,,,,,,,,,,,,,,,,,,,,,,,,,,,,,,,,,,,,,,,,,,,,,,,,,,,,,,,,,,,,,,,,,,,,,,,,,,,,,,,,,
# COLUMN pl_radjerr1:    Planet Radius Upper Unc. [Jupiter Radius],,,,,,,,,,,,,,,,,,,,,,,,,,,,,,,,,,,,,,,,,,,,,,,,,,,,,,,,,,,,,,,,,,,,,,,,,,,,,,,,,,,,,,,,,,,,,,,,,,,,,,,,,,,,,,,,,,,,,,,,,,,,,,,,,,,,,,,,,,,,,,,,,,,,,,,,,,,,,,,,,,,,,,,,,,
# COLUMN pl_radjerr2:    Planet Radius Lower Unc. [Jupiter Radius],,,,,,,,,,,,,,,,,,,,,,,,,,,,,,,,,,,,,,,,,,,,,,,,,,,,,,,,,,,,,,,,,,,,,,,,,,,,,,,,,,,,,,,,,,,,,,,,,,,,,,,,,,,,,,,,,,,,,,,,,,,,,,,,,,,,,,,,,,,,,,,,,,,,,,,,,,,,,,,,,,,,,,,,,,
# COLUMN pl_radjlim:     Planet Radius Limit Flag,,,,,,,,,,,,,,,,,,,,,,,,,,,,,,,,,,,,,,,,,,,,,,,,,,,,,,,,,,,,,,,,,,,,,,,,,,,,,,,,,,,,,,,,,,,,,,,,,,,,,,,,,,,,,,,,,,,,,,,,,,,,,,,,,,,,,,,,,,,,,,,,,,,,,,,,,,,,,,,,,,,,,,,,,,
# COLUMN pl_masse:       Planet Mass [Earth Mass],,,,,,,,,,,,,,,,,,,,,,,,,,,,,,,,,,,,,,,,,,,,,,,,,,,,,,,,,,,,,,,,,,,,,,,,,,,,,,,,,,,,,,,,,,,,,,,,,,,,,,,,,,,,,,,,,,,,,,,,,,,,,,,,,,,,,,,,,,,,,,,,,,,,,,,,,,,,,,,,,,,,,,,,,,
# COLUMN pl_masseerr1:   Planet Mass [Earth Mass] Upper Unc.,,,,,,,,,,,,,,,,,,,,,,,,,,,,,,,,,,,,,,,,,,,,,,,,,,,,,,,,,,,,,,,,,,,,,,,,,,,,,,,,,,,,,,,,,,,,,,,,,,,,,,,,,,,,,,,,,,,,,,,,,,,,,,,,,,,,,,,,,,,,,,,,,,,,,,,,,,,,,,,,,,,,,,,,,,
# COLUMN pl_masseerr2:   Planet Mass [Earth Mass] Lower Unc.,,,,,,,,,,,,,,,,,,,,,,,,,,,,,,,,,,,,,,,,,,,,,,,,,,,,,,,,,,,,,,,,,,,,,,,,,,,,,,,,,,,,,,,,,,,,,,,,,,,,,,,,,,,,,,,,,,,,,,,,,,,,,,,,,,,,,,,,,,,,,,,,,,,,,,,,,,,,,,,,,,,,,,,,,,
# COLUMN pl_masselim:    Planet Mass [Earth Mass] Limit Flag,,,,,,,,,,,,,,,,,,,,,,,,,,,,,,,,,,,,,,,,,,,,,,,,,,,,,,,,,,,,,,,,,,,,,,,,,,,,,,,,,,,,,,,,,,,,,,,,,,,,,,,,,,,,,,,,,,,,,,,,,,,,,,,,,,,,,,,,,,,,,,,,,,,,,,,,,,,,,,,,,,,,,,,,,,
# COLUMN pl_massj:       Planet Mass [Jupiter Mass],,,,,,,,,,,,,,,,,,,,,,,,,,,,,,,,,,,,,,,,,,,,,,,,,,,,,,,,,,,,,,,,,,,,,,,,,,,,,,,,,,,,,,,,,,,,,,,,,,,,,,,,,,,,,,,,,,,,,,,,,,,,,,,,,,,,,,,,,,,,,,,,,,,,,,,,,,,,,,,,,,,,,,,,,,
# COLUMN pl_massjerr1:   Planet Mass [Jupiter Mass] Upper Unc.,,,,,,,,,,,,,,,,,,,,,,,,,,,,,,,,,,,,,,,,,,,,,,,,,,,,,,,,,,,,,,,,,,,,,,,,,,,,,,,,,,,,,,,,,,,,,,,,,,,,,,,,,,,,,,,,,,,,,,,,,,,,,,,,,,,,,,,,,,,,,,,,,,,,,,,,,,,,,,,,,,,,,,,,,,
# COLUMN pl_massjerr2:   Planet Mass [Jupiter Mass] Lower Unc.,,,,,,,,,,,,,,,,,,,,,,,,,,,,,,,,,,,,,,,,,,,,,,,,,,,,,,,,,,,,,,,,,,,,,,,,,,,,,,,,,,,,,,,,,,,,,,,,,,,,,,,,,,,,,,,,,,,,,,,,,,,,,,,,,,,,,,,,,,,,,,,,,,,,,,,,,,,,,,,,,,,,,,,,,,
# COLUMN pl_massjlim:    Planet Mass [Jupiter Mass] Limit Flag,,,,,,,,,,,,,,,,,,,,,,,,,,,,,,,,,,,,,,,,,,,,,,,,,,,,,,,,,,,,,,,,,,,,,,,,,,,,,,,,,,,,,,,,,,,,,,,,,,,,,,,,,,,,,,,,,,,,,,,,,,,,,,,,,,,,,,,,,,,,,,,,,,,,,,,,,,,,,,,,,,,,,,,,,,
# COLUMN pl_msinie:      Planet Mass*sin(i) [Earth Mass],,,,,,,,,,,,,,,,,,,,,,,,,,,,,,,,,,,,,,,,,,,,,,,,,,,,,,,,,,,,,,,,,,,,,,,,,,,,,,,,,,,,,,,,,,,,,,,,,,,,,,,,,,,,,,,,,,,,,,,,,,,,,,,,,,,,,,,,,,,,,,,,,,,,,,,,,,,,,,,,,,,,,,,,,,
# COLUMN pl_msinieerr1:  Planet Mass*sin(i) [Earth Mass] Upper Unc.,,,,,,,,,,,,,,,,,,,,,,,,,,,,,,,,,,,,,,,,,,,,,,,,,,,,,,,,,,,,,,,,,,,,,,,,,,,,,,,,,,,,,,,,,,,,,,,,,,,,,,,,,,,,,,,,,,,,,,,,,,,,,,,,,,,,,,,,,,,,,,,,,,,,,,,,,,,,,,,,,,,,,,,,,,
# COLUMN pl_msinieerr2:  Planet Mass*sin(i) [Earth Mass] Lower Unc.,,,,,,,,,,,,,,,,,,,,,,,,,,,,,,,,,,,,,,,,,,,,,,,,,,,,,,,,,,,,,,,,,,,,,,,,,,,,,,,,,,,,,,,,,,,,,,,,,,,,,,,,,,,,,,,,,,,,,,,,,,,,,,,,,,,,,,,,,,,,,,,,,,,,,,,,,,,,,,,,,,,,,,,,,,
# COLUMN pl_msinielim:   Planet Mass*sin(i) [Earth Mass] Limit Flag,,,,,,,,,,,,,,,,,,,,,,,,,,,,,,,,,,,,,,,,,,,,,,,,,,,,,,,,,,,,,,,,,,,,,,,,,,,,,,,,,,,,,,,,,,,,,,,,,,,,,,,,,,,,,,,,,,,,,,,,,,,,,,,,,,,,,,,,,,,,,,,,,,,,,,,,,,,,,,,,,,,,,,,,,,
# COLUMN pl_msinij:      Planet Mass*sin(i) [Jupiter Mass],,,,,,,,,,,,,,,,,,,,,,,,,,,,,,,,,,,,,,,,,,,,,,,,,,,,,,,,,,,,,,,,,,,,,,,,,,,,,,,,,,,,,,,,,,,,,,,,,,,,,,,,,,,,,,,,,,,,,,,,,,,,,,,,,,,,,,,,,,,,,,,,,,,,,,,,,,,,,,,,,,,,,,,,,,
# COLUMN pl_msinijerr1:  Planet Mass*sin(i) [Jupiter Mass] Upper Unc.,,,,,,,,,,,,,,,,,,,,,,,,,,,,,,,,,,,,,,,,,,,,,,,,,,,,,,,,,,,,,,,,,,,,,,,,,,,,,,,,,,,,,,,,,,,,,,,,,,,,,,,,,,,,,,,,,,,,,,,,,,,,,,,,,,,,,,,,,,,,,,,,,,,,,,,,,,,,,,,,,,,,,,,,,,
# COLUMN pl_msinijerr2:  Planet Mass*sin(i) [Jupiter Mass] Lower Unc.,,,,,,,,,,,,,,,,,,,,,,,,,,,,,,,,,,,,,,,,,,,,,,,,,,,,,,,,,,,,,,,,,,,,,,,,,,,,,,,,,,,,,,,,,,,,,,,,,,,,,,,,,,,,,,,,,,,,,,,,,,,,,,,,,,,,,,,,,,,,,,,,,,,,,,,,,,,,,,,,,,,,,,,,,,
# COLUMN pl_msinijlim:   Planet Mass*sin(i) [Jupiter Mass] Limit Flag,,,,,,,,,,,,,,,,,,,,,,,,,,,,,,,,,,,,,,,,,,,,,,,,,,,,,,,,,,,,,,,,,,,,,,,,,,,,,,,,,,,,,,,,,,,,,,,,,,,,,,,,,,,,,,,,,,,,,,,,,,,,,,,,,,,,,,,,,,,,,,,,,,,,,,,,,,,,,,,,,,,,,,,,,,
# COLUMN pl_cmasse:      Planet Mass*sin(i)/sin(i) [Earth Mass],,,,,,,,,,,,,,,,,,,,,,,,,,,,,,,,,,,,,,,,,,,,,,,,,,,,,,,,,,,,,,,,,,,,,,,,,,,,,,,,,,,,,,,,,,,,,,,,,,,,,,,,,,,,,,,,,,,,,,,,,,,,,,,,,,,,,,,,,,,,,,,,,,,,,,,,,,,,,,,,,,,,,,,,,,
# COLUMN pl_cmasseerr1:  Planet Mass*sin(i)/sin(i) [Earth Mass] Upper Unc.,,,,,,,,,,,,,,,,,,,,,,,,,,,,,,,,,,,,,,,,,,,,,,,,,,,,,,,,,,,,,,,,,,,,,,,,,,,,,,,,,,,,,,,,,,,,,,,,,,,,,,,,,,,,,,,,,,,,,,,,,,,,,,,,,,,,,,,,,,,,,,,,,,,,,,,,,,,,,,,,,,,,,,,,,,
# COLUMN pl_cmasseerr2:  Planet Mass*sin(i)/sin(i) [Earth Mass] Lower Unc.,,,,,,,,,,,,,,,,,,,,,,,,,,,,,,,,,,,,,,,,,,,,,,,,,,,,,,,,,,,,,,,,,,,,,,,,,,,,,,,,,,,,,,,,,,,,,,,,,,,,,,,,,,,,,,,,,,,,,,,,,,,,,,,,,,,,,,,,,,,,,,,,,,,,,,,,,,,,,,,,,,,,,,,,,,
# COLUMN pl_cmasselim:   Planet Mass*sin(i)/sin(i) [Earth Mass] Limit Flag,,,,,,,,,,,,,,,,,,,,,,,,,,,,,,,,,,,,,,,,,,,,,,,,,,,,,,,,,,,,,,,,,,,,,,,,,,,,,,,,,,,,,,,,,,,,,,,,,,,,,,,,,,,,,,,,,,,,,,,,,,,,,,,,,,,,,,,,,,,,,,,,,,,,,,,,,,,,,,,,,,,,,,,,,,
# COLUMN pl_cmassj:      Planet Mass*sin(i)/sin(i) [Jupiter Mass],,,,,,,,,,,,,,,,,,,,,,,,,,,,,,,,,,,,,,,,,,,,,,,,,,,,,,,,,,,,,,,,,,,,,,,,,,,,,,,,,,,,,,,,,,,,,,,,,,,,,,,,,,,,,,,,,,,,,,,,,,,,,,,,,,,,,,,,,,,,,,,,,,,,,,,,,,,,,,,,,,,,,,,,,,
# COLUMN pl_cmassjerr1:  Planet Mass*sin(i)/sin(i) [Jupiter Mass] Upper Unc.,,,,,,,,,,,,,,,,,,,,,,,,,,,,,,,,,,,,,,,,,,,,,,,,,,,,,,,,,,,,,,,,,,,,,,,,,,,,,,,,,,,,,,,,,,,,,,,,,,,,,,,,,,,,,,,,,,,,,,,,,,,,,,,,,,,,,,,,,,,,,,,,,,,,,,,,,,,,,,,,,,,,,,,,,,
# COLUMN pl_cmassjerr2:  Planet Mass*sin(i)/sin(i) [Jupiter Mass] Lower Unc.,,,,,,,,,,,,,,,,,,,,,,,,,,,,,,,,,,,,,,,,,,,,,,,,,,,,,,,,,,,,,,,,,,,,,,,,,,,,,,,,,,,,,,,,,,,,,,,,,,,,,,,,,,,,,,,,,,,,,,,,,,,,,,,,,,,,,,,,,,,,,,,,,,,,,,,,,,,,,,,,,,,,,,,,,,
# COLUMN pl_cmassjlim:   Planet Mass*sin(i)/sin(i) [Jupiter Mass] Limit Flag,,,,,,,,,,,,,,,,,,,,,,,,,,,,,,,,,,,,,,,,,,,,,,,,,,,,,,,,,,,,,,,,,,,,,,,,,,,,,,,,,,,,,,,,,,,,,,,,,,,,,,,,,,,,,,,,,,,,,,,,,,,,,,,,,,,,,,,,,,,,,,,,,,,,,,,,,,,,,,,,,,,,,,,,,,
# COLUMN pl_bmasse:      Planet Mass or Mass*sin(i) [Earth Mass],,,,,,,,,,,,,,,,,,,,,,,,,,,,,,,,,,,,,,,,,,,,,,,,,,,,,,,,,,,,,,,,,,,,,,,,,,,,,,,,,,,,,,,,,,,,,,,,,,,,,,,,,,,,,,,,,,,,,,,,,,,,,,,,,,,,,,,,,,,,,,,,,,,,,,,,,,,,,,,,,,,,,,,,,,
# COLUMN pl_bmasseerr1:  Planet Mass or Mass*sin(i) [Earth Mass] Upper Unc.,,,,,,,,,,,,,,,,,,,,,,,,,,,,,,,,,,,,,,,,,,,,,,,,,,,,,,,,,,,,,,,,,,,,,,,,,,,,,,,,,,,,,,,,,,,,,,,,,,,,,,,,,,,,,,,,,,,,,,,,,,,,,,,,,,,,,,,,,,,,,,,,,,,,,,,,,,,,,,,,,,,,,,,,,,
# COLUMN pl_bmasseerr2:  Planet Mass or Mass*sin(i) [Earth Mass] Lower Unc.,,,,,,,,,,,,,,,,,,,,,,,,,,,,,,,,,,,,,,,,,,,,,,,,,,,,,,,,,,,,,,,,,,,,,,,,,,,,,,,,,,,,,,,,,,,,,,,,,,,,,,,,,,,,,,,,,,,,,,,,,,,,,,,,,,,,,,,,,,,,,,,,,,,,,,,,,,,,,,,,,,,,,,,,,,
# COLUMN pl_bmasselim:   Planet Mass or Mass*sin(i) [Earth Mass] Limit Flag,,,,,,,,,,,,,,,,,,,,,,,,,,,,,,,,,,,,,,,,,,,,,,,,,,,,,,,,,,,,,,,,,,,,,,,,,,,,,,,,,,,,,,,,,,,,,,,,,,,,,,,,,,,,,,,,,,,,,,,,,,,,,,,,,,,,,,,,,,,,,,,,,,,,,,,,,,,,,,,,,,,,,,,,,,
# COLUMN pl_bmassj:      Planet Mass or Mass*sin(i) [Jupiter Mass],,,,,,,,,,,,,,,,,,,,,,,,,,,,,,,,,,,,,,,,,,,,,,,,,,,,,,,,,,,,,,,,,,,,,,,,,,,,,,,,,,,,,,,,,,,,,,,,,,,,,,,,,,,,,,,,,,,,,,,,,,,,,,,,,,,,,,,,,,,,,,,,,,,,,,,,,,,,,,,,,,,,,,,,,,
# COLUMN pl_bmassjerr1:  Planet Mass or Mass*sin(i) [Jupiter Mass] Upper Unc.,,,,,,,,,,,,,,,,,,,,,,,,,,,,,,,,,,,,,,,,,,,,,,,,,,,,,,,,,,,,,,,,,,,,,,,,,,,,,,,,,,,,,,,,,,,,,,,,,,,,,,,,,,,,,,,,,,,,,,,,,,,,,,,,,,,,,,,,,,,,,,,,,,,,,,,,,,,,,,,,,,,,,,,,,,
# COLUMN pl_bmassjerr2:  Planet Mass or Mass*sin(i) [Jupiter Mass] Lower Unc.,,,,,,,,,,,,,,,,,,,,,,,,,,,,,,,,,,,,,,,,,,,,,,,,,,,,,,,,,,,,,,,,,,,,,,,,,,,,,,,,,,,,,,,,,,,,,,,,,,,,,,,,,,,,,,,,,,,,,,,,,,,,,,,,,,,,,,,,,,,,,,,,,,,,,,,,,,,,,,,,,,,,,,,,,,
# COLUMN pl_bmassjlim:   Planet Mass or Mass*sin(i) [Jupiter Mass] Limit Flag,,,,,,,,,,,,,,,,,,,,,,,,,,,,,,,,,,,,,,,,,,,,,,,,,,,,,,,,,,,,,,,,,,,,,,,,,,,,,,,,,,,,,,,,,,,,,,,,,,,,,,,,,,,,,,,,,,,,,,,,,,,,,,,,,,,,,,,,,,,,,,,,,,,,,,,,,,,,,,,,,,,,,,,,,,
# COLUMN pl_dens:        Planet Density [g/cm**3],,,,,,,,,,,,,,,,,,,,,,,,,,,,,,,,,,,,,,,,,,,,,,,,,,,,,,,,,,,,,,,,,,,,,,,,,,,,,,,,,,,,,,,,,,,,,,,,,,,,,,,,,,,,,,,,,,,,,,,,,,,,,,,,,,,,,,,,,,,,,,,,,,,,,,,,,,,,,,,,,,,,,,,,,,
# COLUMN pl_denserr1:    Planet Density Upper Unc. [g/cm**3],,,,,,,,,,,,,,,,,,,,,,,,,,,,,,,,,,,,,,,,,,,,,,,,,,,,,,,,,,,,,,,,,,,,,,,,,,,,,,,,,,,,,,,,,,,,,,,,,,,,,,,,,,,,,,,,,,,,,,,,,,,,,,,,,,,,,,,,,,,,,,,,,,,,,,,,,,,,,,,,,,,,,,,,,,
# COLUMN pl_denserr2:    Planet Density Lower Unc. [g/cm**3],,,,,,,,,,,,,,,,,,,,,,,,,,,,,,,,,,,,,,,,,,,,,,,,,,,,,,,,,,,,,,,,,,,,,,,,,,,,,,,,,,,,,,,,,,,,,,,,,,,,,,,,,,,,,,,,,,,,,,,,,,,,,,,,,,,,,,,,,,,,,,,,,,,,,,,,,,,,,,,,,,,,,,,,,,
# COLUMN pl_denslim:     Planet Density Limit Flag,,,,,,,,,,,,,,,,,,,,,,,,,,,,,,,,,,,,,,,,,,,,,,,,,,,,,,,,,,,,,,,,,,,,,,,,,,,,,,,,,,,,,,,,,,,,,,,,,,,,,,,,,,,,,,,,,,,,,,,,,,,,,,,,,,,,,,,,,,,,,,,,,,,,,,,,,,,,,,,,,,,,,,,,,,
# COLUMN pl_orbeccen:    Eccentricity,,,,,,,,,,,,,,,,,,,,,,,,,,,,,,,,,,,,,,,,,,,,,,,,,,,,,,,,,,,,,,,,,,,,,,,,,,,,,,,,,,,,,,,,,,,,,,,,,,,,,,,,,,,,,,,,,,,,,,,,,,,,,,,,,,,,,,,,,,,,,,,,,,,,,,,,,,,,,,,,,,,,,,,,,,
# COLUMN pl_orbeccenerr1: Eccentricity Upper Unc.,,,,,,,,,,,,,,,,,,,,,,,,,,,,,,,,,,,,,,,,,,,,,,,,,,,,,,,,,,,,,,,,,,,,,,,,,,,,,,,,,,,,,,,,,,,,,,,,,,,,,,,,,,,,,,,,,,,,,,,,,,,,,,,,,,,,,,,,,,,,,,,,,,,,,,,,,,,,,,,,,,,,,,,,,,
# COLUMN pl_orbeccenerr2: Eccentricity Lower Unc.,,,,,,,,,,,,,,,,,,,,,,,,,,,,,,,,,,,,,,,,,,,,,,,,,,,,,,,,,,,,,,,,,,,,,,,,,,,,,,,,,,,,,,,,,,,,,,,,,,,,,,,,,,,,,,,,,,,,,,,,,,,,,,,,,,,,,,,,,,,,,,,,,,,,,,,,,,,,,,,,,,,,,,,,,,
# COLUMN pl_orbeccenlim: Eccentricity Limit Flag,,,,,,,,,,,,,,,,,,,,,,,,,,,,,,,,,,,,,,,,,,,,,,,,,,,,,,,,,,,,,,,,,,,,,,,,,,,,,,,,,,,,,,,,,,,,,,,,,,,,,,,,,,,,,,,,,,,,,,,,,,,,,,,,,,,,,,,,,,,,,,,,,,,,,,,,,,,,,,,,,,,,,,,,,,
# COLUMN pl_insol:       Insolation Flux [Earth Flux],,,,,,,,,,,,,,,,,,,,,,,,,,,,,,,,,,,,,,,,,,,,,,,,,,,,,,,,,,,,,,,,,,,,,,,,,,,,,,,,,,,,,,,,,,,,,,,,,,,,,,,,,,,,,,,,,,,,,,,,,,,,,,,,,,,,,,,,,,,,,,,,,,,,,,,,,,,,,,,,,,,,,,,,,,
# COLUMN pl_insolerr1:   Insolation Flux Upper Unc. [Earth Flux],,,,,,,,,,,,,,,,,,,,,,,,,,,,,,,,,,,,,,,,,,,,,,,,,,,,,,,,,,,,,,,,,,,,,,,,,,,,,,,,,,,,,,,,,,,,,,,,,,,,,,,,,,,,,,,,,,,,,,,,,,,,,,,,,,,,,,,,,,,,,,,,,,,,,,,,,,,,,,,,,,,,,,,,,,
# COLUMN pl_insolerr2:   Insolation Flux Lower Unc. [Earth Flux],,,,,,,,,,,,,,,,,,,,,,,,,,,,,,,,,,,,,,,,,,,,,,,,,,,,,,,,,,,,,,,,,,,,,,,,,,,,,,,,,,,,,,,,,,,,,,,,,,,,,,,,,,,,,,,,,,,,,,,,,,,,,,,,,,,,,,,,,,,,,,,,,,,,,,,,,,,,,,,,,,,,,,,,,,
# COLUMN pl_insollim:    Insolation Flux Limit Flag,,,,,,,,,,,,,,,,,,,,,,,,,,,,,,,,,,,,,,,,,,,,,,,,,,,,,,,,,,,,,,,,,,,,,,,,,,,,,,,,,,,,,,,,,,,,,,,,,,,,,,,,,,,,,,,,,,,,,,,,,,,,,,,,,,,,,,,,,,,,,,,,,,,,,,,,,,,,,,,,,,,,,,,,,,
# COLUMN pl_eqt:         Equilibrium Temperature [K],,,,,,,,,,,,,,,,,,,,,,,,,,,,,,,,,,,,,,,,,,,,,,,,,,,,,,,,,,,,,,,,,,,,,,,,,,,,,,,,,,,,,,,,,,,,,,,,,,,,,,,,,,,,,,,,,,,,,,,,,,,,,,,,,,,,,,,,,,,,,,,,,,,,,,,,,,,,,,,,,,,,,,,,,,
# COLUMN pl_eqterr1:     Equilibrium Temperature Upper Unc. [K],,,,,,,,,,,,,,,,,,,,,,,,,,,,,,,,,,,,,,,,,,,,,,,,,,,,,,,,,,,,,,,,,,,,,,,,,,,,,,,,,,,,,,,,,,,,,,,,,,,,,,,,,,,,,,,,,,,,,,,,,,,,,,,,,,,,,,,,,,,,,,,,,,,,,,,,,,,,,,,,,,,,,,,,,,
# COLUMN pl_eqterr2:     Equilibrium Temperature Lower Unc. [K],,,,,,,,,,,,,,,,,,,,,,,,,,,,,,,,,,,,,,,,,,,,,,,,,,,,,,,,,,,,,,,,,,,,,,,,,,,,,,,,,,,,,,,,,,,,,,,,,,,,,,,,,,,,,,,,,,,,,,,,,,,,,,,,,,,,,,,,,,,,,,,,,,,,,,,,,,,,,,,,,,,,,,,,,,
# COLUMN pl_eqtlim:      Equilibrium Temperature Limit Flag,,,,,,,,,,,,,,,,,,,,,,,,,,,,,,,,,,,,,,,,,,,,,,,,,,,,,,,,,,,,,,,,,,,,,,,,,,,,,,,,,,,,,,,,,,,,,,,,,,,,,,,,,,,,,,,,,,,,,,,,,,,,,,,,,,,,,,,,,,,,,,,,,,,,,,,,,,,,,,,,,,,,,,,,,,
# COLUMN pl_orbincl:     Inclination [deg],,,,,,,,,,,,,,,,,,,,,,,,,,,,,,,,,,,,,,,,,,,,,,,,,,,,,,,,,,,,,,,,,,,,,,,,,,,,,,,,,,,,,,,,,,,,,,,,,,,,,,,,,,,,,,,,,,,,,,,,,,,,,,,,,,,,,,,,,,,,,,,,,,,,,,,,,,,,,,,,,,,,,,,,,,
# COLUMN pl_orbinclerr1: Inclination Upper Unc. [deg],,,,,,,,,,,,,,,,,,,,,,,,,,,,,,,,,,,,,,,,,,,,,,,,,,,,,,,,,,,,,,,,,,,,,,,,,,,,,,,,,,,,,,,,,,,,,,,,,,,,,,,,,,,,,,,,,,,,,,,,,,,,,,,,,,,,,,,,,,,,,,,,,,,,,,,,,,,,,,,,,,,,,,,,,,
# COLUMN pl_orbinclerr2: Inclination Lower Unc. [deg],,,,,,,,,,,,,,,,,,,,,,,,,,,,,,,,,,,,,,,,,,,,,,,,,,,,,,,,,,,,,,,,,,,,,,,,,,,,,,,,,,,,,,,,,,,,,,,,,,,,,,,,,,,,,,,,,,,,,,,,,,,,,,,,,,,,,,,,,,,,,,,,,,,,,,,,,,,,,,,,,,,,,,,,,,
# COLUMN pl_orbincllim:  Inclination Limit Flag,,,,,,,,,,,,,,,,,,,,,,,,,,,,,,,,,,,,,,,,,,,,,,,,,,,,,,,,,,,,,,,,,,,,,,,,,,,,,,,,,,,,,,,,,,,,,,,,,,,,,,,,,,,,,,,,,,,,,,,,,,,,,,,,,,,,,,,,,,,,,,,,,,,,,,,,,,,,,,,,,,,,,,,,,,
# COLUMN pl_imppar:      Impact Parameter,,,,,,,,,,,,,,,,,,,,,,,,,,,,,,,,,,,,,,,,,,,,,,,,,,,,,,,,,,,,,,,,,,,,,,,,,,,,,,,,,,,,,,,,,,,,,,,,,,,,,,,,,,,,,,,,,,,,,,,,,,,,,,,,,,,,,,,,,,,,,,,,,,,,,,,,,,,,,,,,,,,,,,,,,,
# COLUMN pl_impparerr1:  Impact Parameter Upper Unc.,,,,,,,,,,,,,,,,,,,,,,,,,,,,,,,,,,,,,,,,,,,,,,,,,,,,,,,,,,,,,,,,,,,,,,,,,,,,,,,,,,,,,,,,,,,,,,,,,,,,,,,,,,,,,,,,,,,,,,,,,,,,,,,,,,,,,,,,,,,,,,,,,,,,,,,,,,,,,,,,,,,,,,,,,,
# COLUMN pl_impparerr2:  Impact Parameter Lower Unc.,,,,,,,,,,,,,,,,,,,,,,,,,,,,,,,,,,,,,,,,,,,,,,,,,,,,,,,,,,,,,,,,,,,,,,,,,,,,,,,,,,,,,,,,,,,,,,,,,,,,,,,,,,,,,,,,,,,,,,,,,,,,,,,,,,,,,,,,,,,,,,,,,,,,,,,,,,,,,,,,,,,,,,,,,,
# COLUMN pl_impparlim:   Impact Parameter Limit Flag,,,,,,,,,,,,,,,,,,,,,,,,,,,,,,,,,,,,,,,,,,,,,,,,,,,,,,,,,,,,,,,,,,,,,,,,,,,,,,,,,,,,,,,,,,,,,,,,,,,,,,,,,,,,,,,,,,,,,,,,,,,,,,,,,,,,,,,,,,,,,,,,,,,,,,,,,,,,,,,,,,,,,,,,,,
# COLUMN pl_trandep:     Transit Depth [%],,,,,,,,,,,,,,,,,,,,,,,,,,,,,,,,,,,,,,,,,,,,,,,,,,,,,,,,,,,,,,,,,,,,,,,,,,,,,,,,,,,,,,,,,,,,,,,,,,,,,,,,,,,,,,,,,,,,,,,,,,,,,,,,,,,,,,,,,,,,,,,,,,,,,,,,,,,,,,,,,,,,,,,,,,
# COLUMN pl_trandeperr1: Transit Depth Upper Unc. [%],,,,,,,,,,,,,,,,,,,,,,,,,,,,,,,,,,,,,,,,,,,,,,,,,,,,,,,,,,,,,,,,,,,,,,,,,,,,,,,,,,,,,,,,,,,,,,,,,,,,,,,,,,,,,,,,,,,,,,,,,,,,,,,,,,,,,,,,,,,,,,,,,,,,,,,,,,,,,,,,,,,,,,,,,,
# COLUMN pl_trandeperr2: Transit Depth Lower Unc. [%],,,,,,,,,,,,,,,,,,,,,,,,,,,,,,,,,,,,,,,,,,,,,,,,,,,,,,,,,,,,,,,,,,,,,,,,,,,,,,,,,,,,,,,,,,,,,,,,,,,,,,,,,,,,,,,,,,,,,,,,,,,,,,,,,,,,,,,,,,,,,,,,,,,,,,,,,,,,,,,,,,,,,,,,,,
# COLUMN pl_trandeplim:  Transit Depth Limit Flag,,,,,,,,,,,,,,,,,,,,,,,,,,,,,,,,,,,,,,,,,,,,,,,,,,,,,,,,,,,,,,,,,,,,,,,,,,,,,,,,,,,,,,,,,,,,,,,,,,,,,,,,,,,,,,,,,,,,,,,,,,,,,,,,,,,,,,,,,,,,,,,,,,,,,,,,,,,,,,,,,,,,,,,,,,
# COLUMN pl_trandur:     Transit Duration [hours],,,,,,,,,,,,,,,,,,,,,,,,,,,,,,,,,,,,,,,,,,,,,,,,,,,,,,,,,,,,,,,,,,,,,,,,,,,,,,,,,,,,,,,,,,,,,,,,,,,,,,,,,,,,,,,,,,,,,,,,,,,,,,,,,,,,,,,,,,,,,,,,,,,,,,,,,,,,,,,,,,,,,,,,,,
# COLUMN pl_trandurerr1: Transit Duration Upper Unc. [hours],,,,,,,,,,,,,,,,,,,,,,,,,,,,,,,,,,,,,,,,,,,,,,,,,,,,,,,,,,,,,,,,,,,,,,,,,,,,,,,,,,,,,,,,,,,,,,,,,,,,,,,,,,,,,,,,,,,,,,,,,,,,,,,,,,,,,,,,,,,,,,,,,,,,,,,,,,,,,,,,,,,,,,,,,,
# COLUMN pl_trandurerr2: Transit Duration Lower Unc. [hours],,,,,,,,,,,,,,,,,,,,,,,,,,,,,,,,,,,,,,,,,,,,,,,,,,,,,,,,,,,,,,,,,,,,,,,,,,,,,,,,,,,,,,,,,,,,,,,,,,,,,,,,,,,,,,,,,,,,,,,,,,,,,,,,,,,,,,,,,,,,,,,,,,,,,,,,,,,,,,,,,,,,,,,,,,
# COLUMN pl_trandurlim:  Transit Duration Limit Flag,,,,,,,,,,,,,,,,,,,,,,,,,,,,,,,,,,,,,,,,,,,,,,,,,,,,,,,,,,,,,,,,,,,,,,,,,,,,,,,,,,,,,,,,,,,,,,,,,,,,,,,,,,,,,,,,,,,,,,,,,,,,,,,,,,,,,,,,,,,,,,,,,,,,,,,,,,,,,,,,,,,,,,,,,,
# COLUMN pl_ratdor:      Ratio of Semi-Major Axis to Stellar Radius,,,,,,,,,,,,,,,,,,,,,,,,,,,,,,,,,,,,,,,,,,,,,,,,,,,,,,,,,,,,,,,,,,,,,,,,,,,,,,,,,,,,,,,,,,,,,,,,,,,,,,,,,,,,,,,,,,,,,,,,,,,,,,,,,,,,,,,,,,,,,,,,,,,,,,,,,,,,,,,,,,,,,,,,,,
# COLUMN pl_ratdorerr1:  Ratio of Semi-Major Axis to Stellar Radius Upper Unc.,,,,,,,,,,,,,,,,,,,,,,,,,,,,,,,,,,,,,,,,,,,,,,,,,,,,,,,,,,,,,,,,,,,,,,,,,,,,,,,,,,,,,,,,,,,,,,,,,,,,,,,,,,,,,,,,,,,,,,,,,,,,,,,,,,,,,,,,,,,,,,,,,,,,,,,,,,,,,,,,,,,,,,,,,,
# COLUMN pl_ratdorerr2:  Ratio of Semi-Major Axis to Stellar Radius Lower Unc.,,,,,,,,,,,,,,,,,,,,,,,,,,,,,,,,,,,,,,,,,,,,,,,,,,,,,,,,,,,,,,,,,,,,,,,,,,,,,,,,,,,,,,,,,,,,,,,,,,,,,,,,,,,,,,,,,,,,,,,,,,,,,,,,,,,,,,,,,,,,,,,,,,,,,,,,,,,,,,,,,,,,,,,,,,
# COLUMN pl_ratdorlim:   Ratio of Semi-Major Axis to Stellar Radius Limit Flag,,,,,,,,,,,,,,,,,,,,,,,,,,,,,,,,,,,,,,,,,,,,,,,,,,,,,,,,,,,,,,,,,,,,,,,,,,,,,,,,,,,,,,,,,,,,,,,,,,,,,,,,,,,,,,,,,,,,,,,,,,,,,,,,,,,,,,,,,,,,,,,,,,,,,,,,,,,,,,,,,,,,,,,,,,
# COLUMN pl_ratror:      Ratio of Planet to Stellar Radius,,,,,,,,,,,,,,,,,,,,,,,,,,,,,,,,,,,,,,,,,,,,,,,,,,,,,,,,,,,,,,,,,,,,,,,,,,,,,,,,,,,,,,,,,,,,,,,,,,,,,,,,,,,,,,,,,,,,,,,,,,,,,,,,,,,,,,,,,,,,,,,,,,,,,,,,,,,,,,,,,,,,,,,,,,
# COLUMN pl_ratrorerr1:  Ratio of Planet to Stellar Radius Upper Unc.,,,,,,,,,,,,,,,,,,,,,,,,,,,,,,,,,,,,,,,,,,,,,,,,,,,,,,,,,,,,,,,,,,,,,,,,,,,,,,,,,,,,,,,,,,,,,,,,,,,,,,,,,,,,,,,,,,,,,,,,,,,,,,,,,,,,,,,,,,,,,,,,,,,,,,,,,,,,,,,,,,,,,,,,,,
# COLUMN pl_ratrorerr2:  Ratio of Planet to Stellar Radius Lower Unc.,,,,,,,,,,,,,,,,,,,,,,,,,,,,,,,,,,,,,,,,,,,,,,,,,,,,,,,,,,,,,,,,,,,,,,,,,,,,,,,,,,,,,,,,,,,,,,,,,,,,,,,,,,,,,,,,,,,,,,,,,,,,,,,,,,,,,,,,,,,,,,,,,,,,,,,,,,,,,,,,,,,,,,,,,,
# COLUMN pl_ratrorlim:   Ratio of Planet to Stellar Radius Limit Flag,,,,,,,,,,,,,,,,,,,,,,,,,,,,,,,,,,,,,,,,,,,,,,,,,,,,,,,,,,,,,,,,,,,,,,,,,,,,,,,,,,,,,,,,,,,,,,,,,,,,,,,,,,,,,,,,,,,,,,,,,,,,,,,,,,,,,,,,,,,,,,,,,,,,,,,,,,,,,,,,,,,,,,,,,,
# COLUMN pl_occdep:      Occultation Depth [%],,,,,,,,,,,,,,,,,,,,,,,,,,,,,,,,,,,,,,,,,,,,,,,,,,,,,,,,,,,,,,,,,,,,,,,,,,,,,,,,,,,,,,,,,,,,,,,,,,,,,,,,,,,,,,,,,,,,,,,,,,,,,,,,,,,,,,,,,,,,,,,,,,,,,,,,,,,,,,,,,,,,,,,,,,
# COLUMN pl_occdeperr1:  Occultation Depth Upper Unc. [%],,,,,,,,,,,,,,,,,,,,,,,,,,,,,,,,,,,,,,,,,,,,,,,,,,,,,,,,,,,,,,,,,,,,,,,,,,,,,,,,,,,,,,,,,,,,,,,,,,,,,,,,,,,,,,,,,,,,,,,,,,,,,,,,,,,,,,,,,,,,,,,,,,,,,,,,,,,,,,,,,,,,,,,,,,
# COLUMN pl_occdeperr2:  Occultation Depth Lower Unc. [%],,,,,,,,,,,,,,,,,,,,,,,,,,,,,,,,,,,,,,,,,,,,,,,,,,,,,,,,,,,,,,,,,,,,,,,,,,,,,,,,,,,,,,,,,,,,,,,,,,,,,,,,,,,,,,,,,,,,,,,,,,,,,,,,,,,,,,,,,,,,,,,,,,,,,,,,,,,,,,,,,,,,,,,,,,
# COLUMN pl_occdeplim:   Occultation Depth Limit Flag,,,,,,,,,,,,,,,,,,,,,,,,,,,,,,,,,,,,,,,,,,,,,,,,,,,,,,,,,,,,,,,,,,,,,,,,,,,,,,,,,,,,,,,,,,,,,,,,,,,,,,,,,,,,,,,,,,,,,,,,,,,,,,,,,,,,,,,,,,,,,,,,,,,,,,,,,,,,,,,,,,,,,,,,,,
# COLUMN pl_orbtper:     Epoch of Periastron [days],,,,,,,,,,,,,,,,,,,,,,,,,,,,,,,,,,,,,,,,,,,,,,,,,,,,,,,,,,,,,,,,,,,,,,,,,,,,,,,,,,,,,,,,,,,,,,,,,,,,,,,,,,,,,,,,,,,,,,,,,,,,,,,,,,,,,,,,,,,,,,,,,,,,,,,,,,,,,,,,,,,,,,,,,,
# COLUMN pl_orbtpererr1: Epoch of Periastron Upper Unc. [days],,,,,,,,,,,,,,,,,,,,,,,,,,,,,,,,,,,,,,,,,,,,,,,,,,,,,,,,,,,,,,,,,,,,,,,,,,,,,,,,,,,,,,,,,,,,,,,,,,,,,,,,,,,,,,,,,,,,,,,,,,,,,,,,,,,,,,,,,,,,,,,,,,,,,,,,,,,,,,,,,,,,,,,,,,
# COLUMN pl_orbtpererr2: Epoch of Periastron Lower Unc. [days],,,,,,,,,,,,,,,,,,,,,,,,,,,,,,,,,,,,,,,,,,,,,,,,,,,,,,,,,,,,,,,,,,,,,,,,,,,,,,,,,,,,,,,,,,,,,,,,,,,,,,,,,,,,,,,,,,,,,,,,,,,,,,,,,,,,,,,,,,,,,,,,,,,,,,,,,,,,,,,,,,,,,,,,,,
# COLUMN pl_orbtperlim:  Epoch of Periastron Limit Flag,,,,,,,,,,,,,,,,,,,,,,,,,,,,,,,,,,,,,,,,,,,,,,,,,,,,,,,,,,,,,,,,,,,,,,,,,,,,,,,,,,,,,,,,,,,,,,,,,,,,,,,,,,,,,,,,,,,,,,,,,,,,,,,,,,,,,,,,,,,,,,,,,,,,,,,,,,,,,,,,,,,,,,,,,,
# COLUMN pl_orblper:     Argument of Periastron [deg],,,,,,,,,,,,,,,,,,,,,,,,,,,,,,,,,,,,,,,,,,,,,,,,,,,,,,,,,,,,,,,,,,,,,,,,,,,,,,,,,,,,,,,,,,,,,,,,,,,,,,,,,,,,,,,,,,,,,,,,,,,,,,,,,,,,,,,,,,,,,,,,,,,,,,,,,,,,,,,,,,,,,,,,,,
# COLUMN pl_orblpererr1: Argument of Periastron Upper Unc. [deg],,,,,,,,,,,,,,,,,,,,,,,,,,,,,,,,,,,,,,,,,,,,,,,,,,,,,,,,,,,,,,,,,,,,,,,,,,,,,,,,,,,,,,,,,,,,,,,,,,,,,,,,,,,,,,,,,,,,,,,,,,,,,,,,,,,,,,,,,,,,,,,,,,,,,,,,,,,,,,,,,,,,,,,,,,
# COLUMN pl_orblpererr2: Argument of Periastron Lower Unc. [deg],,,,,,,,,,,,,,,,,,,,,,,,,,,,,,,,,,,,,,,,,,,,,,,,,,,,,,,,,,,,,,,,,,,,,,,,,,,,,,,,,,,,,,,,,,,,,,,,,,,,,,,,,,,,,,,,,,,,,,,,,,,,,,,,,,,,,,,,,,,,,,,,,,,,,,,,,,,,,,,,,,,,,,,,,,
# COLUMN pl_orblperlim:  Argument of Periastron Limit Flag,,,,,,,,,,,,,,,,,,,,,,,,,,,,,,,,,,,,,,,,,,,,,,,,,,,,,,,,,,,,,,,,,,,,,,,,,,,,,,,,,,,,,,,,,,,,,,,,,,,,,,,,,,,,,,,,,,,,,,,,,,,,,,,,,,,,,,,,,,,,,,,,,,,,,,,,,,,,,,,,,,,,,,,,,,
# COLUMN pl_rvamp:       Radial Velocity Amplitude [m/s],,,,,,,,,,,,,,,,,,,,,,,,,,,,,,,,,,,,,,,,,,,,,,,,,,,,,,,,,,,,,,,,,,,,,,,,,,,,,,,,,,,,,,,,,,,,,,,,,,,,,,,,,,,,,,,,,,,,,,,,,,,,,,,,,,,,,,,,,,,,,,,,,,,,,,,,,,,,,,,,,,,,,,,,,,
# COLUMN pl_rvamperr1:   Radial Velocity Amplitude Upper Unc. [m/s],,,,,,,,,,,,,,,,,,,,,,,,,,,,,,,,,,,,,,,,,,,,,,,,,,,,,,,,,,,,,,,,,,,,,,,,,,,,,,,,,,,,,,,,,,,,,,,,,,,,,,,,,,,,,,,,,,,,,,,,,,,,,,,,,,,,,,,,,,,,,,,,,,,,,,,,,,,,,,,,,,,,,,,,,,
# COLUMN pl_rvamperr2:   Radial Velocity Amplitude Lower Unc. [m/s],,,,,,,,,,,,,,,,,,,,,,,,,,,,,,,,,,,,,,,,,,,,,,,,,,,,,,,,,,,,,,,,,,,,,,,,,,,,,,,,,,,,,,,,,,,,,,,,,,,,,,,,,,,,,,,,,,,,,,,,,,,,,,,,,,,,,,,,,,,,,,,,,,,,,,,,,,,,,,,,,,,,,,,,,,
# COLUMN pl_rvamplim:    Radial Velocity Amplitude Limit Flag,,,,,,,,,,,,,,,,,,,,,,,,,,,,,,,,,,,,,,,,,,,,,,,,,,,,,,,,,,,,,,,,,,,,,,,,,,,,,,,,,,,,,,,,,,,,,,,,,,,,,,,,,,,,,,,,,,,,,,,,,,,,,,,,,,,,,,,,,,,,,,,,,,,,,,,,,,,,,,,,,,,,,,,,,,
# COLUMN pl_projobliq:   Projected Obliquity [deg],,,,,,,,,,,,,,,,,,,,,,,,,,,,,,,,,,,,,,,,,,,,,,,,,,,,,,,,,,,,,,,,,,,,,,,,,,,,,,,,,,,,,,,,,,,,,,,,,,,,,,,,,,,,,,,,,,,,,,,,,,,,,,,,,,,,,,,,,,,,,,,,,,,,,,,,,,,,,,,,,,,,,,,,,,
# COLUMN pl_projobliqerr1: Projected Obliquity Upper Unc. [deg],,,,,,,,,,,,,,,,,,,,,,,,,,,,,,,,,,,,,,,,,,,,,,,,,,,,,,,,,,,,,,,,,,,,,,,,,,,,,,,,,,,,,,,,,,,,,,,,,,,,,,,,,,,,,,,,,,,,,,,,,,,,,,,,,,,,,,,,,,,,,,,,,,,,,,,,,,,,,,,,,,,,,,,,,,
# COLUMN pl_projobliqerr2: Projected Obliquity Lower Unc. [deg],,,,,,,,,,,,,,,,,,,,,,,,,,,,,,,,,,,,,,,,,,,,,,,,,,,,,,,,,,,,,,,,,,,,,,,,,,,,,,,,,,,,,,,,,,,,,,,,,,,,,,,,,,,,,,,,,,,,,,,,,,,,,,,,,,,,,,,,,,,,,,,,,,,,,,,,,,,,,,,,,,,,,,,,,,
# COLUMN pl_projobliqlim: Projected Obliquity Limit Flag,,,,,,,,,,,,,,,,,,,,,,,,,,,,,,,,,,,,,,,,,,,,,,,,,,,,,,,,,,,,,,,,,,,,,,,,,,,,,,,,,,,,,,,,,,,,,,,,,,,,,,,,,,,,,,,,,,,,,,,,,,,,,,,,,,,,,,,,,,,,,,,,,,,,,,,,,,,,,,,,,,,,,,,,,,
# COLUMN pl_trueobliq:   True Obliquity [deg],,,,,,,,,,,,,,,,,,,,,,,,,,,,,,,,,,,,,,,,,,,,,,,,,,,,,,,,,,,,,,,,,,,,,,,,,,,,,,,,,,,,,,,,,,,,,,,,,,,,,,,,,,,,,,,,,,,,,,,,,,,,,,,,,,,,,,,,,,,,,,,,,,,,,,,,,,,,,,,,,,,,,,,,,,
# COLUMN pl_trueobliqerr1: True Obliquity Upper Unc. [deg],,,,,,,,,,,,,,,,,,,,,,,,,,,,,,,,,,,,,,,,,,,,,,,,,,,,,,,,,,,,,,,,,,,,,,,,,,,,,,,,,,,,,,,,,,,,,,,,,,,,,,,,,,,,,,,,,,,,,,,,,,,,,,,,,,,,,,,,,,,,,,,,,,,,,,,,,,,,,,,,,,,,,,,,,,
# COLUMN pl_trueobliqerr2: True Obliquity Lower Unc. [deg],,,,,,,,,,,,,,,,,,,,,,,,,,,,,,,,,,,,,,,,,,,,,,,,,,,,,,,,,,,,,,,,,,,,,,,,,,,,,,,,,,,,,,,,,,,,,,,,,,,,,,,,,,,,,,,,,,,,,,,,,,,,,,,,,,,,,,,,,,,,,,,,,,,,,,,,,,,,,,,,,,,,,,,,,,
# COLUMN pl_trueobliqlim: True Obliquity Limit Flag,,,,,,,,,,,,,,,,,,,,,,,,,,,,,,,,,,,,,,,,,,,,,,,,,,,,,,,,,,,,,,,,,,,,,,,,,,,,,,,,,,,,,,,,,,,,,,,,,,,,,,,,,,,,,,,,,,,,,,,,,,,,,,,,,,,,,,,,,,,,,,,,,,,,,,,,,,,,,,,,,,,,,,,,,,
# COLUMN st_teff:        Stellar Effective Temperature [K],,,,,,,,,,,,,,,,,,,,,,,,,,,,,,,,,,,,,,,,,,,,,,,,,,,,,,,,,,,,,,,,,,,,,,,,,,,,,,,,,,,,,,,,,,,,,,,,,,,,,,,,,,,,,,,,,,,,,,,,,,,,,,,,,,,,,,,,,,,,,,,,,,,,,,,,,,,,,,,,,,,,,,,,,,
# COLUMN st_tefferr1:    Stellar Effective Temperature Upper Unc. [K],,,,,,,,,,,,,,,,,,,,,,,,,,,,,,,,,,,,,,,,,,,,,,,,,,,,,,,,,,,,,,,,,,,,,,,,,,,,,,,,,,,,,,,,,,,,,,,,,,,,,,,,,,,,,,,,,,,,,,,,,,,,,,,,,,,,,,,,,,,,,,,,,,,,,,,,,,,,,,,,,,,,,,,,,,
# COLUMN st_tefferr2:    Stellar Effective Temperature Lower Unc. [K],,,,,,,,,,,,,,,,,,,,,,,,,,,,,,,,,,,,,,,,,,,,,,,,,,,,,,,,,,,,,,,,,,,,,,,,,,,,,,,,,,,,,,,,,,,,,,,,,,,,,,,,,,,,,,,,,,,,,,,,,,,,,,,,,,,,,,,,,,,,,,,,,,,,,,,,,,,,,,,,,,,,,,,,,,
# COLUMN st_tefflim:     Stellar Effective Temperature Limit Flag,,,,,,,,,,,,,,,,,,,,,,,,,,,,,,,,,,,,,,,,,,,,,,,,,,,,,,,,,,,,,,,,,,,,,,,,,,,,,,,,,,,,,,,,,,,,,,,,,,,,,,,,,,,,,,,,,,,,,,,,,,,,,,,,,,,,,,,,,,,,,,,,,,,,,,,,,,,,,,,,,,,,,,,,,,
# COLUMN st_rad:         Stellar Radius [Solar Radius],,,,,,,,,,,,,,,,,,,,,,,,,,,,,,,,,,,,,,,,,,,,,,,,,,,,,,,,,,,,,,,,,,,,,,,,,,,,,,,,,,,,,,,,,,,,,,,,,,,,,,,,,,,,,,,,,,,,,,,,,,,,,,,,,,,,,,,,,,,,,,,,,,,,,,,,,,,,,,,,,,,,,,,,,,
# COLUMN st_raderr1:     Stellar Radius Upper Unc. [Solar Radius],,,,,,,,,,,,,,,,,,,,,,,,,,,,,,,,,,,,,,,,,,,,,,,,,,,,,,,,,,,,,,,,,,,,,,,,,,,,,,,,,,,,,,,,,,,,,,,,,,,,,,,,,,,,,,,,,,,,,,,,,,,,,,,,,,,,,,,,,,,,,,,,,,,,,,,,,,,,,,,,,,,,,,,,,,
# COLUMN st_raderr2:     Stellar Radius Lower Unc. [Solar Radius],,,,,,,,,,,,,,,,,,,,,,,,,,,,,,,,,,,,,,,,,,,,,,,,,,,,,,,,,,,,,,,,,,,,,,,,,,,,,,,,,,,,,,,,,,,,,,,,,,,,,,,,,,,,,,,,,,,,,,,,,,,,,,,,,,,,,,,,,,,,,,,,,,,,,,,,,,,,,,,,,,,,,,,,,,
# COLUMN st_radlim:      Stellar Radius Limit Flag,,,,,,,,,,,,,,,,,,,,,,,,,,,,,,,,,,,,,,,,,,,,,,,,,,,,,,,,,,,,,,,,,,,,,,,,,,,,,,,,,,,,,,,,,,,,,,,,,,,,,,,,,,,,,,,,,,,,,,,,,,,,,,,,,,,,,,,,,,,,,,,,,,,,,,,,,,,,,,,,,,,,,,,,,,
# COLUMN st_mass:        Stellar Mass [Solar mass],,,,,,,,,,,,,,,,,,,,,,,,,,,,,,,,,,,,,,,,,,,,,,,,,,,,,,,,,,,,,,,,,,,,,,,,,,,,,,,,,,,,,,,,,,,,,,,,,,,,,,,,,,,,,,,,,,,,,,,,,,,,,,,,,,,,,,,,,,,,,,,,,,,,,,,,,,,,,,,,,,,,,,,,,,
# COLUMN st_masserr1:    Stellar Mass Upper Unc. [Solar mass],,,,,,,,,,,,,,,,,,,,,,,,,,,,,,,,,,,,,,,,,,,,,,,,,,,,,,,,,,,,,,,,,,,,,,,,,,,,,,,,,,,,,,,,,,,,,,,,,,,,,,,,,,,,,,,,,,,,,,,,,,,,,,,,,,,,,,,,,,,,,,,,,,,,,,,,,,,,,,,,,,,,,,,,,,
# COLUMN st_masserr2:    Stellar Mass Lower Unc. [Solar mass],,,,,,,,,,,,,,,,,,,,,,,,,,,,,,,,,,,,,,,,,,,,,,,,,,,,,,,,,,,,,,,,,,,,,,,,,,,,,,,,,,,,,,,,,,,,,,,,,,,,,,,,,,,,,,,,,,,,,,,,,,,,,,,,,,,,,,,,,,,,,,,,,,,,,,,,,,,,,,,,,,,,,,,,,,
# COLUMN st_masslim:     Stellar Mass Limit Flag,,,,,,,,,,,,,,,,,,,,,,,,,,,,,,,,,,,,,,,,,,,,,,,,,,,,,,,,,,,,,,,,,,,,,,,,,,,,,,,,,,,,,,,,,,,,,,,,,,,,,,,,,,,,,,,,,,,,,,,,,,,,,,,,,,,,,,,,,,,,,,,,,,,,,,,,,,,,,,,,,,,,,,,,,,
# COLUMN st_met:         Stellar Metallicity [dex],,,,,,,,,,,,,,,,,,,,,,,,,,,,,,,,,,,,,,,,,,,,,,,,,,,,,,,,,,,,,,,,,,,,,,,,,,,,,,,,,,,,,,,,,,,,,,,,,,,,,,,,,,,,,,,,,,,,,,,,,,,,,,,,,,,,,,,,,,,,,,,,,,,,,,,,,,,,,,,,,,,,,,,,,,
# COLUMN st_meterr1:     Stellar Metallicity Upper Unc. [dex],,,,,,,,,,,,,,,,,,,,,,,,,,,,,,,,,,,,,,,,,,,,,,,,,,,,,,,,,,,,,,,,,,,,,,,,,,,,,,,,,,,,,,,,,,,,,,,,,,,,,,,,,,,,,,,,,,,,,,,,,,,,,,,,,,,,,,,,,,,,,,,,,,,,,,,,,,,,,,,,,,,,,,,,,,
# COLUMN st_meterr2:     Stellar Metallicity Lower Unc. [dex],,,,,,,,,,,,,,,,,,,,,,,,,,,,,,,,,,,,,,,,,,,,,,,,,,,,,,,,,,,,,,,,,,,,,,,,,,,,,,,,,,,,,,,,,,,,,,,,,,,,,,,,,,,,,,,,,,,,,,,,,,,,,,,,,,,,,,,,,,,,,,,,,,,,,,,,,,,,,,,,,,,,,,,,,,
# COLUMN st_metlim:      Stellar Metallicity Limit Flag,,,,,,,,,,,,,,,,,,,,,,,,,,,,,,,,,,,,,,,,,,,,,,,,,,,,,,,,,,,,,,,,,,,,,,,,,,,,,,,,,,,,,,,,,,,,,,,,,,,,,,,,,,,,,,,,,,,,,,,,,,,,,,,,,,,,,,,,,,,,,,,,,,,,,,,,,,,,,,,,,,,,,,,,,,
# COLUMN st_metratio:    Stellar Metallicity Ratio,,,,,,,,,,,,,,,,,,,,,,,,,,,,,,,,,,,,,,,,,,,,,,,,,,,,,,,,,,,,,,,,,,,,,,,,,,,,,,,,,,,,,,,,,,,,,,,,,,,,,,,,,,,,,,,,,,,,,,,,,,,,,,,,,,,,,,,,,,,,,,,,,,,,,,,,,,,,,,,,,,,,,,,,,,
# COLUMN st_lum:         Stellar Luminosity [log(Solar)],,,,,,,,,,,,,,,,,,,,,,,,,,,,,,,,,,,,,,,,,,,,,,,,,,,,,,,,,,,,,,,,,,,,,,,,,,,,,,,,,,,,,,,,,,,,,,,,,,,,,,,,,,,,,,,,,,,,,,,,,,,,,,,,,,,,,,,,,,,,,,,,,,,,,,,,,,,,,,,,,,,,,,,,,,
# COLUMN st_lumerr1:     Stellar Luminosity Upper Unc. [log(Solar)],,,,,,,,,,,,,,,,,,,,,,,,,,,,,,,,,,,,,,,,,,,,,,,,,,,,,,,,,,,,,,,,,,,,,,,,,,,,,,,,,,,,,,,,,,,,,,,,,,,,,,,,,,,,,,,,,,,,,,,,,,,,,,,,,,,,,,,,,,,,,,,,,,,,,,,,,,,,,,,,,,,,,,,,,,
# COLUMN st_lumerr2:     Stellar Luminosity Lower Unc. [log(Solar)],,,,,,,,,,,,,,,,,,,,,,,,,,,,,,,,,,,,,,,,,,,,,,,,,,,,,,,,,,,,,,,,,,,,,,,,,,,,,,,,,,,,,,,,,,,,,,,,,,,,,,,,,,,,,,,,,,,,,,,,,,,,,,,,,,,,,,,,,,,,,,,,,,,,,,,,,,,,,,,,,,,,,,,,,,
# COLUMN st_lumlim:      Stellar Luminosity Limit Flag,,,,,,,,,,,,,,,,,,,,,,,,,,,,,,,,,,,,,,,,,,,,,,,,,,,,,,,,,,,,,,,,,,,,,,,,,,,,,,,,,,,,,,,,,,,,,,,,,,,,,,,,,,,,,,,,,,,,,,,,,,,,,,,,,,,,,,,,,,,,,,,,,,,,,,,,,,,,,,,,,,,,,,,,,,
# COLUMN st_logg:        Stellar Surface Gravity [log10(cm/s**2)],,,,,,,,,,,,,,,,,,,,,,,,,,,,,,,,,,,,,,,,,,,,,,,,,,,,,,,,,,,,,,,,,,,,,,,,,,,,,,,,,,,,,,,,,,,,,,,,,,,,,,,,,,,,,,,,,,,,,,,,,,,,,,,,,,,,,,,,,,,,,,,,,,,,,,,,,,,,,,,,,,,,,,,,,,
# COLUMN st_loggerr1:    Stellar Surface Gravity Upper Unc. [log10(cm/s**2)],,,,,,,,,,,,,,,,,,,,,,,,,,,,,,,,,,,,,,,,,,,,,,,,,,,,,,,,,,,,,,,,,,,,,,,,,,,,,,,,,,,,,,,,,,,,,,,,,,,,,,,,,,,,,,,,,,,,,,,,,,,,,,,,,,,,,,,,,,,,,,,,,,,,,,,,,,,,,,,,,,,,,,,,,,
# COLUMN st_loggerr2:    Stellar Surface Gravity Lower Unc. [log10(cm/s**2)],,,,,,,,,,,,,,,,,,,,,,,,,,,,,,,,,,,,,,,,,,,,,,,,,,,,,,,,,,,,,,,,,,,,,,,,,,,,,,,,,,,,,,,,,,,,,,,,,,,,,,,,,,,,,,,,,,,,,,,,,,,,,,,,,,,,,,,,,,,,,,,,,,,,,,,,,,,,,,,,,,,,,,,,,,
# COLUMN st_logglim:     Stellar Surface Gravity Limit Flag,,,,,,,,,,,,,,,,,,,,,,,,,,,,,,,,,,,,,,,,,,,,,,,,,,,,,,,,,,,,,,,,,,,,,,,,,,,,,,,,,,,,,,,,,,,,,,,,,,,,,,,,,,,,,,,,,,,,,,,,,,,,,,,,,,,,,,,,,,,,,,,,,,,,,,,,,,,,,,,,,,,,,,,,,,
# COLUMN st_age:         Stellar Age [Gyr],,,,,,,,,,,,,,,,,,,,,,,,,,,,,,,,,,,,,,,,,,,,,,,,,,,,,,,,,,,,,,,,,,,,,,,,,,,,,,,,,,,,,,,,,,,,,,,,,,,,,,,,,,,,,,,,,,,,,,,,,,,,,,,,,,,,,,,,,,,,,,,,,,,,,,,,,,,,,,,,,,,,,,,,,,
# COLUMN st_ageerr1:     Stellar Age Upper Unc. [Gyr],,,,,,,,,,,,,,,,,,,,,,,,,,,,,,,,,,,,,,,,,,,,,,,,,,,,,,,,,,,,,,,,,,,,,,,,,,,,,,,,,,,,,,,,,,,,,,,,,,,,,,,,,,,,,,,,,,,,,,,,,,,,,,,,,,,,,,,,,,,,,,,,,,,,,,,,,,,,,,,,,,,,,,,,,,
# COLUMN st_ageerr2:     Stellar Age Lower Unc. [Gyr],,,,,,,,,,,,,,,,,,,,,,,,,,,,,,,,,,,,,,,,,,,,,,,,,,,,,,,,,,,,,,,,,,,,,,,,,,,,,,,,,,,,,,,,,,,,,,,,,,,,,,,,,,,,,,,,,,,,,,,,,,,,,,,,,,,,,,,,,,,,,,,,,,,,,,,,,,,,,,,,,,,,,,,,,,
# COLUMN st_agelim:      Stellar Age Limit Flag,,,,,,,,,,,,,,,,,,,,,,,,,,,,,,,,,,,,,,,,,,,,,,,,,,,,,,,,,,,,,,,,,,,,,,,,,,,,,,,,,,,,,,,,,,,,,,,,,,,,,,,,,,,,,,,,,,,,,,,,,,,,,,,,,,,,,,,,,,,,,,,,,,,,,,,,,,,,,,,,,,,,,,,,,,
# COLUMN st_dens:        Stellar Density [g/cm**3],,,,,,,,,,,,,,,,,,,,,,,,,,,,,,,,,,,,,,,,,,,,,,,,,,,,,,,,,,,,,,,,,,,,,,,,,,,,,,,,,,,,,,,,,,,,,,,,,,,,,,,,,,,,,,,,,,,,,,,,,,,,,,,,,,,,,,,,,,,,,,,,,,,,,,,,,,,,,,,,,,,,,,,,,,
# COLUMN st_denserr1:    Stellar Density Upper Unc. [g/cm**3],,,,,,,,,,,,,,,,,,,,,,,,,,,,,,,,,,,,,,,,,,,,,,,,,,,,,,,,,,,,,,,,,,,,,,,,,,,,,,,,,,,,,,,,,,,,,,,,,,,,,,,,,,,,,,,,,,,,,,,,,,,,,,,,,,,,,,,,,,,,,,,,,,,,,,,,,,,,,,,,,,,,,,,,,,
# COLUMN st_denserr2:    Stellar Density Lower Unc. [g/cm**3],,,,,,,,,,,,,,,,,,,,,,,,,,,,,,,,,,,,,,,,,,,,,,,,,,,,,,,,,,,,,,,,,,,,,,,,,,,,,,,,,,,,,,,,,,,,,,,,,,,,,,,,,,,,,,,,,,,,,,,,,,,,,,,,,,,,,,,,,,,,,,,,,,,,,,,,,,,,,,,,,,,,,,,,,,
# COLUMN st_denslim:     Stellar Density Limit Flag,,,,,,,,,,,,,,,,,,,,,,,,,,,,,,,,,,,,,,,,,,,,,,,,,,,,,,,,,,,,,,,,,,,,,,,,,,,,,,,,,,,,,,,,,,,,,,,,,,,,,,,,,,,,,,,,,,,,,,,,,,,,,,,,,,,,,,,,,,,,,,,,,,,,,,,,,,,,,,,,,,,,,,,,,,
# COLUMN st_vsin:        Stellar Rotational Velocity [km/s],,,,,,,,,,,,,,,,,,,,,,,,,,,,,,,,,,,,,,,,,,,,,,,,,,,,,,,,,,,,,,,,,,,,,,,,,,,,,,,,,,,,,,,,,,,,,,,,,,,,,,,,,,,,,,,,,,,,,,,,,,,,,,,,,,,,,,,,,,,,,,,,,,,,,,,,,,,,,,,,,,,,,,,,,,
# COLUMN st_vsinerr1:    Stellar Rotational Velocity [km/s] Upper Unc.,,,,,,,,,,,,,,,,,,,,,,,,,,,,,,,,,,,,,,,,,,,,,,,,,,,,,,,,,,,,,,,,,,,,,,,,,,,,,,,,,,,,,,,,,,,,,,,,,,,,,,,,,,,,,,,,,,,,,,,,,,,,,,,,,,,,,,,,,,,,,,,,,,,,,,,,,,,,,,,,,,,,,,,,,,
# COLUMN st_vsinerr2:    Stellar Rotational Velocity [km/s] Lower Unc.,,,,,,,,,,,,,,,,,,,,,,,,,,,,,,,,,,,,,,,,,,,,,,,,,,,,,,,,,,,,,,,,,,,,,,,,,,,,,,,,,,,,,,,,,,,,,,,,,,,,,,,,,,,,,,,,,,,,,,,,,,,,,,,,,,,,,,,,,,,,,,,,,,,,,,,,,,,,,,,,,,,,,,,,,,
# COLUMN st_vsinlim:     Stellar Rotational Velocity Limit Flag,,,,,,,,,,,,,,,,,,,,,,,,,,,,,,,,,,,,,,,,,,,,,,,,,,,,,,,,,,,,,,,,,,,,,,,,,,,,,,,,,,,,,,,,,,,,,,,,,,,,,,,,,,,,,,,,,,,,,,,,,,,,,,,,,,,,,,,,,,,,,,,,,,,,,,,,,,,,,,,,,,,,,,,,,,
# COLUMN st_rotp:        Stellar Rotational Period [days],,,,,,,,,,,,,,,,,,,,,,,,,,,,,,,,,,,,,,,,,,,,,,,,,,,,,,,,,,,,,,,,,,,,,,,,,,,,,,,,,,,,,,,,,,,,,,,,,,,,,,,,,,,,,,,,,,,,,,,,,,,,,,,,,,,,,,,,,,,,,,,,,,,,,,,,,,,,,,,,,,,,,,,,,,
# COLUMN st_rotperr1:    Stellar Rotational Period [days] Upper Unc.,,,,,,,,,,,,,,,,,,,,,,,,,,,,,,,,,,,,,,,,,,,,,,,,,,,,,,,,,,,,,,,,,,,,,,,,,,,,,,,,,,,,,,,,,,,,,,,,,,,,,,,,,,,,,,,,,,,,,,,,,,,,,,,,,,,,,,,,,,,,,,,,,,,,,,,,,,,,,,,,,,,,,,,,,,
# COLUMN st_rotperr2:    Stellar Rotational Period [days] Lower Unc.,,,,,,,,,,,,,,,,,,,,,,,,,,,,,,,,,,,,,,,,,,,,,,,,,,,,,,,,,,,,,,,,,,,,,,,,,,,,,,,,,,,,,,,,,,,,,,,,,,,,,,,,,,,,,,,,,,,,,,,,,,,,,,,,,,,,,,,,,,,,,,,,,,,,,,,,,,,,,,,,,,,,,,,,,,
# COLUMN st_rotplim:     Stellar Rotational Period Limit Flag,,,,,,,,,,,,,,,,,,,,,,,,,,,,,,,,,,,,,,,,,,,,,,,,,,,,,,,,,,,,,,,,,,,,,,,,,,,,,,,,,,,,,,,,,,,,,,,,,,,,,,,,,,,,,,,,,,,,,,,,,,,,,,,,,,,,,,,,,,,,,,,,,,,,,,,,,,,,,,,,,,,,,,,,,,
# COLUMN st_radv:        Systemic Radial Velocity [km/s],,,,,,,,,,,,,,,,,,,,,,,,,,,,,,,,,,,,,,,,,,,,,,,,,,,,,,,,,,,,,,,,,,,,,,,,,,,,,,,,,,,,,,,,,,,,,,,,,,,,,,,,,,,,,,,,,,,,,,,,,,,,,,,,,,,,,,,,,,,,,,,,,,,,,,,,,,,,,,,,,,,,,,,,,,
# COLUMN st_radverr1:    Systemic Radial Velocity Upper Unc. [km/s],,,,,,,,,,,,,,,,,,,,,,,,,,,,,,,,,,,,,,,,,,,,,,,,,,,,,,,,,,,,,,,,,,,,,,,,,,,,,,,,,,,,,,,,,,,,,,,,,,,,,,,,,,,,,,,,,,,,,,,,,,,,,,,,,,,,,,,,,,,,,,,,,,,,,,,,,,,,,,,,,,,,,,,,,,
# COLUMN st_radverr2:    Systemic Radial Velocity Lower Unc. [km/s],,,,,,,,,,,,,,,,,,,,,,,,,,,,,,,,,,,,,,,,,,,,,,,,,,,,,,,,,,,,,,,,,,,,,,,,,,,,,,,,,,,,,,,,,,,,,,,,,,,,,,,,,,,,,,,,,,,,,,,,,,,,,,,,,,,,,,,,,,,,,,,,,,,,,,,,,,,,,,,,,,,,,,,,,,
# COLUMN st_radvlim:     Systemic Radial Velocity Limit Flag,,,,,,,,,,,,,,,,,,,,,,,,,,,,,,,,,,,,,,,,,,,,,,,,,,,,,,,,,,,,,,,,,,,,,,,,,,,,,,,,,,,,,,,,,,,,,,,,,,,,,,,,,,,,,,,,,,,,,,,,,,,,,,,,,,,,,,,,,,,,,,,,,,,,,,,,,,,,,,,,,,,,,,,,,,
# COLUMN sy_dist:        Distance [pc],,,,,,,,,,,,,,,,,,,,,,,,,,,,,,,,,,,,,,,,,,,,,,,,,,,,,,,,,,,,,,,,,,,,,,,,,,,,,,,,,,,,,,,,,,,,,,,,,,,,,,,,,,,,,,,,,,,,,,,,,,,,,,,,,,,,,,,,,,,,,,,,,,,,,,,,,,,,,,,,,,,,,,,,,,
# COLUMN sy_disterr1:    Distance [pc] Upper Unc,,,,,,,,,,,,,,,,,,,,,,,,,,,,,,,,,,,,,,,,,,,,,,,,,,,,,,,,,,,,,,,,,,,,,,,,,,,,,,,,,,,,,,,,,,,,,,,,,,,,,,,,,,,,,,,,,,,,,,,,,,,,,,,,,,,,,,,,,,,,,,,,,,,,,,,,,,,,,,,,,,,,,,,,,,
# COLUMN sy_disterr2:    Distance [pc] Lower Unc,,,,,,,,,,,,,,,,,,,,,,,,,,,,,,,,,,,,,,,,,,,,,,,,,,,,,,,,,,,,,,,,,,,,,,,,,,,,,,,,,,,,,,,,,,,,,,,,,,,,,,,,,,,,,,,,,,,,,,,,,,,,,,,,,,,,,,,,,,,,,,,,,,,,,,,,,,,,,,,,,,,,,,,,,,
# COLUMN sy_plx:         Parallax [mas],,,,,,,,,,,,,,,,,,,,,,,,,,,,,,,,,,,,,,,,,,,,,,,,,,,,,,,,,,,,,,,,,,,,,,,,,,,,,,,,,,,,,,,,,,,,,,,,,,,,,,,,,,,,,,,,,,,,,,,,,,,,,,,,,,,,,,,,,,,,,,,,,,,,,,,,,,,,,,,,,,,,,,,,,,
# COLUMN sy_plxerr1:     Parallax [mas] Upper Unc,,,,,,,,,,,,,,,,,,,,,,,,,,,,,,,,,,,,,,,,,,,,,,,,,,,,,,,,,,,,,,,,,,,,,,,,,,,,,,,,,,,,,,,,,,,,,,,,,,,,,,,,,,,,,,,,,,,,,,,,,,,,,,,,,,,,,,,,,,,,,,,,,,,,,,,,,,,,,,,,,,,,,,,,,,
# COLUMN sy_plxerr2:     Parallax [mas] Lower Unc,,,,,,,,,,,,,,,,,,,,,,,,,,,,,,,,,,,,,,,,,,,,,,,,,,,,,,,,,,,,,,,,,,,,,,,,,,,,,,,,,,,,,,,,,,,,,,,,,,,,,,,,,,,,,,,,,,,,,,,,,,,,,,,,,,,,,,,,,,,,,,,,,,,,,,,,,,,,,,,,,,,,,,,,,,
#,,,,,,,,,,,,,,,,,,,,,,,,,,,,,,,,,,,,,,,,,,,,,,,,,,,,,,,,,,,,,,,,,,,,,,,,,,,,,,,,,,,,,,,,,,,,,,,,,,,,,,,,,,,,,,,,,,,,,,,,,,,,,,,,,,,,,,,,,,,,,,,,,,,,,,,,,,,,,,,,,,,,,,,,,,
pl_name,hostname,pl_letter,default_flag,sy_snum,sy_pnum,discoverymethod,pl_controv_flag,pl_orbper,pl_orbpererr1,pl_orbpererr2,pl_orbperlim,pl_orbsmax,pl_orbsmaxerr1,pl_orbsmaxerr2,pl_orbsmaxlim,pl_rade,pl_radeerr1,pl_radeerr2,pl_radelim,pl_radj,pl_radjerr1,pl_radjerr2,pl_radjlim,pl_masse,pl_masseerr1,pl_masseerr2,pl_masselim,pl_massj,pl_massjerr1,pl_massjerr2,pl_massjlim,pl_msinie,pl_msinieerr1,pl_msinieerr2,pl_msinielim,pl_msinij,pl_msinijerr1,pl_msinijerr2,pl_msinijlim,pl_cmasse,pl_cmasseerr1,pl_cmasseerr2,pl_cmasselim,pl_cmassj,pl_cmassjerr1,pl_cmassjerr2,pl_cmassjlim,pl_bmasse,pl_bmasseerr1,pl_bmasseerr2,pl_bmasselim,pl_bmassj,pl_bmassjerr1,pl_bmassjerr2,pl_bmassjlim,pl_dens,pl_denserr1,pl_denserr2,pl_denslim,pl_orbeccen,pl_orbeccenerr1,pl_orbeccenerr2,pl_orbeccenlim,pl_insol,pl_insolerr1,pl_insolerr2,pl_insollim,pl_eqt,pl_eqterr1,pl_eqterr2,pl_eqtlim,pl_orbincl,pl_orbinclerr1,pl_orbinclerr2,pl_orbincllim,pl_imppar,pl_impparerr1,pl_impparerr2,pl_impparlim,pl_trandep,pl_trandeperr1,pl_trandeperr2,pl_trandeplim,pl_trandur,pl_trandurerr1,pl_trandurerr2,pl_trandurlim,pl_ratdor,pl_ratdorerr1,pl_ratdorerr2,pl_ratdorlim,pl_ratror,pl_ratrorerr1,pl_ratrorerr2,pl_ratrorlim,pl_occdep,pl_occdeperr1,pl_occdeperr2,pl_occdeplim,pl_orbtper,pl_orbtpererr1,pl_orbtpererr2,pl_orbtperlim,pl_orblper,pl_orblpererr1,pl_orblpererr2,pl_orblperlim,pl_rvamp,pl_rvamperr1,pl_rvamperr2,pl_rvamplim,pl_projobliq,pl_projobliqerr1,pl_projobliqerr2,pl_projobliqlim,pl_trueobliq,pl_trueobliqerr1,pl_trueobliqerr2,pl_trueobliqlim,st_teff,st_tefferr1,st_tefferr2,st_tefflim,st_rad,st_raderr1,st_raderr2,st_radlim,st_mass,st_masserr1,st_masserr2,st_masslim,st_met,st_meterr1,st_meterr2,st_metlim,st_metratio,st_lum,st_lumerr1,st_lumerr2,st_lumlim,st_logg,st_loggerr1,st_loggerr2,st_logglim,st_age,st_ageerr1,st_ageerr2,st_agelim,st_dens,st_denserr1,st_denserr2,st_denslim,st_vsin,st_vsinerr1,st_vsinerr2,st_vsinlim,st_rotp,st_rotperr1,st_rotperr2,st_rotplim,st_radv,st_radverr1,st_radverr2,st_radvlim,sy_dist,sy_disterr1,sy_disterr2,sy_plx,sy_plxerr1,sy_plxerr2
AU Mic b,AU Mic,b,1,1,1,Transit,0,8.46321,4E-05,-4E-05,0,0.066,0.007,-0.006,0,4.203,0.202,-0.202,0,0.375,0.018,-0.018,0,,,,,,,,,57.2094,,,1,0.18,,,1,,,,,,,,,57.2094,,,1,0.18,,,1,4.4,,,1,0.1,0.17,-0.09,0,,,,,,,,,,,,,0.16,0.14,-0.11,0,,,,,3.5,0.63,-0.59,0,19.1,1.8,-1.6,0,0.0514,0.0013,-0.0013,0,,,,,,,,,,,,,28,,,1,,,,,,,,,3700,100,-100,0,0.75,0.03,-0.03,0,0.5,0.03,-0.03,0,,,,,,-1.046,,,0,,,,,0.022,0.003,-0.003,0,,,,,8.7,0.2,-0.2,0,4.86,0.01,-0.01,0,,,,,9.7221,0.004625,-0.004625,102.829,0.0485613,-0.0485613
BD+20 594 b,BD+20 594,b,1,1,1,Transit,0,41.6855,0.003,-0.003,0,,,,,2.578,0.112,-0.112,0,0.23,0.01,-0.01,0,22.2481,9.5349,-9.5349,0,0.07,0.03,-0.03,0,,,,,,,,,,,,,,,,,22.2481,9.5349,-9.5349,0,0.07,0.03,-0.03,0,,,,,0,,,0,,,,,,,,,89.55,0.16,-0.16,0,,,,,0.049,0.0025,-0.0025,0,,,,,55.8,3.3,-3.3,0,,,,,,,,,,,,,,,,,3.1,1.1,-1.1,0,,,,,,,,,5766,99,-99,0,1.08,0.06,-0.06,0,1.67,0.4,-0.4,0,-0.15,,,0,[Fe/H],,,,,4.5,0.08,-0.08,0,,,,,1.89,0.34,-0.34,0,,,,,,,,,,,,,179.461,1.257,-1.24,5.54366,0.0384779,-0.0384779
CoRoT-1 b,CoRoT-1,b,1,1,1,Transit,0,1.5089557,6.4E-06,-6.4E-06,0,,,,,16.7,0.9,-0.9,0,1.49,0.08,-0.08,0,327.35,38.14,-38.14,0,1.03,0.12,-0.12,0,,,,,,,,,,,,,,,,,327.35,38.14,-38.14,0,1.03,0.12,-0.12,0,0.38,0.05,-0.05,0,0,,,0,,,,,1898,50,-50,0,85.1,0.5,-0.5,0,,,,,1.92654,0.058737,-0.057855,0,,,,,4.92,0.08,-0.08,0,0.1388,0.0021,-0.0021,0,,,,,,,,,,,,,188,11,-11,0,,,,,,,,,5950,150,-150,0,1.11,0.05,-0.05,0,0.95,0.15,-0.15,0,-0.3,0.25,-0.25,0,[M/H],,,,,4.25,0.3,-0.3,0,,,,,,,,,5.2,1,-1,0,,,,,23.35,0.01,-0.01,0,787.909,23.491,-23.491,1.24176,0.0375126,-0.0375126
CoRoT-10 b,CoRoT-10,b,1,1,1,Transit,0,13.2406,0.0002,-0.0002,0,0.1055,0.0021,-0.0021,0,10.87,0.78,-0.78,0,0.97,0.07,-0.07,0,874,50.85,-50.85,0,2.75,0.16,-0.16,0,,,,,,,,,,,,,,,,,874,50.85,-50.85,0,2.75,0.16,-0.16,0,3.7,0.83,-0.83,0,0.53,0.04,-0.04,0,,,,,600,23,-23,0,88.55,0.2,-0.2,0,0.85,0.03,-0.03,0,1.61036,0.097888,-0.095,0,2.98,0.06,-0.06,0,31.33,2.15,-2.15,0,0.1269,0.0038,-0.0038,0,,,,,2454990.85,0.08,-0.08,0,218.9,6.4,-6.4,0,301,10,-10,0,,,,,,,,,5075,75,-75,0,0.79,0.05,-0.05,0,0.89,0.05,-0.05,0,0.26,0.07,-0.07,0,[Fe/H],,,,,4.65,0.1,-0.1,0,3,,,1,3.32,0.7,-0.7,0,2,0.5,-0.5,0,,,,,15.33,0.01,-0.01,0,338.386,3.9865,-3.9865,2.92694,0.0345474,-0.0345474
CoRoT-11 b,CoRoT-11,b,1,1,1,Transit,0,2.99433,1.1E-05,-1.1E-05,0,0.0436,0.005,-0.005,0,16.03,0.34,-0.34,0,1.43,0.03,-0.03,0,740.51,108.06,-108.06,0,2.33,0.34,-0.34,0,,,,,,,,,,,,,,,,,740.51,108.06,-108.06,0,2.33,0.34,-0.34,0,0.99,0.15,-0.15,0,0,,,0,,,,,1657,55,-55,0,83.17,0.15,-0.15,0,0.818,0.008,-0.008,0,1.1449,0.010725,-0.010675,0,2.5009,0.0144,-0.0144,0,6.89,0.08,-0.08,0,0.107,0.0005,-0.0005,0,,,,,,,,,,,,,280,40,-40,0,,,,,,,,,6440,120,-120,0,1.37,0.03,-0.03,0,1.27,0.05,-0.05,0,-0.03,0.08,-0.08,0,[Fe/H],,,,,4.22,0.23,-0.23,0,2,1,-1,0,0.69,0.02,-0.02,0,40,5,-5,0,,,,,,,,,655.037,24.947,-23.209,1.50071,0.0555897,-0.0555897
CoRoT-12 b,CoRoT-12,b,1,1,1,Transit,0,2.828042,1.3E-05,-1.3E-05,0,0.04016,0.00093,-0.00092,0,16.14,1.46,-1.46,0,1.44,0.13,-0.13,0,291.438,22.247,-20.658,0,0.917,0.07,-0.065,0,,,,,,,,,,,,,,,,,291.438,22.247,-20.658,0,0.917,0.07,-0.065,0,0.411,0.129,-0.094,0,0.07,0.063,-0.042,0,,,,,1442,58,-58,0,85.48,0.72,-0.77,0,0.573,0.027,-0.03,0,1.744,0.039,-0.04,0,2.57424,0.02136,-0.0216,0,,,,,,,,,,,,,,,,,105,90,-27,0,125.5,8,-7.5,0,,,,,,,,,5675,80,-80,0,1.12,0.1,-0.09,0,1.08,0.08,-0.07,0,0.16,0.1,-0.1,0,[Fe/H],,,,,4.38,0.07,-0.06,0,6.3,3.1,-3.1,0,1.08,0.28,-0.21,0,1,1,-1,0,,,,,,,,,1126.37,55.745,-55.745,0.861234,0.0427923,-0.0427923
CoRoT-13 b,CoRoT-13,b,1,1,1,Transit,0,4.03519,3E-05,-3E-05,0,0.051,0.0031,-0.0031,0,9.92,0.157,-0.157,0,0.885,0.014,-0.014,0,415.704,20.976,-20.976,0,1.308,0.066,-0.066,0,,,,,,,,,,,,,,,,,415.704,20.976,-20.976,0,1.308,0.066,-0.066,0,2.34,0.23,-0.23,0,0,,,0,,,,,1700,,,0,88.02,0.34,-0.36,0,0.374,0.054,-0.054,0,,,,,3.14,0.01,-0.01,0,10.81,0.32,-0.32,0,0.0909,0.0014,-0.0014,0,,,,,,,,,,,,,157.8,7.7,-7.7,0,,,,,,,,,5945,90,-90,0,1.01,0.03,-0.03,0,1.09,0.02,-0.02,0,0.01,0.07,-0.07,0,[Fe/H],,,,,4.46,0.05,-0.05,0,1.635,1.515,-1.515,0,1.468,0.131,-0.131,0,4,1,-1,0,,,,,22.45,0.01,-0.01,0,1148.93,62.12,-56.15,0.843947,0.0436229,-0.0436229
CoRoT-14 b,CoRoT-14,b,1,1,1,Transit,0,1.51214,0.00013,-0.00013,0,0.027,0.002,-0.002,0,12.22,0.78,-0.78,0,1.09,0.07,-0.07,0,2415.4,190.7,-190.7,0,7.6,0.6,-0.6,0,,,,,,,,,,,,,,,,,2415.4,190.7,-190.7,0,7.6,0.6,-0.6,0,7.3,1.5,-1.5,0,0,,,0,,,,,1952,66,-66,0,79.6,0.8,-0.8,0,0.86,0.02,-0.02,0,,,,,1.662,0.044,-0.044,0,4.78,0.28,-0.28,0,0.0925,0.0019,-0.0019,0,,,,,2454787.67,,,0,,,,,1230,34,-34,0,,,,,,,,,6035,100,-100,0,1.21,0.08,-0.08,0,1.13,0.09,-0.09,0,0.05,0.15,-0.15,0,[Fe/H],,,,,4.35,0.15,-0.15,0,4.2,3.8,-3.8,0,0.91,0.17,-0.17,0,9,0.5,-0.5,0,,,,,,,,,1744.6,173.03,-144.9,0.547358,0.0499149,-0.0499149
CoRoT-16 b,CoRoT-16,b,1,1,1,Transit,0,5.35227,0.0002,-0.0002,0,0.0618,0.0015,-0.0015,0,13.11,1.79,-1.57,0,1.17,0.16,-0.14,0,170.032,27.014,-26.379,0,0.535,0.085,-0.083,0,,,,,,,,,,,,,,,,,170.032,27.014,-26.379,0,0.535,0.085,-0.083,0,0.44,0.21,-0.14,0,0.33,0.09,-0.1,0,,,,,,,,,85.01,0.94,-1.2,0,0.825,0.03,-0.039,0,1.02,0.095,-0.092,0,2.39,0.09,-0.09,0,11.2,1.21,-1.09,0,0.101,0.0046,-0.0046,0,,,,,,,,,168.41,22.83,-20.93,0,61.96,9.47,-9.35,0,,,,,,,,,5650,100,-100,0,1.19,0.14,-0.13,0,1.1,0.08,-0.08,0,0.19,0.06,-0.06,0,[M/H],,,,,4.36,0.1,-0.1,0,6.73,2.8,-2.8,0,0.93,0.33,-0.24,0,1,,,1,,,,,,,,,732.409,35.344,-32.282,1.34056,0.0623793,-0.0623793
CoRoT-17 b,CoRoT-17,b,1,1,1,Transit,0,3.7681,0.0003,-0.0003,0,0.0461,0.0008,-0.0008,0,11.43,0.78,-0.78,0,1.02,0.07,-0.07,0,772.29,95.34,-95.34,0,2.43,0.3,-0.3,0,,,,,,,,,,,,,,,,,772.29,95.34,-95.34,0,2.43,0.3,-0.3,0,2.82,0.38,-0.38,0,0,,,0,,,,,1626,31,-31,0,88.34,1.54,-1.54,0,0.18,0.16,-0.16,0,0.44,,,0,4.72001,0,0,0,6.23,0.24,-0.24,0,,,,,,,,,2454923.309,0.0036,-0.0036,0,0,,,0,312.4,29,-29,0,,,,,,,,,5740,80,-80,0,1.59,0.07,-0.07,0,1.04,0.1,-0.1,0,0,0.1,-0.1,0,[Fe/H],,,,,4.4,0.1,-0.1,0,10.7,1,-1,0,0.32,0.03,-0.03,0,4.5,0.5,-0.5,0,,,,,54.77,0.01,-0.01,0,1176.12,57.17,-52.19,0.82338,0.0391423,-0.0391423
CoRoT-18 b,CoRoT-18,b,1,1,1,Transit,0,1.9000693,2.8E-06,-2.8E-06,0,0.0295,0.0016,-0.0016,0,14.68,2.02,-2.02,0,1.31,0.18,-0.18,0,1102.82,120.77,-120.77,0,3.47,0.38,-0.38,0,,,,,,,,,,,,,,,,,1102.82,120.77,-120.77,0,3.47,0.38,-0.38,0,2.2,0.8,-0.8,0,0.08,,,1,,,,,1550,90,-90,0,86.5,1.4,-0.9,0,0.4,0.08,-0.14,0,,,,,2.387,0.038,-0.038,0,6.35,0.4,-0.4,0,0.1341,0.0019,-0.0019,0,,,,,,,,,,,,,590,14,-14,0,-10,20,-20,0,20,20,-20,0,5440,100,-100,0,1,0.13,-0.13,0,0.95,0.15,-0.15,0,-0.1,0.1,-0.1,0,[Fe/H],,,,,4.4,0.1,-0.1,0,,,,,1.35,0.25,-0.25,0,8,1,-1,0,,,,,29.55,0.02,-0.02,0,764.889,27.614,-25.784,1.28063,0.04522,-0.04522
CoRoT-19 b,CoRoT-19,b,1,1,1,Transit,0,3.89713,2E-05,-2E-05,0,0.0518,0.0008,-0.0008,0,14.46,0.34,-0.34,0,1.29,0.03,-0.03,0,352.78,19.07,-19.07,0,1.11,0.06,-0.06,0,,,,,,,,,,,,,,,,,352.78,19.07,-19.07,0,1.11,0.06,-0.06,0,0.71,0.06,-0.06,0,0.047,0.045,-0.045,0,,,,,2000,150,-150,0,88,0.7,-0.7,0,0.24,0.08,-0.08,0,,,,,4.7,0.1,-0.1,0,6.7,0.1,-0.1,0,0.0786,0.0004,-0.0004,0,,,,,,,,,,,,,126,6,-6,0,-52,27,-22,0,,,,,6090,70,-70,0,1.65,0.04,-0.04,0,1.21,0.05,-0.05,0,-0.02,0.1,-0.1,0,[Fe/H],0.544,0.024,-0.026,0,4.07,0.03,-0.03,0,5,1,-1,0,0.38,0.03,-0.03,0,6,1,-1,0,,,,,24.16,0.09,-0.09,0,790.663,26.737,-25.071,1.23764,0.0410691,-0.0410691
CoRoT-21 b,CoRoT-21,b,1,1,1,Transit,0,2.72474,0.00014,-0.00014,0,0.0417,0.0011,-0.0011,0,14.572,1.569,-1.569,0,1.3,0.14,-0.14,0,718.2958,98.5273,-98.5273,0,2.26,0.31,-0.31,0,,,,,,,,,,,,,,,,,718.2958,98.5273,-98.5273,0,2.26,0.31,-0.31,0,1.36,0.48,-0.48,0,0,,,0,,,,,,,,,86.8,2.1,-2.1,0,0.25,0.17,-0.17,0,,,,,4.76,,,0,4.6,0.26,-0.26,0,0.067,0.0018,-0.0018,0,,,,,,,,,,,,,274,35,-35,0,,,,,,,,,6200,100,-100,0,1.95,0.21,-0.21,0,1.29,0.09,-0.09,0,0,0.1,-0.1,0,[Fe/H],,,,,3.7,0.1,-0.1,0,4.1,0.1,-0.5,0,0.255,0.084,-0.084,0,11,1,-1,0,,,,,101,,,0,,,,,,
CoRoT-22 b,CoRoT-22,b,1,1,1,Transit,0,9.75598,0.00011,-0.00011,0,0.092,0.0014,-0.0014,0,4.88,0.17,-0.39,0,0.435,0.015,-0.035,0,12.2,14,-8.8,0,0.038,0.044,-0.028,0,,,,,,,,,,,,,,,,,12.2,14,-8.8,0,0.038,0.044,-0.028,0,0.249,1,-0.097,0,0.077,0.3,-0.042,0,,,,,885,53,-280,0,89.749,0.032,-0.9,0,0.012,0.33,-0.033,0,,,,,4.492,0.039,-0.039,0,17.3,1.3,-0.57,0,0.03927,0.0006,-0.00037,0,,,,,,,,,210,70,-30,0,3.7,3.9,-3.9,0,,,,,,,,,5939,54,-120,0,1.14,0.04,-0.09,0,1.1,0.05,-0.05,0,0.17,0.07,-0.12,0,[Fe/H],,,,,4.36,0.07,-0.03,0,3.3,2,-2,0,1.027,0.268,-0.1,0,4,1.5,-1.5,0,,,,,,,,,627.158,11.187,-10.808,1.56624,0.0277397,-0.0277397
CoRoT-23 b,CoRoT-23,b,1,1,1,Transit,0,3.6313,0.0001,-0.0001,0,0.048,0.004,-0.004,0,11.77,1.46,-1.46,0,1.05,0.13,-0.13,0,889.9,95.3,-95.3,0,2.8,0.3,-0.3,0,,,,,,,,,,,,,,,,,889.9,95.3,-95.3,0,2.8,0.3,-0.3,0,3,1.1,-1.1,0,0.16,0.02,-0.02,0,,,,,1660,,,0,85.7,2.6,-1.5,0,0.56,0.1,-0.23,0,,,,,3.888,0.054,-0.054,0,6.85,0.6,-0.6,0,0.0671,0.001,-0.001,0,,,,,,,,,52,9,-9,0,377,34,-34,0,,,,,,,,,5900,100,-100,0,1.61,0.18,-0.18,0,1.14,0.08,-0.08,0,0.05,0.1,-0.1,0,[Fe/H],,,,,4.3,0.2,-0.2,0,7.2,1.5,-1,0,0.5,0.15,-0.15,0,9,1,-1,0,,,,,-35.18,0,0,0,1060.97,45.47,-41.94,0.91542,0.0384639,-0.0384639
CoRoT-25 b,CoRoT-25,b,1,1,1,Transit,0,4.86069,6E-05,-6E-05,0,0.0578,0.002,-0.0009,0,12.11,3.4,-1.12,0,1.08,0.3,-0.1,0,85.81,12.71,-12.71,0,0.27,0.04,-0.04,0,,,,,,,,,,,,,,,,,85.81,12.71,-12.71,0,0.27,0.04,-0.04,0,0.15,0.15,-0.06,0,0,,,0,,,,,1330,80,-40,0,84.5,0.8,-0.3,0,0.94,0.04,-0.02,0,,,,,1.92,0.06,-0.07,0,10.2,1.1,-0.5,0,0.085,0.026,-0.002,0,,,,,,,,,,,,,29,4,-5,0,,,,,,,,,6040,90,-90,0,1.19,0.14,-0.03,0,1.09,0.11,-0.05,0,-0.01,0.13,-0.13,0,[Fe/H],,,,,4.31,0.05,-0.08,0,4.5,1.8,-2,0,,,,,4.3,0.5,-0.5,0,,,,,-15.42,0,-0.01,0,1103.48,44.28,-41.05,0.878853,0.0347172,-0.0347172
CoRoT-26 b,CoRoT-26,b,1,1,1,Transit,0,4.20474,5E-05,-5E-05,0,0.0526,0.001,-0.001,0,14.12,1.46,-0.78,0,1.26,0.13,-0.07,0,165.26,15.89,-15.89,0,0.52,0.05,-0.05,0,,,,,,,,,,,,,,,,,165.26,15.89,-15.89,0,0.52,0.05,-0.05,0,0.28,0.09,-0.07,0,0,,,0,,,,,1600,80,-70,0,86.8,2.2,-1,0,0.33,0.08,-0.23,0,,,,,5.47,0.06,-0.04,0,6.28,0.01,-0.52,0,0.0718,0.001,-0.001,0,,,,,,,,,,,,,61,5,-6,0,,,,,,,,,5590,100,-100,0,1.79,0.18,-0.09,0,1.09,0.06,-0.06,0,0.01,0.13,-0.13,0,[Fe/H],,,,,3.99,0.05,-0.08,0,8.6,1.8,-0.9,0,,,,,2,1,-1,0,,,,,15.51,0.01,-0.01,0,1045.18,,,,,
CoRoT-27 b,CoRoT-27,b,1,1,1,Transit,0,3.57532,6E-05,-6E-05,0,0.0476,0.0066,-0.0066,0,11.287,0.493,-0.493,0,1.007,0.044,-0.044,0,3302.11,174.8,-174.8,0,10.39,0.55,-0.55,0,,,,,,,,,,,,,,,,,3302.11,174.8,-174.8,0,10.39,0.55,-0.55,0,12.6,1.92,-1.67,0,0.065,,,1,,,,,1500,130,-130,0,86.7,1.2,-0.87,0,0.54,0.09,-0.17,0,,,,,2.77,0.06,-0.06,0,9.48,0.95,-0.75,0,0.099,0.002,-0.002,0,,,,,,,,,,,,,1326,33,-33,0,,,,,,,,,5900,120,-120,0,1.08,0.18,-0.06,0,1.05,0.11,-0.11,0,-0.1,0.1,-0.1,0,[M/H],,,,,4.4,0.1,-0.1,0,4.21,2.72,-2.72,0,1.24,0.42,-0.26,0,4,1,-1,0,,,,,-4.09,0.02,-0.02,0,1010.28,69.26,-61.036,0.96604,0.0620076,-0.0620076
CoRoT-28 b,CoRoT-28,b,1,1,1,Transit,0,5.20851,0.00038,-0.00038,0,0.0603,0.005,-0.005,0,10.705,0.74,-0.74,0,0.955,0.066,-0.066,0,153.82972,27.65121,-27.65121,0,0.484,0.087,-0.087,0,,,,,,,,,,,,,,,,,153.82972,27.65121,-27.65121,0,0.484,0.087,-0.087,0,0.69,0.27,-0.27,0,0.047,0.055,-0.038,0,,,,,,,,,88.1,0.8,-0.8,0,0.24,0.09,-0.09,0,,,,,5.7,0.09,-0.09,0,7.29,0.16,-0.16,0,0.0551,0.0004,-0.0004,0,,,,,,,,,126,140,-61,0,56.4,4.9,-4.9,0,,,,,,,,,5150,100,-100,0,1.78,0.11,-0.11,0,1.01,0.14,-0.14,0,0.15,0.1,-0.1,0,[Fe/H],,,,,3.6,0.2,-0.2,0,12,1.5,-1.5,0,0.27,0.006,-0.006,0,3,0.5,-0.5,0,,,,,,,,,766.183,14.685,-14.152,1.27685,0.0243663,-0.0243663
CoRoT-29 b,CoRoT-29,b,1,1,1,Transit,0,2.85057,6E-06,-6E-06,0,0.0386,0.0059,-0.0059,0,10.088,1.793,-1.793,0,0.9,0.16,-0.16,0,270.1555,63.566,-63.566,0,0.85,0.2,-0.2,0,,,,,,,,,,,,,,,,,270.1555,63.566,-63.566,0,0.85,0.2,-0.2,0,1.45,0.74,-0.74,0,0.082,0.081,-0.081,0,,,,,,,,,87.3,2.7,-2.7,0,0.43,0.44,-0.44,0,,,,,2.19,0.04,-0.04,0,9.22,0.19,-0.19,0,0.1028,0.0043,-0.0043,0,,,,,,,,,87,210,-49,0,125,17,-17,0,,,,,,,,,5260,100,-100,0,0.9,0.12,-0.12,0,0.97,0.14,-0.14,0,0.2,0.1,-0.1,0,[Fe/H],,,,,4.3,0.2,-0.2,0,4.5,3.5,-3.5,0,1.825,0.038,-0.038,0,3.5,0.5,-0.5,0,,,,,,,,,806.507,44.027,-39.76,1.21562,0.062661,-0.062661
CoRoT-3 b,CoRoT-3,b,1,1,1,Transit,0,4.2568,5E-06,-5E-06,0,,,,,11.32,0.78,-0.78,0,1.01,0.07,-0.07,0,6883.91,317.8,-317.8,0,21.66,1,-1,0,,,,,,,,,,,,,,,,,6883.91,317.8,-317.8,0,21.66,1,-1,0,26.4,5.6,-5.6,0,0,,,0,,,,,,,,,85.9,0.8,-0.8,0,0.55,0.08,-0.08,0,,,,,,,,,7.8,0.4,-0.4,0,0.0663,0.0009,-0.0009,0,,,,,,,,,,,,,,,,,,,,,,,,,6740,140,-140,0,1.56,0.09,-0.09,0,1.37,0.09,-0.09,0,,,,,,,,,,4.22,0.07,-0.07,0,2.2,0.6,-0.6,0,,,,,17,1,-1,0,,,,,-56.16,0.02,-0.02,0,768.771,30.791,-28.545,1.27472,0.0497165,-0.0497165
CoRoT-30 b,CoRoT-30,b,1,1,1,Transit,0,9.06005,0.00024,-0.00024,0,0.0844,0.0012,-0.0012,0,11.31,0.852,-0.852,0,1.009,0.076,-0.076,0,921.707,69.9226,-69.9226,0,2.9,0.22,-0.22,0,,,,,,,,,,,,,,,,,921.707,69.9226,-69.9226,0,2.9,0.22,-0.22,0,3.45,0.65,-0.65,0,0.007,0.031,-0.031,0,,,,,,,,,90,0.56,-0.56,0,0,0.16,-0.16,0,,,,,,,,,21,1.4,-1.4,0,0.114,0.0032,-0.0032,0,,,,,,,,,178.1,100.2,-100.2,0,283,20,-20,0,,,,,,,,,5650,100,-100,0,0.91,0.09,-0.03,0,0.98,0.03,-0.05,0,0.02,0.1,-0.1,0,[Fe/H],,,,,4.4,0.1,-0.1,0,3,3.7,-2.4,0,,,,,4.3,0.4,-0.4,0,,,,,-34.93,0.01,-0.01,0,1032.23,48.57,-44.467,0.942447,0.0432196,-0.0432196
CoRoT-31 b,CoRoT-31,b,1,1,1,Transit,0,4.62941,0.00075,-0.00075,0,0.0586,0.0034,-0.0034,0,16.365,3.363,-3.363,0,1.46,0.3,-0.3,0,266.9772,108.0622,-108.0622,0,0.84,0.34,-0.34,0,,,,,,,,,,,,,,,,,266.9772,108.0622,-108.0622,0,0.84,0.34,-0.34,0,0.33,0.18,-0.18,0,0.02,0.16,-0.16,0,,,,,,,,,83.2,2.3,-2.3,0,0.87,0.27,-0.27,0,,,,,,,,,7.2,2.9,-2.9,0,0.0699,0.0076,-0.0076,0,,,,,,,,,303.6,107.9,-107.9,0,88,35,-35,0,,,,,,,,,5700,120,-120,0,2.15,0.56,-0.66,0,1.25,0.22,-0.21,0,0,0.1,-0.1,0,[Fe/H],,,,,3.85,0.25,-0.25,0,4.7,4.7,-2.2,0,,,,,2.8,0.5,-0.5,0,,,,,18.6,0.02,-0.02,0,2005.76,169.79,-145.71,0.470026,0.0382623,-0.0382623
CoRoT-4 b,CoRoT-4,b,1,1,1,Transit,0,9.20205,0.00037,-0.00037,0,0.09,0.001,-0.001,0,13.34,0.67,-0.56,0,1.19,0.06,-0.05,0,228.83,25.43,-25.43,0,0.72,0.08,-0.08,0,,,,,,,,,,,,,,,,,228.83,25.43,-25.43,0,0.72,0.08,-0.08,0,0.525,0.15,-0.15,0,0,0.1,-0.1,0,,,,,1074,19,-19,0,90,0,-0.085,0,,,,,,,,0,,,,,17.36,0.05,-0.25,0,0.1047,0.0041,-0.0022,0,,,,,,,,,,,,,63,6,-6,0,,,,,,,,,6190,60,-60,0,1.17,0.01,-0.03,0,1.16,0.03,-0.02,0,,,,,,,,,,4.41,0.05,-0.05,0,1,1,-0.3,0,,,,,6.4,1,-1,0,,,,,32.3,0.01,-0.01,0,726.412,15.181,-14.582,1.34844,0.0279765,-0.0279765
CoRoT-5 b,CoRoT-5,b,1,1,1,Transit,0,4.0378962,1.9E-06,-1.9E-06,0,0.04947,0.00026,-0.00029,0,15.558,0.516,-0.527,0,1.388,0.046,-0.047,0,148.42,14.937,-7.628,0,0.467,0.047,-0.024,0,,,,,,,,,,,,,,,,,148.42,14.937,-7.628,0,0.467,0.047,-0.024,0,0.217,0.031,-0.025,0,0.09,0.09,-0.04,0,,,,,1438,39,-39,0,85.83,0.99,-1.38,0,0.755,0.017,-0.022,0,1.461,0.03,-0.032,0,,,,,,,,,,,,,,,,,,,,,-128.34,289.34,-48.13,0,59.1,6.2,-3.1,0,,,,,,,,,6100,65,-65,0,1.19,0.04,-0.04,0,1,0.02,-0.02,0,-0.25,0.06,-0.06,0,[M/H],,,,,4.19,0.03,-0.03,0,6.9,1.4,-1.4,0,,,,,1,1,-1,0,,,,,,,,,882.472,25.62,-25.62,1.1054,0.0326196,-0.0326196
CoRoT-6 b,CoRoT-6,b,1,1,1,Transit,0,8.886593,4E-06,-4E-06,0,0.0855,0.0015,-0.0015,0,13.068,0.392,-0.392,0,1.166,0.035,-0.035,0,940.74,108.06,-108.06,0,2.96,0.34,-0.34,0,,,,,,,,,,,,,,,,,940.74,108.06,-108.06,0,2.96,0.34,-0.34,0,2.32,0.31,-0.31,0,0.1,,,1,,,,,1017,19,-19,0,89.07,0.3,-0.3,0,0.291,0.091,-0.091,0,,,,,4.08,0.02,-0.02,0,17.94,0.33,-0.33,0,0.1169,0.0009,-0.0009,0,,,,,,,,,,,,,280,30,-30,0,,,,,,,,,6090,70,-70,0,1.02,0.03,-0.03,0,1.05,0.05,-0.05,0,-0.2,0.1,-0.1,0,[Fe/H],,,,,4.43,0.1,-0.1,0,,,,,,,,,7.6,1,-1,0,,,,,-18.24,0.01,-0.01,0,645.294,12.453,-11.997,1.52152,0.0291249,-0.0291249
CoRoT-8 b,CoRoT-8,b,1,1,1,Transit,0,6.21229,3E-05,-3E-05,0,0.063,0.001,-0.001,0,6.39,0.22,-0.22,0,0.57,0.02,-0.02,0,69.92,9.53,-9.53,0,0.22,0.03,-0.03,0,,,,,,,,,,,,,,,,,69.92,9.53,-9.53,0,0.22,0.03,-0.03,0,1.6,0.1,-0.1,0,0,,,0,,,,,,,,,88.4,0.1,-0.1,0,0.49,0.04,-0.04,0,0.651,0.007,-0.007,0,2.74,0.02,-0.02,0,17.6,0.4,-0.4,0,0.075,0.001,-0.001,0,,,,,,,,,,,,,26,4,-4,0,,,,,,,,,5080,80,-80,0,0.77,0.02,-0.02,0,0.88,0.04,-0.04,0,0.3,0.1,-0.1,0,[M/H],,,,,4.58,0.08,-0.08,0,3,,,1,2.7,0.1,-0.1,0,2,1,-1,0,,,,,-37.47,0,0,0,322.037,2.714,-2.714,3.07662,0.0259729,-0.0259729
CoRoTID 223977153 b,CoRoTID 223977153,b,1,1,1,Transit,0,6.71837,1E-05,-1E-05,0,0.071,0.001,-0.001,0,6.389,0.673,-0.56,0,0.57,0.06,-0.05,0,47.6745,31.783,-31.783,0,0.15,0.1,-0.1,0,,,,,,,,,,,,,,,,,47.6745,31.783,-31.783,0,0.15,0.1,-0.1,0,1.1,1.3,-0.8,0,,,,,132.26,36.74,-29.39,0,938,65,-52,0,89,0.5,-0.5,0,0.4,0.1,-0.2,0,0.29,0.02,-0.02,0,2.496,0.216,-0.168,0,,,,,0.054,0.002,-0.002,0,,,,,,,,,,,,,14,10,-10,0,,,,,,,,,5970,100,-100,0,0.79,0.08,-0.09,0,1.08,0.08,-0.07,0,0,0.2,-0.2,0,[Fe/H],-0.155,0.109,-0.146,0,4.67,0.11,-0.08,0,,,,,,,,,3.2,1,-1,0,,,,,,,,,576.683,10.436,-10.436,1.70589,0.0311319,-0.0311319
EPIC 201170410.02,EPIC 201170410,b,1,1,1,Transit,0,6.7987,0.0001,-0.0001,0,0.0349,0.0027,-0.0022,0,1.047,0.276,-0.257,0,0.093,0.025,-0.023,0,,,,,,,,,,,,,,,,,,,,,,,,,,,,,,,,,,,,,0,,,0,,,,,,,,,89.002,0.414,-0.288,0,0.46,0.2,-0.14,0,,,,,,,,,,,,,0.034,0.0007,-0.0006,0,,,,,,,,,,,,,,,,,,,,,,,,,3648,172,-143,0,0.28,0.07,-0.07,0,0.29,0.1,-0.08,0,-0.048,0.15,-0.21,0,[Fe/H],,,,,5,0.07,-0.07,0,,,,,,,,,,,,,,,,,,,,,,,,,,
EPIC 201238110 b,EPIC 201238110,b,1,1,1,Transit,0,28.1656,0.0027,-0.0028,0,,,,,1.87,0.2,-0.45,0,0.167,0.018,-0.04,0,,,,,,,,,,,,,,,,,,,,,,,,,,,,,,,,,,,,,,,,,,,,,,,,,,,,,0.24,0.24,-0.17,0,,,,,,,,,,,,,0.0458,0.0021,-0.0022,0,,,,,,,,,,,,,,,,,,,,,,,,,,,,,,,,,0.41,0.11,-0.05,0,,,,,,,,,,,,,,,,,,,,,,,,,,,,,,,,,,159.259,1.414,-1.39,6.25088,0.0548541,-0.0548541
EPIC 201497682 b,EPIC 201497682,b,1,1,1,Transit,0,2.13174,0.00022,-0.00022,0,,,,,0.692,0.059,-0.048,0,0.062,0.005,-0.004,0,,,,,,,,,,,,,,,,,,,,,,,,,,,,,,,,,,,,,,,,,,,,,,,,,,,,,0.21,0.23,-0.15,0,,,,,,,,,,,,,0.0115,0.0008,-0.0008,0,,,,,,,,,,,,,,,,,,,,,,,,,,,,,,,,,0.78,0.09,-0.17,0,,,,,,,,,,,,,,,,,,,,,,,,,,,,,,,,,,253.026,1.664,-1.664,3.92339,0.0257985,-0.0257985
EPIC 201757695.02,EPIC 201757695,b,1,1,1,Transit,0,2.0478,0.0001,-0.0001,0,0.0296,0.0005,-0.0005,0,0.908,0.059,-0.064,0,0.081,0.005,-0.006,0,,,,,,,,,,,,,,,,,,,,,,,,,,,,,,,,,,,,,0,,,0,,,,,,,,,89.276,0.369,-0.372,0,0.12,0.06,-0.06,0,,,,,,,,,,,,,0.0127,0.0002,-0.0002,0,,,,,,,,,,,,,,,,,,,,,,,,,4520,108,-54,0,0.66,0.04,-0.04,0,0.73,0.04,-0.05,0,-0.003,0.12,-0.3,0,[Fe/H],-0.364,0.325,-0.955,0,4.66,0.04,-0.03,0,,,,,,,,,,,,,,,,,,,,,,,,,,
EPIC 201841433 b,EPIC 201841433,b,1,1,1,Transit,0,4.1698,0.0001,-0.0001,0,0.035,0.0009,-0.001,0,1.04,0.037,-0.032,0,0.093,0.003,-0.003,0,,,,,,,,,,,,,,,,,,,,,,,,,,,,,,,,,,,,,,,,,,,,,,,,,89.001,0.512,-0.557,0,0.21,0.11,-0.12,0,,,,,,,,,,,,,0.0152,0.0004,-0.0003,0,,,,,,,,,,,,,,,,,,,,,,,,,5053,103,-166,0,0.63,0.04,-0.02,0,0.8,0.08,-0.16,0,0,,,0,[Fe/H],,,,,4.59,0.05,-2.86,0,,,,,,,,,,,,,,,,,,,,,436.488,8.178001,-7.888,2.26274,0.0418374,-0.0418374
EPIC 206024342 b,EPIC 206024342,b,1,1,1,Transit,0,4.50756,0.00062,-0.0006,0,,,,,1.7,0.59,-0.31,0,0.152,0.053,-0.028,0,,,,,,,,,,,,,,,,,,,,,,,,,,,,,,,,,,,,,,,,,,,,,,,,,,,,,0.7,0.09,-0.1,0,,,,,,,,,,,,,0.0147,0.0012,-0.001,0,,,,,,,,,,,,,,,,,,,,,,,,,,,,,,,,,0.93,0.08,-0.1,0,,,,,,,,,,,,,,,,,,,,,,,,,,,,,,,,,,369.888,4.99,-4.86,2.67518,0.0357213,-0.0357213
EPIC 206032309 b,EPIC 206032309,b,1,1,1,Transit,0,2.87814,0.00023,-0.00026,0,,,,,1.01,0.24,-0.13,0,0.09,0.021,-0.012,0,,,,,,,,,,,,,,,,,,,,,,,,,,,,,,,,,,,,,,,,,,,,,,,,,,,,,0.26,0.26,-0.18,0,,,,,,,,,,,,,0.0405,0.0024,-0.0024,0,,,,,,,,,,,,,,,,,,,,,,,,,,,,,,,,,0.22,0.04,-0.06,0,,,,,,,,,,,,,,,,,,,,,,,,,,,,,,,,,,161.365,1.793,-1.793,6.1694,0.0683339,-0.0683339
EPIC 206042996 b,EPIC 206042996,b,1,1,1,Transit,0,5.29711,0.00074,-0.0007,0,,,,,1.62,0.17,-0.19,0,0.145,0.015,-0.017,0,,,,,,,,,,,,,,,,,,,,,,,,,,,,,,,,,,,,,,,,,,,,,,,,,,,,,0.26,0.23,-0.18,0,,,,,,,,,,,,,0.0294,0.0018,-0.0019,0,,,,,,,,,,,,,,,,,,,,,,,,,,,,,,,,,0.56,0.05,-0.05,0,,,,,,,,,,,,,,,,,,,,,,,,,,,,,,,,,,451.769,13.976,-13.176,2.18689,0.0659555,-0.0659555
EPIC 206215704 b,EPIC 206215704,b,1,1,1,Transit,0,2.25372,0.00047,-0.00047,0,,,,,0.9,0.19,-0.2,0,0.08,0.017,-0.018,0,,,,,,,,,,,,,,,,,,,,,,,,,,,,,,,,,,,,,,,,,,,,,,,,,,,,,0.28,0.28,-0.2,0,,,,,,,,,,,,,0.0225,0.0022,-0.0021,0,,,,,,,,,,,,,,,,,,,,,,,,,,,,,,,,,0.41,0.1,-0.08,0,,,,,,,,,,,,,,,,,,,,,,,,,,,,,,,,,,109.888,1.08,-1.08,9.0727,0.0887447,-0.0887447
EPIC 206317286 b,EPIC 206317286,b,1,1,1,Transit,0,1.58252,0.00017,-0.00018,0,,,,,0.96,0.11,-0.15,0,0.086,0.01,-0.013,0,,,,,,,,,,,,,,,,,,,,,,,,,,,,,,,,,,,,,,,,,,,,,,,,,,,,,0.57,0.15,-0.24,0,,,,,,,,,,,,,0.0133,0.0014,-0.0012,0,,,,,,,,,,,,,,,,,,,,,,,,,,,,,,,,,0.71,0.09,-0.03,0,,,,,,,,,,,,,,,,,,,,,,,,,,,,,,,,,,314.35,2.936,-2.882,3.15254,0.029214,-0.029214
EPIC 211822797 b,EPIC 211822797,b,1,1,1,Transit,0,21.169861,0.001725,-0.001695,0,0.131,0.004,-0.005,0,1.98,0.11,-0.11,0,0.177,0.01,-0.01,0,,,,,,,,,,,,,,,,,,,,,,,,,,,,,,,,,,,,,0.06,0.13597,-0.048705,0,3.5,0.5,-0.5,0,,,,,89.73,0.19,-0.22,0,,,,,,,,,,,,,48.67,2.04,-2.15,0,0.03182,0.00102,-0.00097,0,,,,,,,,,-21.51,137.3198,-119.8417,0,,,,,,,,,,,,,4148.21,82.41,-80.21,0,0.57,0.03,-0.03,0,0.66,0.07,-0.07,0,,,,,,,,,,,,,,,,,,,,,,,,,,,,,,,,,,186.197,1.3645,-1.3645,5.34209,0.0390588,-0.0390588
EPIC 211945201 b,EPIC 211945201,b,1,1,1,Transit,0,19.49221,0.000666,-0.000653,0,0.1493,0.0015,-0.0015,0,5.76,0.3,-0.3,0,0.514,0.027,-0.027,0,,,,,,,,,,,,,,,,,,,,,,,,,,,,,,,,,,,,,,,,,,,,,817,15,-14,0,,,,,0.58,0.22,-0.34,0,,,,,,,,,35.63,6.71,-9.05,0,0.0379,0.0025,-0.0013,0,,,,,,,,,,,,,,,,,,,,,,,,,6069,90,-90,0,1.39,0.02,-0.02,0,1.17,0.04,-0.04,0,0.1,0.05,-0.05,0,[Fe/H],,,,,4.22,0.02,-0.02,0,,,,,2.253,1.827,-1.17,0,,,,,,,,,,,,,181.69,1.295,-1.277,5.47529,0.0386732,-0.0386732
EPIC 212297394 b,EPIC 212297394,b,1,1,1,Transit,0,2.28943,0.00019,-0.00019,0,,,,,1.323,0.081,-0.095,0,0.118,0.007,-0.008,0,,,,,,,,,,,,,,,,,,,,,,,,,,,,,,,,,,,,,,,,,,,,,,,,,,,,,0.45,0.16,-0.21,0,,,,,,,,,,,,,0.0162,0.001,-0.001,0,,,,,,,,,,,,,,,,,,,,,,,,,,,,,,,,,0.83,0.09,-0.12,0,,,,,,,,,,,,,,,,,,,,,,,,,,,,,,,,,,418.395,7.353,-7.107,2.36212,0.0409773,-0.0409773
EPIC 212424622 b,EPIC 212424622,b,1,1,1,Transit,0,18.0983,0.006,-0.0058,0,,,,,2.17,0.67,-0.42,0,0.194,0.06,-0.037,0,,,,,,,,,,,,,,,,,,,,,,,,,,,,,,,,,,,,,,,,,,,,,,,,,,,,,0.74,0.08,-0.07,0,,,,,,,,,,,,,0.0148,0.0013,-0.0011,0,,,,,,,,,,,,,,,,,,,,,,,,,,,,,,,,,1.11,0.14,-0.12,0,,,,,,,,,,,,,,,,,,,,,,,,,,,,,,,,,,611.804,10.285,-9.956,1.606,0.0268294,-0.0268294
EPIC 212499991 b,EPIC 212499991,b,1,1,1,Transit,0,34.885,0.011,-0.01,0,,,,,1.6,0.13,-0.16,0,0.143,0.012,-0.014,0,,,,,,,,,,,,,,,,,,,,,,,,,,,,,,,,,,,,,,,,,,,,,,,,,,,,,0.28,0.26,-0.19,0,,,,,,,,,,,,,0.0193,0.0016,-0.0019,0,,,,,,,,,,,,,,,,,,,,,,,,,,,,,,,,,0.91,0.04,-0.16,0,,,,,,,,,,,,,,,,,,,,,,,,,,,,,,,,,,283.29,2.043,-2.015,3.50124,0.0250947,-0.0250947
EPIC 212587672 b,EPIC 212587672,b,1,1,1,Transit,0,15.2841,0.0037,-0.0029,0,,,,,1.12,0.12,-0.09,0,0.1,0.011,-0.008,0,,,,,,,,,,,,,,,,,,,,,,,,,,,,,,,,,,,,,,,,,,,,,,,,,,,,,0.24,0.25,-0.17,0,,,,,,,,,,,,,0.0108,0.0007,-0.0007,0,,,,,,,,,,,,,,,,,,,,,,,,,,,,,,,,,0.95,0.04,-0.04,0,,,,,,,,,,,,,,,,,,,,,,,,,,,,,,,,,,320.07,6.392,-6.152,3.09713,0.0607336,-0.0607336
EPIC 248847494 b,EPIC 248847494,b,1,1,1,Transit,0,3650,1280,-1130,0,4.5,1,-1,0,12.442,0.785,-0.785,0,1.11,0.07,-0.07,0,4131.79,,,1,13,,,1,,,,,,,,,,,,,,,,,4131.79,,,1,13,,,1,,,,,0,,,0,0.19,0.12,-0.07,0,183,25,-18,0,89.87,0.02,-0.03,0,0.79,0.04,-0.07,0,0.18,,,0,53.6,5.9,-5.3,0,,,,,0.042,0.002,-0.002,0,,,,,,,,,,,,,,,,,,,,,,,,,4898,68,-68,0,2.7,0.12,-0.12,0,0.9,0.09,-0.09,0,-0.23,0.04,-0.04,0,[Fe/H],,,,,3.52,,,0,,,,,0.064,0.007,-0.007,0,,,,,,,,,,,,,551.886,12.752,-12.752,1.78346,0.0415452,-0.0415452
G 9-40 b,G 9-40,b,1,1,1,Transit,0,5.746007,6E-06,-6E-06,0,0.0385,0.0078,-0.0053,0,2.025,0.096,-0.097,0,0.181,0.009,-0.009,0,,,,,,,,,,,,,,,,,,,,,,,,,,,,,,,,,,,,,0,,,0,7.2,2.5,-2.2,0,456,35,-40,0,88.57,0.63,-0.47,0,0.672,0.1,-0.22,0,0.365,0.032,-0.033,0,1.3368,0.0456,-0.0408,0,27,5.4,-3.7,0,0.0605,0.0026,-0.0028,0,,,,,,,,,0,,,0,,,,,,,,,,,,,3348,32,-32,0,0.31,0.01,-0.01,0,0.29,0.02,-0.02,0,0.04,0.1,-0.11,0,[Fe/H],-1.971,0.011,-0.012,0,4.93,0.03,-0.03,0,9.9,2.6,-4.1,0,14.11,0.99,-0.92,0,2,,,1,29.85,1.01,-0.94,0,14.65,0.26,-0.26,0,27.9276,0.0451,-0.045,35.7781,0.0572949,-0.0572949
GJ 1214 b,GJ 1214,b,1,1,1,Transit,0,1.58040456,1.6E-07,-1.6E-07,0,0.01411,0.00032,-0.00032,0,2.847,0.202,-0.202,0,0.254,0.018,-0.018,0,6.26125,0.85814,-0.85814,0,0.0197,0.0027,-0.0027,0,,,,,,,,,,,,,,,,,6.26125,0.85814,-0.85814,0,0.0197,0.0027,-0.0027,0,1.49,0.33,-0.33,0,,,,,,,,,,,,,88.17,0.54,-0.54,0,,,,,,,,,,,,,14,0.8,-0.7,0,,,,,,,,,,,,,,,,,12.2,1.6,-1.6,0,,,,,,,,,3026,150,-150,0,0.22,0.01,-0.01,0,0.15,0.01,-0.01,0,0.39,0.15,-0.15,0,[Fe/H],,,,,4.94,0.01,-0.01,0,,,,,,,,,,,,,,,,,,,,,14.6427,0.0372,-0.0372,68.2653,0.172281,-0.172281
GJ 1252 b,GJ 1252,b,1,1,1,Transit,0,0.5182349,6.3E-06,-5E-06,0,0.00916,0.00076,-0.00076,0,1.193,0.074,-0.074,0,0.106,0.007,-0.007,0,2.09,0.56,-0.56,0,0.00658,0.00176,-0.00176,0,,,,,,,,,,,,,,,,,2.09,0.56,-0.56,0,0.00658,0.00176,-0.00176,0,,,,,0,,,0,,,,,1089,69,-69,0,85,2.1,-1.8,0,0.44,0.12,-0.17,0,,,,,0.734,0.018,-0.014,0,,,,,0.02802,0.0009,-0.00097,0,,,,,,,,,,,,,3.17,0.85,-0.85,0,,,,,,,,,3458,140,-133,0,0.39,0.02,-0.02,0,0.38,0.02,-0.02,0,0.1,0.1,-0.1,0,[Fe/H],-1.708,0.054,-0.054,0,,,,,,,,,,,,,,,,,64,4,-4,0,7.48,0,0,0,20.373,0.0192,-0.0192,49.0558,0.045873,-0.045873
HAT-P-12 b,HAT-P-12,b,1,1,1,Transit,0,3.2130598,2.1E-06,-2.1E-06,0,0.0384,0.0003,-0.0003,0,10.749,0.325,-0.235,0,0.959,0.029,-0.021,0,67.059,3.814,-3.814,0,0.211,0.012,-0.012,0,,,,,,,,,,,,,,,,,67.059,3.814,-3.814,0,0.211,0.012,-0.012,0,0.3192,0.016,-0.016,0,0,,,0,,,,,963,16,-16,0,89,0.4,-0.4,0,0.211,0.066,-0.078,0,1.977,0.037,-0.036,0,2.3376,0.0144,-0.0144,0,11.77,0.15,-0.21,0,0.1406,0.0013,-0.0013,0,,,,,,,,,,,,,35.8,1.9,-1.9,0,,,,,,,,,4650,60,-60,0,0.7,0.02,-0.01,0,0.73,0.02,-0.02,0,-0.29,0.05,-0.05,0,[Fe/H],-0.678,0.04,-0.02,0,4.61,0.01,-0.01,0,2.5,2,-2,0,,,,,0.5,0.4,-0.4,0,,,,,-40.51,0.21,-0.21,0,142.751,0.453,-0.45,6.97632,0.0220026,-0.0220026
HAT-P-15 b,HAT-P-15,b,1,1,1,Transit,0,10.8635,2.7E-05,-2.7E-05,0,,,,,11.882,0.785,-0.785,0,1.06,0.07,-0.07,0,616.5902,95.349,-95.349,0,1.94,0.3,-0.3,0,,,,,,,,,,,,,,,,,616.5902,95.349,-95.349,0,1.94,0.3,-0.3,0,,,,,0.19,0.02,-0.02,0,,,,,,,,,89.1,0.2,-0.2,0,,,,,1,0.018,-0.018,0,,,,,19.25,0.77,-0.77,0,,,,,,,,,,,,,,,,,180.6,3.5,-3.5,0,,,,,,,,,5568,90,-90,0,1.07,0.07,-0.07,0,1,0.23,-0.23,0,0.22,,,0,[Fe/H],,,,,4.38,0.03,-0.03,0,,,,,1.14,0.14,-0.14,0,,,,,,,,,,,,,192.516,2.053,-2.01,5.16638,0.0543927,-0.0543927
HAT-P-18 b,HAT-P-18,b,1,1,1,Transit,0,5.508023,6E-06,-6E-06,0,0.0559,0.0007,-0.0007,0,11.153,0.583,-0.583,0,0.995,0.052,-0.052,0,62.61,4.132,-4.132,0,0.197,0.013,-0.013,0,,,,,,,,,,,,,,,,,62.61,4.132,-4.132,0,0.197,0.013,-0.013,0,0.25,0.04,-0.04,0,0.084,0.048,-0.048,0,,,,,852,28,-28,0,88.8,0.3,-0.3,0,0.324,0.055,-0.078,0,,,,,2.7144,0.0216,-0.0216,0,16.04,0.75,-0.75,0,0.1365,0.0015,-0.0015,0,,,,,,,,,120,56,-56,0,27.1,1.6,-1.6,0,,,,,,,,,4803,80,-80,0,0.75,0.04,-0.04,0,0.77,0.03,-0.03,0,0.1,0.08,-0.08,0,[Fe/H],-0.569,0.06,-0.07,0,4.57,0.04,-0.04,0,12.4,4.4,-6.4,0,,,,,0.5,0.5,-0.5,0,,,,,-11.92,0.28,-0.28,0,161.4,0.61,-0.605,6.16693,0.0231329,-0.0231329
HAT-P-19 b,HAT-P-19,b,1,1,1,Transit,0,4.008778,6E-06,-6E-06,0,0.0466,0.0008,-0.0008,0,12.689,0.807,-0.807,0,1.132,0.072,-0.072,0,92.802,5.721,-5.721,0,0.292,0.018,-0.018,0,,,,,,,,,,,,,,,,,92.802,5.721,-5.721,0,0.292,0.018,-0.018,0,0.25,0.04,-0.04,0,0.067,0.042,-0.042,0,,,,,1010,42,-42,0,88.2,0.4,-0.4,0,0.404,0.061,-0.088,0,,,,,2.8368,0.0336,-0.0336,0,12.24,0.67,-0.67,0,0.1418,0.002,-0.002,0,,,,,,,,,256,77,-77,0,42,2.1,-2.1,0,,,,,,,,,4990,130,-130,0,0.82,0.05,-0.05,0,0.84,0.04,-0.04,0,0.23,0.08,-0.08,0,[Fe/H],-0.432,0.085,-0.077,0,4.54,0.05,-0.05,0,8.8,5.2,-5.2,0,,,,,0.7,0.5,-0.5,0,,,,,-20.22,0.02,-0.02,0,202.078,1.471,-1.451,4.91998,0.0355101,-0.0355101
HAT-P-2 b,HAT-P-2,b,1,1,1,Transit,0,5.6335158,3.6E-06,-3.6E-06,0,0.06814,0.00051,-0.00051,0,,,,,,,,,,,,,,,,,2739.6946,54.0311,-54.0311,0,8.62,0.17,-0.17,0,,,,,,,,,2739.6946,54.0311,-54.0311,0,8.62,0.17,-0.17,0,,,,,0.5172,0.0019,-0.0019,0,,,,,,,,,,,,,,,,,,,,,,,,,,,,,,,,,,,,,2463982.492,0.0024,-0.0024,0,188.01,0.2,-0.2,0,953.3,3.6,-3.6,0,,,,,,,,,6380,,,0,1.39,0.09,-0.09,0,1.33,0.03,-0.03,0,0.18,,,0,[Fe/H],0.53,0.08,-0.08,0,,,,,1.44,0.47,-0.47,0,,,,,,,,,,,,,,,,,127.774,0.425,-0.423,7.79749,0.0257663,-0.0257663
HAT-P-20 b,HAT-P-20,b,1,1,1,Transit,0,2.875317,4E-06,-4E-06,0,0.0361,0.0005,-0.0005,0,9.718,0.37,-0.37,0,0.867,0.033,-0.033,0,2302.899,59.432,-59.432,0,7.246,0.187,-0.187,0,,,,,,,,,,,,,,,,,2302.899,59.432,-59.432,0,7.246,0.187,-0.187,0,13.78,1.5,-1.5,0,0.015,0.005,-0.005,0,,,,,970,23,-23,0,86.8,0.2,-0.2,0,0.631,0.025,-0.028,0,0.9898,,,0,1.848,0.0192,-0.0192,0,11.17,0.29,-0.29,0,0.1284,0.0016,-0.0016,0,,,,,,,,,317,130,-130,0,1246,8.1,-8.1,0,,,,,,,,,4595,80,-80,0,0.69,0.02,-0.02,0,0.76,0.03,-0.03,0,0.35,0.08,-0.08,0,[Fe/H],-0.721,0.043,-0.048,0,4.63,0.02,-0.02,0,6.7,5.7,-3.8,0,,,,,2.1,0.5,-0.5,0,,,,,-18.81,0.68,-0.68,0,71.0374,0.1994,-0.1983,14.0483,0.0391097,-0.0391097
HAT-P-21 b,HAT-P-21,b,1,1,1,Transit,0,4.12448,7E-06,-7E-06,0,,,,,12.442,1.793,-1.793,0,1.11,0.16,-0.16,0,1547.8321,498.9931,-498.9931,0,4.87,1.57,-1.57,0,,,,,,,,,,,,,,,,,1547.8321,498.9931,-498.9931,0,4.87,1.57,-1.57,0,,,,,0.23,0.02,-0.02,0,,,,,,,,,87.2,0.7,-0.7,0,,,,,0.9,0.042,-0.042,0,,,,,9.65,0.74,-0.74,0,,,,,,,,,,,,,,,,,548.3,14.2,-14.2,0,,,,,,,,,5588,80,-80,0,1.21,0.17,-0.17,0,1.24,0.6,-0.6,0,0.01,,,0,[Fe/H],,,,,4.33,0.06,-0.06,0,,,,,1,0.23,-0.23,0,,,,,,,,,,,,,277.278,3.215,-3.144,3.57807,0.0410445,-0.0410445
HAT-P-23 b,HAT-P-23,b,1,1,1,Transit,0,1.21288,2E-06,-2E-06,0,,,,,12.218,2.578,-2.578,0,1.09,0.23,-0.23,0,425.8922,187.5197,-187.5197,0,1.34,0.59,-0.59,0,,,,,,,,,,,,,,,,,425.8922,187.5197,-187.5197,0,1.34,0.59,-0.59,0,,,,,0.11,0.04,-0.04,0,,,,,,,,,85.1,1.5,-1.5,0,,,,,1.4,0.028,-0.028,0,,,,,4.16,0.26,-0.26,0,,,,,,,,,,,,,,,,,368.5,17.6,-17.6,0,,,,,,,,,5905,80,-80,0,0.96,0.2,-0.2,0,0.58,0.38,-0.38,0,0.15,,,0,[Fe/H],,,,,4.33,0.05,-0.05,0,,,,,0.92,0.18,-0.18,0,,,,,,,,,,,,,364.813,4.772,-4.653,2.71289,0.0351382,-0.0351382
HAT-P-25 b,HAT-P-25,b,1,1,1,Transit,0,3.65281514,7.6E-07,-7.5E-07,0,0.0466,0.00081,-0.0008,0,12.722,0.538,-0.538,0,1.135,0.048,-0.048,0,180.84527,7.31009,-6.99226,0,0.569,0.023,-0.022,0,180.84527,7.31009,-6.99226,0,0.569,0.023,-0.022,0,180.933,7.314,-7.314,0,0.56927,0.02301,-0.02301,0,180.84527,7.31009,-6.99226,0,0.569,0.023,-0.022,0,0.483,0.059,-0.051,0,0.023,0.022,-0.014,0,325,29,-26,0,1182,25,-25,0,88.22,0.45,-0.36,0,0.347,0.061,-0.082,0,0.0161,0.00027,-0.00027,0,2.81304,0.02232,-0.02184,0,10.9,0.33,-0.31,0,0.1269,0.0011,-0.0011,0,,,,,2455200.78,0.53,-0.18,0,287,52,-17,0,74.5,1.4,-1.4,0,,,,,,,,,5519,78,-76,0,0.92,0.03,-0.03,0,1.01,0.05,-0.05,0,0.294,0.08,-0.08,0,[Fe/H],-0.152,0.044,-0.045,0,4.52,0.03,-0.03,0,,,,,1.84,0.17,-0.15,0,,,,,,,,,,,,,300.384,4.3,-4.182,3.30091,0.0466395,-0.0466395
HAT-P-26 b,HAT-P-26,b,1,1,1,Transit,0,4.23452,1.5E-05,-1.5E-05,0,,,,,7.062,0.448,-0.448,0,0.63,0.04,-0.04,0,22.2481,6.3566,-6.3566,0,0.07,0.02,-0.02,0,,,,,,,,,,,,,,,,,22.2481,6.3566,-6.3566,0,0.07,0.02,-0.02,0,,,,,0.12,0.06,-0.06,0,,,,,,,,,88.6,0.7,-0.7,0,,,,,0.54,0.0013,-0.0013,0,,,,,13.09,1.19,-1.19,0,,,,,,,,,,,,,,,,,8.5,1,-1,0,,,,,,,,,5079,88,-88,0,0.87,0.05,-0.05,0,1.12,0.36,-0.36,0,-0.04,,,0,[Fe/H],,,,,4.56,0.06,-0.06,0,,,,,2.37,0.65,-0.65,0,,,,,,,,,,,,,141.837,1.152,-1.133,7.02213,0.0563674,-0.0563674
HAT-P-28 b,HAT-P-28,b,1,1,1,Transit,0,3.257215,7E-06,-7E-06,0,0.0434,0.0007,-0.0007,0,13.585,1.267,-0.919,0,1.212,0.113,-0.082,0,198.953,11.759,-11.759,0,0.626,0.037,-0.037,0,,,,,,,,,,,,,,,,,198.953,11.759,-11.759,0,0.626,0.037,-0.037,0,0.44,0.09,-0.09,0,0.051,0.033,-0.033,0,,,,,1384,52,-52,0,88,0.9,-0.9,0,0.299,0.114,-0.123,0,1.4719,,,0,3.2184,0.048,-0.048,0,8.43,0.57,-0.57,0,0.113,0.0024,-0.0024,0,,,,,,,,,233,90,-90,0,84.7,4.2,-4.2,0,,,,,,,,,5680,90,-90,0,1.1,0.09,-0.07,0,1.02,0.05,-0.05,0,0.12,0.08,-0.08,0,[Fe/H],0.053,0.08,-0.066,0,4.36,0.06,-0.06,0,6.1,2.6,-1.9,0,,,,,0.2,0.5,-0.2,0,,,,,43.88,0.07,-0.07,0,401.319,5.542,-5.395,2.46327,0.0336917,-0.0336917
HAT-P-31 b,HAT-P-31,b,1,1,1,Transit,0,5.00542,9.1E-05,-9.1E-05,0,,,,,12.218,1.681,-1.681,0,1.09,0.15,-0.15,0,721.4741,266.9772,-266.9772,0,2.27,0.84,-0.84,0,,,,,,,,,,,,,,,,,721.4741,266.9772,-266.9772,0,2.27,0.84,-0.84,0,,,,,0.25,0,0,0,,,,,,,,,87.1,2.25,-2.25,0,,,,,0.65,0.15,-0.15,0,,,,,9.7,1.62,-1.62,0,,,,,,,,,,,,,,,,,232.5,1.1,-1.1,0,,,,,,,,,6065,100,-100,0,1.39,0.11,-0.11,0,1.31,0.73,-0.73,0,0.15,,,0,[Fe/H],,,,,4.26,0.12,-0.12,0,,,,,0.69,0.34,-0.34,0,,,,,,,,,,,,,344.05,2.913,-2.865,2.87789,0.0242227,-0.0242227
HAT-P-34 b,HAT-P-34,b,1,1,1,Transit,0,5.452654,1.6E-05,-1.6E-05,0,0.06774,0.00074,-0.00076,0,13.417,1.457,-1.031,0,1.197,0.13,-0.092,0,1058.3739,66.7443,-63.566,0,3.33,0.21,-0.2,0,,,,,,,,,,,,,,,,,1058.3739,66.7443,-63.566,0,3.33,0.21,-0.2,0,2.5,0.75,-0.6,0,0.432,0.029,-0.027,0,,,,,,,,,87.1,1.2,-1.2,0,,,,,,,,,,,,,,,,,,,,,,,,,,,,,21.9,5.2,-5.6,0,343,19,-19,0,,,,,,,,,6442,88,-88,0,1.53,0.14,-0.1,0,1.39,0.05,-0.05,0,0.22,0.04,-0.04,0,,,,,,,,,,1.7,0.4,-0.5,0,,,,,24,0.5,-0.5,0,,,,,,,,,249.325,2.804,-2.744,3.98272,0.0442773,-0.0442773
HAT-P-36 b,HAT-P-36,b,1,1,1,Transit,0,1.32734683,4.8E-07,-4.8E-07,0,0.0241,0.00047,-0.00047,0,14.314,0.224,-0.224,0,1.277,0.02,-0.02,0,587.41341,27.65121,-27.65121,0,1.8482,0.087,-0.087,0,,,,,,,,,,,,,,,,,587.41341,27.65121,-27.65121,0,1.8482,0.087,-0.087,0,1.175,0.078,-0.078,0,,,,,,,,,1781,19,-19,0,87.13,0.004,-0.13,0,0.25,0.007,-0.007,0,,,,,2.232,0.0384,-0.00168,0,4.95,0.042,-0.042,0,0.1199,0.0002,-0.0002,0,,,,,,,,,,,,,334.7,14.5,-14.5,0,,,,,,,,,5620,40,-40,0,1.04,0.01,-0.01,0,1.03,0.03,-0.03,0,,,,,,,,,,,,,,,,,,,,,,,,,,,,,,,,,,294.419,2.269,-2.235,3.36776,0.0257819,-0.0257819
HAT-P-37 b,HAT-P-37,b,1,1,1,Transit,0,2.797436,7E-06,-7E-06,0,0.0379,0.0006,-0.0006,0,13.204,0.863,-0.863,0,1.178,0.077,-0.077,0,371.528,32.735,-32.735,0,1.169,0.103,-0.103,0,,,,,,,,,,,,,,,,,371.528,32.735,-32.735,0,1.169,0.103,-0.103,0,0.89,0.19,-0.19,0,0.058,0.038,-0.038,0,,,,,1271,47,-47,0,86.9,0.4,-0.5,0,0.505,0.041,-0.062,0,1.899,0.084,-0.082,0,2.3304,0.036,-0.036,0,9.32,0.42,-0.57,0,0.1378,0.003,-0.003,0,,,,,,,,,164,84,-84,0,177.7,14.8,-14.8,0,,,,,,,,,5500,100,,0,0.88,0.06,,0,0.93,0.04,,0,,,,,,-0.208,0.071,,0,,,,,,,,,,,,,3.07,0.5,,0,,,,,-20.53,0.1,,0,390.594,2.723,-2.686,2.53138,0.0175913,-0.0175913
HAT-P-38 b,HAT-P-38,b,1,1,1,Transit,0,4.640382,3.2E-05,-3.2E-05,0,0.0523,0.0009,-0.0009,0,9.247,1.031,-0.706,0,0.825,0.092,-0.063,0,84.857,6.356,-6.356,0,0.267,0.02,-0.02,0,,,,,,,,,,,,,,,,,84.857,6.356,-6.356,0,0.267,0.02,-0.02,0,0.59,0.16,-0.16,0,0.067,0.047,-0.047,0,,,,,1082,55,-55,0,88.3,0.7,-0.7,0,0.372,0.094,-0.132,0,,,,,3.0408,0.036,-0.036,0,12.17,1.04,-1.04,0,0.0918,0.0016,-0.0016,0,,,,,,,,,240,104,-104,0,35.4,2.4,-2.4,0,,,,,,,,,5330,100,,0,0.92,0.1,,0,0.89,0.04,,0,,,,,,-0.208,0.1,,0,,,,,,,,,,,,,0.4,0.5,,0,,,,,-19.7,0.1,,0,255.206,2.473,-2.427,3.88991,0.0373305,-0.0373305
HAT-P-40 b,HAT-P-40,b,1,1,1,Transit,0,4.45724,1E-05,-1E-05,0,,,,,17.038,1.906,-1.906,0,1.52,0.17,-0.17,0,152.5584,41.3179,-41.3179,0,0.48,0.13,-0.13,0,,,,,,,,,,,,,,,,,152.5584,41.3179,-41.3179,0,0.48,0.13,-0.13,0,,,,,0,,,0,,,,,,,,,88.3,0.9,-0.9,0,,,,,0.65,0.023,-0.023,0,,,,,5.94,0.4,-0.4,0,,,,,,,,,,,,,,,,,58.1,2.9,-2.9,0,,,,,,,,,6080,100,-100,0,1.94,0.22,-0.22,0,1.03,0.4,-0.4,0,0.22,,,0,[Fe/H],,,,,3.93,0.02,-0.02,0,,,,,0.2,0.04,-0.04,0,,,,,,,,,,,,,464.469,6.537,-6.361,2.12459,0.0296627,-0.0296627
HAT-P-42 b,HAT-P-42,b,1,1,1,Transit,0,4.641878,3.2E-05,-3.2E-05,0,0.0575,0.0011,-0.0011,0,14.348,1.715,-1.715,0,1.28,0.153,-0.153,0,331.801,26.379,-26.379,0,1.044,0.083,-0.083,0,,,,,,,,,,,,,,,,,331.801,26.379,-26.379,0,1.044,0.083,-0.083,0,0.61,0.34,-0.15,0,0,,,0,,,,,1428,60,-60,0,85.9,1.3,-0.8,0,0.577,0.068,-0.162,0,,,,,4.0344,0.0936,-0.0936,0,8.08,0.82,-0.54,0,0.086,0.0033,-0.0033,0,,,,,,,,,,,,,113.5,7.9,-7.9,0,,,,,,,,,5743,50,-50,0,1.53,0.14,-0.14,0,1.18,0.07,-0.07,0,0.27,0.08,-0.08,0,[Fe/H],0.356,0.075,-0.091,0,4.14,0.07,-0.07,0,5.2,1.8,-0.7,0,,,,,3.5,0.5,-0.5,0,,,,,20.26,0.15,-0.15,0,405.238,7.779,-7.496,2.43957,0.0461455,-0.0461455
HAT-P-43 b,HAT-P-43,b,1,1,1,Transit,0,3.332687,1.5E-05,-1.5E-05,0,0.0443,0.0004,-0.0006,0,14.359,0.695,-0.37,0,1.281,0.062,-0.033,0,210.395,19.069,-19.069,0,0.662,0.06,-0.06,0,,,,,,,,,,,,,,,,,210.395,19.069,-19.069,0,0.662,0.06,-0.06,0,0.39,0.05,-0.05,0,0,,,0,,,,,1361,25,-25,0,88.7,0.7,-0.7,0,0.19,0.111,-0.096,0,,,,,3.2496,0.0264,-0.0264,0,8.64,0.12,-0.28,0,0.1193,0.0018,-0.0018,0,,,,,,,,,,,,,87.7,7.7,-7.7,0,,,,,,,,,5645,74,-74,0,1.1,0.04,-0.02,0,1.05,0.03,-0.04,0,0.23,0.08,-0.08,0,[Fe/H],0.045,0.037,-0.041,0,4.37,0.02,-0.02,0,5.7,1.9,-1.1,0,,,,,2.4,0.5,-0.5,0,,,,,-4.86,0.15,-0.15,0,528.825,7.587,-7.379,1.86227,0.0265538,-0.0265538
HAT-P-45 b,HAT-P-45,b,1,1,1,Transit,0,3.128992,2.1E-05,-2.1E-05,0,0.0452,0.0007,-0.0007,0,15.984,1.962,-0.975,0,1.426,0.175,-0.087,0,283.492,43.541,-31.464,0,0.892,0.137,-0.099,0,,,,,,,,,,,,,,,,,283.492,43.541,-31.464,0,0.892,0.137,-0.099,0,0.38,0.09,-0.09,0,0.049,0.063,-0.063,0,,,,,1652,90,-52,0,87.8,0.9,-0.9,0,0.281,0.085,-0.106,0,,,,,3.4464,0.0312,-0.0312,0,7.36,0.39,-0.62,0,0.111,0.0021,-0.0021,0,,,,,,,,,146,98,-98,0,106.6,13.6,-13.6,0,,,,,,,,,6330,100,-100,0,1.32,0.15,-0.07,0,1.26,0.06,-0.06,0,0.07,0.1,-0.1,0,[Fe/H],0.4,0.108,-0.061,0,4.3,0.06,-0.06,0,2,0.8,-0.8,0,,,,,9.3,0.5,-0.5,0,,,,,23.9,0.1,-0.1,0,298.64,6.031,-5.801,3.3218,0.065794,-0.065794
HAT-P-46 b,HAT-P-46,b,1,1,1,Transit,0,4.463129,4.8E-05,-4.8E-05,0,0.0577,0.0014,-0.0009,0,14.392,3.038,-1.491,0,1.284,0.271,-0.133,0,156.684,26.061,-16.526,0,0.493,0.082,-0.052,0,,,,,,,,,,,,,,,,,156.684,26.061,-16.526,0,0.493,0.082,-0.052,0,0.28,0.1,-0.1,0,0.123,0.12,-0.12,0,,,,,1458,140,-75,0,85.5,0.8,-2.3,0,0.626,0.036,-0.051,0,,,,,3.0984,0.0432,-0.0432,0,8.86,0.89,-1.24,0,0.0942,0.0017,-0.0017,0,,,,,,,,,70,87,-87,0,52.2,6.8,-6.8,0,,,,,,,,,6120,100,-100,0,1.4,0.29,-0.14,0,1.28,0.1,-0.06,0,0.3,0.1,-0.1,0,[Fe/H],0.391,0.178,-0.096,0,4.25,0.11,-0.11,0,2.5,0.7,-1,0,,,,,4.9,0.5,-0.5,0,,,,,-20.91,0.1,-0.1,0,290.736,5.11,-4.94,3.41237,0.0589756,-0.0589756
HAT-P-49 b,HAT-P-49,b,1,1,1,Transit,0,2.69155,6E-06,-6E-06,0,,,,,17.822,2.018,-2.018,0,1.59,0.18,-0.18,0,699.226,187.5197,-187.5197,0,2.2,0.59,-0.59,0,,,,,,,,,,,,,,,,,699.226,187.5197,-187.5197,0,2.2,0.59,-0.59,0,,,,,0,,,0,,,,,,,,,86.2,1.7,-1.7,0,,,,,0.63,0.03,-0.03,0,,,,,5.15,0.31,-0.31,0,,,,,,,,,,,,,,,,,188.7,21.9,-21.9,0,,,,,,,,,6820,52,-52,0,2.06,0.23,-0.23,0,2.22,0.83,-0.83,0,0.07,,,0,[Fe/H],,,,,4.1,0.04,-0.04,0,,,,,0.36,0.06,-0.06,0,,,,,,,,,,,,,350.351,3.552,-3.482,2.82576,0.0284363,-0.0284363
HAT-P-5 b,HAT-P-5,b,1,1,1,Transit,0,2.78849,2.5E-05,-2.5E-05,0,,,,,13.563,1.121,-1.121,0,1.21,0.1,-0.1,0,311.4734,63.566,-63.566,0,0.98,0.2,-0.2,0,,,,,,,,,,,,,,,,,311.4734,63.566,-63.566,0,0.98,0.2,-0.2,0,,,,,0,,,0,,,,,,,,,86.75,0.44,-0.44,0,,,,,1.2,0.013,-0.013,0,,,,,7.53,0.34,-0.34,0,,,,,,,,,,,,,,,,,138,14,-14,0,,,,,,,,,5960,100,-100,0,1.12,0.09,-0.09,0,1.04,0.29,-0.29,0,0.24,,,0,[Fe/H],,,,,4.37,0.03,-0.03,0,,,,,1.04,0.14,-0.14,0,,,,,,,,,,,,,303.336,1.812,-1.791,3.26786,0.019433,-0.019433
HAT-P-50 b,HAT-P-50,b,1,1,1,Transit,0,3.1220109,6.5E-06,-6.5E-06,0,0.0453,0.00058,-0.0014,0,14.437,0.717,-0.717,0,1.288,0.064,-0.064,0,429.0705,23.20159,-23.20159,0,1.35,0.073,-0.073,0,,,,,,,,,,,,,,,,,429.0705,23.20159,-23.20159,0,1.35,0.073,-0.073,0,0.78,0.11,-0.11,0,0.115,,,1,,,,,1862,34,-34,0,83.65,0.57,-0.57,0,0.629,0.032,-0.041,0,,,,,3.6744,0.0264,-0.0264,0,5.68,0.19,-0.19,0,0.0782,0.0012,-0.0012,0,,,,,,,,,,,,,161.3,5.6,-5.6,0,,,,,,,,,6280,49,-49,0,1.7,0.07,-0.07,0,1.27,0.05,-0.12,0,-0.18,0.08,-0.08,0,[Fe/H],0.603,0.039,-0.043,0,4.07,0.03,-0.03,0,3.37,1.44,-0.27,0,0.357,0.037,-0.037,0,8.9,0.5,-0.5,0,,,,,6.25,0.1,-0.1,0,515.458,16.696,-15.697,1.91293,0.0604476,-0.0604476
HAT-P-51 b,HAT-P-51,b,1,1,1,Transit,0,4.2180278,5.9E-06,-5.9E-06,0,0.05069,0.00049,-0.00049,0,14.493,0.605,-0.605,0,1.293,0.054,-0.054,0,98.20947,5.72094,-5.72094,0,0.309,0.018,-0.018,0,,,,,,,,,,,,,,,,,98.20947,5.72094,-5.72094,0,0.309,0.018,-0.018,0,0.178,0.024,-0.024,0,0.123,,,1,,,,,1192,21,-21,0,88.48,0.57,-0.57,0,0.277,0.085,-0.119,0,,,,,3.3672,0.0384,-0.0384,0,10.48,0.28,-0.4,0,0.1278,0.002,-0.002,0,,,,,,,,,,,,,39.5,2.2,-2.2,0,,,,,,,,,5449,50,-50,0,1.04,0.04,-0.03,0,0.98,0.03,-0.03,0,0.27,0.08,-0.08,0,[Fe/H],-0.066,0.034,-0.037,0,4.39,0.03,-0.03,0,8.2,1.7,-1.7,0,1.223,0.1,-0.135,0,1.7,0.5,-0.5,0,,,,,-27.56,0.1,-0.1,0,440.089,8.189,-7.901,2.24399,0.0412163,-0.0412163
HAT-P-52 b,HAT-P-52,b,1,1,1,Transit,0,2.7535953,9.4E-06,-9.4E-06,0,0.03694,0.00038,-0.00038,0,11.31,0.807,-0.807,0,1.009,0.072,-0.072,0,259.98494,9.21707,-9.21707,0,0.818,0.029,-0.029,0,,,,,,,,,,,,,,,,,259.98494,9.21707,-9.21707,0,0.818,0.029,-0.029,0,0.98,0.21,-0.21,0,0.047,,,1,,,,,1218,37,-37,0,87.02,0.86,-0.86,0,0.461,0.094,-0.122,0,,,,,2.4072,0.0408,-0.0408,0,8.89,0.49,-0.49,0,0.1161,0.0027,-0.0027,0,,,,,,,,,,,,,128.4,3.8,-3.8,0,,,,,,,,,5131,50,-50,0,0.89,0.05,-0.05,0,0.89,0.03,-0.03,0,0.28,0.08,-0.08,0,[Fe/H],-0.305,0.05,-0.056,0,4.48,0.05,-0.05,0,9.4,4.1,-4.1,0,1.75,0.29,-0.29,0,0.6,0.5,-0.5,0,,,,,61.5,0.1,-0.1,0,361.155,4.2875,-4.2875,2.74033,0.0326217,-0.0326217
HAT-P-53 b,HAT-P-53,b,1,1,1,Transit,0,1.9616241,3.9E-06,-3.9E-06,0,0.03159,0.00042,-0.00042,0,14.773,1.02,-1.02,0,1.318,0.091,-0.091,0,471.65972,17.79848,-17.79848,0,1.484,0.056,-0.056,0,,,,,,,,,,,,,,,,,471.65972,17.79848,-17.79848,0,1.484,0.056,-0.056,0,0.8,0.15,-0.15,0,0.134,,,1,,,,,1778,48,-48,0,86.2,1.5,-1.5,0,0.38,0.11,-0.15,0,,,,,2.7936,0.0408,-0.0408,0,5.61,0.28,-0.28,0,0.112,0.0019,-0.0019,0,,,,,,,,,,,,,226.8,6,-6,0,,,,,,,,,5956,50,-50,0,1.21,0.08,-0.06,0,1.09,0.04,-0.04,0,0,0.08,-0.08,0,[Fe/H],0.217,0.059,-0.05,0,4.31,0.04,-0.04,0,4.67,1.45,-0.83,0,0.87,0.13,-0.13,0,4.1,0.5,-0.5,0,,,,,-16.99,0.1,-0.1,0,666.802,15.276,-14.619,1.47114,0.0333579,-0.0333579
HAT-P-54 b,HAT-P-54,b,1,1,1,Transit,0,3.799847,1.4E-05,-1.4E-05,0,0.04117,0.00043,-0.00043,0,10.581,0.314,-0.314,0,0.944,0.028,-0.028,0,241.5508,10.17056,-10.17056,0,0.76,0.032,-0.032,0,,,,,,,,,,,,,,,,,241.5508,10.17056,-10.17056,0,0.76,0.032,-0.032,0,1.118,0.098,-0.098,0,0.074,,,1,,,,,818,12,-12,0,87.04,0.084,-0.084,0,0.741,0.01,-0.011,0,,,,,,,,,14.34,0.22,-0.22,0,0.1572,0.002,-0.002,0,,,,,,,,,,,,,132.6,4.9,-4.9,0,,,,,,,,,4390,50,-50,0,0.62,0.01,-0.01,0,0.65,0.02,-0.02,0,-0.127,0.08,-0.08,0,[Fe/H],-0.902,0.03,-0.032,0,4.67,0.01,-0.01,0,3.9,4.3,-2.1,0,,,,,2.35,0.5,-0.5,0,,,,,,,,,143.651,0.583,-0.579,6.93252,0.0279442,-0.0279442
HAT-P-55 b,HAT-P-55,b,1,1,1,Transit,0,3.5852467,6.4E-06,-6.4E-06,0,0.04604,0.00056,-0.00056,0,13.249,0.616,-0.616,0,1.182,0.055,-0.055,0,184.97706,17.79848,-17.79848,0,0.582,0.056,-0.056,0,,,,,,,,,,,,,,,,,184.97706,17.79848,-17.79848,0,0.582,0.056,-0.056,0,0.435,0.077,-0.077,0,0.139,,,1,,,,,1313,26,-26,0,87.7,0.56,-0.56,0,0.392,0.073,-0.086,0,,,,,2.9352,0.0312,-0.0312,0,9.79,0.34,-0.34,0,0.1202,0.0019,-0.0019,0,,,,,,,,,,,,,76.7,7.1,-7.1,0,,,,,,,,,5808,50,-50,0,1.01,0.04,-0.04,0,1.01,0.04,-0.04,0,-0.03,0.08,-0.08,0,[Fe/H],,,,,4.43,0.03,-0.03,0,4.2,1.7,-1.7,0,,,,,1.8,0.5,-0.5,0,,,,,-9.42,0.05,-0.05,0,511.388,3.634,-3.585,1.9266,0.0136983,-0.0136983
HAT-P-56 b,HAT-P-56,b,1,1,1,Transit,0,2.79083,5E-06,-5E-06,0,,,,,16.926,1.233,-1.233,0,1.51,0.11,-0.11,0,734.1873,139.8452,-139.8452,0,2.31,0.44,-0.44,0,,,,,,,,,,,,,,,,,734.1873,139.8452,-139.8452,0,2.31,0.44,-0.44,0,,,,,,,,,,,,,,,,,82.13,0.18,-0.18,0,,,,,1.1,0.0001,-0.0001,0,,,,,6.37,0.11,-0.11,0,,,,,,,,,,,,,,,,,262,30,-30,0,,,,,,,,,6566,50,-50,0,1.47,0.11,-0.11,0,1.42,0.33,-0.33,0,0,,,0,[Fe/H],,,,,3.39,0.19,-0.19,0,,,,,0.63,0.03,-0.03,0,,,,,,,,,,,,,320.639,5.652,-5.463,3.09123,0.053633,-0.053633
HAT-P-6 b,HAT-P-6,b,1,1,1,Transit,0,3.85298,5E-06,-5E-06,0,,,,,16.589,1.681,-1.681,0,1.48,0.15,-0.15,0,419.5356,95.349,-95.349,0,1.32,0.3,-0.3,0,,,,,,,,,,,,,,,,,419.5356,95.349,-95.349,0,1.32,0.3,-0.3,0,,,,,0,,,0,,,,,,,,,85.51,0.35,-0.35,0,,,,,0.87,0.0099,-0.0099,0,,,,,7.73,0.34,-0.34,0,,,,,,,,,,,,,,,,,115.5,4.2,-4.2,0,,,,,,,,,6570,80,-80,0,1.62,0.17,-0.17,0,1.79,0.6,-0.6,0,-0.13,,,0,[Fe/H],,,,,4.22,0.03,-0.03,0,,,,,0.59,0.08,-0.08,0,,,,,,,,,,,,,275.358,3.636,-3.545,3.60357,0.0469851,-0.0469851
HAT-P-65 b,HAT-P-65,b,1,1,1,Transit,0,2.6054552,3.1E-06,-3.1E-06,0,0.03951,0.00054,-0.00054,0,21.185,1.457,-1.457,0,1.89,0.13,-0.13,0,167.49641,26.37989,-26.37989,0,0.527,0.083,-0.083,0,,,,,,,,,,,,,,,,,167.49641,26.37989,-26.37989,0,0.527,0.083,-0.083,0,0.096,0.025,-0.025,0,0.304,,,1,,,,,1930,45,-45,0,84.2,1.3,-1.3,0,0.464,0.07,-0.094,0,,,,,4.3656,0.0528,-0.0528,0,4.57,0.2,-0.2,0,0.1045,0.0024,-0.0024,0,,,,,,,,,,,,,68,11,-11,0,,,,,,,,,5835,51,-51,0,1.86,0.1,-0.1,0,1.21,0.05,-0.05,0,0.1,0.08,-0.08,0,[Fe/H],0.555,0.046,-0.051,0,3.98,0.04,-0.04,0,5.46,0.61,-0.61,0,0.266,0.035,-0.035,0,7.1,0.5,-0.5,0,,,,,,,,,738.519,19.924,-18.922,1.32608,0.0353211,-0.0353211
HAT-P-66 b,HAT-P-66,b,1,1,1,Transit,0,2.972086,5.7E-06,-5.7E-06,0,0.04363,0.00121,-0.00064,0,17.822,1.793,-1.121,0,1.59,0.16,-0.1,0,248.86089,18.11631,-18.11631,0,0.783,0.057,-0.057,0,,,,,,,,,,,,,,,,,248.86089,18.11631,-18.11631,0,0.783,0.057,-0.057,0,0.242,0.045,-0.061,0,0.09,,,1,,,,,1896,66,-42,0,86.2,1.8,-1.8,0,0.33,0.13,-0.16,0,,,,,4.6992,0.0672,-0.0672,0,5.01,0.21,-0.32,0,0.0872,0.0024,-0.0024,0,,,,,,,,,,,,,93.5,5.7,-5.7,0,,,,,,,,,6002,50,-50,0,1.88,0.15,-0.1,0,1.25,0.11,-0.05,0,0.035,0.08,-0.08,0,[Fe/H],0.615,0.069,-0.051,0,3.99,0.04,-0.04,0,4.66,0.52,-1.12,0,0.269,0.04,-0.04,0,7.57,0.5,-0.5,0,,,,,,,,,935.456,24.361,-23.177,1.03958,0.0269714,-0.0269714
HAT-P-68 b,HAT-P-68,b,1,1,1,Transit,0,2.29840551,5.2E-07,-5.2E-07,0,0.02996,0.00043,-0.00012,0,12.016,0.135,-0.135,0,1.072,0.012,-0.012,0,230.10892,13.66669,-13.66669,0,0.724,0.043,-0.043,0,,,,,,,,,,,,,,,,,230.10892,13.66669,-13.66669,0,0.724,0.043,-0.043,0,0.727,0.051,-0.051,0,0.041,,,1,184.8,5.9,-5.9,0,1028,8,-8,0,88.73,0.47,-0.27,0,0.212,0.045,-0.076,0,,,,,2.0868,0.01272,-0.01272,0,9.6,0.185,-0.047,0,0.1644,0.0015,-0.0015,0,,,,,,,,,,,,,143.4,8.4,-8.4,0,,,,,,,,,4508,43,-43,0,0.67,0,0,0,0.68,0.03,-0.01,0,-0.059,0.036,-0.036,0,[Fe/H],-0.779,0.016,-0.017,0,4.62,0.01,-0.01,0,11.1,1.1,-6.9,0,3.165,0.187,-0.046,0,0,2,-2,0,24.59,0.06,-0.06,0,,,,,202.152,0.953,-0.943,4.91793,0.0230162,-0.0230162
HAT-P-69 b,HAT-P-69,b,1,1,1,Transit,0,4.7869491,1.8E-06,-2.1E-06,0,0.06555,0.0007,-0.00035,0,18.786,0.572,-0.37,0,1.676,0.051,-0.033,0,1137.8314,184.3414,-184.3414,0,3.58,0.58,-0.58,0,,,,,,,,,,,,,,,,,1137.8314,184.3414,-184.3414,0,3.58,0.58,-0.58,0,1.02,0.18,-0.16,0,0,,,0,,,,,1930,80,-230,0,87.19,0.52,-0.72,0,0.366,0.06,-0.05,0,0.7627,,,0,5.1264,0.0336,-0.0336,0,7.32,0.16,-0.18,0,0.08703,0.00075,-0.0008,0,,,,,,,,,,,,,309,49,-49,0,21.2,4.6,-3.6,0,,,,,7394,360,-600,0,1.93,0.06,-0.03,0,1.65,0.06,-0.03,0,-0.069,0.058,-0.075,0,[Fe/H],1,0.072,-0.041,0,4.11,0.03,-0.06,0,1.27,0.28,-0.44,0,,,,,77.44,0.55,-0.57,0,,,,,0.78,0.02,-0.02,0,341.263,5.116,-4.969,2.90206,0.0429616,-0.0429616
HAT-P-70 b,HAT-P-70,b,1,1,1,Transit,0,2.74432452,7.9E-07,-6.8E-07,0,0.04739,0.00031,-0.00106,0,20.961,1.681,-1.121,0,1.87,0.15,-0.1,0,2154.8874,,,0,6.78,,,0,,,,,,,,,,,,,,,,,2154.8874,,,0,6.78,,,0,1.54,,,0,0,,,0,,,,,2562,43,-52,0,96.5,1.42,-0.91,0,-0.629,0.081,-0.054,0,0.8443,,,0,3.48,0.0672,-0.048,0,5.45,0.29,-0.49,0,0.09887,0.00133,-0.00095,0,,,,,,,,,,,,,649,,,0,113.1,5.1,-3.4,0,,,,,8450,540,-690,0,1.86,0.12,-0.09,0,1.89,0.01,-0.01,0,-0.059,0.075,-0.088,0,[Fe/H],1.223,0.12,-0.14,0,4.18,0.06,-0.06,0,0.6,0.38,-0.2,0,,,,,99.85,0.64,-0.61,0,,,,,25.26,0.11,-0.11,0,330.739,6.818,-6.552,2.99621,0.0606236,-0.0606236
HAT-P-9 b,HAT-P-9,b,1,1,1,Transit,0,3.92281072,1.02E-06,-1.02E-06,0,0.05287,0.00078,-0.00078,0,15.614,0.751,-0.729,0,1.393,0.067,-0.065,0,238.05467,20.34112,-20.02329,0,0.749,0.064,-0.063,0,237.73684,20.02329,-20.02329,0,0.748,0.063,-0.063,0,238.196,20.062,-20.062,0,0.74945,0.06312,-0.06312,0,238.05467,20.34112,-20.02329,0,0.749,0.064,-0.063,0,0.342,0.057,-0.048,0,0.084,0.052,-0.047,0,931,73,-69,0,1540,32,-30,0,86.44,0.37,-0.36,0,0.51,0.044,-0.052,0,1.144,0.018,-0.019,0,3.36,0.0336,-0.0336,0,8.5,0.34,-0.35,0,0.10696,0.00086,-0.00087,0,,,,,2457811.72,0.47,-0.37,0,152,42,-39,0,82.1,6.5,-6.4,0,,,,,,,,,6350,150,-150,0,1.34,0.07,-0.06,0,1.28,0.06,-0.06,0,0.12,0.2,-0.2,0,[Fe/H],0.418,0.041,-0.04,0,4.29,0.03,-0.04,0,,,,,0.755,0.094,-0.088,0,,,,,,,,,22.67,0.01,-0.01,0,455.203,8.968,-8.635,2.1687,0.0421441,-0.0421441
HATS-1 b,HATS-1,b,1,1,1,Transit,0,3.446459,4E-06,-4E-06,0,0.0444,0.0008,-0.0008,0,14.594,1.816,-1.098,0,1.302,0.162,-0.098,0,589.55,83.268,-62.292,0,1.855,0.262,-0.196,0,,,,,,,,,,,,,,,,,589.55,83.268,-62.292,0,1.855,0.262,-0.196,0,1.03,0.25,-0.25,0,0.12,0.092,-0.092,0,,,,,1359,89,-59,0,85.6,0.6,-1.4,0,0.633,0.02,-0.023,0,,,,,2.4168,0.0288,-0.0288,0,9.2,0.82,-0.82,0,0.1288,0.002,-0.002,0,,,,,,,,,,,,,254.1,33.1,-33.1,0,,,,,,,,,5870,100,,0,1.04,0.13,,0,0.99,0.05,,0,,,,,,0.041,0.114,,0,,,,,,,,,,,,,2.52,0.5,,0,,,,,,,,,283.971,3.778,-3.682,3.49336,0.0458985,-0.0458985
HATS-10 b,HATS-10,b,1,1,1,Transit,0,3.312846,5.8E-06,-5.8E-06,0,0.04491,0.00074,-0.00074,0,10.862,0.684,-0.504,0,0.969,0.061,-0.045,0,167.17858,25.74423,-25.74423,0,0.526,0.081,-0.081,0,,,,,,,,,,,,,,,,,167.17858,25.74423,-25.74423,0,0.526,0.081,-0.081,0,0.7,0.15,-0.15,0,0.501,,,1,,,,,1407,39,-39,0,87.79,0.72,-0.72,0,0.34,0.11,-0.1,0,,,,,3.0072,0.0264,-0.0264,0,8.73,0.29,-0.44,0,0.0903,0.0013,-0.0013,0,,,,,,,,,,,,,67,10,-10,0,,,,,,,,,5880,120,-120,0,1.1,0.06,-0.04,0,1.1,0.05,-0.05,0,0.15,0.1,-0.1,0,[Fe/H],0.117,0.056,-0.064,0,4.39,0.03,-0.03,0,3.3,1.7,-1.7,0,1.15,0.12,-0.16,0,5.68,0.7,-0.7,0,,,,,-28.09,0.02,-0.02,0,534.889,7.724,-7.512,1.84118,0.0264191,-0.0264191
HATS-11 b,HATS-11,b,1,1,1,Transit,0,3.619188,2.8E-05,-2.9E-05,0,0.0507,0.0012,-0.0012,0,18.03,0.72,-0.72,0,1.609,0.064,-0.064,0,,,,,,,,,,,,,,,,,,,,,,,,,,,,,,,,,,,,,,,,,,,,,1596,95,-94,0,,,,,0.14,0.12,-0.1,0,,,,,,,,,6.92,0.07,-0.17,0,0.1071,0.0007,-0.0005,0,,,,,,,,,,,,,,,,,,,,,,,,,6563,361,-361,0,1.54,0.06,-0.06,0,1.33,0.09,-0.09,0,0.03,0.16,-0.16,0,[Fe/H],,,,,4.19,0.05,-0.05,0,,,,,0.479,0.023,-0.021,0,,,,,,,,,,,,,944.603,32.262,-30.233,1.03135,0.0347051,-0.0347051
HATS-12 b,HATS-12,b,1,1,1,Transit,0,3.142702,5.3E-05,-5.3E-05,0,0.0441,0.0005,-0.0005,0,7.76,0.47,-0.47,0,0.692,0.042,-0.042,0,,,,,,,,,,,,,,,,,,,,,,,,,,,,,,,,,,,,,,,,,,,,,1446,47,-47,0,,,,,0.43,0.16,-0.21,0,,,,,,,,,5.2,0.4,-0.51,0,0.0606,0.0014,-0.0009,0,,,,,,,,,,,,,,,,,,,,,,,,,6357,91,-91,0,1.17,0.07,-0.07,0,1.16,0.04,-0.04,0,-0.1,0.05,-0.05,0,[Fe/H],,,,,4.36,0.04,-0.04,0,,,,,0.269,0.076,-0.063,0,,,,,,,,,,,,,746.138,,,,,
HATS-13 b,HATS-13,b,1,1,1,Transit,0,3.0440499,2.7E-06,-2.7E-06,0,0.04057,0.00041,-0.00041,0,13.585,0.392,-0.392,0,1.212,0.035,-0.035,0,172.58169,22.88376,-22.88376,0,0.543,0.072,-0.072,0,,,,,,,,,,,,,,,,,172.58169,22.88376,-22.88376,0,0.543,0.072,-0.072,0,0.377,0.058,-0.058,0,0.181,,,1,,,,,1244,20,-20,0,88.55,0.43,-0.43,0,0.249,0.062,-0.071,0,,,,,2.63472,0.02016,-0.02016,0,9.82,0.18,-0.18,0,0.1402,0.0016,-0.0016,0,,,,,,,,,,,,,78,10,-10,0,,,,,,,,,5523,69,-69,0,0.89,0.02,-0.02,0,0.96,0.03,-0.03,0,0.05,0.06,-0.06,0,[Fe/H],,,,,4.52,0.02,-0.02,0,2.5,1.7,-1.7,0,1.93,0.11,-0.11,0,2.82,0.3,-0.3,0,,,,,25.8,0.01,-0.01,0,421.855,8.501,-8.177,2.34291,0.0464812,-0.0464812
HATS-14 b,HATS-14,b,1,1,1,Transit,0,2.7667641,2.7E-06,-2.7E-06,0,0.03815,0.00032,-0.00032,0,11.646,0.359,-0.247,0,1.039,0.032,-0.022,0,340.39593,22.2481,-22.2481,0,1.071,0.07,-0.07,0,,,,,,,,,,,,,,,,,340.39593,22.2481,-22.2481,0,1.071,0.07,-0.07,0,1.191,0.098,-0.14,0,0.142,,,1,,,,,1276,20,-20,0,88.83,0.66,-0.66,0,0.18,0.12,-0.1,0,,,,,2.64216,0.01872,-0.01872,0,8.8,0.12,-0.22,0,0.1145,0.0012,-0.0012,0,,,,,,,,,,,,,158,10,-10,0,,,,,,,,,5346,60,-60,0,0.93,0.02,-0.01,0,0.97,0.02,-0.02,0,0.33,0.06,-0.06,0,[Fe/H],,,,,4.48,0.02,-0.02,0,4.9,1.7,-1.7,0,1.682,0.071,-0.126,0,3.8,1.2,-1.2,0,,,,,30.19,0.01,-0.01,0,513.011,9.287,-8.968,1.92119,0.0344072,-0.0344072
HATS-15 b,HATS-15,b,1,1,1,Transit,0,1.74748753,9.4E-07,-9.4E-07,0,0.02712,0.00023,-0.00023,0,12.386,0.448,-0.448,0,1.105,0.04,-0.04,0,689.6911,47.6745,-47.6745,0,2.17,0.15,-0.15,0,,,,,,,,,,,,,,,,,689.6911,47.6745,-47.6745,0,2.17,0.15,-0.15,0,1.97,0.24,-0.24,0,0.126,,,1,,,,,1505,30,-30,0,87.13,0.97,-0.67,0,0.317,0.064,-0.101,0,,,,,2.26968,0.01776,-0.01776,0,6.33,0.16,-0.16,0,0.1229,0.0012,-0.0012,0,,,,,,,,,,,,,399,26,-26,0,,,,,,,,,5311,77,-77,0,0.92,0.03,-0.03,0,0.87,0.02,-0.02,0,0,0.05,-0.05,0,[Fe/H],-0.204,0.038,-0.042,0,4.45,0.02,-0.02,0,11,1.4,-2,0,1.57,0.12,-0.12,0,4.18,0.5,-0.5,0,,,,,-54.15,0.02,-0.02,0,1139.55,99.7,-85.11,0.853805,0.069081,-0.069081
HATS-16 b,HATS-16,b,1,1,1,Transit,0,2.686502,1.1E-05,-1.1E-05,0,0.03744,0.00045,-0.00045,0,14.572,1.681,-1.681,0,1.3,0.15,-0.15,0,1039.3041,60.3877,-60.3877,0,3.27,0.19,-0.19,0,,,,,,,,,,,,,,,,,1039.3041,60.3877,-60.3877,0,3.27,0.19,-0.19,0,1.86,0.94,-0.48,0,0,,,1,,,,,1592,61,-82,0,83.53,1.37,-0.86,0,0.732,0.043,-0.091,0,,,,,2.6208,0.0768,-0.0768,0,6.5,0.7,-0.43,0,0.1075,0.0037,-0.0037,0,,,,,,,,,,,,,485,25,-25,0,,,,,,,,,5738,79,-79,0,1.24,0.1,-0.13,0,0.97,0.04,-0.04,0,-0.1,0.05,-0.05,0,[Fe/H],0.173,0.077,-0.094,0,4.24,0.08,-0.08,0,9.5,1.8,-1.8,0,0.72,0.26,-0.13,0,6.17,0.22,-0.22,0,12.35,0.02,-0.02,0,31.59,0.02,-0.02,0,757.044,13.735,-13.262,1.2921,0.0233744,-0.0233744
HATS-17 b,HATS-17,b,1,1,1,Transit,0,16.254611,7.3E-05,-7.3E-05,0,0.1308,0.0012,-0.0012,0,8.709,0.628,-0.628,0,0.777,0.056,-0.056,0,425.25654,20.65895,-20.65895,0,1.338,0.065,-0.065,0,,,,,,,,,,,,,,,,,425.25654,20.65895,-20.65895,0,1.338,0.065,-0.065,0,3.5,0.85,-0.51,0,0.029,0.022,-0.022,0,72.7,9.6,-9.6,0,814,25,-25,0,89.08,0.26,-0.26,0,0.432,0.079,-0.11,0,,,,,4.8264,0.0912,-0.0912,0,25.8,1.1,-1.5,0,0.0726,0.0026,-0.0026,0,,,,,,,,,,,,,99.1,4.4,-4.4,0,,,,,,,,,5846,78,-78,0,1.09,0.07,-0.05,0,1.13,0.03,-0.03,0,0.3,0.03,-0.03,0,[Fe/H],0.093,0.056,-0.064,0,4.42,0.04,-0.04,0,2.1,1.3,-1.3,0,1.22,0.17,-0.17,0,3.73,0.39,-0.39,0,,,,,22.94,0,0,0,400.331,10.228,-9.74,2.47137,0.0617753,-0.0617753
HATS-18 b,HATS-18,b,1,1,1,Transit,0,0.83784,4.7E-07,-4.7E-07,0,0.0174,0.00098,-0.00098,0,14.897,0.841,-0.841,0,1.329,0.075,-0.075,0,629.14449,24.15508,-24.15508,0,1.9795,0.076,-0.076,0,,,,,,,,,,,,,,,,,629.14449,24.15508,-24.15508,0,1.9795,0.076,-0.076,0,1.1169,0.216,-0.216,0,,,,,,,,,2069,45,-45,0,85.29,0.013,-0.013,0,0.3,0.001,-0.001,0,,,,,1.944,0.0024,-0.0024,0,3.658,0.008,-0.008,0,0.132,0.0004,-0.0004,0,,,,,,,,,,,,,415.2,10,-10,0,,,,,,,,,5600,120,-120,0,1.02,0.06,-0.03,0,1.04,0.05,-0.05,0,,,,,,,,,,,,,,,,,,,,,,,,,,,,,,,,,,624.368,16.147,-15.366,1.57358,0.0400934,-0.0400934
HATS-2 b,HATS-2,b,1,1,1,Transit,0,1.354133,1E-06,-1E-06,0,0.023,0.0003,-0.0003,0,13.092,0.336,-0.336,0,1.168,0.03,-0.03,0,427.463,47.672,-47.672,0,1.345,0.15,-0.15,0,,,,,,,,,,,,,,,,,427.463,47.672,-47.672,0,1.345,0.15,-0.15,0,1.05,0.14,-0.14,0,0,,,0,,,,,1577,31,-31,0,87.2,0.7,-0.7,0,0.271,0.055,-0.074,0,,,,,2.0688,0.0096,-0.0096,0,5.5,0.09,-0.09,0,0.1335,0.001,-0.001,0,,,,,,,,,0,,,0,268.9,29,-29,0,8,8,-8,0,,,,,5227,95,-95,0,0.9,0.02,-0.02,0,0.88,0.04,-0.04,0,0.15,0.05,-0.05,0,[Fe/H],-0.268,0.046,-0.051,0,4.48,0.02,-0.02,0,9.7,2.9,-2.9,0,,,,,1.5,0.5,-0.5,0,,,,,,,,,341.925,3.674,-3.598,2.89606,0.0308646,-0.0308646
HATS-22 b,HATS-22,b,1,1,1,Transit,0,4.7228124,5.2E-06,-5.2E-06,0,0.05025,0.00042,-0.00042,0,10.682,0.538,-0.325,0,0.953,0.048,-0.029,0,870.8542,34.9613,-34.9613,0,2.74,0.11,-0.11,0,,,,,,,,,,,,,,,,,870.8542,34.9613,-34.9613,0,2.74,0.11,-0.11,0,3.89,0.45,-0.45,0,0.079,0.026,-0.026,0,,,,,858,24,-17,0,87.96,0.21,-0.21,0,0.536,0.036,-0.064,0,,,,,2.1912,0.036,-0.036,0,15.7,0.39,-0.65,0,0.1426,0.0025,-0.0025,0,,,,,,,,,56,73,-73,0,399,15,-15,0,,,,,,,,,4803,55,-55,0,0.69,0.03,-0.02,0,0.76,0.02,-0.02,0,0,0.04,-0.04,0,[Fe/H],-0.646,0.047,-0.04,0,4.64,0.03,-0.03,0,,,,,3.28,0.25,-0.39,0,0.5,0.5,-0.5,0,,,,,-7.37,0.02,-0.02,0,229.518,1.612,-1.59,4.3283,0.0301605,-0.0301605
HATS-23 b,HATS-23,b,1,1,1,Transit,0,2.1605156,4.5E-06,-4.5E-06,0,0.03397,0.00047,-0.00047,0,20.849,3.363,-4.484,0,1.86,0.3,-0.4,0,467.2101,22.88376,-22.88376,0,1.47,0.072,-0.072,0,,,,,,,,,,,,,,,,,467.2101,22.88376,-22.88376,0,1.47,0.072,-0.072,0,0.29,0.3,-0.1,0,0.114,,,1,,,,,1654,54,-54,0,81.02,0.93,-0.62,0,0.949,0.029,-0.049,0,,,,,1.8048,0.0744,-0.0744,0,6.08,0.41,-0.26,0,0.159,0.02,-0.02,0,,,,,,,,,,,,,212.3,8.6,-8.6,0,,,,,,,,,5780,120,-120,0,1.2,0.06,-0.08,0,1.12,0.05,-0.05,0,0.28,0.07,-0.07,0,[Fe/H],0.155,0.062,-0.073,0,4.33,0.04,-0.04,0,4.2,1.5,-1.5,0,0.91,0.2,-0.11,0,4.62,0.49,-0.49,0,,,,,-13.37,0.01,-0.01,0,639.004,9.609,-9.334,1.53649,0.0230163,-0.0230163
HATS-24 b,HATS-24,b,1,1,1,Transit,0,1.3484978,9E-07,-9E-07,0,0.0238,0.001,-0.001,0,15.637,0.639,-0.639,0,1.395,0.057,-0.057,0,718.2958,54.0311,-54.0311,0,2.26,0.17,-0.17,0,,,,,,,,,,,,,,,,,718.2958,54.0311,-54.0311,0,2.26,0.17,-0.17,0,1.03,0.15,-0.15,0,0,,,0,,,,,2166,53,-53,0,85.97,0.23,-0.28,0,,,,,,,,,,,,,4.561,0.027,-0.03,0,0.12801,0.00017,-0.00017,0,,,,,,,,,90,,,0,,,,,,,,,,,,,6125,94,-94,0,1.12,0.04,-0.05,0,1.07,0.03,-0.05,0,-0.229,0.058,-0.058,0,[Fe/H],0.19,0.021,-0.021,0,4.37,0.04,-0.04,0,3.7,2,-1.8,0,,,,,,,,,,,,,,,,,494.182,12.468,-11.88,1.99658,0.0494301,-0.0494301
HATS-25 b,HATS-25,b,1,1,1,Transit,0,4.2986432,4.5E-06,-4.5E-06,0,0.05163,0.0006,-0.0006,0,14.123,1.121,-1.121,0,1.26,0.1,-0.1,0,194.82979,13.34886,-13.34886,0,0.613,0.042,-0.042,0,,,,,,,,,,,,,,,,,194.82979,13.34886,-13.34886,0,0.613,0.042,-0.042,0,0.38,0.1,-0.1,0,0.176,,,1,,,,,1277,42,-42,0,86.93,0.71,-0.71,0,0.538,0.075,-0.105,0,,,,,3.204,0.06,-0.06,0,10.03,0.62,-0.62,0,0.1171,0.0026,-0.0026,0,,,,,,,,,,,,,76.8,5,-5,0,,,,,,,,,5715,73,-73,0,1.11,0.07,-0.07,0,0.99,0.04,-0.04,0,0.02,0.05,-0.05,0,[Fe/H],0.068,0.059,-0.068,0,4.35,0.05,-0.05,0,7.5,1.9,-1.9,0,1.03,0.2,-0.2,0,3.88,0.5,-0.5,0,,,,,31.66,0,0,0,471.158,9.125,-8.79,2.09452,0.04003,-0.04003
HATS-26 b,HATS-26,b,1,1,1,Transit,0,3.3023881,7.6E-06,-7.6E-06,0,0.04735,0.00133,-0.00068,0,19.616,2.354,-2.354,0,1.75,0.21,-0.21,0,206.5895,24.15508,-24.15508,0,0.65,0.076,-0.076,0,,,,,,,,,,,,,,,,,206.5895,24.15508,-24.15508,0,0.65,0.076,-0.076,0,0.153,0.042,-0.042,0,0.245,,,1,,,,,1918,61,-61,0,86.2,1.9,-1.9,0,0.33,0.12,-0.17,0,,,,,5.2152,0.0984,-0.0984,0,5.01,0.27,-0.27,0,0.0879,0.0055,-0.0055,0,,,,,,,,,,,,,73.3,8,-8,0,,,,,,,,,6071,81,-81,0,2.04,0.15,-0.11,0,1.3,0.11,-0.06,0,-0.02,0.05,-0.05,0,[Fe/H],0.704,0.071,-0.059,0,3.94,0.05,-0.05,0,4.04,0.62,-0.94,0,0.218,0.034,-0.034,0,7.48,0.5,-0.5,0,,,,,-12.52,0.01,-0.01,0,861.843,25.218,-23.847,1.13189,0.0327664,-0.0327664
HATS-27 b,HATS-27,b,1,1,1,Transit,0,4.637038,1.4E-05,-1.4E-05,0,0.0611,0.00068,-0.00068,0,16.814,2.242,-1.233,0,1.5,0.2,-0.11,0,168.4499,41.3179,-41.3179,0,0.53,0.13,-0.13,0,,,,,,,,,,,,,,,,,168.4499,41.3179,-41.3179,0,0.53,0.13,-0.13,0,0.18,0.083,-0.057,0,0.581,,,1,,,,,1659,66,-46,0,87.3,1.3,-1.3,0,0.36,0.15,-0.19,0,,,,,4.8312,0.0792,-0.0792,0,7.55,0.42,-0.59,0,0.0895,0.0043,-0.0043,0,,,,,,,,,,,,,51,13,-13,0,,,,,,,,,6438,64,-64,0,1.74,0.17,-0.1,0,1.42,0.05,-0.05,0,0.09,0.04,-0.04,0,[Fe/H],0.669,0.078,-0.058,0,4.11,0.05,-0.05,0,2.3,0.22,-0.22,0,0.379,0.064,-0.064,0,9.32,0.5,-0.5,0,,,,,-3.58,0.01,-0.01,0,816.988,41.072,-37.381,1.19821,0.0581844,-0.0581844
HATS-28 b,HATS-28,b,1,1,1,Transit,0,3.1810781,3.9E-06,-3.9E-06,0,0.04131,0.00053,-0.00053,0,13.384,0.785,-0.785,0,1.194,0.07,-0.07,0,213.58176,27.65121,-27.65121,0,0.672,0.087,-0.087,0,,,,,,,,,,,,,,,,,213.58176,27.65121,-27.65121,0,0.672,0.087,-0.087,0,0.48,0.11,-0.11,0,0.202,,,1,,,,,1253,35,-35,0,86.17,0.42,-0.42,0,0.643,0.039,-0.047,0,,,,,2.3544,0.0432,-0.0432,0,9.63,0.42,-0.42,0,0.1331,0.0029,-0.0029,0,,,,,,,,,,,,,97,12,-12,0,,,,,,,,,5498,84,-84,0,0.92,0.04,-0.04,0,0.93,0.04,-0.04,0,0.01,0.06,-0.06,0,[Fe/H],-0.157,0.049,-0.056,0,4.48,0.04,-0.04,0,6.2,2.8,-2.8,0,1.67,0.22,-0.22,0,2.6,1,-1,0,,,,,-8.65,0.01,-0.01,0,535.383,7.926,-7.703,1.83949,0.0270498,-0.0270498
HATS-29 b,HATS-29,b,1,1,1,Transit,0,4.6058749,6.3E-06,-6.3E-06,0,0.05475,0.00088,-0.00088,0,14.022,0.684,-0.684,0,1.251,0.061,-0.061,0,207.54299,20.02329,-20.02329,0,0.653,0.063,-0.063,0,,,,,,,,,,,,,,,,,207.54299,20.02329,-20.02329,0,0.653,0.063,-0.063,0,0.411,0.06,-0.06,0,0.158,,,1,,,,,1212,30,-30,0,87.37,0.34,-0.34,0,0.502,0.046,-0.041,0,,,,,3.2112,0.0336,-0.0336,0,10.96,0.34,-0.34,0,0.1201,0.0027,-0.0027,0,,,,,,,,,,,,,78.4,7.1,-7.1,0,,,,,,,,,5670,110,-110,0,1.07,0.04,-0.04,0,1.03,0.05,-0.05,0,0.16,0.08,-0.08,0,[Fe/H],0.029,0.05,-0.056,0,4.39,0.03,-0.03,0,5.5,2.6,-1.7,0,1.17,0.11,-0.11,0,2.35,0.8,-0.8,0,,,,,-19.72,0.01,-0.01,0,353.891,4.986,-4.852,2.79769,0.0389719,-0.0389719
HATS-3 b,HATS-3,b,1,1,1,Transit,0,3.547851,5E-06,-5E-06,0,0.0485,0.0004,-0.0006,0,15.48,0.392,-0.392,0,1.381,0.035,-0.035,0,340.382,43.223,-43.223,0,1.071,0.136,-0.136,0,,,,,,,,,,,,,,,,,340.382,43.223,-43.223,0,1.071,0.136,-0.136,0,0.51,0.07,-0.07,0,0,,,0,,,,,1648,24,-24,0,86.2,0.3,-0.3,0,0.497,0.024,-0.027,0,,,,,3.5856,0.0168,-0.0168,0,7.42,0.12,-0.12,0,0.1011,0.0006,-0.0006,0,,,,,,,,,,,,,125.7,15.7,-15.7,0,,,,,,,,,6351,76,-76,0,1.4,0.03,-0.03,0,1.21,0.04,-0.04,0,-0.157,0.07,-0.07,0,[Fe/H],0.456,0.031,-0.033,0,4.22,0.01,-0.01,0,3.2,0.6,-0.4,0,,,,,9.12,1.31,-1.31,0,,,,,,,,,411.211,7.896,-7.608,2.40421,0.0454792,-0.0454792
HATS-31 b,HATS-31,b,1,1,1,Transit,0,3.37796,1.2E-05,-1.2E-05,0,0.0478,0.0012,-0.0012,0,18.383,2.466,-2.466,0,1.64,0.22,-0.22,0,279.6904,38.1396,-38.1396,0,0.88,0.12,-0.12,0,,,,,,,,,,,,,,,,,279.6904,38.1396,-38.1396,0,0.88,0.12,-0.12,0,0.243,0.124,-0.088,0,0.233,,,1,,,,,1823,81,-81,0,85,2.5,-1.6,0,0.48,0.11,-0.21,0,,,,,4.5936,0.1032,-0.1032,0,5.49,0.43,-0.43,0,0.0908,0.0049,-0.0049,0,,,,,,,,,,,,,102,13,-13,0,,,,,,,,,6050,120,-120,0,1.87,0.18,-0.18,0,1.27,0.1,-0.1,0,0,0.07,-0.07,0,[Fe/H],0.619,0.089,-0.113,0,4,0.07,-0.07,0,4.3,1.1,-1.1,0,0.275,0.082,-0.059,0,7.01,0.5,-0.5,0,,,,,-8.7,0.01,-0.01,0,773.974,20.317,-19.321,1.26369,0.0328223,-0.0328223
HATS-32 b,HATS-32,b,1,1,1,Transit,0,2.8126548,5.5E-06,-5.5E-06,0,0.04024,0.00053,-0.00053,0,14,1.614,-1.076,0,1.249,0.144,-0.096,0,292.4036,31.783,-31.783,0,0.92,0.1,-0.1,0,,,,,,,,,,,,,,,,,292.4036,31.783,-31.783,0,0.92,0.1,-0.1,0,0.58,0.16,-0.16,0,0.471,,,1,,,,,1437,58,-58,0,87.1,1.2,-1.2,0,0.4,0.13,-0.16,0,,,,,2.8536,0.0864,-0.0864,0,7.88,0.46,-0.61,0,0.1171,0.0039,-0.0039,0,,,,,,,,,,,,,124,14,-14,0,,,,,,,,,5700,110,-110,0,1.1,0.1,-0.06,0,1.1,0.04,-0.04,0,0.39,0.05,-0.05,0,[Fe/H],0.057,0.083,-0.075,0,4.4,0.06,-0.06,0,3.5,1.8,-1.8,0,1.17,0.22,-0.22,0,3.56,0.69,-0.69,0,,,,,12.42,0.01,-0.01,0,745.116,17.503,-16.731,1.31348,0.0305925,-0.0305925
HATS-33 b,HATS-33,b,1,1,1,Transit,0,2.5495551,6.1E-06,-6.1E-06,0,0.03727,0.00037,-0.00037,0,13.787,1.255,-0.908,0,1.23,0.112,-0.081,0,378.85336,16.84499,-16.84499,0,1.192,0.053,-0.053,0,,,,,,,,,,,,,,,,,378.85336,16.84499,-16.84499,0,1.192,0.053,-0.053,0,0.79,0.19,-0.19,0,0.08,,,1,,,,,1429,38,-38,0,87.62,0.92,-0.92,0,0.33,0.11,-0.12,0,,,,,2.676,0.0432,-0.0432,0,7.83,0.32,-0.32,0,0.1237,0.008,-0.008,0,,,,,,,,,,,,,170.1,6.8,-6.8,0,,,,,,,,,5659,85,-85,0,1.02,0.05,-0.04,0,1.06,0.03,-0.03,0,0.29,0.05,-0.05,0,[Fe/H],-0.018,0.051,-0.058,0,4.45,0.04,-0.04,0,3,1.7,-1.7,0,1.4,0.16,-0.16,0,3.87,0.42,-0.42,0,,,,,11.08,0.01,-0.01,0,248.46,2.164,-2.127,3.99633,0.0344916,-0.0344916
HATS-34 b,HATS-34,b,1,1,1,Transit,0,2.1061607,4.7E-06,-4.7E-06,0,0.03166,0.00034,-0.00034,0,16.029,2.13,-2.13,0,1.43,0.19,-0.19,0,299.07803,22.88376,-22.88376,0,0.941,0.072,-0.072,0,,,,,,,,,,,,,,,,,299.07803,22.88376,-22.88376,0,0.941,0.072,-0.072,0,0.4,0.19,-0.13,0,0.108,,,1,,,,,1445,42,-42,0,82.28,0.43,-0.59,0,0.937,0.022,-0.034,0,,,,,1.5552,0.0696,-0.0696,0,6.96,0.34,-0.34,0,0.15,0.014,-0.014,0,,,,,,,,,,,,,152,11,-11,0,,,,,,,,,5380,73,-73,0,0.98,0.05,-0.05,0,0.95,0.03,-0.03,0,0.25,0.07,-0.07,0,[Fe/H],-0.14,0.05,-0.057,0,4.43,0.04,-0.04,0,7.7,2.7,-2.7,0,1.44,0.22,-0.22,0,4.07,0.58,-0.58,0,,,,,17.74,0.01,-0.01,0,508.842,3.896,-3.896,1.93638,0.0149344,-0.0149344
HATS-35 b,HATS-35,b,1,1,1,Transit,0,1.8209993,1.6E-06,-1.6E-06,0,0.03199,0.00033,-0.00033,0,16.41,0.773,-0.493,0,1.464,0.069,-0.044,0,388.38826,24.79074,-24.79074,0,1.222,0.078,-0.078,0,,,,,,,,,,,,,,,,,388.38826,24.79074,-24.79074,0,1.222,0.078,-0.078,0,0.484,0.042,-0.07,0,0.306,,,1,,,,,2037,43,-43,0,86.9,1.3,-1.3,0,0.26,0.11,-0.14,0,,,,,3.1176,0.024,-0.024,0,4.79,0.11,-0.16,0,0.1051,0.0012,-0.0012,0,,,,,,,,,,,,,170,10,-10,0,,,,,,,,,6300,100,-100,0,1.43,0.06,-0.04,0,1.32,0.04,-0.04,0,0.21,0.06,-0.06,0,[Fe/H],0.465,0.044,-0.049,0,4.24,0.02,-0.02,0,2.13,0.51,-0.51,0,0.628,0.045,-0.061,0,8.66,0.34,-0.34,0,,,,,-14.18,0.01,-0.01,0,514.555,10.199,-9.817,1.91556,0.0374958,-0.0374958
HATS-36 b,HATS-36,b,1,1,1,Transit,0,4.175186,3.3E-05,-3.3E-05,0,0.0523,0.0006,-0.0006,0,12.92,0.38,-0.38,0,1.153,0.034,-0.034,0,,,,,,,,,,,,,,,,,,,,,,,,,,,,,,,,,,,,,,,,,,,,,1203,25,-24,0,,,,,0.17,0.15,-0.12,0,,,,,,,,,10.32,0.14,-0.4,0,0.1077,0.001,-0.0006,0,,,,,,,,,,,,,,,,,,,,,,,,,5950,83,-83,0,1.1,0.03,-0.03,0,1.1,0.04,-0.04,0,0.15,0.06,-0.06,0,[Fe/H],,,,,4.4,0.03,-0.03,0,,,,,1.19,0.083,-0.08,0,,,,,,,,,,,,,856.436,21.874,-20.829,1.13973,0.0288665,-0.0288665
HATS-38 b,HATS-38,b,1,1,1,Transit,0,4.375021,1E-05,-1E-05,0,0.05036,0.0003,-0.00023,0,6.882,0.191,-0.191,0,0.614,0.017,-0.017,0,23.51942,3.49613,-3.49613,0,0.074,0.011,-0.011,0,,,,,,,,,,,,,,,,,23.51942,3.49613,-3.49613,0,0.074,0.011,-0.011,0,0.403,0.071,-0.071,0,0,,,0,464.7,15,-15,0,1294,10,-10,0,87.21,0.18,-0.18,0,0.476,0.027,-0.03,0,,,,,3.216,0.0456,-0.0456,0,9.81,0.14,-0.14,0,0.057,0.0012,-0.0012,0,,,,,,,,,,,,,9.9,1.5,-1.5,0,,,,,,,,,5732,25,-25,0,1.1,0.02,-0.02,0,0.89,0.02,-0.01,0,-0.102,0.043,-0.043,0,[Fe/H],0.072,0.013,-0.014,0,4.3,0.01,-0.01,0,11.89,0.6,-0.6,0,,,,,3.1,0.27,-0.27,0,,,,,4.14,0,0,0,343.525,5.122,-4.976,2.88283,0.0424547,-0.0424547
HATS-39 b,HATS-39,b,1,1,1,Transit,0,4.5776348,7.3E-06,-7.3E-06,0,0.06007,0.00058,-0.00058,0,17.598,1.345,-1.345,0,1.57,0.12,-0.12,0,200.2329,41.3179,-41.3179,0,0.63,0.13,-0.13,0,,,,,,,,,,,,,,,,,200.2329,41.3179,-41.3179,0,0.63,0.13,-0.13,0,0.202,0.072,-0.051,0,0.275,,,1,,,,,1645,43,-43,0,84.98,0.49,-0.49,0,0.696,0.03,-0.04,0,,,,,3.732,0.0696,-0.0696,0,7.97,0.38,-0.38,0,0.0993,0.0029,-0.0029,0,,,,,,,,,,,,,62,13,-13,0,,,,,,,,,6572,83,-83,0,1.62,0.09,-0.09,0,1.38,0.04,-0.04,0,0,0.044,-0.044,0,[Fe/H],0.64,0.05,-0.056,0,4.16,0.04,-0.04,0,2.06,0.3,-0.3,0,0.457,0.075,-0.056,0,7.75,0.17,-0.17,0,,,,,2.92,0.01,-0.01,0,878.521,79.923,-67.787,1.1208,0.0925117,-0.0925117
HATS-4 b,HATS-4,b,1,1,1,Transit,0,2.516729,2E-06,-2E-06,0,0.0362,0.0002,-0.0002,0,11.433,0.415,-0.415,0,1.02,0.037,-0.037,0,420.471,8.899,-8.899,0,1.323,0.028,-0.028,0,,,,,,,,,,,,,,,,,420.471,8.899,-8.899,0,1.323,0.028,-0.028,0,1.55,0.16,-0.16,0,0.013,0.016,-0.016,0,,,,,1315,21,-21,0,88.5,0.6,-0.6,0,0.217,0.074,-0.093,0,,,,,2.5272,0.0216,-0.0216,0,8.43,0.17,-0.22,0,0.1132,0.0029,-0.0029,0,,,,,,,,,275,98,-98,0,197.5,3.2,-3.2,0,,,,,,,,,5403,50,-50,0,0.93,0.02,-0.02,0,1,0.02,-0.02,0,0.43,0.08,-0.08,0,[Fe/H],-0.187,0.032,-0.035,0,4.51,0.02,-0.02,0,2.1,1.6,-1.6,0,,,,,0.7,0.5,-0.5,0,,,,,,,,,416.459,2.726,-2.691,2.37234,0.0155017,-0.0155017
HATS-40 b,HATS-40,b,1,1,1,Transit,0,3.2642736,5.8E-06,-5.8E-06,0,0.04997,0.00074,-0.00074,0,17.71,1.793,-1.345,0,1.58,0.16,-0.12,0,505.3497,76.2792,-76.2792,0,1.59,0.24,-0.24,0,,,,,,,,,,,,,,,,,505.3497,76.2792,-76.2792,0,1.59,0.24,-0.24,0,0.49,0.13,-0.13,0,0.312,,,1,,,,,2101,69,-69,0,85.8,1.8,-1.8,0,0.35,0.13,-0.16,0,,,,,5.3304,0.0744,-0.0744,0,4.74,0.22,-0.31,0,0.0716,0.0034,-0.0034,0,,,,,,,,,,,,,162,23,-23,0,,,,,,,,,6460,130,-130,0,2.26,0.18,-0.11,0,1.56,0.07,-0.07,0,0.01,0.077,-0.077,0,[Fe/H],0.903,0.075,-0.064,0,3.92,0.04,-0.04,0,2.07,0.34,-0.34,0,0.189,0.027,-0.027,0,9.52,0.25,-0.25,0,,,,,9.19,0.02,-0.02,0,1342.29,31.8,-30.39,0.716118,0.017126,-0.017126
HATS-41 b,HATS-41,b,1,1,1,Transit,0,4.193649,1.3E-05,-1.3E-05,0,0.0583,0.0015,-0.001,0,14.908,3.251,-2.242,0,1.33,0.29,-0.2,0,3082.951,508.528,-508.528,0,9.7,1.6,-1.6,0,,,,,,,,,,,,,,,,,3082.951,508.528,-508.528,0,9.7,1.6,-1.6,0,5.1,3.3,-2.3,0,0.38,0.11,-0.11,0,,,,,1710,170,-120,0,80.4,2.3,-4.2,0,0.849,0.029,-0.051,0,,,,,2.196,0.1056,-0.1056,0,7.31,0.98,-0.98,0,0.0798,0.0036,-0.0036,0,,,,,,,,,136,18,-18,0,1080,190,-190,0,,,,,,,,,6424,91,-91,0,1.71,0.36,-0.24,0,1.5,0.12,-0.08,0,0.47,0.041,-0.041,0,[Fe/H],0.653,0.166,-0.135,0,4.14,0.11,-0.11,0,1.34,0.31,-0.51,0,0.42,0.17,-0.17,0,19.21,0.23,-0.23,0,,,,,37.25,0.22,-0.22,0,737.668,14.203,-13.685,1.32725,0.0254233,-0.0254233
HATS-42 b,HATS-42,b,1,1,1,Transit,0,2.292102,2.1E-06,-2.1E-06,0,0.03689,0.00065,-0.00065,0,15.693,2.802,-1.569,0,1.4,0.25,-0.14,0,597.5204,47.6745,-47.6745,0,1.88,0.15,-0.15,0,,,,,,,,,,,,,,,,,597.5204,47.6745,-47.6745,0,1.88,0.15,-0.15,0,0.83,0.28,-0.28,0,0.229,,,1,,,,,1856,105,-76,0,85.1,2.1,-2.1,0,0.46,0.15,-0.18,0,,,,,3.2664,0.0768,-0.0768,0,5.36,0.39,-0.56,0,0.0976,0.004,-0.004,0,,,,,,,,,,,,,246,17,-17,0,,,,,,,,,6060,120,-120,0,1.48,0.2,-0.12,0,1.27,0.07,-0.07,0,0.22,0.07,-0.07,0,[Fe/H],0.425,0.11,-0.084,0,4.2,0.07,-0.07,0,3.26,0.83,-0.83,0,0.55,0.13,-0.13,0,6.04,0.36,-0.36,0,,,,,8.16,0.01,-0.01,0,800.377,10.533,-10.269,1.2207,0.0161117,-0.0161117
HATS-43 b,HATS-43,b,1,1,1,Transit,0,4.3888497,5.9E-06,-5.9E-06,0,0.04944,0.00046,-0.00046,0,13.227,0.56,-0.56,0,1.18,0.05,-0.05,0,82.95363,17.16282,-17.16282,0,0.261,0.054,-0.054,0,,,,,,,,,,,,,,,,,82.95363,17.16282,-17.16282,0,0.261,0.054,-0.054,0,0.191,0.054,-0.038,0,0.173,0.089,-0.089,0,,,,,1003,27,-27,0,89.24,0.29,-0.41,0,0.172,0.104,-0.066,0,,,,,2.98848,0.0216,-0.0216,0,13.04,0.68,-0.41,0,0.1492,0.0017,-0.0017,0,,,,,,,,,330,120,-120,0,37.5,8,-8,0,,,,,,,,,5099,61,-61,0,0.81,0.03,-0.03,0,0.84,0.02,-0.02,0,0.05,0.041,-0.041,0,[Fe/H],-0.398,0.047,-0.053,0,4.54,0.04,-0.04,0,8.6,3,-4.8,0,2.18,0.36,-0.2,0,1.11,0.82,-0.82,0,,,,,22.08,0.01,-0.01,0,362.273,2.259,-2.232,2.73148,0.0169817,-0.0169817
HATS-44 b,HATS-44,b,1,1,1,Transit,0,2.7439004,3.2E-06,-3.2E-06,0,0.03649,0.0003,-0.0003,0,11.96,1.401,-0.796,0,1.067,0.125,-0.071,0,177.9848,34.9613,-34.9613,0,0.56,0.11,-0.11,0,,,,,,,,,,,,,,,,,177.9848,34.9613,-34.9613,0,0.56,0.11,-0.11,0,0.56,0.19,-0.19,0,0.279,,,1,,,,,1161,34,-34,0,84.65,0.38,-0.38,0,0.862,0.029,-0.021,0,,,,,1.6512,0.0408,-0.0408,0,9.24,0.38,-0.38,0,0.129,0.01,-0.01,0,,,,,,,,,,,,,90,17,-17,0,,,,,,,,,5080,100,-100,0,0.85,0.04,-0.04,0,0.86,0.02,-0.02,0,0.32,0.071,-0.071,0,[Fe/H],-0.398,0.052,-0.059,0,4.51,0.04,-0.04,0,9.7,2.4,-4,0,1.98,0.25,-0.25,0,0.5,1.1,-1.1,0,,,,,44.08,0.01,-0.01,0,446.035,3.241,-3.196,2.2131,0.0160576,-0.0160576
HATS-45 b,HATS-45,b,1,1,1,Transit,0,4.1876244,5.6E-06,-5.6E-06,0,0.05511,0.00069,-0.00069,0,14.415,1.042,-1.042,0,1.286,0.093,-0.093,0,222.481,47.6745,-47.6745,0,0.7,0.15,-0.15,0,,,,,,,,,,,,,,,,,222.481,47.6745,-47.6745,0,0.7,0.15,-0.15,0,0.41,0.16,-0.11,0,0.24,,,1,,,,,1518,45,-45,0,85.61,0.42,-0.42,0,0.689,0.034,-0.045,0,,,,,3.0456,0.0504,-0.0504,0,9.02,0.39,-0.39,0,0.1004,0.0042,-0.0042,0,,,,,,,,,,,,,75,16,-16,0,,,,,,,,,6450,110,-110,0,1.31,0.06,-0.06,0,1.27,0.05,-0.05,0,0.02,0.068,-0.068,0,[Fe/H],0.425,0.055,-0.063,0,4.3,0.04,-0.04,0,1.52,0.7,-0.7,0,0.79,0.1,-0.1,0,9.9,0.4,-0.4,0,,,,,19.42,0.02,-0.02,0,772.11,11.303,-10.987,1.2665,0.0185511,-0.0185511
HATS-46 b,HATS-46,b,1,1,1,Transit,0,4.7423729,4.9E-06,-4.9E-06,0,0.05367,0.00053,-0.00053,0,10.122,0.65,-0.504,0,0.903,0.058,-0.045,0,54.98459,19.70546,-19.70546,0,0.173,0.062,-0.062,0,,,,,,,,,,,,,,,,,54.98459,19.70546,-19.70546,0,0.173,0.062,-0.062,0,0.28,0.12,-0.12,0,0.559,,,1,,,,,1054,29,-29,0,87.32,0.22,-0.31,0,0.634,0.042,-0.034,0,,,,,2.4336,0.0456,-0.0456,0,13.55,0.45,-0.65,0,0.1088,0.0027,-0.0027,0,,,,,,,,,,,,,22.1,8,-8,0,,,,,,,,,5495,69,-69,0,0.85,0.04,-0.03,0,0.92,0.03,-0.03,0,-0.06,0.046,-0.046,0,[Fe/H],-0.23,0.049,-0.055,0,4.54,0.04,-0.04,0,3,3.4,-2.1,0,2.1,0.22,-0.29,0,0.9,0.66,-0.66,0,,,,,-30.19,0.01,-0.01,0,453.808,3.927,-3.861,2.17475,0.0187639,-0.0187639
HATS-47 b,HATS-47,b,1,1,1,Transit,0,3.9228038,2.2E-06,-2.2E-06,0,0.04269,0.00033,-0.00025,0,12.52,0.157,-0.157,0,1.117,0.014,-0.014,0,117.27927,9.85273,-6.67443,0,0.369,0.031,-0.021,0,,,,,,,,,,,,,,,,,117.27927,9.85273,-6.67443,0,0.369,0.031,-0.021,0,0.331,0.027,-0.027,0,0.088,,,1,87.73,1.94,-1.9,0,853,5,-5,0,87.08,0.061,-0.061,0,0.7127,0.0096,-0.0096,0,,,,,2.00232,0.02136,-0.02136,0,13.98,0.15,-0.15,0,0.1746,0.0014,-0.0014,0,,,,,,,,,,,,,61.7,4.3,-4.3,0,,,,,,,,,4512,19,-19,0,0.66,0.01,-0.01,0,0.67,0.02,-0.01,0,-0.113,0.035,-0.035,0,[Fe/H],-0.796,0.008,-0.009,0,4.63,0.01,-0.01,0,8.1,2.9,-4.3,0,3.36,0.13,-0.099,0,2.47,0.7,-0.7,0,6.42,0.28,-0.28,0,3.2,0.03,-0.03,0,300.67,3.853,-3.759,3.29787,0.0417783,-0.0417783
HATS-49 b,HATS-49,b,1,1,1,Transit,0,4.1480467,3.7E-06,-3.7E-06,0,0.04515,0.00016,-0.00016,0,8.575,0.146,-0.146,0,0.765,0.013,-0.013,0,112.19399,12.07754,-8.58141,0,0.353,0.038,-0.027,0,,,,,,,,,,,,,,,,,112.19399,12.07754,-8.58141,0,0.353,0.038,-0.027,0,0.986,0.094,-0.094,0,0.071,,,1,80.45,1.37,-1.34,0,835,4,-4,0,88.27,0.16,-0.11,0,0.42,0.025,-0.035,0,,,,,2.346,0.0228,-0.0228,0,13.91,0.11,-0.11,0,0.1127,0.0015,-0.0015,0,,,,,,,,,,,,,55.9,5.5,-5.5,0,,,,,,,,,4405,15,-15,0,0.7,0.01,-0.01,0,0.71,0.01,-0.01,0,0.208,0.053,-0.053,0,[Fe/H],-0.785,0.007,-0.007,0,4.6,0.01,-0.01,0,10.5,1.4,-2,0,2.961,0.073,-0.073,0,0.5,0.78,-0.78,0,,,,,8.1,1.5,-1.5,0,324.413,2.387,-2.353,3.05372,0.0223514,-0.0223514
HATS-5 b,HATS-5,b,1,1,1,Transit,0,4.763387,1E-05,-1E-05,0,0.0542,0.0006,-0.0006,0,10.223,0.28,-0.28,0,0.912,0.025,-0.025,0,75.323,3.814,-3.914,0,0.237,0.012,-0.012,0,,,,,,,,,,,,,,,,,75.323,3.814,-3.914,0,0.237,0.012,-0.012,0,0.39,0.04,-0.04,0,0.019,0.019,-0.019,0,,,,,1025,17,-17,0,89.3,0.3,-0.3,0,0.158,0.057,-0.064,0,,,,,2.9856,0.0096,-0.0096,0,13.38,0.34,-0.34,0,0.1076,0.0004,-0.0004,0,,,,,,,,,204,107,-107,0,30,1.4,-1.4,0,,,,,,,,,5304,50,-50,0,0.87,0.02,-0.02,0,0.94,0.03,-0.03,0,0.19,0.08,-0.08,0,[Fe/H],-0.268,0.031,-0.033,0,4.53,0.02,-0.02,0,3.6,2.6,-1.9,0,,,,,0.8,0.5,-0.5,0,,,,,,,,,246.384,1.742,-1.719,4.02998,0.0282919,-0.0282919
HATS-50 b,HATS-50,b,1,1,1,Transit,0,3.8297015,4.6E-06,-4.6E-06,0,0.05046,0.0006,-0.0006,0,12.666,0.841,-0.841,0,1.13,0.075,-0.075,0,123.9537,31.783,-31.783,0,0.39,0.1,-0.1,0,,,,,,,,,,,,,,,,,123.9537,31.783,-31.783,0,0.39,0.1,-0.1,0,0.33,0.11,-0.11,0,0.516,,,1,,,,,,,,,87.54,0.66,-0.66,0,0.421,0.079,-0.099,0,,,,,3.0792,0.0504,-0.0504,0,9.72,0.44,-0.44,0,0.1038,0.0025,-0.0025,0,,,,,,,,,,,,,45,12,-12,0,,,,,,,,,5990,110,-110,0,1.12,0.06,-0.06,0,1.17,0.04,-0.04,0,,,,,,0.143,0.067,-0.079,0,4.41,0.04,-0.04,0,1.2,1.1,-1.1,0,1.19,0.16,-0.16,0,3.76,0.54,-0.54,0,,,,,-20.25,0.01,-0.01,0,756.742,16.978,-16.261,1.2934,0.0287851,-0.0287851
HATS-51 b,HATS-51,b,1,1,1,Transit,0,3.3488702,3.9E-06,-3.9E-06,0,0.04639,0.00077,-0.00077,0,15.805,2.13,-2.13,0,1.41,0.19,-0.19,0,244.09344,14.30235,-14.30235,0,0.768,0.045,-0.045,0,,,,,,,,,,,,,,,,,244.09344,14.30235,-14.30235,0,0.768,0.045,-0.045,0,0.34,0.16,-0.11,0,0.33,,,1,,,,,1553,92,-92,0,87.1,1.6,-1.6,0,0.3,0.13,-0.14,0,,,,,3.3216,0.048,-0.048,0,6.94,0.74,-0.74,0,0.101,0.0038,-0.0038,0,,,,,,,,,,,,,94.9,5.1,-5.1,0,,,,,,,,,5758,58,-58,0,1.44,0.18,-0.18,0,1.19,0.06,-0.06,0,,,,,,0.31,0.102,-0.134,0,4.2,0.09,-0.09,0,4.74,0.7,-0.51,0,0.56,0.22,-0.16,0,3.98,0.26,-0.26,0,,,,,3.09,0.01,-0.01,0,389.57,3.949,-3.872,2.53834,0.025569,-0.025569
HATS-52 b,HATS-52,b,1,1,1,Transit,0,1.36665436,9.4E-07,-9.4E-07,0,0.02498,0.0004,-0.0004,0,15.491,0.964,-0.964,0,1.382,0.086,-0.086,0,711.9392,47.6745,-47.6745,0,2.24,0.15,-0.15,0,,,,,,,,,,,,,,,,,711.9392,47.6745,-47.6745,0,2.24,0.15,-0.15,0,1.06,0.19,-0.19,0,0.246,,,1,,,,,1834,73,-73,0,84.7,1.1,-1.1,0,0.481,0.071,-0.084,0,,,,,2.0904,0.0312,-0.0312,0,5.14,0.22,-0.22,0,0.1352,0.0028,-0.0028,0,,,,,,,,,,,,,380,23,-23,0,,,,,,,,,6010,150,-150,0,1.05,0.06,-0.06,0,1.11,0.05,-0.05,0,,,,,,0.068,0.075,-0.09,0,4.45,0.03,-0.03,0,1.2,1.5,-1.1,0,1.37,0.18,-0.18,0,4.59,0.64,-0.64,0,,,,,13.46,0.04,-0.04,0,555.134,6.057,-6.057,1.77262,0.0195052,-0.0195052
HATS-53 b,HATS-53,b,1,1,1,Transit,0,3.8537768,3.8E-06,-3.8E-06,0,0.04753,0.00066,-0.00066,0,15.02,0.628,-0.628,0,1.34,0.056,-0.056,0,189.10885,28.28687,-28.28687,0,0.595,0.089,-0.089,0,,,,,,,,,,,,,,,,,189.10885,28.28687,-28.28687,0,0.595,0.089,-0.089,0,0.303,0.055,-0.055,0,0.33,,,1,,,,,1312,25,-25,0,88.78,0.55,-0.55,0,0.198,0.082,-0.096,0,,,,,3.5064,0.0384,-0.0384,0,9.3,0.15,-0.22,0,0.125,0.0028,-0.0028,0,,,,,,,,,,,,,79,12,-12,0,,,,,,,,,5644,94,-94,0,1.1,0.03,-0.02,0,0.96,0.04,-0.04,0,,,,,,0.045,0.041,-0.045,0,4.34,0.02,-0.02,0,9,1.9,-1.9,0,1.027,0.05,-0.071,0,2.5,0.76,-0.76,0,,,,,71.95,0.01,-0.01,0,585.77,8.501,-8.265,1.67852,0.0242435,-0.0242435
HATS-54 b,HATS-54,b,1,1,1,Transit,0,2.5441828,4.3E-06,-4.3E-06,0,0.03763,0.00024,-0.00024,0,11.96,0.583,-0.583,0,1.067,0.052,-0.052,0,241.5508,31.783,-31.783,0,0.76,0.1,-0.1,0,,,,,,,,,,,,,,,,,241.5508,31.783,-31.783,0,0.76,0.1,-0.1,0,0.77,0.16,-0.16,0,0.126,,,1,,,,,1625,22,-22,0,83.08,0.36,-0.36,0,0.74,0.022,-0.023,0,,,,,2.5008,0.0456,-0.0456,0,6.15,0.16,-0.16,0,0.0832,0.0025,-0.0025,0,,,,,,,,,,,,,105,14,-14,0,,,,,,,,,5702,26,-26,0,1.32,0.04,-0.04,0,1.1,0.02,-0.02,0,0.396,0.031,-0.031,0,[Fe/H],0.212,0.029,-0.021,0,4.24,0.02,-0.02,0,6.6,0.76,-0.76,0,0.678,0.054,-0.054,0,3.83,0.42,-0.42,0,,,,,46.13,0.01,-0.01,0,748.585,22.665,-21.392,1.30831,0.0389761,-0.0389761
HATS-55 b,HATS-55,b,1,1,1,Transit,0,4.2042001,3.3E-06,-3.3E-06,0,0.05412,0.00014,-0.00018,0,14.022,0.291,-0.291,0,1.251,0.026,-0.026,0,292.72143,24.15508,-24.15508,0,0.921,0.076,-0.076,0,,,,,,,,,,,,,,,,,292.72143,24.15508,-24.15508,0,0.921,0.076,-0.076,0,0.587,0.062,-0.062,0,0.092,,,1,,,,,1367,10,-10,0,86.32,0.084,-0.084,0,0.662,0.012,-0.01,0,,,,,2.78376,0.02328,-0.02328,0,10.33,0.086,-0.086,0,0.1141,0.002,-0.002,0,,,,,,,,,,,,,102.8,8.4,-8.4,0,,,,,,,,,6214,36,-36,0,1.13,0.01,-0.01,0,1.2,0.01,-0.01,0,0.108,0.046,-0.03,0,[Fe/H],0.229,0.014,-0.014,0,4.41,0.01,-0.01,0,0.4,0.29,-0.13,0,1.179,0.029,-0.029,0,5.01,0.15,-0.15,0,,,,,-2.92,0.01,-0.01,0,609.838,6.099,-5.982,1.61104,0.0161191,-0.0161191
HATS-56 b,HATS-56,b,1,1,1,Transit,0,4.324799,2.7E-05,-2.7E-05,0,0.06043,0.00022,-0.00022,0,18.921,0.437,-0.616,0,1.688,0.039,-0.055,0,191.33366,11.12405,-11.12405,0,0.602,0.035,-0.035,0,,,,,,,,,,,,,,,,,191.33366,11.12405,-11.12405,0,0.602,0.035,-0.035,0,0.155,0.017,-0.013,0,0.019,,,1,,,,,1902,16,-16,0,83.29,0.21,-0.21,0,0.69,0.014,-0.013,0,,,,,4.6416,0.0528,-0.0528,0,5.902,0.085,-0.085,0,0.0789,0.0018,-0.0018,0,,,,,,,,,,,,,55.1,3.2,-3.2,0,,,,,,,,,6536,31,-31,0,2.2,0.04,-0.04,0,1.57,0.02,-0.02,0,0.19,0.024,-0.024,0,[Fe/H],0.898,0.017,-0.017,0,3.95,0.01,-0.01,0,1.894,0.077,-0.077,0,0.2079,0.009,-0.009,0,6.49,0.19,-0.19,0,,,,,35.15,0.01,-0.01,0,564.409,11.513,-11.07,1.74371,0.0351648,-0.0351648
HATS-57 b,HATS-57,b,1,1,1,Transit,0,2.350621,1.3E-06,-1.3E-06,0,0.03493,0.00021,-0.0003,0,12.767,0.314,-0.314,0,1.139,0.028,-0.028,0,1000.21101,23.20159,-23.20159,0,3.147,0.073,-0.073,0,,,,,,,,,,,,,,,,,1000.21101,23.20159,-23.20159,0,3.147,0.073,-0.073,0,2.65,0.21,-0.21,0,0.028,,,1,,,,,1413,10,-10,0,87.88,0.4,-0.4,0,0.29,0.052,-0.049,0,,,,,2.48856,0.01704,-0.01704,0,7.82,0.12,-0.12,0,0.1218,0.0023,-0.0023,0,,,,,,,,,,,,,472.5,8.4,-8.4,0,,,,,,,,,5587,19,-19,0,0.96,0.01,-0.01,0,1.03,0.02,-0.03,0,0.268,0.043,-0.043,0,[Fe/H],-0.094,0.01,-0.01,0,4.48,0.02,-0.02,0,2.5,1.5,-1.1,0,1.633,0.075,-0.075,0,4.09,0.48,-0.48,0,12.71,0.04,-0.04,0,0.54,0.01,-0.01,0,279.485,3.118,-3.05,3.54953,0.0391794,-0.0391794
HATS-6 b,HATS-6,b,1,1,1,Transit,0,3.3252725,2.1E-06,-2.1E-06,0,0.03623,0.00042,-0.00057,0,11.187,0.213,-0.213,0,0.998,0.019,-0.019,0,101.38777,22.2481,-22.2481,0,0.319,0.07,-0.07,0,,,,,,,,,,,,,,,,,101.38777,22.2481,-22.2481,0,0.319,0.07,-0.07,0,0.399,0.089,-0.089,0,0,,,0,,,,,713,5,-5,0,88.21,0.084,-0.084,0,0.427,0.02,-0.021,0,3.23,0.03,-0.03,0,2.04096,0.0108,-0.0108,0,13.65,0.15,-0.15,0,0.17978,0.00077,-0.00077,0,,,,,,,,,,,,,63,14,-14,0,,,,,,,,,3724,18,-18,0,0.57,0.01,-0.01,0,0.57,0.02,-0.03,0,0.2,0.091,-0.091,0,[Fe/H],,,,,4.68,0.01,-0.01,0,8.1,4.3,-4.3,0,4.36,0.15,-0.15,0,,,,,,,,,,,,,169.318,1.065,-1.051,5.87742,0.036625,-0.036625
HATS-60 b,HATS-60,b,1,1,1,Transit,0,3.560829,3.2E-05,-3.2E-05,0,0.04708,0.00015,-0.00023,0,12.924,0.594,-0.594,0,1.153,0.053,-0.053,0,210.40346,17.48065,-17.48065,0,0.662,0.055,-0.055,0,,,,,,,,,,,,,,,,,210.40346,17.48065,-17.48065,0,0.662,0.055,-0.055,0,0.537,0.1,-0.07,0,0.191,,,0,903.9,27.5,-26.7,0,1528,11,-11,0,86.28,0.35,-0.35,0,0.45,0.034,-0.041,0,,,,,3.8592,0.0456,-0.0456,0,6.93,0.11,-0.11,0,0.0811,0.0033,-0.0033,0,,,,,,,,,,,,,82.6,6.9,-6.9,0,,,,,,,,,5688,20,-20,0,1.46,0.02,-0.02,0,1.1,0.01,-0.02,0,0.335,0.028,-0.028,0,[Fe/H],0.3,0.014,-0.015,0,4.15,0.01,-0.01,0,7.55,0.7,-0.3,0,0.496,0.023,-0.023,0,3.84,0.43,-0.43,0,,,,,28.38,0.01,-0.01,0,486.474,8.584,-8.296,2.02727,0.0353876,-0.0353876
HATS-61 b,HATS-61,b,1,1,1,Transit,0,7.817953,2.4E-05,-2.4E-05,0,0.07908,0.00033,-0.00033,0,13.395,0.751,-0.751,0,1.195,0.067,-0.067,0,1080.622,44.4962,-44.4962,0,3.4,0.14,-0.14,0,,,,,,,,,,,,,,,,,1080.622,44.4962,-44.4962,0,3.4,0.14,-0.14,0,2.47,0.44,-0.44,0,0.092,,,0,374.2,8.7,-8.5,0,1226,7,-7,0,87.15,0.18,-0.18,0,0.508,0.025,-0.027,0,,,,,5.5296,0.0696,-0.0696,0,10.23,0.14,-0.14,0,0.0738,0.004,-0.004,0,,,,,,,,,,,,,330,13,-13,0,,,,,,,,,5542,21,-21,0,1.66,0.02,-0.02,0,1.08,0.01,-0.01,0,0.247,0.037,-0.037,0,[Fe/H],0.369,0.012,-0.012,0,4.03,0.01,-0.01,0,8.9,0.31,-0.41,0,0.33,0.014,-0.014,0,3.52,0.42,-0.42,0,,,,,54.08,0.01,-0.01,0,679.761,8.732,-8.518,1.44214,0.0185269,-0.0185269
HATS-62 b,HATS-62,b,1,1,1,Transit,0,3.2768837,3.3E-06,-3.3E-06,0,0.04163,0.00024,-0.00016,0,11.825,0.28,-0.28,0,1.055,0.025,-0.025,0,56.89157,,,0,0.179,,,0,,,,,,,,,,,,,,,,,56.89157,,,0,0.179,,,0,0.076,0.053,-0.053,0,0.298,,,0,387.4,17.3,-12.3,0,1237,12,-12,0,87.92,0.35,-0.35,0,0.348,0.048,-0.049,0,,,,,2.76528,0.02232,-0.02232,0,9.59,0.19,-0.19,0,0.1159,0.0011,-0.0011,0,,,,,,,,,,,,,10.2,7.8,-7.8,0,,,,,,,,,5416,19,-13,0,0.93,0.02,-0.01,0,0.9,0.01,-0.01,0,0.133,0.023,-0.023,0,[Fe/H],-0.173,0.018,-0.012,0,4.45,0.02,-0.02,0,9.55,0.99,-1.55,0,1.556,0.095,-0.095,0,0.5,0.27,-0.27,0,,,,,-10.49,0.01,-0.01,0,523.067,10.426,-10.033,1.88389,0.0370914,-0.0370914
HATS-63 b,HATS-63,b,1,1,1,Transit,0,3.0566527,4.9E-06,-4.9E-06,0,0.04026,0.00028,-0.00028,0,13.529,0.437,-0.437,0,1.207,0.039,-0.039,0,305.1168,38.1396,-38.1396,0,0.96,0.12,-0.12,0,,,,,,,,,,,,,,,,,305.1168,38.1396,-38.1396,0,0.96,0.12,-0.12,0,0.67,0.11,-0.11,0,0.136,,,0,634.1,16.3,-15.9,0,1398,9,-9,0,84.86,0.19,-0.19,0,0.724,0.02,-0.02,0,,,,,2.448,0.0408,-0.0408,0,8.09,0.12,-0.12,0,0.1159,0.0032,-0.0032,0,,,,,,,,,,,,,140,18,-18,0,,,,,,,,,5627,18,-18,0,1.07,0.01,-0.01,0,0.93,0.02,-0.02,0,0.081,0.038,-0.038,0,[Fe/H],0.012,0.009,-0.009,0,4.35,0.01,-0.01,0,10.3,1.1,-1.1,0,1.071,0.047,-0.047,0,1.77,0.45,-0.45,0,,,,,-4.17,0.01,-0.01,0,623.232,6.092,-5.977,1.5756,0.0154207,-0.0154207
HATS-64 b,HATS-64,b,1,1,1,Transit,0,4.908897,1.3E-05,-1.3E-05,0,0.06562,0.00039,-0.00039,0,18.82,0.908,-0.908,0,1.679,0.081,-0.081,0,305.1168,63.566,-63.566,0,0.96,0.2,-0.2,0,,,,,,,,,,,,,,,,,305.1168,63.566,-63.566,0,0.96,0.2,-0.2,0,0.245,0.068,-0.05,0,0.151,,,0,1711,106,-99,0,1793,27,-27,0,87.24,0.85,-0.85,0,0.321,0.082,-0.101,0,,,,,5.8056,0.048,-0.048,0,6.68,0.2,-0.2,0,0.0817,0.0024,-0.0024,0,,,,,,,,,,,,,85,18,-18,0,,,,,,,,,6554,27,-27,0,2.11,0.07,-0.07,0,1.56,0.03,-0.03,0,0.22,0.039,-0.039,0,[Fe/H],0.867,0.03,-0.032,0,3.98,0.02,-0.02,0,1.861,0.097,-0.18,0,0.234,0.02,-0.02,0,12.65,0.22,-0.22,0,,,,,7.36,0.02,-0.02,0,1080.15,42.25,-39.24,0.897203,0.0346491,-0.0346491
HATS-66 b,HATS-66,b,1,1,1,Transit,0,3.1414391,7.4E-06,-7.4E-06,0,0.04714,0.00025,-0.00025,0,15.816,0.942,-0.942,0,1.411,0.084,-0.084,0,1694.0339,216.1244,-216.1244,0,5.33,0.68,-0.68,0,,,,,,,,,,,,,,,,,1694.0339,216.1244,-216.1244,0,5.33,0.68,-0.68,0,2.34,0.56,-0.43,0,0.064,,,0,2637,118,-113,0,1998,21,-21,0,87.06,0.92,-0.92,0,0.283,0.076,-0.095,0,,,,,4.5432,0.0648,-0.0648,0,5.5,0.11,-0.11,0,0.0787,0.0043,-0.0043,0,,,,,,,,,,,,,586,75,-75,0,,,,,,,,,6626,35,-35,0,1.84,0.04,-0.04,0,1.41,0.02,-0.02,0,-0.017,0.043,-0.043,0,[Fe/H],0.767,0.02,-0.021,0,4.06,0.02,-0.02,0,2.17,0.16,-0.11,0,0.318,0.019,-0.019,0,12.86,0.17,-0.17,0,,,,,39.94,0.06,-0.06,0,1477.98,36.6,-34.9,0.647617,0.0162429,-0.0162429
HATS-67 b,HATS-67,b,1,1,1,Transit,0,1.6091788,4E-06,-4E-06,0,0.03032,0.00015,-0.00015,0,18.887,0.527,-0.527,0,1.685,0.047,-0.047,0,460.8535,38.1396,-38.1396,0,1.45,0.12,-0.12,0,,,,,,,,,,,,,,,,,460.8535,38.1396,-38.1396,0,1.45,0.12,-0.12,0,0.374,0.047,-0.047,0,0.057,,,0,3821,153,-147,0,2193,22,-22,0,79.03,0.26,-0.26,0,0.8613,0.0065,-0.0071,0,,,,,1.9464,0.0264,-0.0264,0,4.526,0.077,-0.077,0,0.1201,0.002,-0.002,0,,,,,,,,,,,,,194,16,-16,0,,,,,,,,,6594,33,-33,0,1.44,0.03,-0.03,0,1.44,0.02,-0.02,0,0.332,0.052,-0.052,0,[Fe/H],0.547,0.019,-0.02,0,4.28,0.01,-0.01,0,0.51,0.24,-0.24,0,0.677,0.035,-0.035,0,5.19,0.38,-0.38,0,,,,,-23.37,0.01,-0.01,0,960.109,24.025,-22.9,1.0131,0.0252505,-0.0252505
HATS-68 b,HATS-68,b,1,1,1,Transit,0,3.5862202,4.7E-06,-4.7E-06,0,0.05071,0.00018,-0.00018,0,13.809,0.437,-0.325,0,1.232,0.039,-0.029,0,410.0007,18.75197,-18.75197,0,1.29,0.059,-0.059,0,,,,,,,,,,,,,,,,,410.0007,18.75197,-18.75197,0,1.29,0.059,-0.059,0,0.856,0.083,-0.083,0,0.036,,,0,1521,43,-41,0,1741,12,-12,0,83.21,0.19,-0.19,0,0.736,0.014,-0.012,0,,,,,3.42,0.0408,-0.0408,0,6.232,0.086,-0.086,0,0.0725,0.0016,-0.0016,0,,,,,,,,,,,,,139.3,6.4,-6.4,0,,,,,,,,,6147,22,-22,0,1.75,0.03,-0.03,0,1.35,0.01,-0.01,0,0.21,0.043,-0.043,0,[Fe/H],0.592,0.014,-0.015,0,4.08,0.01,-0.01,0,3.02,0.11,-0.11,0,0.356,0.015,-0.015,0,7.42,0.29,-0.29,0,,,,,11.89,0.01,-0.01,0,603.955,10.371,-10.034,1.62712,0.0277561,-0.0277561
HATS-69 b,HATS-69,b,1,1,1,Transit,0,2.2252577,1.9E-06,-1.9E-06,0,0.03211,0.00014,-0.00019,0,10.593,0.247,-0.247,0,0.945,0.022,-0.022,0,183.38791,,,0,0.577,,,0,,,,,,,,,,,,,,,,,183.38791,,,0,0.577,,,0,0.46,0.25,-0.25,0,0.519,,,0,466.6,10,-9.8,0,1296,7,-7,0,88.49,0.55,-0.55,0,0.207,0.071,-0.081,0,,,,,2.35776,0.02184,-0.02184,0,7.859,0.099,-0.099,0,0.1105,0.0023,-0.0023,0,,,,,,,,,,,,,52,28,-28,0,,,,,,,,,5137,16,-16,0,0.88,0.01,-0.01,0,0.89,0.01,-0.02,0,0.377,0.034,-0.034,0,[Fe/H],-0.318,0.008,-0.008,0,4.5,0.01,-0.01,0,8,1.8,-1.3,0,1.854,0.07,-0.07,0,2.55,0.9,-0.9,0,,,,,4.09,0.03,-0.03,0,414.537,3.545,-3.487,2.38362,0.0203065,-0.0203065
HATS-7 b,HATS-7,b,1,1,1,Transit,0,3.185315,5.4E-06,-5.4E-06,0,0.04012,0.00043,-0.00043,0,6.311,0.516,-0.381,0,0.563,0.046,-0.034,0,38.1396,3.81396,-3.81396,0,0.12,0.012,-0.012,0,,,,,,,,,,,,,,,,,38.1396,3.81396,-3.81396,0,0.12,0.012,-0.012,0,0.83,0.18,-0.18,0,0.17,,,1,,,,,1084,32,-32,0,87.92,0.75,-0.75,0,0.39,0.11,-0.13,0,,,,,2.2992,0.0288,-0.0288,0,10.59,0.51,-0.67,0,0.0711,0.0019,-0.0019,0,,,,,,,,,,,,,18.4,1.9,-1.9,0,,,,,,,,,4985,50,-50,0,0.81,0.05,-0.04,0,0.85,0.03,-0.03,0,0.25,0.08,-0.08,0,[Fe/H],-0.434,0.055,-0.047,0,4.54,0.05,-0.05,0,7.8,5,-5,0,2.22,0.33,-0.33,0,0.5,0.5,-0.5,0,,,,,9.44,0.02,-0.02,0,240.707,1.649,-1.628,4.12576,0.0280641,-0.0280641
HATS-70 b,HATS-70,b,1,1,1,Transit,0,1.8882378,1.5E-06,-1.5E-06,0,0.03632,0.00074,-0.00087,0,15.513,0.886,-0.829,0,1.384,0.079,-0.074,0,4100.007,572.094,-508.528,0,12.9,1.8,-1.6,0,,,,,,,,,,,,,,,,,4100.007,572.094,-508.528,0,12.9,1.8,-1.6,0,6.64,1.6,-1.3,0,0.18,,,1,9110,170,-170,0,2730,140,-160,0,86.7,1.6,-1.9,0,0.24,0.13,-0.11,0,,,,,3.624,0.1176,-0.1152,0,4.17,0.16,-0.13,0,0.074,0.0028,-0.0028,0,,,,,,,,,,,,,1460,220,-190,0,8.9,5.6,-4.5,0,13.2,6.4,-5.9,0,7930,630,-820,0,1.88,0.06,-0.07,0,1.78,0.12,-0.12,0,0.041,0.095,-0.107,0,[Fe/H],1.079,0.164,-0.145,0,4.17,0.04,-0.04,0,0.81,0.5,-0.33,0,,,,,40.61,0.32,-0.35,0,,,,,35.74,0.19,-0.2,0,1458.83,68.6,-62.81,0.657918,0.0305828,-0.0305828
HATS-71 b,HATS-71,b,1,1,1,Transit,0,3.7955202,1E-06,-1E-06,0,0.03745,0.00015,-0.00015,0,11.478,0.202,-0.202,0,1.024,0.018,-0.018,0,117.5971,76.2792,-76.2792,0,0.37,0.24,-0.24,0,,,,,,,,,,,,,,,,,117.5971,76.2792,-76.2792,0,0.37,0.24,-0.24,0,0.42,0.28,-0.28,0,0,,,0,,,,,587,2,-2,0,88.82,0.13,-0.13,0,0.348,0.033,-0.042,0,,,,,2.0148,0.01488,-0.01488,0,16.84,0.15,-0.15,0,0.2202,0.0024,-0.0024,0,,,,,,,,,,,,,77,50,-50,0,,,,,,,,,3405,10,-10,0,0.48,0.01,-0.01,0,0.49,0.01,-0.01,0,0.17,0.036,-0.036,0,[Fe/H],-1.56,0.01,-0.01,0,4.77,0.01,-0.01,0,3.2,3.8,-1.5,0,6.26,0.17,-0.17,0,,,,,41.72,0.14,-0.14,0,,,,,140.225,0.865,-0.855,7.10286,0.0433982,-0.0433982
HATS-72 b,HATS-72,b,1,1,1,Transit,0,7.3279474,1.6E-06,-1.6E-06,0,0.066517,8.5E-05,-8.5E-05,0,8.097,0.036,-0.036,0,0.722,0.003,-0.003,0,39.85588,1.23954,-1.23954,0,0.1254,0.0039,-0.0039,0,,,,,,,,,,,,,,,,,39.85588,1.23954,-1.23954,0,0.1254,0.0039,-0.0039,0,0.411,0.015,-0.01,0,0.013,,,1,49.58,0.44,-0.43,0,739,2,-2,0,89.56,0.07,-0.05,0,0.153,0.017,-0.023,0,,,,,3.08472,0.0072,-0.0072,0,19.821,0.048,-0.048,0,0.1029,0.00034,-0.00034,0,,,,,,,,,,,,,16.15,0.51,-0.51,0,,,,,,,,,4656.1,8.9,-8.9,0,0.72,0,0,0,0.73,0,0,0,0.099,0.014,-0.014,0,[Fe/H],-0.659,0.004,-0.004,0,4.59,0,0,0,12.17,0.24,-0.45,0,2.743,0.02,-0.02,0,0.8,1.3,-1.3,0,48.73,0.01,-0.01,0,15.95,0,0,0,127.589,0.614,-0.609,7.809,0.0372917,-0.0372917
HATS-8 b,HATS-8,b,1,1,1,Transit,0,3.583893,1E-05,-1E-05,0,0.04667,0.00055,-0.00055,0,9.785,1.379,-0.841,0,0.873,0.123,-0.075,0,43.86054,6.03877,-6.03877,0,0.138,0.019,-0.019,0,,,,,,,,,,,,,,,,,43.86054,6.03877,-6.03877,0,0.138,0.019,-0.019,0,0.259,0.091,-0.091,0,0.376,,,1,,,,,1324,79,-38,0,87.8,1.2,-1.8,0,0.36,0.21,-0.18,0,,,,,3.0312,0.072,-0.072,0,9.21,0.54,-1.04,0,0.0814,0.0038,-0.0038,0,,,,,,,,,,,,,17.7,2.5,-2.5,0,,,,,,,,,5679,50,-50,0,1.09,0.15,-0.06,0,1.06,0.04,-0.04,0,0.21,0.08,-0.08,0,[Fe/H],,,,,4.39,0.07,-0.07,0,5.1,1.7,-1.7,0,1.15,0.21,-0.35,0,2,0.5,-0.5,0,,,,,19.96,0.04,-0.04,0,794.637,19.412,-18.524,1.23054,0.0297902,-0.0297902
HATS-9 b,HATS-9,b,1,1,1,Transit,0,1.915291,1.9E-05,-1.8E-05,0,0.0312,0.0004,-0.0005,0,13.85,0.35,-0.35,0,1.236,0.031,-0.031,0,,,,,,,,,,,,,,,,,,,,,,,,,,,,,,,,,,,,,,,,,,,,,1746,36,-36,0,,,,,0.16,0.15,-0.11,0,,,,,,,,,4.44,0.05,-0.15,0,0.0814,0.0008,-0.0005,0,,,,,,,,,,,,,,,,,,,,,,,,,5599,85,-85,0,1.56,0.04,-0.04,0,1.1,0.05,-0.05,0,0.38,0.05,-0.05,0,[Fe/H],,,,,4.1,0.03,-0.03,0,,,,,0.451,0.028,-0.027,0,,,,,,,,,,,,,638.7,12.633,-12.16,1.53764,0.0301429,-0.0301429
HD 1397 b,HD 1397,b,1,1,1,Transit,0,11.53533,0.00079,-0.0008,0,0.1097,0.0011,-0.0013,0,11.5,0.28,-0.303,0,1.026,0.025,-0.027,0,131.89945,6.3566,-6.3566,0,0.415,0.02,-0.02,0,,,,,,,,,,,,,,,,,131.89945,6.3566,-6.3566,0,0.415,0.02,-0.02,0,0.477,0.043,-0.038,0,0.251,0.02,-0.019,0,356,12,-12,0,1228,10,-10,0,88.99,0.67,-0.73,0,0.17,0.12,-0.11,0,0.2037,0.0027,-0.0023,0,8.6016,0.0336,-0.0312,0,10.1,0.24,-0.22,0,0.04513,0.0003,-0.00025,0,,,,,,,,,2.1,6.1,-7,0,32,1.4,-1.4,0,,,,,,,,,5521,60,-60,0,2.34,0.05,-0.06,0,1.32,0.04,-0.05,0,0.29,0.09,-0.09,0,[Fe/H],0.66,0.014,-0.015,0,3.82,0.02,-0.02,0,4.51,0.5,-0.5,0,0.147,0.01,-0.01,0,2,,,1,,,,,,,,,79.5702,0.1738,-0.1731,12.5386,0.0271885,-0.0271885
HD 183579 b,HD 183579,b,1,1,1,Transit,0,17.471278,5.8E-05,-6E-05,0,0.1334,0.0062,-0.0061,0,3.55,0.15,-0.12,0,0.317,0.013,-0.011,0,19.7,4,-3.9,0,0.06198,0.01259,-0.01227,0,,,,,,,,,,,,,,,,,19.7,4,-3.9,0,0.06198,0.01259,-0.01227,0,2.39,0.57,-0.54,0,0.28,,,0,58.1,5.3,-3.9,0,769,17,-13,0,89.33,0.41,-0.4,0,0.32,0.17,-0.2,0,,,,,4.36,0.23,-0.51,0,29.1,0.8,-1.1,0,0.033,0.00063,-0.00059,0,,,,,,,,,,,,,4.9,0.9,-1,0,,,,,,,,,5788,44,-44,0,0.98,0.04,-0.03,0,1.03,0.03,-0.03,0,-0.023,0.05,-0.05,0,[Fe/H],0.012,0.043,-0.032,0,4.5,0.03,-0.03,0,2.6,1.4,-1.2,0,1.53,0.13,-0.17,0,,,,,,,,,,,,,57.2651,0.1875,-0.1864,17.434,0.0565783,-0.0565783
HD 219666 b,HD 219666,b,1,1,1,Transit,0,6.03607,0.00064,-0.00063,0,0.06356,0.00265,-0.00265,0,4.71,0.17,-0.17,0,0.42,0.015,-0.015,0,16.6,1.3,-1.3,0,0.05223,0.00409,-0.00409,0,,,,,,,,,,,,,,,,,16.6,1.3,-1.3,0,0.05223,0.00409,-0.00409,0,0.87,0.12,-0.11,0,0,,,0,,,,,1073,20,-20,0,86.38,0.15,-0.15,0,0.838,0.012,-0.013,0,,,,,2.158,0.034,-0.034,0,13.27,0.39,-0.39,0,0.04192,0.00083,-0.00083,0,,,,,,,,,,,,,6.17,0.46,-0.46,0,,,,,,,,,5527,65,-65,0,1.03,0.03,-0.03,0,0.92,0.03,-0.03,0,0.04,0.04,-0.04,0,[Fe/H],,,,,4.4,0.11,-0.11,0,10,2,-2,0,,,,,2.2,0.8,-0.8,0,,,,,-20.1,0,0,0,94.1719,0.2518,-0.2506,10.59,0.0281131,-0.0281131
HD 221416 b,HD 221416,b,1,1,1,Transit,0,14.2767,0.0037,-0.0037,0,0.1228,0.0025,-0.0026,0,9.17,0.34,-0.31,0,0.836,0.031,-0.028,0,60.5,5.7,-5.7,0,0.19,0.018,-0.018,0,,,,,,,,,,,,,,,,,60.5,5.7,-5.7,0,0.19,0.018,-0.018,0,0.431,0.064,-0.06,0,0.115,0.034,-0.03,0,,,,,,,,,85.75,0.36,-0.35,0,0.728,0.04,-0.049,0,,,,,,,,,8.97,0.27,-0.27,0,0.02854,0.00084,-0.00071,0,,,,,,,,,-106,34.7,-31.1,0,14.1,1.2,-1.2,0,,,,,,,,,5080,90,-90,0,2.94,0.06,-0.06,0,1.21,0.07,-0.07,0,-0.08,0.08,-0.08,0,[Fe/H],0.712,0.014,-0.015,0,3.58,0.01,-0.01,0,4.9,1.1,-1.1,0,0.067,0.0005,-0.0005,0,2.8,1.6,-1.6,0,,,,,,,,,95.5483,0.7364,-0.7254,10.438,0.0794555,-0.0794555
HD 2685 b,HD 2685,b,1,1,1,Transit,0,4.12688,5E-05,-4E-05,0,0.0568,0.0006,-0.0006,0,16.141,0.56,-0.56,0,1.44,0.05,-0.05,0,371.8611,38.1396,-38.1396,0,1.17,0.12,-0.12,0,,,,,,,,,,,,,,,,,371.8611,38.1396,-38.1396,0,1.17,0.12,-0.12,0,,,,,0.091,0.039,-0.047,0,,,,,2061,28,-28,0,89.252,0.415,-0.444,0,,,,,,,,,,,,,7.6974,0.0689,-0.0541,0,0.09467,0.00033,-0.00028,0,,,,,,,,,184.36,6.27,-6.56,0,117.4,12,-12,0,,,,,,,,,6801,76,-76,0,1.56,0.05,-0.05,0,1.43,0.05,-0.04,0,0.02,0.06,-0.06,0,[Fe/H],0.668,0.038,-0.041,0,4.21,0.03,-0.03,0,1.31,0.34,-0.47,0,,,,,15.4,0.2,-0.2,0,,,,,,,,,196.852,0.777,-0.771,5.05109,0.0198125,-0.0198125
HD 332231 b,HD 332231,b,1,1,1,Transit,0,18.71204,0.00043,-0.00043,0,0.1436,0.0032,-0.0033,0,9.718,0.303,-0.28,0,0.867,0.027,-0.025,0,77.55052,6.67443,-6.67443,0,0.244,0.021,-0.021,0,,,,,,,,,,,,,,,,,77.55052,6.67443,-6.67443,0,0.244,0.021,-0.021,0,0.464,0.054,-0.052,0,0.032,0.03,-0.022,0,98.09,8.08,-7.2,0,876,17,-17,0,89.68,0.22,-0.28,0,0.133,0.12,-0.092,0,0.4867,0.0058,-0.0055,0,6.156,0.0264,-0.024,0,24.21,0.62,-0.78,0,0.06976,0.00041,-0.00039,0,,,,,2458690.2,3.3,-3.9,0,47,69,-74,0,17.3,1.2,-1.2,0,,,,,,,,,6089,97,-96,0,1.28,0.04,-0.04,0,1.13,0.08,-0.08,0,0.036,0.059,-0.058,0,[Fe/H],0.305,0.039,-0.041,0,4.28,0.03,-0.03,0,4.3,2.5,-1.9,0,0.766,0.061,-0.072,0,,,,,,,,,,,,,80.6665,0.1917,-0.1908,12.3678,0.0291705,-0.0291705
HD 72490 b,HD 72490,b,1,1,1,Transit,0,858,12,-12,0,1.88,0.21,-0.21,0,,,,,,,,,,,,,,,,,561.92344,25.4264,-25.4264,0,1.768,0.08,-0.08,0,,,,,,,,,561.92344,25.4264,-25.4264,0,1.768,0.08,-0.08,0,,,,,0.124,0.046,-0.046,0,,,,,,,,,,,,,,,,,,,,,,,,,,,,,,,,,,,,,2440320,230,-230,0,145,23,-23,0,33.5,1.5,-1.5,0,,,,,,,,,4934,,,0,4.96,,,0,1.21,,,0,,,,,,,,,,3.21,,,0,,,,,,,,,,,,,,,,,,,,,126.339,1.0915,-1.0915,7.88723,0.0678717,-0.0678717
HD 80653 b,HD 80653,b,1,1,1,Transit,0,0.719573,2.1E-05,-2.1E-05,0,0.0166,0.0003,-0.0003,0,1.613,0.071,-0.071,0,0.144,0.006,-0.006,0,5.6,0.43,-0.43,0,0.01762,0.00135,-0.00135,0,,,,,,,,,,,,,,,,,5.6,0.43,-0.43,0,0.01762,0.00135,-0.00135,0,7.4,1.1,-1.1,0,,,,,,,,,,,,,82.1,2.4,-2.4,0,0.4,0.08,-0.14,0,,,,,1.7976,0.0648,-0.06,0,2.92,0.05,-0.05,0,0.0121,0.0004,-0.0004,0,,,,,,,,,,,,,3.55,0.26,-0.26,0,,,,,,,,,,,,,1.22,0.01,-0.01,0,1.18,0.04,-0.04,0,,,,,,0.24,0.02,-0.02,0,4.34,0.02,-0.02,0,2.67,1.2,-1.2,0,0.9,0.06,-0.06,0,,,,,19.8,0.5,-0.5,0,8.31,0,0,0,109.86,0.811,-0.8,9.07435,0.0662085,-0.0662085
HD 89345 b,HD 89345,b,1,1,1,Transit,0,11.8143,0.0002,-0.0002,0,0.1066,0.0012,-0.0014,0,7.398,0.314,-0.336,0,0.66,0.028,-0.03,0,34.9613,5.40311,-5.72094,0,0.11,0.017,-0.018,0,34.9613,5.40311,-5.72094,0,0.11,0.017,-0.018,0,35.003,5.728,-5.728,0,0.11013,0.01802,-0.01802,0,34.9613,5.40311,-5.72094,0,0.11,0.017,-0.018,0,0.471,0.094,-0.084,0,0.22,0.095,-0.13,0,,,,,1089,15,-16,0,87.21,0.43,-0.22,0,0.645,0.089,-0.15,0,0.1509,0.0085,-0.0091,0,5.7336,0.0384,-0.0384,0,13.11,0.38,-0.36,0,0.0389,0.0011,-0.0012,0,,,,,2457911.3,1.5,-0.89,0,-13,58,-27,0,9.2,1.5,-1.5,0,,,,,,,,,5576,73,-76,0,1.75,0.05,-0.05,0,1.16,0.04,-0.04,0,0.421,0.046,-0.054,0,[Fe/H],0.425,0.024,-0.027,0,4.02,0.03,-0.03,0,7.53,1.3,-0.99,0,0.305,0.027,-0.025,0,,,,,,,,,,,,,132.345,0.808,-0.799,7.52747,0.0455361,-0.0455361
HIP 67522 b,HIP 67522,b,1,1,1,Transit,0,6.959503,1.6E-05,-1.5E-05,0,,,,,10.07,0.47,-0.47,0,0.898,0.042,-0.042,0,,,,,,,,,,,,,,,,,,,,,,,,,,,,,,,,,,,,,0.059,0.193,-0.046,0,,,,,1174,21,-20,0,89.34,0.45,-0.54,0,0.134,0.106,-0.092,0,,,,,4.822,0.021,-0.019,0,11.7,0.24,-0.27,0,0.0667,0.0012,-0.0011,0,,,,,,,,,-17,92,-149,0,,,,,,,,,,,,,5675,75,-75,0,1.38,0.06,-0.06,0,1.22,0.05,-0.05,0,0,,,0,,0.243,0.022,-0.023,0,,,,,0.017,0.002,-0.002,0,0.65,0.08,-0.08,0,54.2,0.7,-0.7,0,1.42,0.02,-0.02,0,7.41,0.25,-0.25,0,127.28,1.105,-1.087,7.8288,0.0671421,-0.0671421
K2-10 b,K2-10,b,1,1,1,Transit,0,19.3044,0.0012,-0.0012,0,,,,,3.84,0.35,-0.34,0,0.343,0.031,-0.03,0,27,17,-16,0,0.08495,0.05349,-0.05034,0,,,,,,,,,,,,,,,,,27,17,-16,0,0.08495,0.05349,-0.05034,0,2.6,2.1,-1.6,0,0.31,0.16,-0.18,0,,,,,,,,,,,,,0.4,0.27,-0.27,0,,,,,,,,,28.7,2.6,-3.1,0,0.0357,0.0017,-0.0009,0,,,,,,,,,,,,,7.3,4.6,-4.2,0,,,,,,,,,5620,70,-70,0,0.98,0.08,-0.08,0,0.92,0.05,-0.05,0,-0.07,0.07,-0.07,0,[Fe/H],,,,,4.5,0.08,-0.08,0,,,,,1.38,0.34,-0.34,0,3,1,-1,0,,,,,8.2,0,0,0,272.36,3.112,-3.044,3.64323,0.0411738,-0.0411738
K2-100 b,K2-100,b,1,1,1,Transit,0,1.6739035,4E-07,-4E-07,0,0.0301,0.0014,-0.0014,0,3.88,0.16,-0.16,0,0.346,0.014,-0.014,0,21.8,6.2,-6.2,0,0.06859,0.01951,-0.01951,0,,,,,,,,,,,,,,,,,21.8,6.2,-6.2,0,0.06859,0.01951,-0.01951,0,2.04,0.66,-0.61,0,0,,,0,1915,178,-165,0,1841,41,-41,0,81.27,0.37,-0.37,0,0.791,0.014,-0.014,0,,,,,,,,,5.21,0.13,-0.13,0,0.02867,0.00028,-0.00028,0,,,,,,,,,,,,,10.6,3,-3,0,,,,,,,,,5945,110,-110,0,1.24,0.05,-0.05,0,1.15,0.05,-0.05,0,0.22,0.09,-0.09,0,[Fe/H],,,,,4.33,0.1,-0.1,0,0.75,0.004,-0.007,0,0.85,0.12,-0.1,0,14,2,-2,0,,,,,,,,,188.959,2.471,-2.41,5.26448,0.0678257,-0.0678257
K2-101 b,K2-101,b,1,1,1,Transit,0,14.677286,0.000828,-0.000804,0,,,,,2,0.1,-0.1,0,0.178,0.009,-0.009,0,,,,,,,,,,,,,,,,,,,,,,,,,,,,,,,,,,,,,0.1,0.18,-0.08,0,,,,,,,,,89.4,0.4,-0.5,0,0.35,0.25,-0.23,0,,,,,3.23,0.56,-0.63,0,32.5,2.3,-2.4,0,0.0247,0.0012,-0.0007,0,,,,,,,,,0,152,-118,0,,,,,,,,,,,,,4819,45,-45,0,0.73,0.03,-0.03,0,0.8,0.06,-0.06,0,0.14,0.04,-0.04,0,[Fe/H],-0.595,0.016,-0.016,0,,,,,0.79,0.03,-0.03,0,2.92,0.38,-0.39,0,3.9,0.9,-0.7,0,10.6,0.6,-0.6,0,34.31,0.17,-0.17,0,188.33,2.128,-2.082,5.28182,0.0588946,-0.0588946
K2-102 b,K2-102,b,1,1,1,Transit,0,9.915615,0.001209,-0.001195,0,,,,,1.3,0.1,-0.1,0,0.116,0.009,-0.009,0,,,,,,,,,,,,,,,,,,,,,,,,,,,,,,,,,,,,,0.1,0.16,-0.07,0,,,,,,,,,89,0.6,-0.6,0,0.43,0.24,-0.27,0,,,,,2.66,0.56,-0.52,0,25.3,1.9,-2.1,0,0.017,0.0012,-0.0008,0,,,,,,,,,-1,136,-132,0,,,,,,,,,,,,,4695,50,-50,0,0.71,0.03,-0.03,0,0.77,0.06,-0.06,0,0.14,0.04,-0.04,0,[Fe/H],-0.657,0.016,-0.016,0,,,,,0.79,0.03,-0.03,0,3.03,0.38,-0.38,0,3,1,-0.7,0,11.5,0.7,-0.7,0,34.85,0.17,-0.17,0,188.175,2.065,-2.022,5.28616,0.0572616,-0.0572616
K2-104 b,K2-104,b,1,1,1,Transit,0,1.974238,0.00011,-0.00011,0,0.023,0.001,-0.001,0,1.96,0.15,-0.15,0,0.175,0.013,-0.013,0,,,,,,,,,,,,,,,,,,,,,,,,,,,,,,,,,,,,,0.09,0.167783,-0.07267,0,62.1,16,-13.8,0,,,,,88,1.34,-1.48,0,,,,,,,,,,,,,9.93,0.9,-1.01,0,0.03657,0.0015,-0.0013,0,,,,,,,,,6.24,121.8546,-136.6709,0,,,,,,,,,,,,,3546.46,98.71,-94.56,0,0.49,0.03,-0.03,0,0.43,0.06,-0.07,0,,,,,,,,,,,,,,,,,,,,,,,,,,,,,,,,,,189.289,3.996,-3.837,5.25733,0.108421,-0.108421
K2-105 b,K2-105,b,1,1,1,Transit,0,8.267704,0.00035,-0.000318,0,0.0796,0.0007,-0.0007,0,3.37,0.12,-0.12,0,0.301,0.011,-0.011,0,,,,,,,,,,,,,,,,,,,,,,,,,,,,,,,,,,,,,,,,,,,,,814,12,-12,0,,,,,0.36,0.28,-0.25,0,,,,,,,,,17.72,1.11,-3.01,0,0.0339,0.0016,-0.0007,0,,,,,,,,,,,,,,,,,,,,,,,,,5464,65,-65,0,0.91,0.01,-0.01,0,0.99,0.03,-0.03,0,0.25,0.05,-0.05,0,[Fe/H],,,,,4.51,0.02,-0.02,0,,,,,1.541,0.527,-0.427,0,,,,,,,,,,,,,197.989,1.555,-1.53,5.02224,0.0390478,-0.0390478
K2-107 b,K2-107,b,1,1,1,Transit,0,3.313959,2.4E-05,-2.4E-05,0,0.0475,0.0006,-0.0006,0,15.98,0.55,-0.55,0,1.426,0.049,-0.049,0,,,,,,,,,,,,,,,,,,,,,,,,,,,,,,,,,,,,,,,,,,,,,1649,39,-39,0,,,,,0.74,0.02,-0.03,0,,,,,,,,,6.42,0.3,-0.24,0,0.081,0.0008,-0.001,0,,,,,,,,,,,,,,,,,,,,,,,,,6061,96,-96,0,1.81,0.06,-0.06,0,1.3,0.05,-0.05,0,0.14,0.06,-0.06,0,[Fe/H],,,,,4.04,0.03,-0.03,0,,,,,0.457,0.059,-0.055,0,,,,,,,,,,,,,685.2,20.502,-19.364,1.43244,0.042084,-0.042084
K2-108 b,K2-108,b,1,1,1,Transit,0,4.733999,0.000221,-0.000227,0,0.0581,0.0009,-0.0009,0,5.33,0.21,-0.21,0,0.476,0.019,-0.019,0,,,,,,,,,,,,,,,,,,,,,,,,,,,,,,,,,,,,,,,,,,,,,1360,29,-29,0,,,,,0.33,0.27,-0.23,0,,,,,,,,,9.86,0.54,-1.44,0,0.0277,0.0011,-0.0006,0,,,,,,,,,,,,,,,,,,,,,,,,,5599,87,-87,0,1.76,0.04,-0.04,0,1.17,0.06,-0.06,0,0.36,0.05,-0.05,0,[Fe/H],,,,,4.02,0.03,-0.03,0,,,,,0.806,0.235,-0.195,0,,,,,,,,,,,,,477.295,10.094,-9.692,2.06697,0.0430861,-0.0430861
K2-11 b,K2-11,b,1,1,1,Transit,0,39.93767,0.23229,-0.23229,0,0.2257,0.0143,-0.0143,0,7.55,9.33,-9.33,0,0.674,0.832,-0.832,0,,,,,,,,,,,,,,,,,,,,,,,,,,,,,,,,,,,,,,,,,,,,,734,253,-253,0,,,,,,,,,0.07,,,0,,,,,45.08,58.53,-58.53,0,,,,,,,,,,,,,,,,,,,,,,,,,,,,,5433,49,-144,0,5.15,0.2,-4.39,0,1.35,0.04,-0.56,0,-0.12,0.01,-0.17,0,[Fe/H],,,,,,,,,,,,,,,,,,,,,,,,,,,,,329.309,2.682,-2.641,3.0079,0.0243587,-0.0243587
K2-110 b,K2-110,b,1,1,1,Transit,0,13.86387,0.000325,-0.000329,0,0.1027,0.0011,-0.0011,0,2.56,0.07,-0.07,0,0.228,0.006,-0.006,0,,,,,,,,,,,,,,,,,,,,,,,,,,,,,,,,,,,,,,,,,,,,,575,8,-8,0,,,,,0.31,0.25,-0.2,0,,,,,,,,,32.94,1.45,-4.14,0,0.0329,0.0012,-0.0005,0,,,,,,,,,,,,,,,,,,,,,,,,,4950,58,-58,0,0.71,0.01,-0.01,0,0.75,0.02,-0.02,0,-0.21,0.05,-0.05,0,[Fe/H],,,,,4.61,0.02,-0.02,0,,,,,3.515,0.837,-0.723,0,,,,,,,,,,,,,116.474,0.431,-0.427,8.5568,0.0314033,-0.0314033
K2-113 b,K2-113,b,1,1,1,Transit,0,5.817685,4.1E-05,-4.1E-05,0,0.0642,0.0009,-0.0009,0,12.14,0.35,-0.35,0,1.083,0.031,-0.031,0,,,,,,,,,,,,,,,,,,,,,,,,,,,,,,,,,,,,,,,,,,,,,1098,23,-23,0,,,,,0.72,0.03,-0.04,0,,,,,,,,,12.08,0.63,-0.52,0,0.0898,0.0011,-0.0013,0,,,,,,,,,,,,,,,,,,,,,,,,,5660,87,-87,0,1.24,0.03,-0.03,0,1.04,0.04,-0.04,0,0.27,0.06,-0.06,0,[Fe/H],,,,,4.27,0.03,-0.03,0,,,,,0.987,0.145,-0.13,0,,,,,,,,,,,,,635.722,13.43,-13.43,1.54414,0.0329812,-0.0329812
K2-114 b,K2-114,b,1,1,1,Transit,0,11.391013,0.000224,-0.000225,0,0.0954,0.0011,-0.0011,0,10.67,0.36,-0.36,0,0.952,0.032,-0.032,0,,,,,,,,,,,,,,,,,,,,,,,,,,,,,,,,,,,,,,,,,,,,,661,12,-12,0,,,,,0.44,0.13,-0.22,0,,,,,,,,,22.47,1.9,-1.87,0,0.1163,0.0034,-0.003,0,,,,,,,,,,,,,,,,,,,,,,,,,5044,68,-68,0,0.84,0.02,-0.02,0,0.89,0.03,-0.03,0,0.39,0.05,-0.05,0,[Fe/H],,,,,4.54,0.03,-0.03,0,,,,,1.655,0.451,-0.382,0,,,,,,,,,,,,,475.758,8.252,-7.98,2.07344,0.0355806,-0.0355806
K2-115 b,K2-115,b,1,1,1,Transit,0,20.272615,0.000356,-0.000343,0,0.143,0.0012,-0.0012,0,12.06,0.22,-0.22,0,1.076,0.02,-0.02,0,,,,,,,,,,,,,,,,,,,,,,,,,,,,,,,,,,,,,,,,,,,,,619,8,-8,0,,,,,0.6,0.04,-0.06,0,,,,,,,,,38.68,1.91,-1.57,0,0.1255,0.0015,-0.0018,0,,,,,,,,,,,,,,,,,,,,,,,,,5657,60,-60,0,0.88,0.01,-0.01,0,0.95,0.02,-0.02,0,-0.1,0.05,-0.05,0,[Fe/H],,,,,4.53,0.02,-0.02,0,,,,,2.663,0.372,-0.338,0,,,,,,,,,,,,,413.591,4.312,-4.225,2.38911,0.0247653,-0.0247653
K2-116 b,K2-116,b,1,1,1,Transit,0,4.655411,0.000486,-0.000473,0,0.048,0.002,-0.002,0,0.69,0.04,-0.04,0,0.062,0.004,-0.004,0,,,,,,,,,,,,,,,,,,,,,,,,,,,,,,,,,,,,,0.06,0.141966,-0.053272,0,78.6,12.2,-10.5,0,,,,,89.09,0.62,-0.71,0,,,,,,,,,,,,,15.37,0.65,-0.66,0,0.0094,0.0004,-0.00036,0,,,,,,,,,-23.44,137.1911,-116.7845,0,,,,,,,,,,,,,4348.35,86.1,-87.78,0,0.67,0.03,-0.03,0,0.69,0.07,-0.07,0,,,,,,,,,,,,,,,,,,,,,,,,,,,,,,,,,,49.3855,0.1247,-0.124,20.2201,0.050604,-0.050604
K2-118 b,K2-118,b,1,1,1,Transit,0,50.92092,0.005584,-0.005249,0,0.245,0.008,-0.008,0,2.54,0.23,-0.2,0,0.227,0.021,-0.018,0,,,,,,,,,,,,,,,,,,,,,,,,,,,,,,,,,,,,,0.2,0.183774,-0.159064,0,4.3,0.6,-0.6,0,,,,,89.5,0.24,-0.12,0,,,,,,,,,,,,,71.82,4.74,-4.63,0,0.03174,0.0021,-0.00175,0,,,,,,,,,58.67,75.8575,-123.4359,0,,,,,,,,,,,,,4726.29,142.64,-127.34,0,0.73,0.05,-0.04,0,0.76,0.08,-0.08,0,,,,,,,,,,,,,,,,,,,,,,,,,,,,,,,,,,321.722,3.7605,-3.7605,3.07977,0.0360551,-0.0360551
K2-119 b,K2-119,b,1,1,1,Transit,0,7.727283,0.001268,-0.001149,0,0.0698,0.0006,-0.0006,0,2.53,0.2,-0.2,0,0.226,0.018,-0.018,0,,,,,,,,,,,,,,,,,,,,,,,,,,,,,,,,,,,,,,,,,,,,,666,15,-15,0,,,,,0.41,0.32,-0.28,0,,,,,,,,,19.23,2.57,-4.59,0,0.0328,0.0031,-0.0019,0,,,,,,,,,,,,,,,,,,,,,,,,,4740,100,-100,0,0.71,0.01,-0.01,0,0.76,0.02,-0.02,0,-0.05,0.12,-0.12,0,[Fe/H],,,,,4.62,0.01,-0.01,0,,,,,2.251,1.411,-0.995,0,,,,,,,,,,,,,365.581,4.37,-4.27,2.70677,0.0320776,-0.0320776
K2-12 b,K2-12,b,1,1,1,Transit,0,8.28212,0.0006,-0.0006,0,0.0802,0.0021,-0.0021,0,2.33,0.58,-0.58,0,0.208,0.052,-0.052,0,,,,,,,,,,,,,,,,,,,,,,,,,,,,,,,,,,,,,,,,,,,,,1003,121,-121,0,,,,,,,,,0.042,,,0,,,,,17.47,5.05,-5.05,0,,,,,,,,,,,,,,,,,,,,,,,,,,,,,5800,53,-90,0,1.01,0.27,-0.09,0,1.01,0.05,-0.06,0,0.03,0.13,-0.17,0,[Fe/H],,,,,,,,,,,,,,,,,,,,,,,,,,,,,326.381,6.282,-6.053,3.0362,0.0574438,-0.0574438
K2-120 b,K2-120,b,1,1,1,Transit,0,9.562742,0.000675,-0.000673,0,0.078,0.003,-0.003,0,2.01,0.13,-0.12,0,0.179,0.012,-0.011,0,,,,,,,,,,,,,,,,,,,,,,,,,,,,,,,,,,,,,0.14,0.168421,-0.105016,0,35.1,5.9,-5.1,0,,,,,89.57,0.3,-0.42,0,,,,,,,,,,,,,24.05,1.52,-1.31,0,0.0276,0.00076,-0.00068,0,,,,,,,,,-81.19,59.6501,-60.7572,0,,,,,,,,,,,,,4349.9,101.62,-96.12,0,0.67,0.04,-0.03,0,0.69,0.07,-0.07,0,,,,,,,,,,,,,,,,,,,,,,,,,,,,,,,,,,,,,,,
K2-121 b,K2-121,b,1,1,1,Transit,0,5.185761,2.9E-05,-3E-05,0,0.0525,0.0003,-0.0003,0,7.5,0.14,-0.14,0,0.669,0.012,-0.012,0,,,,,,,,,,,,,,,,,,,,,,,,,,,,,,,,,,,,,,,,,,,,,723,13,-13,0,,,,,0.21,0.17,-0.15,0,,,,,,,,,21.02,0.42,-1.12,0,0.1009,0.002,-0.0009,0,,,,,,,,,,,,,,,,,,,,,,,,,4551,74,-74,0,0.68,0.01,-0.01,0,0.72,0.01,-0.01,0,-0.04,0.1,-0.1,0,[Fe/H],,,,,4.63,0.01,-0.01,0,,,,,6.532,0.658,-0.62,0,,,,,,,,,,,,,169.398,1.061,-1.048,5.87462,0.0364652,-0.0364652
K2-123 b,K2-123,b,1,1,1,Transit,0,30.951524,0.003625,-0.00332,0,0.1649,0.0008,-0.0008,0,2.76,0.16,-0.16,0,0.246,0.014,-0.014,0,,,,,,,,,,,,,,,,,,,,,,,,,,,,,,,,,,,,,,,,,,,,,338,5,-5,0,,,,,0.39,0.3,-0.27,0,,,,,,,,,61.21,5.96,-12.59,0,0.0427,0.003,-0.0021,0,,,,,,,,,,,,,,,,,,,,,,,,,4035,52,-52,0,0.59,0.01,-0.01,0,0.62,0.01,-0.01,0,0.03,0.11,-0.11,0,[Fe/H],,,,,4.69,0.01,-0.01,0,,,,,4.511,2.213,-1.647,0,,,,,,,,,,,,,161.555,0.652,-0.652,6.16099,0.0248026,-0.0248026
K2-124 b,K2-124,b,1,1,1,Transit,0,6.413651,3.6E-05,-3.1E-05,0,0.049,0.002,-0.002,0,2.9,0.1,-0.1,0,0.259,0.009,-0.009,0,,,,,,,,,,,,,,,,,,,,,,,,,,,,,,,,,,,,,,,,,,,,,442,17,-17,0,89.03,0.32,-0.27,0,0.47,0.1,-0.14,0,,,,,1.68,0.048,-0.048,0,28,1.5,-1.7,0,0.069,0.002,-0.002,0,,,,,,,,,,,,,,,,,,,,,,,,,3570,63,-70,0,0.39,0.02,-0.01,0,0.39,0.01,-0.04,0,0.023,0.061,-0.106,0,[Fe/H],,,,,4.86,0.01,-0.09,0,,,,,9.58,0.47,-2.12,0,,,,,,,,,,,,,140.385,1.32,-1.296,7.09527,0.065856,-0.065856
K2-125 b,K2-125,b,1,1,1,Transit,0,21.750264,0.00199,-0.001957,0,0.121,0.004,-0.005,0,2.18,0.19,-0.18,0,0.194,0.017,-0.016,0,,,,,,,,,,,,,,,,,,,,,,,,,,,,,,,,,,,,,0.08,0.161049,-0.066906,0,2,0.3,-0.3,0,,,,,89.72,0.19,-0.21,0,,,,,,,,,,,,,63.31,5.01,-5.68,0,0.04981,0.00189,-0.00169,0,,,,,,,,,-3.74,128.585,-127.4596,0,,,,,,,,,,,,,3654.47,99.56,-92.33,0,0.4,0.03,-0.03,0,0.49,0.05,-0.06,0,,,,,,,,,,,,,,,,,,,,,,,,,,,,,,,,,,124.156,0.83,-0.83,8.026,0.0534322,-0.0534322
K2-126 b,K2-126,b,1,1,1,Transit,0,7.385655,0.000501,-0.000509,0,0.0656,0.0004,-0.0004,0,1.97,0.12,-0.12,0,0.176,0.011,-0.011,0,,,,,,,,,,,,,,,,,,,,,,,,,,,,,,,,,,,,,,,,,,,,,601,13,-13,0,,,,,0.4,0.29,-0.27,0,,,,,,,,,20.29,1.73,-4.1,0,0.0279,0.0022,-0.0011,0,,,,,,,,,,,,,,,,,,,,,,,,,4339,92,-92,0,0.65,0.01,-0.01,0,0.69,0.01,-0.01,0,0.02,0.14,-0.14,0,[Fe/H],,,,,4.66,0.01,-0.01,0,,,,,2.903,1.29,-1,0,,,,,,,,,,,,,102.953,0.777,-0.766,9.68518,0.072196,-0.072196
K2-127 b,K2-127,b,1,1,1,Transit,0,3.588163,2.8E-05,-2.9E-05,0,0.0411,0.0002,-0.0002,0,8.37,0.33,-0.33,0,0.747,0.029,-0.029,0,,,,,,,,,,,,,,,,,,,,,,,,,,,,,,,,,,,,,,,,,,,,,809,15,-15,0,,,,,0.58,0.09,-0.17,0,,,,,,,,,11.46,1.33,-0.96,0,0.1162,0.0039,-0.0046,0,,,,,,,,,,,,,,,,,,,,,,,,,4575,74,-74,0,0.66,0.01,-0.01,0,0.72,0.01,-0.01,0,-0.11,0.06,-0.06,0,[Fe/H],,,,,4.65,0.01,-0.01,0,,,,,2.211,0.716,-0.588,0,,,,,,,,,,,,,709.999,20.526,-19.423,1.38055,0.0392998,-0.0392998
K2-128 b,K2-128,b,1,1,1,Transit,0,5.675819,0.000411,-0.000414,0,0.056,0.002,-0.002,0,1.42,0.16,-0.13,0,0.127,0.014,-0.012,0,,,,,,,,,,,,,,,,,,,,,,,,,,,,,,,,,,,,,0.23,0.220222,-0.19371,0,68.8,11.1,-9.7,0,,,,,87.4,1.08,-0.66,0,,,,,,,,,,,,,15.46,1.38,-1.4,0,0.01675,0.00102,-0.00086,0,,,,,,,,,62.55,71.2834,-113.7218,0,,,,,,,,,,,,,4469.51,171.97,-145.15,0,0.78,0.08,-0.06,0,0.71,0.07,-0.07,0,,,,,,,,,,,,,,,,,,,,,,,,,,,,,,,,,,114.637,0.93,-0.915,8.6952,0.0696789,-0.0696789
K2-129 b,K2-129,b,1,1,1,Transit,0,8.239493,0.000292,-0.000291,0,0.057,0.003,-0.004,0,1.04,0.1,-0.09,0,0.093,0.009,-0.008,0,,,,,,,,,,,,,,,,,,,,,,,,,,,,,,,,,,,,,0.13,0.210105,-0.109504,0,4.5,0.6,-0.5,0,,,,,89.21,0.5,-0.48,0,,,,,,,,,,,,,34.37,4.51,-4.7,0,0.0266,0.00123,-0.00087,0,,,,,,,,,39.89,97.2451,-143.1102,0,,,,,,,,,,,,,3459.09,89.05,-83.62,0,0.36,0.03,-0.03,0,0.36,0.07,-0.07,0,,,,,,,,,,,,,,,,,,,,,,,,,,,,,,,,,,27.7957,0.0746,-0.0742,35.9483,0.0956121,-0.0956121
K2-13 b,K2-13,b,1,1,1,Transit,0,39.91488,0.32477,-0.32477,0,0.2114,0.0061,-0.0061,0,1.89,0.95,-0.95,0,0.169,0.085,-0.085,0,,,,,,,,,,,,,,,,,,,,,,,,,,,,,,,,,,,,,,,,,,,,,511,126,-126,0,,,,,,,,,0.058,,,0,,,,,79.69,63.37,-63.37,0,,,,,,,,,,,,,,,,,,,,,,,,,,,,,5698,45,-82,0,0.78,0.09,-0.05,0,0.8,0.04,-0.04,0,-0.54,0.12,-0.14,0,[Fe/H],,,,,,,,,,,,,,,,,,,,,,,,,,,,,342.394,4.436,-4.326,2.89216,0.0370844,-0.0370844
K2-130 b,K2-130,b,1,1,1,Transit,0,2.49412,0.000132,-0.000128,0,0.032,0.001,-0.001,0,1.25,0.2,-0.14,0,0.112,0.018,-0.012,0,,,,,,,,,,,,,,,,,,,,,,,,,,,,,,,,,,,,,0.17,0.220344,-0.135968,0,136.4,45.8,-35.8,0,,,,,86.53,1.92,-1.65,0,,,,,,,,,,,,,9.26,1.17,-1.17,0,0.0154,0.00081,-0.00058,0,,,,,,,,,49.8,86.0838,-134.1738,0,,,,,,,,,,,,,4356.47,196.73,-172.4,0,0.74,0.11,-0.08,0,0.7,0.07,-0.07,0,,,,,,,,,,,,,,,,,,,,,,,,,,,,,,,,,,118.011,0.519,-0.514,8.44508,0.0367772,-0.0367772
K2-131 b,K2-131,b,1,1,1,Transit,0,0.36931,1E-05,-1E-05,0,0.0095,0,0,0,1.7,0.09,-0.05,0,0.152,0.008,-0.004,0,,,,,,,,,,,,,,,,,,,,,,,,,,,,,,,,,,,,,,,,,,,,,2062,23,-23,0,,,,,0.4,0.27,-0.26,0,,,,,,,,,2.6,0.2,-0.4,0,0.0207,0.001,-0.0005,0,,,,,,,,,,,,,,,,,,,,,,,,,5245,46,-52,0,0.75,0.01,-0.01,0,0.84,0.01,-0.01,0,-0.17,0.03,-0.03,0,[Fe/H],,,,,4.61,0.01,-0.01,0,,,,,,,,,4.3,0.2,-0.2,0,,,,,,,,,152.509,1.079,-1.063,6.52851,0.0456876,-0.0456876
K2-132 b,K2-132,b,1,1,1,Transit,0,9.1751,0.0023,-0.0027,0,,,,,14.572,0.785,-0.785,0,1.3,0.07,-0.07,0,155.7367,19.0698,-19.0698,0,0.49,0.06,-0.06,0,,,,,,,,,,,,,,,,,155.7367,19.0698,-19.0698,0,0.49,0.06,-0.06,0,,,,,,,,0,,,,,,,,,,,,,0.848,0.007,-0.008,0,,,,,,,,,,,,,0.0325,0.0014,-0.0011,0,,,,,,,,,,,,,42.1,4.3,-4.2,0,,,,,,,,,4840,90,-90,0,3.85,0.13,-0.13,0,1.08,0.08,-0.08,0,-0.01,0.08,-0.08,0,[Fe/H],,,,,3.3,0.01,-0.01,0,8.5,4.5,-2.8,0,0.0264,0.0008,-0.0008,0,,,,,,,,,,,,,609.818,17.942,-16.962,1.61184,0.0465515,-0.0465515
K2-137 b,K2-137,b,1,1,1,Transit,0,0.179715,1E-06,-1E-06,0,0.0058,0.0006,-0.0006,0,0.89,0.09,-0.09,0,0.079,0.008,-0.008,0,158.915,,,1,0.5,,,1,,,,,,,,,,,,,,,,,158.915,,,1,0.5,,,1,,,,,0,,,0,,,,,1471,47,-47,0,89.6,3.3,-3.3,0,0.02,0.1,-0.1,0,,,,,0.6288,0.0264,-0.0264,0,2.82,0.14,-0.14,0,0.0184,0.0006,-0.0006,0,,,,,,,,,,,,,,,,,,,,,,,,,3492,70,-70,0,0.44,0.04,-0.04,0,0.46,0.05,-0.05,0,0.08,0.12,-0.12,0,[Fe/H],,,,,4.82,0.04,-0.04,0,,,,,13,2,-2,0,,,,,,,,,,,,,98.8765,0.6176,-0.6101,10.0853,0.0623176,-0.0623176
K2-139 b,K2-139,b,1,1,1,Transit,0,28.380619,0.000551,-0.000528,0,0.1796,0.0015,-0.0015,0,9.11,0.17,-0.17,0,0.813,0.015,-0.015,0,,,,,,,,,,,,,,,,,,,,,,,,,,,,,,,,,,,,,,,,,,,,,524,8,-8,0,,,,,0.17,0.16,-0.12,0,,,,,,,,,47.25,0.73,-1.98,0,0.0951,0.0012,-0.0007,0,,,,,,,,,,,,,,,,,,,,,,,,,5370,68,-68,0,0.88,0.01,-0.01,0,0.96,0.02,-0.02,0,0.24,0.05,-0.05,0,[Fe/H],,,,,4.54,0.02,-0.02,0,,,,,2.477,0.193,-0.185,0,,,,,,,,,,,,,153.856,0.932,-0.921,6.47101,0.0388505,-0.0388505
K2-14 b,K2-14,b,1,1,1,Transit,0,8.36802,0.00019,-0.00019,0,0.0627,0.0006,-0.0006,0,4.81,0.42,-0.42,0,0.429,0.037,-0.037,0,,,,,,,,,,,,,,,,,,,,,,,,,,,,,,,,,,,,,,,,,,,,,488,8,-8,0,,,,,,,,,0.943,,,0,,,,,30.16,0.69,-0.69,0,,,,,,,,,,,,,,,,,,,,,,,,,,,,,3789,17,-16,0,0.45,0.01,-0.01,0,0.47,0.01,-0.01,0,-0.37,0.03,-0.04,0,[Fe/H],,,,,,,,,,,,,,,,,,,,,,,,,,,,,364.048,8.099,-8.099,2.71943,0.0606212,-0.0606212
K2-140 b,K2-140,b,1,1,1,Transit,0,6.569188,3.1E-05,-3.1E-05,0,0.068,0.001,-0.001,0,13.563,1.009,-1.009,0,1.21,0.09,-0.09,0,295.58042,12.71314,-12.71314,0,0.93,0.04,-0.04,0,,,,,,,,,,,,,,,,,295.58042,12.71314,-12.71314,0,0.93,0.04,-0.04,0,0.66,0.18,-0.18,0,0,,,0,204,10,-10,0,962,28,-28,0,88.3,0.1,-0.1,0,0.42,0.04,-0.04,0,1.557,0.002,-0.002,0,3.81,0.04,-0.04,0,14.1,0.2,-0.2,0,0.117,0.001,-0.001,0,,,,,,,,,90,,,0,104.1,2.7,-2.7,0,,,,,,,,,5585,120,-120,0,1.06,0.07,-0.06,0,0.96,0.06,-0.04,0,0.1,0.1,-0.1,0,[Fe/H],,,,,4.4,0.2,-0.2,0,9.8,3.4,-4.6,0,1.133,0.284,-0.284,0,3.6,1,-1,0,14.6,4.1,-4.1,0,1.22,0,0,0,347.917,8.287,-7.917,2.84731,0.0663889,-0.0663889
K2-147 b,K2-147,b,1,1,1,Transit,0,0.961917,2.6E-05,-2.6E-05,0,0.0159,0.0005,-0.0005,0,1.38,0.17,-0.15,0,0.123,0.015,-0.013,0,,,,,,,,,,,,,,,,,,,,,,,,,,,,,,,,,,,,,,,,,200.1,45.7,-45.7,0,,,,,,,,,,,,,,,,,,,,,8.8,1.4,-2.1,0,0.0229,0.0016,-0.0011,0,,,,,,,,,,,,,,,,,,,,,,,,,3672,70,-70,0,0.55,0.06,-0.06,0,0.58,0.06,-0.06,0,0.19,0.12,-0.12,0,[Fe/H],-1.292,0.085,-0.106,0,4.72,0.05,-0.05,0,,,,,,,,,,,,,,,,,,,,,90.5494,0.2767,-0.275,11.0149,0.033392,-0.033392
K2-149 b,K2-149,b,1,1,1,Transit,0,11.332,0.0013,-0.0013,0,0.083,0.0027,-0.0027,0,1.64,0.2,-0.18,0,0.146,0.018,-0.016,0,,,,,,,,,,,,,,,,,,,,,,,,,,,,,,,,,,,,,,,,,7,1.6,-1.6,0,,,,,,,,,,,,,,,,,,,,,34.3,3.7,-7.9,0,0.0264,0.0018,-0.0012,0,,,,,,,,,,,,,,,,,,,,,,,,,3745,70,-70,0,0.57,0.06,-0.06,0,0.59,0.06,-0.06,0,0.11,0.12,-0.12,0,[Fe/H],-1.31,0.088,-0.11,0,4.71,0.05,-0.05,0,,,,,,,,,,,,,,,,,,,,,123.676,0.543,-0.539,8.0569,0.0351109,-0.0351109
K2-15 b,K2-15,b,1,1,1,Transit,0,11.8104,0.00204,-0.00204,0,0.091,0.0018,-0.0018,0,2.48,0.3,-0.3,0,0.221,0.027,-0.027,0,,,,,,,,,,,,,,,,,,,,,,,,,,,,,,,,,,,,,,,,,,,,,676,26,-26,0,,,,,,,,,0.121,,,0,,,,,28.84,1.98,-1.98,0,,,,,,,,,,,,,,,,,,,,,,,,,,,,,5131,69,-65,0,0.68,0.06,-0.03,0,0.72,0.06,-0.03,0,-0.46,0.2,-0.14,0,[Fe/H],,,,,,,,,,,,,,,,,,,,,,,,,,,,,493.992,9.0765,-9.0765,1.9959,0.0369068,-0.0369068
K2-150 b,K2-150,b,1,1,1,Transit,0,10.59357,0.00084,-0.00084,0,0.0727,0.0027,-0.0027,0,2,0.27,-0.21,0,0.178,0.024,-0.019,0,,,,,,,,,,,,,,,,,,,,,,,,,,,,,,,,,,,,,,,,,4.9,1.1,-1.1,0,,,,,,,,,,,,,,,,,,,,,32.2,3.6,-9.5,0,0.042,0.0038,-0.0016,0,,,,,,,,,,,,,,,,,,,,,,,,,3499,70,-70,0,0.44,0.04,-0.04,0,0.46,0.05,-0.05,0,0.09,0.12,-0.12,0,[Fe/H],-1.585,0.09,-0.114,0,4.82,0.04,-0.04,0,,,,,,,,,,,,,,,,,,,,,102.483,0.802,-0.789,9.7297,0.0751656,-0.0751656
K2-152 b,K2-152,b,1,1,1,Transit,0,32.6479,0.01141,-0.01483,0,0.1716,0.0012,-0.0012,0,2.29,0.25,-0.24,0,0.204,0.022,-0.021,0,,,,,,,,,,,,,,,,,,,,,,,,,,,,,,,,,,,,,,,,,,,,,337,3,-3,0,,,,,0.25,0.24,-0.17,0,,,,,,,,,58.8,2.6,-2.9,0,0.0344,0.0037,-0.0037,0,,,,,,,,,,,,,,,,,,,,,,,,,4044,34,-35,0,0.61,0.01,-0.01,0,0.63,0.01,-0.01,0,0.12,0.09,-0.08,0,[Fe/H],,,,,4.67,0.01,-0.01,0,,,,,,,,,,,,,,,,,,,,,108.449,0.414,-0.411,9.19214,0.0347971,-0.0347971
K2-153 b,K2-153,b,1,1,1,Transit,0,7.51574,0.00205,-0.0024,0,0.0614,0.0004,-0.0004,0,2,0.21,-0.18,0,0.178,0.019,-0.016,0,,,,,,,,,,,,,,,,,,,,,,,,,,,,,,,,,,,,,,,,,,,,,497,6,-6,0,,,,,0.42,0.35,-0.29,0,,,,,,,,,23.6,5.5,-6.7,0,0.0348,0.0037,-0.0032,0,,,,,,,,,,,,,,,,,,,,,,,,,3845,37,-37,0,0.53,0.01,-0.01,0,0.55,0.01,-0.01,0,-0.09,0.08,-0.08,0,[Fe/H],,,,,4.73,0.01,-0.01,0,,,,,,,,,,,,,,,,,,,,,143.125,0.915,-0.903,6.95835,0.0440573,-0.0440573
K2-156 b,K2-156,b,1,1,1,Transit,0,0.81314,7E-05,-8E-05,0,0.0149,0.0001,-0.0001,0,1.15,0.1,-0.07,0,0.103,0.009,-0.006,0,,,,,,,,,,,,,,,,,,,,,,,,,,,,,,,,,,,,,,,,,,,,,1347,18,-19,0,,,,,0.41,0.32,-0.27,0,,,,,,,,,4.1,0.6,-0.9,0,0.0161,0.0014,-0.001,0,,,,,,,,,,,,,,,,,,,,,,,,,4597,50,-50,0,0.66,0.01,-0.01,0,0.66,0.02,-0.01,0,-0.25,0.06,-0.06,0,[Fe/H],,,,,4.62,0.02,-0.01,0,,,,,,,,,1.8,0.3,-0.3,0,,,,,,,,,150.21,1.085,-1.069,6.6289,0.0473754,-0.0473754
K2-157 b,K2-157,b,1,1,1,Transit,0,0.365257,2.9E-05,-2.9E-05,0,,,,,1.055,0.147,-0.098,0,0.094,0.013,-0.009,0,,,,,,,,,,,,,,,,,,,,,,,,,,,,,,,,,,,,,,,,,,,,,,,,,76.711,9.693,-18.255,0,,,,,,,,,,,,,1.876041,0.317378,-0.379152,0,0.01105,0.00143,-0.00097,0,,,,,,,,,,,,,,,,,,,,,,,,,5456,50,-50,0,0.88,0.05,-0.03,0,0.94,0.02,-0.03,0,0.13,0.08,-0.08,0,[Fe/H],,,,,4.55,0.1,-0.1,0,,,,,,,,,,,,,,,,,,,,,298.373,4.59,-4.455,3.32357,0.0504068,-0.0504068
K2-159 b,K2-159,b,1,1,1,Transit,0,12.42205,0.0018,-0.00182,0,0.1013,0.0008,-0.0009,0,2.26,0.17,-0.11,0,0.202,0.015,-0.01,0,,,,,,,,,,,,,,,,,,,,,,,,,,,,,,,,,,,,,,,,,,,,,684,8,-8,0,,,,,0.44,0.3,-0.3,0,,,,,,,,,27.9,3.8,-6.9,0,0.025,0.0018,-0.0011,0,,,,,,,,,,,,,,,,,,,,,,,,,5425,44,-44,0,0.83,0.01,-0.01,0,0.9,0.02,-0.03,0,-0.07,0.06,-0.06,0,[Fe/H],,,,,4.56,0.01,-0.02,0,,,,,,,,,,,,,,,,,,,,,170.998,1.424,-1.402,5.81967,0.0479583,-0.0479583
K2-160 b,K2-160,b,1,1,1,Transit,0,3.705871,7.4E-05,-7.6E-05,0,,,,,3.178,0.214,-0.145,0,0.284,0.019,-0.013,0,,,,,,,,,,,,,,,,,,,,,,,,,,,,,,,,,,,,,,,,,,,,,,,,,88.254,1.197,-2.13,0,,,,,,,,,,,,,14.684713,1.540603,-3.663367,0,0.03189,0.00171,-0.00114,0,,,,,,,,,,,,,,,,,,,,,,,,,5649,50,-50,0,0.91,0.04,-0.03,0,0.98,0.02,-0.03,0,0.07,0.08,-0.08,0,[Fe/H],,,,,4.61,0.1,-0.1,0,,,,,,,,,,,,,,,,,,,,,315.363,4.512,-4.389,3.14279,0.0444061,-0.0444061
K2-161 b,K2-161,b,1,1,1,Transit,0,9.283188,0.002052,-0.0023,0,,,,,6.117,1.633,-0.783,0,0.546,0.146,-0.07,0,,,,,,,,,,,,,,,,,,,,,,,,,,,,,,,,,,,,,,,,,,,,,,,,,87.251,1.991,-5.633,0,,,,,,,,,,,,,10.790043,1.763597,-4.708439,0,0.02184,0.00518,-0.00181,0,,,,,,,,,,,,,,,,,,,,,,,,,4972,50,-50,0,2.57,0.31,-0.25,0,0.99,0.08,-0.06,0,-0.03,0.08,-0.08,0,[Fe/H],,,,,3.63,0.1,-0.1,0,,,,,,,,,,,,,,,,,,,,,916.319,46.341,-46.341,1.0626,0.0538855,-0.0538855
K2-162 b,K2-162,b,1,1,1,Transit,0,9.45889,0.00104,-0.00107,0,0.0795,0.0006,-0.0006,0,1.44,0.11,-0.07,0,0.128,0.01,-0.006,0,,,,,,,,,,,,,,,,,,,,,,,,,,,,,,,,,,,,,,,,,,,,,631,8,-8,0,,,,,0.41,0.3,-0.29,0,,,,,,,,,23.6,2.4,-5,0,0.019,0.0014,-0.0009,0,,,,,,,,,,,,,,,,,,,,,,,,,4842,49,-45,0,0.69,0.01,-0.01,0,0.75,0.02,-0.02,0,-0.17,0.05,-0.06,0,[Fe/H],,,,,4.63,0.01,-0.01,0,,,,,,,,,,,,,,,,,,,,,124.433,0.617,-0.61,8.00776,0.03935,-0.03935
K2-163 b,K2-163,b,1,1,1,Transit,0,6.673117,0.000316,-0.000303,0,,,,,2.466,0.257,-0.124,0,0.22,0.023,-0.011,0,,,,,,,,,,,,,,,,,,,,,,,,,,,,,,,,,,,,,,,,,,,,,,,,,88.253,1.28,-2.188,0,,,,,,,,,,,,,15.663288,2.063375,-4.353762,0,0.02966,0.00301,-0.0014,0,,,,,,,,,,,,,,,,,,,,,,,,,4937,50,-50,0,0.76,0.02,-0.01,0,0.83,0.02,-0.02,0,0.14,0.08,-0.08,0,[Fe/H],,,,,4.71,0.1,-0.1,0,,,,,,,,,,,,,,,,,,,,,208.529,4.248,-4.084,4.76941,0.0950299,-0.0950299
K2-164 b,K2-164,b,1,1,1,Transit,0,17.355066,0.004097,-0.003808,0,,,,,3.249,0.515,-0.413,0,0.29,0.046,-0.037,0,,,,,,,,,,,,,,,,,,,,,,,,,,,,,,,,,,,,,,,,,,,,,,,,,87.89,1.532,-3.662,0,,,,,,,,,,,,,13.912102,2.329752,-5.395892,0,0.01357,0.00097,-0.00074,0,,,,,,,,,,,,,,,,,,,,,,,,,5791,50,-50,0,2.2,0.31,-0.25,0,1.18,0.09,-0.06,0,-0.23,0.08,-0.08,0,[Fe/H],,,,,3.81,0.1,-0.1,0,,,,,,,,,,,,,,,,,,,,,375.67,7.713,-7.414,2.63409,0.0531708,-0.0531708
K2-167 b,K2-167,b,1,1,1,Transit,0,9.977481,0.001039,-0.001007,0,,,,,2.819,0.519,-0.453,0,0.252,0.046,-0.04,0,,,,,,,,,,,,,,,,,,,,,,,,,,,,,,,,,,,,,,,,,,,,,,,,,88.604,1.001,-1.97,0,,,,,,,,,,,,,19.425698,2.486977,-5.91199,0,0.01413,0.00129,-0.00067,0,,,,,,,,,,,,,,,,,,,,,,,,,5908,50,-50,0,1.83,0.29,-0.28,0,1.02,0.12,-0.09,0,-0.45,0.08,-0.08,0,[Fe/H],,,,,3.88,0.1,-0.1,0,,,,,,,,,,,,,,,,,,,,,80.8994,0.4731,-0.4677,12.3328,0.0713307,-0.0713307
K2-169 b,K2-169,b,1,1,1,Transit,0,6.380803,0.000778,-0.000699,0,,,,,1.273,0.107,-0.077,0,0.114,0.01,-0.007,0,,,,,,,,,,,,,,,,,,,,,,,,,,,,,,,,,,,,,,,,,,,,,,,,,87.837,1.575,-3.587,0,,,,,,,,,,,,,13.592261,2.19989,-5.103159,0,0.0127,0.00083,-0.00065,0,,,,,,,,,,,,,,,,,,,,,,,,,5548,50,-50,0,0.92,0.05,-0.03,0,0.99,0.03,-0.03,0,0.26,0.08,-0.08,0,[Fe/H],,,,,4.56,0.1,-0.1,0,,,,,,,,,,,,,,,,,,,,,235.867,4.698,-4.522,4.21322,0.0822047,-0.0822047
K2-17 b,K2-17,b,1,1,1,Transit,0,17.96753,0.00152,-0.00152,0,0.119,0.002,-0.002,0,2.23,0.2,-0.2,0,0.199,0.018,-0.018,0,,,,,,,,,,,,,,,,,,,,,,,,,,,,,,,,,,,,,,,,,,,,,487,10,-10,0,,,,,,,,,0.099,,,0,,,,,39.38,0.85,-0.85,0,,,,,,,,,,,,,,,,,,,,,,,,,,,,,4320,56,-47,0,0.66,0.02,-0.03,0,0.71,0.02,-0.05,0,0.15,0.09,-0.22,0,[Fe/H],,,,,,,,,,,,,,,,,,,,,,,,,,,,,125.106,0.663,-0.657,7.96463,0.0418381,-0.0418381
K2-171 b,K2-171,b,1,1,1,Transit,0,5.628466,0.001731,-0.001519,0,,,,,2.687,0.4,-0.332,0,0.24,0.036,-0.03,0,,,,,,,,,,,,,,,,,,,,,,,,,,,,,,,,,,,,,,,,,,,,,,,,,85.048,3.65,-9.641,0,,,,,,,,,,,,,5.470213,0.699784,-2.090426,0,0.01434,0.00107,-0.00072,0,,,,,,,,,,,,,,,,,,,,,,,,,5250,50,-50,0,1.72,0.22,-0.19,0,0.89,0.06,-0.03,0,-0.09,0.08,-0.08,0,[Fe/H],,,,,3.95,0.1,-0.1,0,,,,,,,,,,,,,,,,,,,,,606.128,18.747,-17.673,1.62229,0.0491548,-0.0491548
K2-173 b,K2-173,b,1,1,1,Transit,0,5.868699,0.000446,-0.000408,0,,,,,1.608,0.16,-0.105,0,0.143,0.014,-0.009,0,,,,,,,,,,,,,,,,,,,,,,,,,,,,,,,,,,,,,,,,,,,,,,,,,87.826,1.54,-2.875,0,,,,,,,,,,,,,12.982789,1.759371,-3.918744,0,0.01749,0.00125,-0.00081,0,,,,,,,,,,,,,,,,,,,,,,,,,5580,70,-70,0,0.84,0.06,-0.04,0,0.88,0.03,-0.04,0,-0.25,0.08,-0.08,0,[Fe/H],,,,,4.52,0.12,-0.12,0,,,,,,,,,,,,,,,,,,,,,228.641,1.956,-1.923,4.34511,0.0368144,-0.0368144
K2-174 b,K2-174,b,1,1,1,Transit,0,19.562307,7.8E-05,-7.6E-05,0,0.126,0.001,-0.001,0,2.6,0.1,-0.1,0,0.232,0.009,-0.009,0,,,,,,,,,,,,,,,,,,,,,,,,,,,,,,,,,,,,,,,,,,,,,455,5,-5,0,89.95,0.04,-0.05,0,0.02,0.03,-0.02,0,,,,,5.808,0.048,-0.048,0,26.6,0.2,-0.2,0,0.036,0.001,-0.001,0,,,,,,,,,,,,,,,,,,,,,,,,,4455,31,-29,0,0.68,0.01,-0.01,0,0.7,0.03,-0.02,0,0.113,0.065,-0.071,0,[Fe/H],,,,,4.62,0.02,-0.02,0,,,,,3.21,0.15,-0.14,0,,,,,,,,,,,,,99.9293,0.3607,-0.3581,9.9783,0.0357188,-0.0357188
K2-175 b,K2-175,b,1,1,1,Transit,0,9.525988,0.001241,-0.00128,0,,,,,2.038,0.355,-0.271,0,0.182,0.032,-0.024,0,,,,,,,,,,,,,,,,,,,,,,,,,,,,,,,,,,,,,,,,,,,,,,,,,87.494,1.692,-2.983,0,,,,,,,,,,,,,11.060886,1.347716,-2.982394,0,0.01316,0.00127,-0.00068,0,,,,,,,,,,,,,,,,,,,,,,,,,5909,50,-50,0,1.42,0.21,-0.17,0,1.09,0.06,-0.04,0,0.05,0.08,-0.08,0,[Fe/H],,,,,4.11,0.1,-0.1,0,,,,,,,,,,,,,,,,,,,,,247.266,2.805,-2.744,4.01591,0.0450384,-0.0450384
K2-176 b,K2-176,b,1,1,1,Transit,0,5.329439,0.00061,-0.000709,0,,,,,1.491,0.123,-0.093,0,0.133,0.011,-0.008,0,,,,,,,,,,,,,,,,,,,,,,,,,,,,,,,,,,,,,,,,,,,,,,,,,88.063,1.418,-2.94,0,,,,,,,,,,,,,13.810807,2.009322,-4.369454,0,0.01582,0.00117,-0.00091,0,,,,,,,,,,,,,,,,,,,,,,,,,5428,50,-50,0,0.86,0.03,-0.02,0,0.94,0.02,-0.02,0,0.15,0.08,-0.08,0,[Fe/H],,,,,4.63,0.1,-0.1,0,,,,,,,,,,,,,,,,,,,,,247.302,3.676,-3.572,4.01586,0.0588001,-0.0588001
K2-177 b,K2-177,b,1,1,1,Transit,0,14.155185,0.00315,-0.002965,0,,,,,2.116,0.283,-0.159,0,0.189,0.025,-0.014,0,,,,,,,,,,,,,,,,,,,,,,,,,,,,,,,,,,,,,,,,,,,,,,,,,87.22,1.998,-3.741,0,,,,,,,,,,,,,10.638946,1.605395,-3.421961,0,0.01599,0.0018,-0.00089,0,,,,,,,,,,,,,,,,,,,,,,,,,6063,50,-50,0,1.21,0.09,-0.06,0,1.21,0.03,-0.04,0,0.41,0.08,-0.08,0,[Fe/H],,,,,4.38,0.1,-0.1,0,,,,,,,,,,,,,,,,,,,,,492.167,12.88,-12.25,2.00394,0.0514593,-0.0514593
K2-178 b,K2-178,b,1,1,1,Transit,0,8.747818,0.000363,-0.000358,0,,,,,3.558,0.204,-0.138,0,0.317,0.018,-0.012,0,,,,,,,,,,,,,,,,,,,,,,,,,,,,,,,,,,,,,,,,,,,,,,,,,88.611,1.006,-1.592,0,,,,,,,,,,,,,18.513049,1.902674,-4.42577,0,0.03676,0.00106,-0.00093,0,,,,,,,,,,,,,,,,,,,,,,,,,5525,50,-50,0,0.89,0.04,-0.03,0,0.95,0.02,-0.03,0,0.09,0.08,-0.08,0,[Fe/H],,,,,4.55,0.1,-0.1,0,,,,,,,,,,,,,,,,,,,,,214.753,1.838,-1.808,4.62801,0.0392227,-0.0392227
K2-179 b,K2-179,b,1,1,1,Transit,0,5.172191,0.000201,-0.000202,0,,,,,2.513,0.164,-0.121,0,0.224,0.015,-0.011,0,,,,,,,,,,,,,,,,,,,,,,,,,,,,,,,,,,,,,,,,,,,,,,,,,88.755,0.883,-1.588,0,,,,,,,,,,,,,20.135239,2.299436,-5.05973,0,0.02999,0.00177,-0.00126,0,,,,,,,,,,,,,,,,,,,,,,,,,5015,50,-50,0,0.77,0.02,-0.02,0,0.82,0.02,-0.03,0,0.03,0.08,-0.08,0,[Fe/H],,,,,4.63,0.1,-0.1,0,,,,,,,,,,,,,,,,,,,,,190.81,2.126,-2.08,5.21281,0.0573246,-0.0573246
K2-180 b,K2-180,b,1,1,1,Transit,0,8.8665,0.0003,-0.0003,0,0.075,0.001,-0.001,0,2.242,0.123,-0.123,0,0.2,0.011,-0.011,0,11.44182,1.90697,-1.90697,0,0.036,0.006,-0.006,0,,,,,,,,,,,,,,,,,11.44182,1.90697,-1.90697,0,0.036,0.006,-0.006,0,5.6,1.9,-1.9,0,0,,,0,67,14,-14,0,729,49,-49,0,88.9,0.7,-0.7,0,0.4,0.2,-0.2,0,0.12,0.05,-0.05,0,2.98,0.07,-0.07,0,22.2,1.9,-1.9,0,0.0297,0.0008,-0.0008,0,,,,,,,,,90,,,0,4.4,0.7,-0.7,0,,,,,,,,,5110,107,-107,0,0.69,0.02,-0.02,0,0.71,0.03,-0.03,0,-0.65,0.1,-0.1,0,[Fe/H],,,,,4.3,0.2,-0.2,0,9.5,4,-5.6,0,3.039,0.393,-0.393,0,2.1,1,-1,0,15.7,7.5,-7.5,0,-76.86,0,0,0,203.896,1.742,-1.712,4.87598,0.0412297,-0.0412297
K2-181 b,K2-181,b,1,1,1,Transit,0,6.894256,0.000704,-0.000722,0,0.0706,0.001,-0.001,0,2.84,0.2,-0.2,0,0.253,0.018,-0.018,0,,,,,,,,,,,,,,,,,,,,,,,,,,,,,,,,,,,,,,,,,,,,,962,20,-20,0,,,,,0.43,0.32,-0.29,0,,,,,,,,,18.79,2.18,-4.83,0,0.0244,0.002,-0.0012,0,,,,,,,,,,,,,,,,,,,,,,,,,5608,91,-91,0,1.07,0.02,-0.02,0,0.99,0.04,-0.04,0,0.23,0.06,-0.06,0,[Fe/H],,,,,4.38,0.03,-0.03,0,,,,,2.639,1.613,-1.14,0,,,,,,,,,,,,,360.911,5.351,-5.201,2.74245,0.0401933,-0.0401933
K2-182 b,K2-182,b,1,1,1,Transit,0,4.736837,7.9E-05,-8.1E-05,0,0.0529,0.0003,-0.0003,0,2.76,0.07,-0.07,0,0.246,0.006,-0.006,0,,,,,,,,,,,,,,,,,,,,,,,,,,,,,,,,,,,,,,,,,,,,,885,10,-10,0,,,,,0.3,0.25,-0.21,0,,,,,,,,,13.89,0.59,-1.65,0,0.0317,0.0011,-0.0004,0,,,,,,,,,,,,,,,,,,,,,,,,,5165,50,-50,0,0.8,0.01,-0.01,0,0.88,0.02,-0.02,0,0.09,0.05,-0.05,0,[Fe/H],,,,,4.58,0.01,-0.01,0,,,,,2.256,0.515,-0.448,0,,,,,,,,,,,,,154.83,1.256,-1.236,6.43038,0.0515848,-0.0515848
K2-184 b,K2-184,b,1,1,1,Transit,0,16.995731,0.001288,-0.00129,0,0.1229,0.0009,-0.0009,0,1.55,0.09,-0.09,0,0.138,0.008,-0.008,0,,,,,,,,,,,,,,,,,,,,,,,,,,,,,,,,,,,,,,,,,,,,,580,8,-8,0,,,,,0.42,0.31,-0.28,0,,,,,,,,,47.37,4.5,-11.06,0,0.0182,0.0013,-0.0007,0,,,,,,,,,,,,,,,,,,,,,,,,,5220,66,-66,0,0.78,0.01,-0.01,0,0.86,0.02,-0.02,0,-0.07,0.05,-0.05,0,[Fe/H],,,,,4.59,0.01,-0.01,0,,,,,6.966,3.582,-2.642,0,,,,,,,,,,,,,75.5857,0.3346,-0.3318,13.2015,0.0578882,-0.0578882
K2-185 b,K2-185,b,1,1,1,Transit,0,10.616646,0.001632,-0.001801,0,,,,,1.313,0.22,-0.116,0,0.117,0.02,-0.01,0,,,,,,,,,,,,,,,,,,,,,,,,,,,,,,,,,,,,,,,,,,,,,,,,,88.932,0.771,-1.862,0,,,,,,,,,,,,,26.705693,4.986344,-10.074353,0,0.01316,0.00212,-0.00106,0,,,,,,,,,,,,,,,,,,,,,,,,,5722,50,-50,0,0.91,0.04,-0.03,0,0.98,0.03,-0.03,0,-0.05,0.08,-0.08,0,[Fe/H],,,,,4.58,0.1,-0.1,0,,,,,,,,,,,,,,,,,,,,,268.357,3.298,-3.22,3.69811,0.044908,-0.044908
K2-186 b,K2-186,b,1,1,1,Transit,0,41.474219,0.003288,-0.004316,0,,,,,3.172,0.264,-0.163,0,0.283,0.024,-0.015,0,,,,,,,,,,,,,,,,,,,,,,,,,,,,,,,,,,,,,,,,,,,,,,,,,89.524,0.334,-0.592,0,,,,,,,,,,,,,48.939252,4.120107,-10.879169,0,0.02965,0.00093,-0.00087,0,,,,,,,,,,,,,,,,,,,,,,,,,5784,50,-50,0,0.98,0.08,-0.04,0,1.02,0.02,-0.03,0,0.06,0.08,-0.08,0,[Fe/H],,,,,4.45,0.1,-0.1,0,,,,,,,,,,,,,,,,,,,,,330.739,5.444,-5.274,2.99542,0.0486088,-0.0486088
K2-191 b,K2-191,b,1,1,1,Transit,0,2.858646,0.000172,-0.000176,0,,,,,1.579,0.265,-0.132,0,0.141,0.024,-0.012,0,,,,,,,,,,,,,,,,,,,,,,,,,,,,,,,,,,,,,,,,,,,,,,,,,87.051,2.125,-4.9,0,,,,,,,,,,,,,8.602679,1.246176,-2.704849,0,0.01724,0.0028,-0.00134,0,,,,,,,,,,,,,,,,,,,,,,,,,5176,50,-50,0,0.84,0.04,-0.03,0,0.9,0.03,-0.03,0,0.31,0.08,-0.08,0,[Fe/H],,,,,4.57,0.1,-0.1,0,,,,,,,,,,,,,,,,,,,,,287.188,2.387,-2.348,3.4534,0.0284901,-0.0284901
K2-192 b,K2-192,b,1,1,1,Transit,0,4.162817,0.000432,-0.000447,0,0.049,0.0003,-0.0003,0,1.52,0.13,-0.13,0,0.136,0.012,-0.012,0,,,,,,,,,,,,,,,,,,,,,,,,,,,,,,,,,,,,,,,,,,,,,939,10,-10,0,,,,,0.43,0.33,-0.3,0,,,,,,,,,17.64,2.7,-4.73,0,0.0171,0.0016,-0.0012,0,,,,,,,,,,,,,,,,,,,,,,,,,5222,48,-48,0,0.81,0.01,-0.01,0,0.9,0.01,-0.01,0,0.15,0.05,-0.05,0,[Fe/H],,,,,4.57,0.01,-0.01,0,,,,,5.975,4.417,-2.924,0,,,,,,,,,,,,,221.753,1.818,-1.788,4.48101,0.0363844,-0.0363844
K2-193 b,K2-193,b,1,1,1,Transit,0,14.786889,0.000803,-0.00081,0,0.1184,0.002,-0.0021,0,3.95,0.12,-0.12,0,0.352,0.011,-0.011,0,,,,,,,,,,,,,,,,,,,,,,,,,,,,,,,,,,,,,,,,,,,,,739,24,-24,0,,,,,0.29,0.25,-0.2,0,,,,,,,,,26.08,1.11,-3.06,0,0.0369,0.0011,-0.0007,0,,,,,,,,,,,,,,,,,,,,,,,,,5817,173,-173,0,0.98,0.02,-0.02,0,1.01,0.05,-0.05,0,0,0.17,-0.17,0,[Fe/H],,,,,4.46,0.03,-0.03,0,,,,,1.532,0.345,-0.296,0,,,,,,,,,,,,,411.923,3.646,-3.583,2.39889,0.0211415,-0.0211415
K2-194 b,K2-194,b,1,1,1,Transit,0,39.721386,0.005704,-0.005555,0,,,,,3.642,0.618,-0.5,0,0.325,0.055,-0.045,0,,,,,,,,,,,,,,,,,,,,,,,,,,,,,,,,,,,,,,,,,,,,,,,,,89.065,0.65,-1.324,0,,,,,,,,,,,,,30.98886,4.232625,-10.186979,0,0.02607,0.00251,-0.00103,0,,,,,,,,,,,,,,,,,,,,,,,,,5979,52,-52,0,1.28,0.18,-0.17,0,1.11,0.05,-0.03,0,0.1,0.08,-0.08,0,[Fe/H],,,,,4.21,0.1,-0.1,0,,,,,,,,,,,,,,,,,,,,,629.51,18.604,-17.584,1.56091,0.0452812,-0.0452812
K2-196 b,K2-196,b,1,1,1,Transit,0,48.324222,0.008457,-0.008716,0,,,,,3.6,0.603,-0.503,0,0.321,0.054,-0.045,0,,,,,,,,,,,,,,,,,,,,,,,,,,,,,,,,,,,,,,,,,,,,,,,,,88.274,1.422,-2.35,0,,,,,,,,,,,,,23.462939,8.621718,-10.457792,0,0.02145,0.00172,-0.00126,0,,,,,,,,,,,,,,,,,,,,,,,,,6045,50,-50,0,1.54,0.23,-0.19,0,1.16,0.07,-0.05,0,0.01,0.08,-0.08,0,[Fe/H],,,,,4.08,0.1,-0.1,0,,,,,,,,,,,,,,,,,,,,,584.877,22.597,-21.003,1.68326,0.0631644,-0.0631644
K2-197 b,K2-197,b,1,1,1,Transit,0,8.357881,0.00071,-0.000686,0,0.0806,0.0006,-0.0007,0,2.56,0.16,-0.16,0,0.228,0.014,-0.014,0,,,,,,,,,,,,,,,,,,,,,,,,,,,,,,,,,,,,,,,,,,,,,848,11,-11,0,,,,,0.45,0.33,-0.31,0,,,,,,,,,16.29,1.81,-4.81,0,0.0253,0.0021,-0.001,0,,,,,,,,,,,,,,,,,,,,,,,,,5667,58,-58,0,0.93,0.01,-0.01,0,1,0.02,-0.02,0,0.08,0.05,-0.05,0,[Fe/H],,,,,4.5,0.02,-0.02,0,,,,,1.16,0.754,-0.522,0,,,,,,,,,,,,,247.637,2.393,-2.349,4.00976,0.0383686,-0.0383686
K2-200 b,K2-200,b,1,1,1,Transit,0,2.849883,0.000188,-0.00018,0,,,,,1.364,0.143,-0.105,0,0.122,0.013,-0.009,0,,,,,,,,,,,,,,,,,,,,,,,,,,,,,,,,,,,,,,,,,,,,,,,,,87.968,1.44,-3.217,0,,,,,,,,,,,,,13.198523,2.201137,-4.262066,0,0.0158,0.00159,-0.00114,0,,,,,,,,,,,,,,,,,,,,,,,,,5233,50,-50,0,0.79,0.02,-0.02,0,0.86,0.02,-0.03,0,-0.04,0.08,-0.08,0,[Fe/H],,,,,4.71,0.1,-0.1,0,,,,,,,,,,,,,,,,,,,,,184.131,1.875,-1.839,5.40286,0.0543503,-0.0543503
K2-202 b,K2-202,b,1,1,1,Transit,0,3.405164,0.000126,-0.000121,0,,,,,2.302,0.184,-0.129,0,0.205,0.016,-0.012,0,,,,,,,,,,,,,,,,,,,,,,,,,,,,,,,,,,,,,,,,,,,,,,,,,87.672,1.628,-2.945,0,,,,,,,,,,,,,11.942004,1.540627,-3.384373,0,0.02317,0.00134,-0.00098,0,,,,,,,,,,,,,,,,,,,,,,,,,5491,58,-58,0,0.91,0.05,-0.03,0,0.97,0.03,-0.03,0,0.27,0.08,-0.08,0,[Fe/H],,,,,4.55,0.1,-0.1,0,,,,,,,,,,,,,,,,,,,,,300.397,2.651,-2.606,3.3004,0.0289107,-0.0289107
K2-203 b,K2-203,b,1,1,1,Transit,0,9.695101,0.001285,-0.001334,0,,,,,1.371,0.275,-0.121,0,0.122,0.025,-0.011,0,,,,,,,,,,,,,,,,,,,,,,,,,,,,,,,,,,,,,,,,,,,,,,,,,88.43,1.152,-3.258,0,,,,,,,,,,,,,19.031555,3.773746,-8.456554,0,0.01647,0.00325,-0.00135,0,,,,,,,,,,,,,,,,,,,,,,,,,5000,50,-50,0,0.76,0.03,-0.02,0,0.79,0.03,-0.03,0,-0.07,0.08,-0.08,0,[Fe/H],,,,,4.43,0.1,-0.1,0,,,,,,,,,,,,,,,,,,,,,166.147,1.572,-1.543,5.99057,0.0560082,-0.0560082
K2-204 b,K2-204,b,1,1,1,Transit,0,7.055784,0.00065,-0.000641,0,,,,,3.046,0.433,-0.373,0,0.272,0.039,-0.033,0,,,,,,,,,,,,,,,,,,,,,,,,,,,,,,,,,,,,,,,,,,,,,,,,,87.649,1.737,-3.326,0,,,,,,,,,,,,,11.04258,1.268444,-3.15351,0,0.02371,0.00094,-0.00082,0,,,,,,,,,,,,,,,,,,,,,,,,,5755,50,-50,0,1.18,0.16,-0.14,0,1.01,0.03,-0.03,0,0.07,0.08,-0.08,0,[Fe/H],,,,,4.23,0.1,-0.1,0,,,,,,,,,,,,,,,,,,,,,577.235,17.823,-16.805,1.70396,0.0515601,-0.0515601
K2-205 b,K2-205,b,1,1,1,Transit,0,26.672263,0.00416,-0.003676,0,,,,,1.996,0.27,-0.231,0,0.178,0.024,-0.021,0,,,,,,,,,,,,,,,,,,,,,,,,,,,,,,,,,,,,,,,,,,,,,,,,,89.097,0.657,-1.193,0,,,,,,,,,,,,,31.035514,4.40467,-9.305914,0,0.01698,0.00108,-0.00093,0,,,,,,,,,,,,,,,,,,,,,,,,,5890,50,-50,0,1.08,0.13,-0.11,0,0.95,0.04,-0.04,0,-0.26,0.08,-0.08,0,[Fe/H],,,,,4.25,0.1,-0.1,0,,,,,,,,,,,,,,,,,,,,,405.301,9.162,-8.773,2.43932,0.0541632,-0.0541632
K2-206 b,K2-206,b,1,1,1,Transit,0,18.294549,0.001728,-0.001599,0,,,,,2.795,0.223,-0.155,0,0.249,0.02,-0.014,0,,,,,,,,,,,,,,,,,,,,,,,,,,,,,,,,,,,,,,,,,,,,,,,,,89.112,0.634,-1.221,0,,,,,,,,,,,,,28.28403,3.020632,-7.623746,0,0.03381,0.00229,-0.00144,0,,,,,,,,,,,,,,,,,,,,,,,,,5043,50,-50,0,0.76,0.03,-0.03,0,0.79,0.03,-0.03,0,-0.14,0.08,-0.08,0,[Fe/H],,,,,4.46,0.1,-0.1,0,,,,,,,,,,,,,,,,,,,,,244.443,3.114,-3.039,4.06279,0.051097,-0.051097
K2-207 b,K2-207,b,1,1,1,Transit,0,12.48749,0.001208,-0.001162,0,,,,,2.606,0.37,-0.209,0,0.232,0.033,-0.019,0,,,,,,,,,,,,,,,,,,,,,,,,,,,,,,,,,,,,,,,,,,,,,,,,,88.62,0.988,-1.589,0,,,,,,,,,,,,,21.180496,3.189156,-5.908349,0,0.02574,0.00262,-0.00151,0,,,,,,,,,,,,,,,,,,,,,,,,,5522,50,-50,0,0.93,0.09,-0.05,0,0.94,0.03,-0.03,0,0.11,0.08,-0.08,0,[Fe/H],,,,,4.41,0.1,-0.1,0,,,,,,,,,,,,,,,,,,,,,363.064,5.626,-5.46,2.72597,0.0417298,-0.0417298
K2-208 b,K2-208,b,1,1,1,Transit,0,4.190948,0.00023,-0.000248,0,,,,,1.679,0.165,-0.125,0,0.15,0.015,-0.011,0,,,,,,,,,,,,,,,,,,,,,,,,,,,,,,,,,,,,,,,,,,,,,,,,,88.043,1.376,-2.502,0,,,,,,,,,,,,,14.156898,2.132162,-4.003238,0,0.01785,0.0016,-0.00117,0,,,,,,,,,,,,,,,,,,,,,,,,,5582,50,-50,0,0.86,0.03,-0.03,0,0.93,0.03,-0.03,0,-0.11,0.08,-0.08,0,[Fe/H],,,,,4.62,0.1,-0.1,0,,,,,,,,,,,,,,,,,,,,,256.887,3.221,-3.144,3.86451,0.0478641,-0.0478641
K2-209 b,K2-209,b,1,1,1,Transit,0,2.080615,0.000134,-0.00013,0,,,,,0.869,0.105,-0.062,0,0.077,0.009,-0.006,0,,,,,,,,,,,,,,,,,,,,,,,,,,,,,,,,,,,,,,,,,,,,,,,,,86.231,2.669,-6.348,0,,,,,,,,,,,,,8.501853,1.842238,-3.489889,0,0.01118,0.00131,-0.00074,0,,,,,,,,,,,,,,,,,,,,,,,,,4720,50,-50,0,0.71,0.02,-0.02,0,0.74,0.03,-0.02,0,-0.06,0.08,-0.08,0,[Fe/H],,,,,4.46,0.1,-0.1,0,,,,,,,,,,,,,,,,,,,,,76.4986,0.3054,-0.3031,13.0435,0.0516096,-0.0516096
K2-210 b,K2-210,b,1,1,1,Transit,0,0.570233,2.8E-05,-2.8E-05,0,,,,,0.819,0.101,-0.069,0,0.073,0.009,-0.006,0,,,,,,,,,,,,,,,,,,,,,,,,,,,,,,,,,,,,,,,,,,,,,,,,,84.105,4.22,-9.012,0,,,,,,,,,,,,,4.32071,0.843756,-1.256136,0,0.00881,0.001,-0.0007,0,,,,,,,,,,,,,,,,,,,,,,,,,5396,50,-50,0,0.85,0.04,-0.03,0,0.91,0.02,-0.03,0,0.05,0.08,-0.08,0,[Fe/H],,,,,4.55,0.1,-0.1,0,,,,,,,,,,,,,,,,,,,,,176.51,1.858,-1.819,5.6373,0.0585619,-0.0585619
K2-211 b,K2-211,b,1,1,1,Transit,0,0.669558,3.2E-05,-3.2E-05,0,,,,,1.375,0.172,-0.103,0,0.123,0.015,-0.009,0,,,,,,,,,,,,,,,,,,,,,,,,,,,,,,,,,,,,,,,,,,,,,,,,,81.569,6.224,-13.157,0,,,,,,,,,,,,,3.41408,0.626435,-1.113004,0,0.01545,0.00183,-0.00109,0,,,,,,,,,,,,,,,,,,,,,,,,,5221,50,-50,0,0.82,0.03,-0.02,0,0.88,0.02,-0.03,0,0.11,0.08,-0.08,0,[Fe/H],,,,,4.6,0.1,-0.1,0,,,,,,,,,,,,,,,,,,,,,272.297,4.179,-4.057,3.64447,0.0551145,-0.0551145
K2-212 b,K2-212,b,1,1,1,Transit,0,9.79551,0.000316,-0.000319,0,0.0785,0.0006,-0.0006,0,2.52,0.12,-0.12,0,0.225,0.011,-0.011,0,,,,,,,,,,,,,,,,,,,,,,,,,,,,,,,,,,,,,,,,,,,,,542,6,-6,0,,,,,0.38,0.27,-0.26,0,,,,,,,,,28.26,2.04,-5,0,0.0357,0.0024,-0.001,0,,,,,,,,,,,,,,,,,,,,,,,,,4272,38,-38,0,0.65,0.01,-0.01,0,0.67,0.02,-0.02,0,0.03,0.07,-0.07,0,[Fe/H],,,,,4.64,0.01,-0.01,0,,,,,4.445,1.665,-1.33,0,,,,,,,,,,,,,109.218,0.931,-0.916,9.12809,0.076856,-0.076856
K2-213 b,K2-213,b,1,1,1,Transit,0,8.13087,0.001771,-0.001799,0,,,,,1.514,0.298,-0.21,0,0.135,0.027,-0.019,0,,,,,,,,,,,,,,,,,,,,,,,,,,,,,,,,,,,,,,,,,,,,,,,,,87.862,1.568,-3.731,0,,,,,,,,,,,,,13.24909,2.637119,-4.96966,0,0.01153,0.00156,-0.00095,0,,,,,,,,,,,,,,,,,,,,,,,,,5794,50,-50,0,1.2,0.17,-0.13,0,1.07,0.06,-0.04,0,0.25,0.08,-0.08,0,[Fe/H],,,,,4.25,0.1,-0.1,0,,,,,,,,,,,,,,,,,,,,,389.702,6.94,-6.704,2.53777,0.044574,-0.044574
K2-214 b,K2-214,b,1,1,1,Transit,0,8.596802,0.001006,-0.000847,0,0.0834,0.0009,-0.0009,0,2.43,0.13,-0.13,0,0.217,0.012,-0.012,0,,,,,,,,,,,,,,,,,,,,,,,,,,,,,,,,,,,,,,,,,,,,,1006,18,-19,0,,,,,0.39,0.32,-0.28,0,,,,,,,,,16.18,1.45,-3.77,0,0.0176,0.0011,-0.0006,0,,,,,,,,,,,,,,,,,,,,,,,,,5854,85,-85,0,1.27,0.02,-0.02,0,1.05,0.03,-0.03,0,0.05,0.05,-0.05,0,[Fe/H],,,,,4.25,0.02,-0.02,0,,,,,1.08,0.537,-0.406,0,,,,,,,,,,,,,300.64,4.186,-4.075,3.29796,0.0453529,-0.0453529
K2-215 b,K2-215,b,1,1,1,Transit,0,8.269648,0.000467,-0.000456,0,,,,,2.124,0.259,-0.158,0,0.189,0.023,-0.014,0,,,,,,,,,,,,,,,,,,,,,,,,,,,,,,,,,,,,,,,,,,,,,,,,,88.984,0.728,-1.429,0,,,,,,,,,,,,,28.084531,4.260707,-8.994591,0,0.01998,0.00147,-0.00109,0,,,,,,,,,,,,,,,,,,,,,,,,,5704,50,-50,0,0.97,0.09,-0.05,0,1,0.03,-0.03,0,0.11,0.08,-0.08,0,[Fe/H],,,,,4.41,0.1,-0.1,0,,,,,,,,,,,,,,,,,,,,,403.964,6.434,-6.24,2.44698,0.0385347,-0.0385347
K2-216 b,K2-216,b,1,1,1,Transit,0,2.1748,5E-05,-5E-05,0,0.028,0.003,-0.007,0,1.75,0.17,-0.1,0,0.156,0.015,-0.009,0,8,1.6,-1.6,0,0.02517,0.00503,-0.00503,0,,,,,,,,,,,,,,,,,8,1.6,-1.6,0,0.02517,0.00503,-0.00503,0,8.2,2.8,-2.2,0,0,,,0,248,220,-48,0,1103,180,-56,0,86.9,2.2,-4,0,0.45,0.31,-0.31,0,,,,,1.84,0.05,-0.04,0,8.3,0.9,-2.3,0,0.0221,0.0022,-0.0007,0,,,,,,,,,,,,,5,1,-1,0,,,,,,,,,4503,69,-69,0,0.72,0.03,-0.03,0,0.7,0.03,-0.03,0,0,0.07,-0.07,0,[Fe/H],-0.721,0.022,-0.023,0,4.57,0.09,-0.09,0,,,,,2.3,0.8,-1.4,0,1.8,1,-1,0,,,,,,,,,115.461,0.71,-0.701,8.63246,0.0525101,-0.0525101
K2-217 b,K2-217,b,1,1,1,Transit,0,14.074524,0.000994,-0.000938,0,,,,,3.579,0.698,-0.485,0,0.319,0.062,-0.043,0,,,,,,,,,,,,,,,,,,,,,,,,,,,,,,,,,,,,,,,,,,,,,,,,,88.043,1.412,-2.975,0,,,,,,,,,,,,,16.108984,2.819601,-6.158492,0,0.0246,0.00309,-0.0011,0,,,,,,,,,,,,,,,,,,,,,,,,,5967,50,-50,0,1.33,0.2,-0.17,0,1.1,0.05,-0.04,0,0.04,0.08,-0.08,0,[Fe/H],,,,,4.17,0.1,-0.1,0,,,,,,,,,,,,,,,,,,,,,381.878,7.649,-7.36,2.59059,0.0510586,-0.0510586
K2-218 b,K2-218,b,1,1,1,Transit,0,8.679885,0.000417,-0.00043,0,,,,,2.569,0.275,-0.152,0,0.229,0.025,-0.014,0,,,,,,,,,,,,,,,,,,,,,,,,,,,,,,,,,,,,,,,,,,,,,,,,,88.453,1.079,-1.84,0,,,,,,,,,,,,,16.021068,1.597134,-3.752821,0,0.02336,0.00168,-0.00089,0,,,,,,,,,,,,,,,,,,,,,,,,,5757,50,-50,0,1.01,0.08,-0.05,0,1.05,0.03,-0.03,0,0.25,0.08,-0.08,0,[Fe/H],,,,,4.45,0.1,-0.1,0,,,,,,,,,,,,,,,,,,,,,394.083,10.017,-9.541,2.50996,0.0624634,-0.0624634
K2-220 b,K2-220,b,1,1,1,Transit,0,13.683256,0.00105,-0.0011,0,0.1104,0.0014,-0.0015,0,2.39,0.12,-0.12,0,0.213,0.011,-0.011,0,,,,,,,,,,,,,,,,,,,,,,,,,,,,,,,,,,,,,,,,,,,,,758,15,-15,0,,,,,0.38,0.31,-0.27,0,,,,,,,,,31.18,2.43,-6.74,0,0.0216,0.0013,-0.0007,0,,,,,,,,,,,,,,,,,,,,,,,,,5660,92,-92,0,1.02,0.02,-0.02,0,0.96,0.04,-0.04,0,0.04,0.05,-0.05,0,[Fe/H],,,,,4.4,0.03,-0.03,0,,,,,3.061,1.34,-1.04,0,,,,,,,,,,,,,233.514,2.757,-2.695,4.25418,0.049616,-0.049616
K2-221 b,K2-221,b,1,1,1,Transit,0,2.399094,0.000125,-0.000118,0,,,,,1.679,0.167,-0.096,0,0.15,0.015,-0.009,0,,,,,,,,,,,,,,,,,,,,,,,,,,,,,,,,,,,,,,,,,,,,,,,,,85.447,3.166,-5.793,0,,,,,,,,,,,,,6.506267,0.967868,-1.987289,0,0.01624,0.00142,-0.00078,0,,,,,,,,,,,,,,,,,,,,,,,,,5716,50,-50,0,0.95,0.04,-0.03,0,1.01,0.02,-0.02,0,0.13,0.08,-0.08,0,[Fe/H],,,,,4.57,0.1,-0.1,0,,,,,,,,,,,,,,,,,,,,,318.81,6.763,-6.493,3.10914,0.0646959,-0.0646959
K2-222 b,K2-222,b,1,1,1,Transit,0,15.387063,0.001815,-0.001876,0,0.1211,0.0016,-0.0017,0,2.39,0.13,-0.13,0,0.213,0.012,-0.012,0,,,,,,,,,,,,,,,,,,,,,,,,,,,,,,,,,,,,,,,,,,,,,801,14,-14,0,,,,,0.41,0.33,-0.28,0,,,,,,,,,25.07,2.4,-6.5,0,0.0201,0.0013,-0.0008,0,,,,,,,,,,,,,,,,,,,,,,,,,6058,89,-89,0,1.09,0.02,-0.02,0,1,0.04,-0.04,0,-0.21,0.06,-0.06,0,[Fe/H],,,,,4.37,0.03,-0.03,0,,,,,1.25,0.694,-0.498,0,,,,,,,,,,,,,101.321,0.632,-0.625,9.84127,0.0607778,-0.0607778
K2-225 b,K2-225,b,1,1,1,Transit,0,15.87209,0.00387,-0.00338,0,0.134,0.001,-0.001,0,3.49,0.26,-0.2,0,0.311,0.023,-0.018,0,,,,,,,,,,,,,,,,,,,,,,,,,,,,,,,,,,,,,,,,,,,,,902,13,-13,0,,,,,0.4,0.32,-0.27,0,,,,,,,,,17.8,1.9,-4.1,0,0.0188,0.0013,-0.001,0,,,,,,,,,,,,,,,,,,,,,,,,,5742,49,-47,0,1.7,0.04,-0.04,0,1.27,0.02,-0.04,0,0.38,0.06,-0.06,0,[Fe/H],,,,,4.08,0.02,-0.02,0,,,,,,,,,,,,,,,,,,,,,357.778,5.896,-5.711,2.76698,0.0449857,-0.0449857
K2-226 b,K2-226,b,1,1,1,Transit,0,3.27108,0.00049,-0.0005,0,0.0413,0.0005,-0.0005,0,1.54,0.14,-0.09,0,0.137,0.012,-0.008,0,,,,,,,,,,,,,,,,,,,,,,,,,,,,,,,,,,,,,,,,,,,,,1120,16,-16,0,,,,,0.45,0.33,-0.31,0,,,,,,,,,9.7,1.2,-2.7,0,0.0156,0.0013,-0.0009,0,,,,,,,,,,,,,,,,,,,,,,,,,5424,48,-46,0,0.91,0.02,-0.02,0,0.88,0.03,-0.03,0,-0.03,0.07,-0.07,0,[Fe/H],,,,,4.47,0.03,-0.03,0,,,,,,,,,,,,,,,,,,,,,211.265,3.379,-3.275,4.7062,0.0739526,-0.0739526
K2-227 b,K2-227,b,1,1,1,Transit,0,13.621832,0.003188,-0.003268,0,,,,,1.666,1.221,-0.179,0,0.149,0.109,-0.016,0,,,,,,,,,,,,,,,,,,,,,,,,,,,,,,,,,,,,,,,,,,,,,,,,,88.374,1.222,-7.3,0,,,,,,,,,,,,,21.261583,6.109492,-14.883097,0,0.01714,0.01255,-0.00175,0,,,,,,,,,,,,,,,,,,,,,,,,,5673,50,-50,0,0.89,0.04,-0.03,0,0.95,0.03,-0.03,0,-0.1,0.08,-0.08,0,[Fe/H],,,,,4.58,0.1,-0.1,0,,,,,,,,,,,,,,,,,,,,,187.234,2.056,-2.013,5.31295,0.0575824,-0.0575824
K2-228 b,K2-228,b,1,1,1,Transit,0,2.69828,0.00022,-0.00022,0,0.0338,0.0003,-0.0003,0,1.21,0.1,-0.06,0,0.108,0.009,-0.005,0,,,,,,,,,,,,,,,,,,,,,,,,,,,,,,,,,,,,,,,,,,,,,914,14,-13,0,,,,,0.42,0.3,-0.29,0,,,,,,,,,12.2,1.3,-2.7,0,0.017,0.0013,-0.0008,0,,,,,,,,,,,,,,,,,,,,,,,,,4715,48,-46,0,0.65,0.01,-0.01,0,0.71,0.02,-0.02,0,-0.25,0.06,-0.06,0,[Fe/H],,,,,4.66,0.01,-0.01,0,,,,,,,,,,,,,,,,,,,,,129.46,4.091,-3.852,7.7079,0.234812,-0.234812
K2-230 b,K2-230,b,1,1,1,Transit,0,2.86041,0.00061,-0.00061,0,0.0409,0.0003,-0.0002,0,1.96,0.18,-0.16,0,0.175,0.016,-0.014,0,,,,,,,,,,,,,,,,,,,,,,,,,,,,,,,,,,,,,,,,,,,,,1529,22,-22,0,,,,,0.39,0.31,-0.26,0,,,,,,,,,7.3,1.4,-1.6,0,0.0129,0.0011,-0.001,0,,,,,,,,,,,,,,,,,,,,,,,,,5945,23,-25,0,1.39,0.04,-0.04,0,1.11,0.02,-0.02,0,0.1,0.04,-0.04,0,[Fe/H],,,,,4.2,0.02,-0.02,0,,,,,,,,,5.2,0.2,-0.2,0,,,,,,,,,540.773,14.321,-13.613,1.82143,0.0473764,-0.0473764
K2-231 b,K2-231,b,1,1,1,Transit,0,13.841901,0.001352,-0.001352,0,,,,,2.5,0.2,-0.2,0,0.223,0.018,-0.018,0,,,,,,,,,,,,,,,,,,,,,,,,,,,,,,,,,,,,,,,,,,,,,,,,,88.6,0.9,-0.6,0,0.55,0.23,-0.37,0,,,,,2.94,2.02,-1.15,0,27,4.8,-4.1,0,0.0239,0.002,-0.0012,0,,,,,,,,,,,,,,,,,,,,,,,,,5695,50,-50,0,0.95,0.03,-0.03,0,1.01,0.03,-0.03,0,0.14,0.04,-0.04,0,[Fe/H],,,,,4.48,0.03,-0.03,0,3,0.25,-0.25,0,,,,,2,0.5,-0.5,0,,,,,41.58,0,0,0,321.215,4.198,-4.093,3.08511,0.0398685,-0.0398685
K2-232 b,K2-232,b,1,1,1,Transit,0,11.168454,2.3E-05,-2.3E-05,0,0.10356,0.00081,-0.00077,0,11.209,0.247,-0.224,0,1,0.022,-0.02,0,126.49634,11.75971,-11.75971,0,0.398,0.037,-0.037,0,,,,,,,,,,,,,,,,,126.49634,11.75971,-11.75971,0,0.398,0.037,-0.037,0,,,,,0.258,0.025,-0.025,0,,,,,1030,15,-15,0,89.14,0.13,-0.11,0,,,,,,,,,,,,,19.25,0.27,-0.31,0,0.08868,0.00044,-0.00042,0,,,,,,,,,207,3.6,-3.8,0,33.42,3.12,-3.02,0,,,,,,,,,6154,60,-60,0,1.16,0.02,-0.02,0,1.19,0.03,-0.03,0,0.1,0.04,-0.04,0,[Fe/H],0.238,0.024,-0.029,0,4.38,0.02,-0.02,0,1.43,0.82,-0.75,0,,,,,4.16,0.282,-0.282,0,,,,,,,,,130.72,0.768,-0.759,7.6214,0.0443369,-0.0443369
K2-237 b,K2-237,b,1,1,1,Transit,0,2.1805577,5.7E-06,-5.7E-06,0,0.0353,0.0012,-0.0012,0,18.405,0.56,-0.56,0,1.642,0.05,-0.05,0,392.83788,13.98452,-13.98452,0,1.236,0.044,-0.044,0,,,,,,,,,,,,,,,,,392.83788,13.98452,-13.98452,0,1.236,0.044,-0.044,0,0.37,0.036,-0.036,0,0,,,0,,,,,1838,38,-38,0,84.6,0.3,-0.3,0,0.52,0.057,-0.002,0,,,,,3.0024,0.0768,-0.0768,0,5.503,0.015,-0.207,0,0.1195,0.0015,-0.0005,0,,,,,,,,,,,,,167.9,4.7,-3.1,0,,,,,,,,,6099,110,-110,0,1.38,0.04,-0.04,0,1.23,0.05,-0.05,0,0,0.08,-0.08,0,[Fe/H],,,,,4.27,0.12,-0.12,0,,,,,0.663,0.04,-0.04,0,12,1,-1,0,,,,,-22.47,0,-0.01,0,314.995,7.221,-6.91,3.14858,0.070618,-0.070618
K2-238 b,K2-238,b,1,1,1,Transit,0,3.20466,3E-05,-3E-05,0,0.046,0.007,-0.006,0,14.572,1.681,-1.569,0,1.3,0.15,-0.14,0,273.3338,41.3179,-38.1396,0,0.86,0.13,-0.12,0,,,,,,,,,,,,,,,,,273.3338,41.3179,-38.1396,0,0.86,0.13,-0.12,0,0.56,0.25,-0.16,0,0,,,0,,,,,1587,75,-76,0,84.5,1.8,-1.5,0,,,,,,,,,,,,,6.27,0.66,-0.52,0,0.08,0.003,-0.002,0,,,,,,,,,90,,,0,100,10,-10,0,,,,,,,,,5630,78,-78,0,1.59,0.16,-0.16,0,1.19,0.08,-0.08,0,0.34,0.04,-0.04,0,[Fe/H],,,,,4.11,0.07,-0.07,0,5.63,1.05,-1.97,0,0.0775,0.0004,-0.0003,0,3.78,0.57,-0.57,0,,,,,,,,,537.963,,,,,
K2-241 b,K2-241,b,1,1,1,Transit,0,26.8199,0.00245,-0.00247,0,0.1567,0.0007,-0.0008,0,2.55,0.18,-0.1,0,0.227,0.016,-0.009,0,,,,,,,,,,,,,,,,,,,,,,,,,,,,,,,,,,,,,,,,,,,,,507,5,-5,0,,,,,0.41,0.3,-0.28,0,,,,,,,,,43.3,3.8,-9.9,0,0.0312,0.0023,-0.0012,0,,,,,,,,,,,,,,,,,,,,,,,,,5262,43,-39,0,0.75,0.01,-0.01,0,0.71,0.01,-0.01,0,-0.44,0.04,-0.03,0,[Fe/H],,,,,4.54,0.01,-0.01,0,,,,,,,,,2.08,0.29,-0.29,0,,,,,,,,,149.464,1.094,-1.078,6.66215,0.0482376,-0.0482376
K2-242 b,K2-242,b,1,1,1,Transit,0,6.51389,0.00082,-0.00083,0,0.0494,0.0004,-0.0004,0,2.54,0.21,-0.19,0,0.227,0.019,-0.017,0,,,,,,,,,,,,,,,,,,,,,,,,,,,,,,,,,,,,,,,,,,,,,416,8,-8,0,,,,,0.42,0.32,-0.29,0,,,,,,,,,22.1,3.8,-5.6,0,0.0633,0.0051,-0.0044,0,,,,,,,,,,,,,,,,,,,,,,,,,3459,65,-38,0,0.37,0.01,-0.01,0,0.38,0.01,-0.01,0,-0.01,0.16,-0.18,0,[Fe/H],,,,,4.89,0.01,-0.01,0,,,,,,,,,,,,,,,,,,,,,109.237,0.625,-0.617,9.12589,0.0516706,-0.0516706
K2-244 b,K2-244,b,1,1,1,Transit,0,21.06884,0.0032,-0.00325,0,0.1418,0.001,-0.0011,0,1.75,0.13,-0.1,0,0.156,0.012,-0.009,0,,,,,,,,,,,,,,,,,,,,,,,,,,,,,,,,,,,,,,,,,,,,,638,7,-7,0,,,,,0.44,0.32,-0.3,0,,,,,,,,,38.3,5.5,-10.1,0,0.0174,0.0013,-0.0009,0,,,,,,,,,,,,,,,,,,,,,,,,,5677,38,-39,0,0.92,0.02,-0.01,0,0.86,0.02,-0.02,0,-0.29,0.03,-0.03,0,[Fe/H],,,,,4.44,0.02,-0.02,0,,,,,,,,,3.69,0.24,-0.24,0,,,,,,,,,212.902,2.422,-2.369,4.66891,0.0524389,-0.0524389
K2-245 b,K2-245,b,1,1,1,Transit,0,11.89307,0.00065,-0.00063,0,0.0959,0.0006,-0.0006,0,4.34,0.19,-0.14,0,0.387,0.017,-0.012,0,,,,,,,,,,,,,,,,,,,,,,,,,,,,,,,,,,,,,,,,,,,,,923,14,-14,0,,,,,0.38,0.28,-0.26,0,,,,,,,,,17.5,1.2,-3.1,0,0.0317,0.0013,-0.0006,0,,,,,,,,,,,,,,,,,,,,,,,,,5793,66,-52,0,1.25,0.03,-0.03,0,0.83,0.02,-0.01,0,-0.45,0.02,-0.02,0,[Fe/H],,,,,4.16,0.02,-0.02,0,,,,,,,,,4.62,0.24,-0.24,0,,,,,,,,,456.064,8.713,-8.398,2.16447,0.0408118,-0.0408118
K2-246 b,K2-246,b,1,1,1,Transit,0,5.76918,0.00081,-0.00082,0,0.0602,0.0004,-0.0004,0,3.49,0.25,-0.21,0,0.311,0.022,-0.019,0,,,,,,,,,,,,,,,,,,,,,,,,,,,,,,,,,,,,,,,,,,,,,977,19,-18,0,,,,,0.41,0.29,-0.27,0,,,,,,,,,11.1,1.1,-2.3,0,0.0341,0.0021,-0.0017,0,,,,,,,,,,,,,,,,,,,,,,,,,5610,32,-29,0,0.94,0.03,-0.03,0,0.87,0.02,-0.02,0,-0.19,0.03,-0.03,0,[Fe/H],,,,,4.43,0.04,-0.03,0,,,,,,,,,2.9,0.3,-0.3,0,,,,,,,,,703.616,26.4825,-26.4825,1.39318,0.0530602,-0.0530602
K2-248 b,K2-248,b,1,1,1,Transit,0,7.17256,0.00148,-0.00142,0,0.0699,0.001,-0.001,0,2.57,0.2,-0.14,0,0.229,0.018,-0.012,0,,,,,,,,,,,,,,,,,,,,,,,,,,,,,,,,,,,,,,,,,,,,,886,19,-18,0,,,,,0.4,0.33,-0.28,0,,,,,,,,,16.2,1.8,-3.9,0,0.0255,0.0019,-0.0013,0,,,,,,,,,,,,,,,,,,,,,,,,,5528,97,-86,0,0.92,0.02,-0.02,0,0.88,0.04,-0.03,0,-0.1,0.04,-0.04,0,[Fe/H],,,,,4.45,0.03,-0.03,0,,,,,,,,,2.6,0.2,-0.2,0,,,,,,,,,406.254,4.991,-4.874,2.43294,0.02966,-0.02966
K2-249 b,K2-249,b,1,1,1,Transit,0,12.409,0.00337,-0.00284,0,0.1151,0.003,-0.0031,0,2.79,0.27,-0.22,0,0.249,0.024,-0.02,0,,,,,,,,,,,,,,,,,,,,,,,,,,,,,,,,,,,,,,,,,,,,,1061,66,-66,0,,,,,0.41,0.33,-0.28,0,,,,,,,,,14.5,1.7,-3.6,0,0.0162,0.0014,-0.0011,0,,,,,,,,,,,,,,,,,,,,,,,,,6504,329,-419,0,1.57,0.06,-0.06,0,1.32,0.09,-0.12,0,0.04,0.14,-0.16,0,[Fe/H],,,,,4.16,0.05,-0.06,0,,,,,,,,,,,,,,,,,,,,,521.716,16.917,-15.903,1.88953,0.0597882,-0.0597882
K2-25 b,K2-25,b,1,1,1,Transit,0,3.484552,3.1E-05,-3.7E-05,0,,,,,3.43,0.95,-0.31,0,0.306,0.085,-0.028,0,,,,,,,,,,,,,,,,,,,,,,,,,,,,,,,,,,,,,0.27,0.16,-0.21,0,,,,,,,,,88.3,1.2,-0.7,0,0.6,0.29,-0.42,0,,,,,0.79,0.09,-0.17,0,,,,,0.1065,0.0286,-0.0065,0,,,,,,,,,62,44,-39,0,,,,,,,,,,,,,3180,60,-60,0,0.29,0.02,-0.02,0,0.29,0.02,-0.02,0,0.15,0.03,-0.03,0,[Fe/H],-2.076,0.067,-0.079,0,,,,,,,,,15.9,2.4,-2.1,0,7.8,0.5,-0.5,0,,,,,38.64,0.15,-0.15,0,44.9565,0.1664,-0.1653,22.2153,0.0814423,-0.0814423
K2-250 b,K2-250,b,1,1,1,Transit,0,4.01457,0.00062,-0.00057,0,0.0459,0.0005,-0.0005,0,2.44,0.19,-0.15,0,0.218,0.017,-0.013,0,,,,,,,,,,,,,,,,,,,,,,,,,,,,,,,,,,,,,,,,,,,,,958,14,-13,0,,,,,0.41,0.32,-0.28,0,,,,,,,,,12.3,1.5,-3,0,0.0276,0.0022,-0.0016,0,,,,,,,,,,,,,,,,,,,,,,,,,5172,46,-44,0,0.81,0.02,-0.02,0,0.8,0.03,-0.02,0,-0.09,0.04,-0.04,0,[Fe/H],,,,,4.53,0.03,-0.03,0,,,,,,,,,2.2,0.3,-0.3,0,,,,,,,,,414.708,6.352,-6.166,2.38297,0.036115,-0.036115
K2-251 b,K2-251,b,1,1,1,Transit,0,9.30075,0.00332,-0.00321,0,0.0694,0.0005,-0.0005,0,2.35,0.26,-0.21,0,0.21,0.023,-0.019,0,,,,,,,,,,,,,,,,,,,,,,,,,,,,,,,,,,,,,,,,,,,,,437,9,-9,0,,,,,0.44,0.33,-0.3,0,,,,,,,,,20.6,4.9,-6.1,0,0.0437,0.0047,-0.0038,0,,,,,,,,,,,,,,,,,,,,,,,,,3717,85,-50,0,0.49,0.01,-0.01,0,0.52,0.01,-0.01,0,-0.04,0.18,-0.19,0,[Fe/H],,,,,4.76,0.01,-0.01,0,,,,,,,,,,,,,,,,,,,,,147.03,1.042,-1.028,6.77291,0.0474972,-0.0474972
K2-252 b,K2-252,b,1,1,1,Transit,0,13.81513,0.00461,-0.00448,0,0.1041,0.0008,-0.0007,0,1.74,0.17,-0.12,0,0.155,0.015,-0.011,0,,,,,,,,,,,,,,,,,,,,,,,,,,,,,,,,,,,,,,,,,,,,,639,7,-7,0,,,,,0.41,0.32,-0.28,0,,,,,,,,,25.7,3.5,-6.3,0,0.0193,0.0018,-0.0013,0,,,,,,,,,,,,,,,,,,,,,,,,,5152,41,-39,0,0.82,0.01,-0.01,0,0.79,0.02,-0.01,0,-0.09,0.04,-0.04,0,[Fe/H],,,,,4.5,0.02,-0.01,0,,,,,,,,,2.2,0.2,-0.2,0,,,,,,,,,228.839,2.083,-2.047,4.34143,0.0391406,-0.0391406
K2-253 b,K2-253,b,1,1,1,Transit,0,4.00167,0.00013,-0.00013,0,0.0506,0.001,-0.0011,0,12.67,0.69,-0.61,0,1.13,0.062,-0.054,0,,,,,,,,,,,,,,,,,,,,,,,,,,,,,,,,,,,,,,,,,,,,,1238,57,-53,0,,,,,0.34,0.26,-0.23,0,,,,,,,,,13.9,0.8,-2,0,0.105,0.0046,-0.0024,0,,,,,,,,,,,,,,,,,,,,,,,,,6027,221,-240,0,1.1,0.04,-0.04,0,1.08,0.05,-0.08,0,0,0.17,-0.19,0,[Fe/H],,,,,4.39,0.03,-0.05,0,,,,,,,,,,,,,,,,,,,,,876.565,28.779,-27.037,1.11213,0.0360414,-0.0360414
K2-255 b,K2-255,b,1,1,1,Transit,0,1.96417,4E-05,-4E-05,0,0.0274,0.0003,-0.0003,0,2.9,0.28,-0.11,0,0.259,0.025,-0.01,0,,,,,,,,,,,,,,,,,,,,,,,,,,,,,,,,,,,,,,,,,,,,,1034,17,-17,0,,,,,0.44,0.31,-0.31,0,,,,,,,,,9.1,0.9,-2.3,0,0.0386,0.0038,-0.0013,0,,,,,,,,,,,,,,,,,,,,,,,,,4676,63,-61,0,0.69,0.01,-0.01,0,0.71,0.03,-0.03,0,-0.14,0.07,-0.06,0,[Fe/H],,,,,4.62,0.02,-0.02,0,,,,,,,,,2.46,0.27,-0.27,0,,,,,,,,,191.608,1.538,-1.515,5.19052,0.0412643,-0.0412643
K2-256 b,K2-256,b,1,1,1,Transit,0,5.52011,0.00239,-0.00289,0,0.0578,0.0008,-0.0008,0,2.63,0.25,-0.21,0,0.235,0.022,-0.019,0,,,,,,,,,,,,,,,,,,,,,,,,,,,,,,,,,,,,,,,,,,,,,845,28,-28,0,,,,,0.42,0.34,-0.29,0,,,,,,,,,7.6,1.3,-1.9,0,0.0309,0.0028,-0.0022,0,,,,,,,,,,,,,,,,,,,,,,,,,5219,179,-136,0,0.78,0.02,-0.02,0,0.84,0.03,-0.04,0,-0.1,0.17,-0.17,0,[Fe/H],,,,,4.58,0.01,-0.02,0,,,,,,,,,,,,,,,,,,,,,564.693,14.928,-14.191,1.74283,0.0452949,-0.0452949
K2-257 b,K2-257,b,1,1,1,Transit,0,1.60588,0.00014,-0.00013,0,0.0216,0.0002,-0.0002,0,0.83,0.06,-0.05,0,0.074,0.005,-0.004,0,,,,,,,,,,,,,,,,,,,,,,,,,,,,,,,,,,,,,,,,,,,,,789,14,-14,0,,,,,0.4,0.31,-0.27,0,,,,,,,,,8.2,1.1,-1.8,0,0.0153,0.0011,-0.0008,0,,,,,,,,,,,,,,,,,,,,,,,,,3725,80,-46,0,0.5,0.01,-0.01,0,0.52,0.01,-0.01,0,-0.03,0.17,-0.18,0,[Fe/H],,,,,4.76,0.01,-0.01,0,,,,,,,,,,,,,,,,,,,,,64.0065,0.2577,-0.2577,15.5949,0.0624233,-0.0624233
K2-258 b,K2-258,b,1,1,1,Transit,0,19.0921,0.00576,-0.00633,0,0.149,0.0025,-0.0026,0,3,0.21,-0.2,0,0.268,0.019,-0.018,0,,,,,,,,,,,,,,,,,,,,,,,,,,,,,,,,,,,,,,,,,,,,,831,30,-30,0,,,,,0.37,0.32,-0.25,0,,,,,,,,,21.5,2,-4.5,0,0.021,0.0014,-0.0013,0,,,,,,,,,,,,,,,,,,,,,,,,,6351,198,-228,0,1.31,0.03,-0.03,0,1.21,0.05,-0.08,0,0.01,0.15,-0.17,0,[Fe/H],,,,,4.29,0.03,-0.04,0,,,,,,,,,,,,,,,,,,,,,661.873,11.218,-10.856,1.48213,0.0250019,-0.0250019
K2-259 b,K2-259,b,1,1,1,Transit,0,15.48043,0.00332,-0.00392,0,0.1271,0.001,-0.0011,0,2.32,0.2,-0.17,0,0.207,0.018,-0.015,0,,,,,,,,,,,,,,,,,,,,,,,,,,,,,,,,,,,,,,,,,,,,,795,13,-13,0,,,,,0.41,0.33,-0.28,0,,,,,,,,,29.9,4.4,-7.1,0,0.0189,0.0015,-0.0013,0,,,,,,,,,,,,,,,,,,,,,,,,,6059,62,-76,0,1.13,0.03,-0.02,0,1.14,0.03,-0.03,0,0.16,0.04,-0.04,0,[Fe/H],,,,,4.39,0.02,-0.03,0,,,,,,,,,5.23,0.2,-0.2,0,,,,,,,,,416.457,8.192,-7.888,2.37321,0.0459932,-0.0459932
K2-26 b,K2-26,b,1,1,1,Transit,0,14.5665,0.0016,-0.002,0,0.0962,0.0054,-0.0061,0,2.67,0.46,-0.42,0,0.238,0.041,-0.037,0,,,,,,,,,,,,,,,,,,,,,,,,,,,,,,,,,,,,,,,,,5.8,,,0,430,,,0,88.4,1.2,-1.5,0,0.57,0.24,-0.39,0,,,,,4.73,0.25,-0.12,0,20.7,3.9,-5.8,0,0.0471,0.0037,-0.0022,0,,,,,,,,,,,,,,,,,,,,,,,,,3785,185,-185,0,0.52,0.08,-0.08,0,0.56,0.1,-0.1,0,-0.13,0.15,-0.15,0,[Fe/H],-1.31,0.167,-0.275,0,,,,,1,,,-1,3.92,1.43,-1.43,0,,,,,,,,,95.34,0.15,-0.15,0,99.0504,0.5153,-0.5102,10.0674,0.0518704,-0.0518704
K2-260 b,K2-260,b,1,1,1,Transit,0,2.6266657,1.8E-06,-1.8E-06,0,0.0404,0.0013,-0.0016,0,17.396,0.538,-0.639,0,1.552,0.048,-0.057,0,451.3186,98.5273,-101.7056,0,1.42,0.31,-0.32,0,451.3186,98.5273,-101.7056,0,1.42,0.31,-0.32,0,451.44,101.733,-101.733,0,1.42038,0.32009,-0.32009,0,451.3186,98.5273,-101.7056,0,1.42,0.31,-0.32,0,0.5,0.12,-0.12,0,0,,,0,,,,,1957,78,-77,0,88.67,0.89,-1,0,0.122,0.09,-0.082,0,0.947,0.0062,-0.0048,0,4.1676,0.0108,-0.0096,0,5.291,0.033,-0.073,0,0.09731,0.00032,-0.00025,0,,,,,2457820.738,9E-05,-9E-05,0,90,,,0,178,38,-39,0,,,,,,,,,6367,250,-250,0,1.69,0.03,-0.03,0,1.39,0.05,-0.06,0,-0.14,0.15,-0.15,0,[Fe/H],,,,,4.15,,,0,1.9,0.3,-0.3,0,0.4005,0.01,-0.01,0,16,2,-2,0,,,,,,,,,663.834,19.395,-18.342,1.47859,0.0424669,-0.0424669
K2-261 b,K2-261,b,1,1,1,Transit,0,11.63344,0.00012,-0.00012,0,0.102,0.019,-0.02,0,9.528,0.291,-0.247,0,0.85,0.026,-0.022,0,70.87609,9.85273,-9.85273,0,0.223,0.031,-0.031,0,70.87609,9.85273,-9.85273,0,0.223,0.031,-0.031,0,70.904,9.857,-9.857,0,0.22309,0.03101,-0.03101,0,70.87609,9.85273,-9.85273,0,0.223,0.031,-0.031,0,0.483,0.076,-0.081,0,0.39,0.15,-0.15,0,,,,,1080,110,-100,0,88.4,1.1,-1.9,0,0.27,0.18,-0.18,0,0.2801,0.0102,-0.0054,0,5.112,1.368,-0.696,0,13.3,2.4,-2.6,0,0.05293,0.00096,-0.00051,0,,,,,2457907.58,0.59,-0.4,0,143,18,-18,0,18.8,2.6,-2.6,0,,,,,,,,,5537,71,-71,0,1.65,0.04,-0.04,0,1.1,0.01,-0.02,0,0.36,0.06,-0.06,0,[Fe/H],,,,,4.21,0.11,-0.11,0,8.8,0.4,-0.3,0,0.35,0.03,-0.03,0,2.8,0.5,-0.5,0,,,,,,,,,213.283,1.975,-1.941,4.66018,0.0427204,-0.0427204
K2-263 b,K2-263,b,1,1,1,Transit,0,50.818947,9.4E-05,-9.4E-05,0,0.2573,0.0029,-0.0029,0,2.41,0.12,-0.12,0,0.215,0.011,-0.011,0,14.8,3.1,-3.1,0,0.04657,0.00975,-0.00975,0,,,,,,,,,,,,,,,,,14.8,3.1,-3.1,0,0.04657,0.00975,-0.00975,0,5.7,1.6,-1.4,0,0.14,,,1,,,,,470,10,-10,0,89.24,0.05,-0.07,0,0.84,0.03,-0.06,0,,,,,3.4872,0.0912,-0.0912,0,64.7,2.4,-2.5,0,0.026,0.0013,-0.001,0,,,,,,,,,,,,,2.82,0.58,-0.58,0,,,,,,,,,5368,44,-44,0,0.85,0.02,-0.02,0,0.88,0.03,-0.03,0,-0.08,0.05,-0.05,0,[m/H],-0.26,0.016,-0.016,0,4.51,0.08,-0.08,0,7,4,-4,0,2.02,0.16,-0.16,0,2,,,1,,,,,30,0,0,0,162.481,1.38,-1.357,6.12624,0.0514419,-0.0514419
K2-269 b,K2-269,b,1,1,1,Transit,0,4.144965,0.000817,-0.000619,0,0.0531,0.0006,-0.0006,0,1.57,0.12,-0.12,0,0.14,0.011,-0.011,0,,,,,,,,,,,,,,,,,,,,,,,,,,,,,,,,,,,,,,,,,,,,,1429,37,-37,0,,,,,0.42,0.33,-0.29,0,,,,,,,,,10.07,1.37,-2.7,0,0.01,0.0007,-0.0006,0,,,,,,,,,,,,,,,,,,,,,,,,,6209,88,-88,0,1.45,0.06,-0.06,0,1.16,0.04,-0.04,0,-0.08,0.06,-0.06,0,[Fe/H],,,,,4.18,0.03,-0.03,0,,,,,1.13,0.767,-0.532,0,,,,,,,,,,,,,360.76,15.805,-14.554,2.74836,0.115545,-0.115545
K2-271 b,K2-271,b,1,1,1,Transit,0,8.562421,0.000127,-0.000127,0,0.077,0.0008,-0.0009,0,7.28,0.23,-0.23,0,0.649,0.021,-0.021,0,,,,,,,,,,,,,,,,,,,,,,,,,,,,,,,,,,,,,,,,,,,,,893,17,-17,0,,,,,0.3,0.21,-0.2,0,,,,,,,,,20.69,0.88,-1.98,0,0.0674,0.0016,-0.0008,0,,,,,,,,,,,,,,,,,,,,,,,,,5644,71,-71,0,0.99,0.03,-0.03,0,0.83,0.03,-0.03,0,-0.3,0.05,-0.05,0,[Fe/H],,,,,4.37,0.03,-0.03,0,,,,,2.284,0.467,-0.409,0,,,,,,,,,,,,,564.454,13.7,-13.7,1.74335,0.0426635,-0.0426635
K2-272 b,K2-272,b,1,1,1,Transit,0,14.453533,0.001328,-0.00136,0,0.1081,0.0016,-0.0017,0,2.91,0.15,-0.15,0,0.26,0.013,-0.013,0,,,,,,,,,,,,,,,,,,,,,,,,,,,,,,,,,,,,,,,,,,,,,655,12,-12,0,,,,,0.39,0.3,-0.27,0,,,,,,,,,30.54,2.59,-6.29,0,0.0329,0.0019,-0.0012,0,,,,,,,,,,,,,,,,,,,,,,,,,5419,79,-79,0,0.81,0.01,-0.01,0,0.81,0.04,-0.04,0,-0.28,0.06,-0.06,0,[Fe/H],,,,,4.53,0.03,-0.03,0,,,,,2.577,1.15,-0.894,0,,,,,,,,,,,,,423.065,5.393,-5.393,2.33505,0.0299025,-0.0299025
K2-273 b,K2-273,b,1,1,1,Transit,0,11.716332,0.001172,-0.001198,0,0.0974,0.0011,-0.0011,0,4.42,1.28,-1.28,0,0.394,0.114,-0.114,0,,,,,,,,,,,,,,,,,,,,,,,,,,,,,,,,,,,,,,,,,,,,,672,11,-11,0,,,,,0.96,0.04,-0.03,0,,,,,,,,,6.48,1.15,-0.77,0,0.0484,0.0233,-0.005,0,,,,,,,,,,,,,,,,,,,,,,,,,5200,67,-67,0,0.84,0.01,-0.01,0,0.9,0.03,-0.03,0,0.2,0.06,-0.06,0,[Fe/H],,,,,4.55,0.02,-0.02,0,,,,,0.037,0.018,-0.014,0,,,,,,,,,,,,,308.105,2.98,-2.923,3.217,0.030855,-0.030855
K2-274 b,K2-274,b,1,1,1,Transit,0,14.129714,0.002102,-0.001876,0,0.1064,0.0008,-0.0009,0,2.2,0.12,-0.12,0,0.196,0.011,-0.011,0,,,,,,,,,,,,,,,,,,,,,,,,,,,,,,,,,,,,,,,,,,,,,589,9,-9,0,,,,,0.39,0.31,-0.27,0,,,,,,,,,31.54,2.82,-6.81,0,0.0272,0.0019,-0.001,0,,,,,,,,,,,,,,,,,,,,,,,,,5065,60,-60,0,0.74,0.01,-0.01,0,0.81,0.02,-0.02,0,-0.13,0.05,-0.05,0,[Fe/H],,,,,4.61,0.01,-0.01,0,,,,,2.98,1.41,-1.09,0,,,,,,,,,,,,,228.327,4.823,-4.631,4.35333,0.0899408,-0.0899408
K2-276 b,K2-276,b,1,1,1,Transit,0,18.718269,0.003153,-0.003008,0,0.1291,0.0011,-0.0011,0,3.77,0.21,-0.21,0,0.336,0.019,-0.019,0,,,,,,,,,,,,,,,,,,,,,,,,,,,,,,,,,,,,,,,,,,,,,583,10,-9,0,,,,,0.38,0.28,-0.26,0,,,,,,,,,21.07,1.63,-3.79,0,0.0405,0.0024,-0.0018,0,,,,,,,,,,,,,,,,,,,,,,,,,5139,62,-62,0,0.85,0.02,-0.02,0,0.82,0.02,-0.02,0,0.07,0.05,-0.05,0,[Fe/H],,,,,4.49,0.02,-0.02,0,,,,,0.505,0.2,-0.158,0,,,,,,,,,,,,,488.152,7.654,-7.425,2.01993,0.0313977,-0.0313977
K2-277 b,K2-277,b,1,1,1,Transit,0,6.326763,0.000355,-0.000361,0,0.0675,0.0006,-0.0006,0,2.07,0.12,-0.12,0,0.185,0.011,-0.011,0,,,,,,,,,,,,,,,,,,,,,,,,,,,,,,,,,,,,,,,,,,,,,958,14,-14,0,,,,,0.41,0.32,-0.28,0,,,,,,,,,24.45,2.5,-6.1,0,0.0196,0.0014,-0.0008,0,,,,,,,,,,,,,,,,,,,,,,,,,5741,65,-65,0,0.97,0.02,-0.02,0,1.02,0.03,-0.03,0,0.11,0.05,-0.05,0,[Fe/H],,,,,4.48,0.02,-0.02,0,,,,,6.936,3.819,-2.818,0,,,,,,,,,,,,,113.123,0.701,-0.691,8.81151,0.0539824,-0.0539824
K2-278 b,K2-278,b,1,1,1,Transit,0,3.334966,0.000701,-0.000859,0,0.0488,0.0009,-0.0009,0,2.98,0.23,-0.23,0,0.266,0.021,-0.021,0,,,,,,,,,,,,,,,,,,,,,,,,,,,,,,,,,,,,,,,,,,,,,1711,101,-101,0,,,,,0.43,0.33,-0.29,0,,,,,,,,,6.24,0.88,-1.65,0,0.0169,0.0013,-0.0011,0,,,,,,,,,,,,,,,,,,,,,,,,,6747,383,-383,0,1.61,0.05,-0.05,0,1.4,0.08,-0.08,0,0,0.17,-0.17,0,[Fe/H],,,,,4.17,0.04,-0.04,0,,,,,0.413,0.288,-0.196,0,,,,,,,,,,,,,786.439,16.395,-15.751,1.24301,0.0257852,-0.0257852
K2-279 b,K2-279,b,1,1,1,Transit,0,7.122605,0.001647,-0.001601,0,0.067,0.0008,-0.0009,0,1.21,0.14,-0.14,0,0.108,0.012,-0.012,0,,,,,,,,,,,,,,,,,,,,,,,,,,,,,,,,,,,,,,,,,,,,,879,14,-14,0,,,,,0.54,0.36,-0.36,0,,,,,,,,,14.45,2.78,-6.78,0,0.0129,0.0021,-0.0009,0,,,,,,,,,,,,,,,,,,,,,,,,,5558,70,-70,0,0.86,0.01,-0.01,0,0.79,0.03,-0.03,0,-0.37,0.05,-0.05,0,[Fe/H],,,,,4.46,0.02,-0.02,0,,,,,1.13,1.33,-0.739,0,,,,,,,,,,,,,182.983,1.608,-1.579,5.43668,0.0472308,-0.0472308
K2-28 b,K2-28,b,1,1,1,Transit,0,2.260455,4.1E-05,-4.1E-05,0,0.0214,0.0013,-0.0013,0,2.32,0.24,-0.24,0,0.207,0.021,-0.021,0,,,,,,,,,,,,,,,,,,,,,,,,,,,,,,,,,,,,,0,,,0,,,,,568,35,-35,0,88.9,0.8,-1.2,0,0.36,0.26,-0.24,0,,,,,,,,,17.9,1.2,-2.8,0,0.0737,0.0032,-0.0018,0,,,,,,,,,,,,,,,,,,,,,,,,,3214,60,-60,0,0.29,0.03,-0.03,0,0.26,0.05,-0.05,0,0.26,0.1,-0.1,0,[Fe/H],,,,,4.93,0.04,-0.04,0,,,,,15.2,3.4,-3.4,0,,,,,,,,,,,,,62.9969,0.3212,-0.3181,15.8456,0.0799362,-0.0799362
K2-280 b,K2-280,b,1,1,1,Transit,0,19.89526,0.00028,-0.00028,0,0.1461,0.0099,-0.0097,0,7.5,0.44,-0.44,0,0.669,0.039,-0.039,0,37.1,5.6,-5.6,0,0.11673,0.01762,-0.01762,0,,,,,,,,,,,,,,,,,37.1,5.6,-5.6,0,0.11673,0.01762,-0.01762,0,0.48,0.13,-0.1,0,0.35,0.05,-0.04,0,,,,,787,17,-17,0,89.53,0.3,-0.26,0,0.27,0.16,-0.17,0,,,,,8.267,0.063,-0.054,0,25.79,0.87,-0.9,0,0.05354,0.00094,-0.00056,0,,,,,2457315.06,0.38,-0.44,0,246.77,4.54,-5.28,0,9.18,1.27,-1.27,0,,,,,,,,,5500,100,-100,0,1.28,0.07,-0.07,0,1.03,0.03,-0.03,0,0.33,0.08,-0.08,0,[Fe/H],,,,,4.21,0.05,-0.05,0,8.96,1.7,-1.7,0,0.8,0.16,-0.13,0,3,1,-1,0,,,,,,,,,391.537,7.494,-7.223,2.52663,0.0476123,-0.0476123
K2-281 b,K2-281,b,1,1,1,Transit,0,8.687721,0.000151,-0.00015,0,0.0773,0.0008,-0.0008,0,8.18,0.21,-0.21,0,0.73,0.019,-0.019,0,,,,,,,,,,,,,,,,,,,,,,,,,,,,,,,,,,,,,,,,,,,,,665,12,-12,0,,,,,0.23,0.2,-0.16,0,,,,,,,,,25.9,0.69,-1.85,0,0.0987,0.0025,-0.0012,0,,,,,,,,,,,,,,,,,,,,,,,,,4812,72,-72,0,0.76,0.01,-0.01,0,0.82,0.03,-0.03,0,0.22,0.05,-0.05,0,[Fe/H],,,,,4.59,0.02,-0.02,0,,,,,4.354,0.594,-0.539,0,,,,,,,,,,,,,458.139,7.724,-7.724,2.15419,0.0365179,-0.0365179
K2-283 b,K2-283,b,1,1,1,Transit,0,1.921036,5.1E-05,-5.3E-05,0,0.0291,0.0003,-0.0003,0,3.52,0.16,-0.16,0,0.314,0.014,-0.014,0,,,,,,,,,,,,,,,,,,,,,,,,,,,,,,,,,,,,,,,,,,,,,1186,20,-20,0,,,,,0.37,0.28,-0.25,0,,,,,,,,,8.23,0.56,-1.39,0,0.0393,0.0023,-0.001,0,,,,,,,,,,,,,,,,,,,,,,,,,5060,70,-70,0,0.82,0.01,-0.01,0,0.89,0.03,-0.03,0,0.28,0.05,-0.05,0,[Fe/H],,,,,4.56,0.02,-0.02,0,,,,,2.861,1.02,-0.821,0,,,,,,,,,,,,,402.915,5.027,-4.907,2.45325,0.0303641,-0.0303641
K2-284 b,K2-284,b,1,1,1,Transit,0,4.795069,8.6E-05,-8.6E-05,0,0.04771,0.00025,-0.00025,0,2.78,0.14,-0.12,0,0.248,0.012,-0.011,0,,,,,,,,,,,,,,,,,,,,,,,,,,,,,,,,,,,,,0.078,0.108,-0.055,0,42.6,1.8,-1.8,0,653,16,-14,0,89,0.65,-0.62,0,0.28,0.19,-0.19,0,,,,,2.147,0.05,-0.045,0,16.84,0.62,-0.7,0,0.042,0.0013,-0.0011,0,,,,,,,,,180.2,126.4,-129.6,0,,,,,,,,,,,,,4140,50,-50,0,0.61,0.02,-0.02,0,0.63,0.01,-0.01,0,0,0.08,-0.08,0,[Fe/H],-1.013,0.018,-0.018,0,4.67,0.01,-0.01,0,0.12,0.64,-0.02,0,3.91,1.07,-0.88,0,3.54,0.5,-0.5,0,8.88,0.4,-0.4,0,16.96,0.19,-0.19,0,107.272,0.502,-0.497,9.29346,0.0430569,-0.0430569
K2-286 b,K2-286,b,1,1,1,Transit,0,27.359,0.005,-0.005,0,0.1768,0.0175,-0.0205,0,2.1,0.2,-0.2,0,0.187,0.018,-0.018,0,,,,,,,,,,,,,,,,,,,,,,,,,,,,,,,,,,,,,,,,,,,,,347,21,-11,0,89.67,0.21,-0.25,0,0.35,0.21,-0.23,0,0.112,0.026,-0.016,0,3,0.744,-0.408,0,63,4,-7,0,0.0315,0.0008,-0.0005,0,,,,,,,,,,,,,,,,,,,,,,,,,3926,100,-100,0,0.62,0.02,-0.02,0,0.64,0.02,-0.02,0,0,0.5,-0.5,0,[Fe/H],-1.046,0.192,-0.352,0,4.7,0.2,-0.2,0,,,,,,,,,,,,,23.8,3.7,-3.7,0,,,,,76.1486,0.2364,-0.235,13.1035,0.0403454,-0.0403454
K2-287 b,K2-287,b,1,1,1,Transit,0,14.893291,2.5E-05,-2.5E-05,0,0.1206,0.0008,-0.0008,0,9.494,0.146,-0.146,0,0.847,0.013,-0.013,0,100.11645,8.58141,-8.58141,0,0.315,0.027,-0.027,0,,,,,,,,,,,,,,,,,100.11645,8.58141,-8.58141,0,0.315,0.027,-0.027,0,,,,,0.478,0.025,-0.026,0,,,,,804,8,-7,0,88.13,0.1,-0.08,0,,,,,,,,,,,,,23.87,0.3,-0.31,0,0.08014,0.00086,-0.00098,0,,,,,,,,,10.1,4.6,-4.2,0,28.8,2.3,-2.2,0,,,,,,,,,5695,58,-58,0,1.07,0.01,-0.01,0,1.06,0.02,-0.02,0,0.2,0.04,-0.04,0,[Fe/H],,,,,4.4,0.01,-0.01,0,4.5,1,-1,0,1.217,0.045,-0.045,0,3.2,0.2,-0.2,0,,,,,32.93,0,0,0,158.335,1.297,-1.277,6.2875,0.0509509,-0.0509509
K2-289 b,K2-289,b,1,1,1,Transit,0,13.156969,4.7E-05,-5.1E-05,0,0.107,0.001,-0.001,0,9.1,0.3,-0.3,0,0.812,0.027,-0.027,0,,,,,,,,,,,,,,,,,,,,,,,,,,,,,,,,,,,,,,,,,,,,,753,16,-16,0,88.48,0.07,-0.07,0,0.6,0.02,-0.02,0,,,,,4.032,0.048,-0.048,0,22.5,0.3,-0.3,0,0.081,0.001,-0.001,0,,,,,,,,,,,,,,,,,,,,,,,,,5529,77,-74,0,1.02,0.03,-0.03,0,0.95,0.04,-0.05,0,0.162,0.087,-0.074,0,[Fe/H],,,,,4.39,0.02,-0.02,0,,,,,1.24,0.1,-0.09,0,,,,,,,,,,,,,274.3,2.093,-2.063,3.61703,0.0274095,-0.0274095
K2-291 b,K2-291,b,1,1,1,Transit,0,2.225177,6.6E-05,-6.8E-05,0,0.03261,0.00044,-0.00044,0,1.589,0.095,-0.072,0,0.142,0.008,-0.006,0,6.49,1.16,-1.16,0,0.02042,0.00365,-0.00365,0,,,,,,,,,,,,,,,,,6.49,1.16,-1.16,0,0.02042,0.00365,-0.00365,0,8.84,2.5,-2.03,0,0,,,0,633,59,-56,0,,,,,85.26,0.23,-0.2,0,0.646,0.021,-0.026,0,,,,,1.719,0.041,-0.032,0,7.7942,0.0984,-0.1019,0,0.01614,0.00062,-0.00033,0,,,,,,,,,0,,,0,3.33,0.59,-0.59,0,,,,,,,,,5520,60,-60,0,0.9,0.04,-0.03,0,0.93,0.04,-0.04,0,0.08,0.04,-0.05,0,[Fe/H],-0.166,0.009,-0.01,0,4.5,0.05,-0.05,0,3.72,3.7,-2.51,0,,,,,2,,,1,,,,,25.13,0,0,0,90.0562,0.4953,-0.49,11.0758,0.0602907,-0.0602907
K2-292 b,K2-292,b,1,1,1,Transit,0,16.9841,0.0008,-0.0008,0,0.13,0.01,-0.01,0,2.63,0.11,-0.1,0,0.235,0.01,-0.009,0,24.5,4.4,-4.4,0,0.07709,0.01384,-0.01384,0,,,,,,,,,,,,,,,,,24.5,4.4,-4.4,0,0.07709,0.01384,-0.01384,0,7.4,1.6,-1.5,0,0.04,0.06,-0.03,0,67,12,-9,0,795,33,-28,0,88.4,0.2,-0.3,0,0.68,0.06,-0.08,0,,,,,3.66,0.07,-0.08,0,25.9,1.8,-2,0,0.022,0.0006,-0.0005,0,,,,,,,,,104,22,-35,0,6.1,1.1,-1.1,0,,,,,,,,,5725,65,-65,0,1.09,0.03,-0.03,0,1,0.03,-0.03,0,0.07,0.05,-0.05,0,[Fe/H],,,,,4.33,0.04,-0.04,0,6.8,2.3,-2.3,0,1.14,0.26,-0.24,0,4.6,1,-1,0,,,,,,,,,114.293,0.825,-0.812,8.72122,0.0621898,-0.0621898
K2-293 b,K2-293,b,1,1,1,Transit,0,13.1225,0.0011,-0.0012,0,,,,,2.45,0.35,-0.25,0,0.219,0.031,-0.022,0,,,,,,,,,,,,,,,,,,,,,,,,,,,,,,,,,,,,,,,,,,,,,750,170,-50,0,88.8,0.8,-1.9,0,0.47,0.34,-0.32,0,,,,,3.98,0.21,-0.17,0,22.9,3,-7.7,0,0.0228,0.002,-0.0012,0,,,,,,,,,,,,,,,,,,,,,,,,,5532,78,-78,0,0.95,0.09,-0.06,0,0.96,0.04,-0.03,0,0.218,0.08,-0.08,0,[M/H],,,,,4.52,0.13,-0.13,0,,,,,,,,,,,,,,,,,,,,,392.251,6.767,-6.546,2.52119,0.0429288,-0.0429288
K2-294 b,K2-294,b,1,1,1,Transit,0,2.50387,0.00022,-0.00023,0,,,,,1.66,0.21,-0.19,0,0.148,0.019,-0.017,0,,,,,,,,,,,,,,,,,,,,,,,,,,,,,,,,,,,,,,,,,,,,,1425,79,-54,0,85.5,2.1,-2,0,0.51,0.16,-0.23,0,,,,,2.6,0.17,-0.15,0,6.49,0.5,-0.65,0,0.01262,0.00076,-0.00081,0,,,,,,,,,,,,,,,,,,,,,,,,,5612,50,-50,0,1.2,0.13,-0.12,0,0.99,0.03,-0.03,0,0.194,0.08,-0.08,0,[M/H],,,,,4.2,0.1,-0.1,0,,,,,,,,,,,,,,,,,,,,,373.078,6.197,-6.002,2.65222,0.043483,-0.043483
K2-295 b,K2-295,b,1,1,1,Transit,0,4.024867,1.5E-05,-1.5E-05,0,0.0451,0.0006,-0.0014,0,10.054,0.123,-0.056,0,0.897,0.011,-0.005,0,106.47305,19.70546,-19.70546,0,0.335,0.062,-0.062,0,,,,,,,,,,,,,,,,,106.47305,19.70546,-19.70546,0,0.335,0.062,-0.062,0,0.612,0.115,-0.115,0,0,,,0,,,,,852,14,-6,0,89.3,0.46,-0.62,0,0.17,0.14,-0.11,0,,,,,2.4984,0.0264,-0.0168,0,13.76,0.19,-0.44,0,0.1304,0.0014,-0.0007,0,,,,,,,,,,,,,54,10,-10,0,,,,,,,,,4444,70,-70,0,0.7,0.02,-0.02,0,0.74,0.04,-0.04,0,0.14,0.12,-0.12,0,[Fe/H],,,,,4.63,0.12,-0.12,0,,,,,3.043,0.128,-0.28,0,2.2,0.3,-0.3,0,,,,,-16.62,0.01,-0.01,0,232.801,1.835,-1.807,4.26686,0.0333461,-0.0333461
K2-30 b,K2-30,b,1,1,1,Transit,0,4.098503,1.1E-05,-1.1E-05,0,0.04839,0.00076,-0.00076,0,11.646,0.56,-0.572,0,1.039,0.05,-0.051,0,184.02357,8.89924,-8.58141,0,0.579,0.028,-0.027,0,,,,,,,,,,,,,,,,,184.02357,8.89924,-8.58141,0,0.579,0.028,-0.027,0,0.64,0.098,-0.08,0,0,,,0,,,,,1092,19,-20,0,86.92,0.26,-0.24,0,0.662,0.03,-0.036,0,1.603,0.037,-0.041,0,2.3208,0.024,-0.024,0,12.34,0.42,-0.38,0,0.1266,0.0015,-0.0016,0,,,,,,,,,,,,,78.7,2.9,-2.8,0,,,,,,,,,5425,40,-40,0,0.84,0.03,-0.03,0,0.9,0.04,-0.04,0,-0.15,0.05,-0.05,0,[Fe/H],-0.256,0.036,-0.038,0,4.54,0.03,-0.03,0,3.9,2.1,-1.9,0,2.11,0.22,-0.19,0,1.4,0.3,-0.3,0,,,,,35.43,0,0,0,333.042,3.021,-2.968,2.97391,0.0267936,-0.0267936
K2-308 b,K2-308,b,1,1,1,Transit,0,3.38628,2E-05,-2E-05,0,,,,,9.916,0.985,-0.985,0,0.884,0.087,-0.087,0,,,,,,,,,,,,,,,,,,,,,,,,,,,,,,,,,,,,,,,,,,,,,,,,,88.44,1.09,-1.91,0,0.21,0.23,-0.15,0,,,,,3.09,0.26,-0.04,0,7.94,0.55,-0.55,0,0.0742,0.0039,-0.0039,0,,,,,,,,,,,,,,,,,,,,,,,,,6100,263,-263,0,1.24,0.1,-0.1,0,1.09,0.09,-0.09,0,-0.1,0.08,-0.08,0,[Fe/H],,,,,3.94,0.44,-0.44,0,,,,,,,,,29,5,-5,1,,,,,8.97,1.79,-1.79,0,1314.53,,,,,
K2-315 b,K2-315,b,1,1,1,Transit,0,3.1443189,4.9E-06,-4.9E-06,0,,,,,0.95,0.058,-0.058,0,0.085,0.005,-0.005,0,,,,,,,,,,,,,,,,,,,,,,,,,,,,,,,,,,,,,,,,,7.45,0.48,-0.44,0,460,5,-5,0,88.74,0.21,-0.16,0,0.565,0.07,-0.092,0,,,,,0.821,0.047,-0.043,0,25.72,0.16,-0.17,0,0.0444,0.0024,-0.0024,0,,,,,,,,,,,,,,,,,,,,,,,,,3300,30,-30,0,0.2,0.01,-0.01,0,0.17,0,0,0,-0.24,0.09,-0.09,0,[Fe/H],-2.387,0.01,-0.011,0,5.09,0.01,-0.01,0,1,,,-1,32.6,1,-1,0,5,,,1,,,,,6.25,0.17,-0.17,0,56.9686,0.2632,-0.2608,17.5252,0.0801134,-0.0801134
K2-317 b,K2-317,b,1,1,1,Transit,0,6.22,0.007,-0.007,0,0.0542,0.0065,-0.0103,0,2.93,0.19,-0.17,0,0.261,0.017,-0.015,0,,,,,,,,,,,,,,,,,,,,,,,,,,,,,,,,,,,,,,,,,,,,,432,48,-24,0,89.22,0.54,-0.93,0,0.43,0.29,-0.28,0,0.119,0.013,-0.013,0,,,,,,,,,,,,,,,,,,,,,,,,,,,,,,,,,,,,,3387,5,-5,0,0.38,0.01,-0.01,0,0.4,0.01,-0.01,0,,,,,,,,,,4.88,0.01,-0.01,0,,,,,,,,,,,,,,,,,,,,,176.291,3.395,-3.271,5.64718,0.106375,-0.106375
K2-318 b,K2-318,b,1,1,1,Transit,0,7.01,0.007,-0.007,0,0.0911,0.014,-0.0185,0,1.66,0.13,-0.13,0,0.148,0.012,-0.012,0,,,,,,,,,,,,,,,,,,,,,,,,,,,,,,,,,,,,,,,,,,,,,456,55,-32,0,89.38,0.44,-0.76,0,0.4,0.29,-0.27,0,0.085,0.002,-0.002,0,,,,,,,,,,,,,,,,,,,,,,,,,,,,,,,,,,,,,3851,83,-83,0,0.55,0.02,-0.02,0,0.56,0.05,-0.05,0,,,,,,,,,,4.7,0.07,-0.07,0,,,,,,,,,,,,,,,,,,,,,147.866,0.9905,-0.9905,6.73446,0.0449643,-0.0449643
K2-319 b,K2-319,b,1,1,1,Transit,0,26.68,0.002,-0.003,0,0.1516,0.0115,-0.0258,0,2.79,0.11,-0.1,0,0.249,0.01,-0.009,0,,,,,,,,,,,,,,,,,,,,,,,,,,,,,,,,,,,,,,,,,,,,,641,61,-31,0,89.45,0.4,-0.66,0,0.35,0.28,-0.24,0,0.083,0.001,-0.001,0,,,,,,,,,,,,,,,,,,,,,,,,,,,,,,,,,,,,,5440,115,-115,0,0.9,0.01,-0.01,0,0.95,0.06,-0.06,0,,,,,,,,,,4.51,0.06,-0.06,0,,,,,,,,,,,,,,,,,,,,,209.071,1.88,-1.847,4.75461,0.0423038,-0.0423038
K2-320 b,K2-320,b,1,1,1,Transit,0,1.995,0.001,-0.001,0,0.0142,0.0026,-0.003,0,2.62,0.23,-0.15,0,0.234,0.021,-0.013,0,,,,,,,,,,,,,,,,,,,,,,,,,,,,,,,,,,,,,,,,,,,,,698,87,-57,0,87.84,1.41,-1.97,0,0.49,0.25,-0.3,0,0.557,0.005,-0.005,0,,,,,,,,,,,,,,,,,,,,,,,,,,,,,,,,,,,,,3157,7,-7,0,0.3,0,0,0,0.12,0.01,-0.01,0,,,,,,,,,,4.55,0.04,-0.04,0,,,,,,,,,,,,,,,,,,,,,108.74,1.057,-1.036,9.16867,0.0878422,-0.0878422
K2-321 b,K2-321,b,1,1,1,Transit,0,2.298,0.001,-0.001,0,0.041,0.0035,-0.0048,0,1.95,0.1,-0.12,0,0.174,0.009,-0.011,0,,,,,,,,,,,,,,,,,,,,,,,,,,,,,,,,,,,,,,,,,,,,,701,45,-30,0,88.94,0.73,-1.12,0,0.28,0.24,-0.19,0,0.11,0.001,-0.001,0,,,,,,,,,,,,,,,,,,,,,,,,,,,,,,,,,,,,,3855,65,-65,0,0.58,0.02,-0.02,0,0.6,0.03,-0.03,0,,,,,,,,,,4.68,0.04,-0.04,0,,,,,,,,,,,,,,,,,,,,,77.6888,0.32415,-0.32415,12.8433,0.0533076,-0.0533076
K2-322 b,K2-322,b,1,1,1,Transit,0,8.205,0.003,-0.003,0,0.0594,0.0174,-0.0221,0,1.92,0.29,-0.18,0,0.171,0.026,-0.016,0,,,,,,,,,,,,,,,,,,,,,,,,,,,,,,,,,,,,,,,,,,,,,635,165,-78,0,88.15,1.11,-2.01,0,0.68,0.21,-0.33,0,0.071,0.002,-0.002,0,,,,,,,,,,,,,,,,,,,,,,,,,,,,,,,,,,,,,4141,96,-96,0,0.6,0.01,-0.01,0,0.63,0.03,-0.03,0,,,,,,,,,,4.68,0.04,-0.04,0,,,,,,,,,,,,,,,,,,,,,123.415,0.315,-0.315,8.07382,0.0205118,-0.0205118
K2-323 b,K2-323,b,1,1,1,Transit,0,24.93,0.006,-0.006,0,0.1275,0.0055,-0.0072,0,2.1,0.09,-0.11,0,0.187,0.008,-0.01,0,,,,,,,,,,,,,,,,,,,,,,,,,,,,,,,,,,,,,,,,,,,,,318,24,-43,0,89.88,1.08,-1.29,0,0.14,0.11,-0.09,0,0.263,0.01,-0.01,0,,,,,,,,,,,,,,,,,,,,,,,,,,,,,,,,,,,,,3710,118,-118,0,0.55,0.02,-0.02,0,0.48,0.09,-0.09,0,,,,,,,,,,4.63,0.13,-0.13,0,,,,,,,,,,,,,,,,,,,,,118.318,0.553,-0.548,8.42309,0.0390194,-0.0390194
K2-324 b,K2-324,b,1,1,1,Transit,0,3.262,0.001,-0.001,0,0.0331,0.0037,-0.0066,0,2.43,0.15,-0.13,0,0.217,0.013,-0.012,0,,,,,,,,,,,,,,,,,,,,,,,,,,,,,,,,,,,,,,,,,,,,,707,83,-38,0,88.33,1.06,-1.84,0,0.42,0.28,-0.25,0,0.199,0.002,-0.002,0,,,,,,,,,,,,,,,,,,,,,,,,,,,,,,,,,,,,,3752,57,-57,0,0.51,0.01,-0.01,0,0.52,0.04,-0.04,0,,,,,,,,,,4.74,0.06,-0.06,0,,,,,,,,,,,,,,,,,,,,,136.667,1.618,-1.581,7.28967,0.0849693,-0.0849693
K2-325 b,K2-325,b,1,1,1,Transit,0,6.93,0.004,-0.003,0,0.0419,0.0046,-0.0058,0,2.2,0.14,-0.15,0,0.196,0.012,-0.013,0,,,,,,,,,,,,,,,,,,,,,,,,,,,,,,,,,,,,,,,,,,,,,423,33,-21,0,89.37,0.4,-0.68,0,0.34,0.26,-0.22,0,0.672,0.01,-0.01,0,,,,,,,,,,,,,,,,,,,,,,,,,,,,,,,,,,,,,3287,67,-67,0,0.3,0.01,-0.01,0,0.27,0.01,-0.01,0,,,,,,,,,,4.84,0.03,-0.03,0,,,,,,,,,,,,,,,,,,,,,111.638,1.029,-1.011,8.92982,0.081229,-0.081229
K2-326 b,K2-326,b,1,1,1,Transit,0,1.256,0.001,-0.002,0,0.0198,0.0036,-0.0041,0,2.28,0.18,-0.18,0,0.203,0.016,-0.016,0,,,,,,,,,,,,,,,,,,,,,,,,,,,,,,,,,,,,,,,,,,,,,1114,138,-90,0,85.63,2.87,-4.24,0,0.48,0.26,-0.29,0,0.0921,0.0027,-0.0027,0,,,,,,,,,,,,,,,,,,,,,,,,,,,,,,,,,,,,,3924,51,-51,0,0.69,0.01,-0.01,0,0.51,0.05,-0.05,0,,,,,,,,,,4.46,0.06,-0.06,0,,,,,,,,,,,,,,,,,,,,,282.308,3.378,-3.301,3.5139,0.0415802,-0.0415802
K2-329 b,K2-329,b,1,1,1,Transit,0,12.4551225,3.1E-06,-3.1E-06,0,0.1016,0.0018,-0.0019,0,8.676,0.291,-0.269,0,0.774,0.026,-0.024,0,82.6358,6.3566,-6.99226,0,0.26,0.02,-0.022,0,82.6358,6.3566,-6.99226,0,0.26,0.02,-0.022,0,82.643,6.993,-6.993,0,0.26002,0.022,-0.022,0,82.6358,6.3566,-6.99226,0,0.26,0.02,-0.022,0,0.694,0.07,-0.072,0,0.0697,0.041,-0.04,0,45.7,2.2,-1.6,0,650,53,-70,0,89.22,0.11,-0.09,0,0.364,0.039,-0.048,0,,,,,3.621,0.019,-0.017,0,26.62,0.46,-0.61,0,0.09679,0.00056,-0.00057,0,,,,,,,,,161,22,-30,0,24.6,1.6,-1.8,0,,,,,,,,,5282,40,-39,0,0.82,0.03,-0.02,0,0.9,0.05,-0.05,0,0.098,0.065,-0.07,0,[Fe/H],-0.325,0.029,-0.027,0,4.57,0.01,-0.02,0,1.8,2.2,-1.3,0,2.3,0.12,-0.16,0,1.9,0.5,-0.5,0,,,,,,,,,233.237,2.293,-2.249,4.25907,0.0414338,-0.0414338
K2-33 b,K2-33,b,1,1,1,Transit,0,5.424865,3.5E-05,-3.1E-05,0,,,,,5.04,0.34,-0.37,0,0.45,0.03,-0.033,0,1175.971,,,1,3.7,,,1,,,,,,,,,,,,,,,,,1175.971,,,1,3.7,,,1,,,,,0,,,0,,,,,,,,,89.1,0.6,-1.1,0,0.16,0.19,-0.11,0,,,,,4.08,0.07,-0.07,0,10.4,0.27,-0.5,0,0.0432,0.0009,-0.0007,0,,,,,,,,,0,,,0,,,,,,,,,,,,,3540,70,-70,0,1.05,0.07,-0.07,0,0.56,0.09,-0.09,0,,,,,,-0.824,0.079,-0.097,0,,,,,0.009,0.001,-0.001,0,0.72,0.06,-0.1,0,8.2,1.8,-1.8,0,6.29,0.17,-0.17,0,-6.7,0.15,-0.15,0,139.268,1.532,-1.499,7.153,0.0775416,-0.0775416
K2-34 b,K2-34,b,1,1,1,Transit,0,2.995633,8E-06,-8E-06,0,0.0426,0.0005,-0.0005,0,13.96,0.32,-0.32,0,1.245,0.029,-0.029,0,,,,,,,,,,,,,,,,,,,,,,,,,,,,,,,,,,,,,,,,,,,,,1559,30,-30,0,,,,,0.81,0.01,-0.01,0,,,,,,,,,6.84,0.13,-0.11,0,0.0886,0.0004,-0.0004,0,,,,,,,,,,,,,,,,,,,,,,,,,6071,90,-90,0,1.44,0.03,-0.03,0,1.15,0.04,-0.04,0,0.03,0.05,-0.05,0,[Fe/H],,,,,4.18,0.02,-0.02,0,,,,,0.675,0.037,-0.035,0,,,,,,,,,,,,,348.646,6.323,-6.106,2.84026,0.050725,-0.050725
K2-39 b,K2-39,b,1,1,1,Transit,0,4.60543,0.00046,-0.00046,0,,,,,6.277,1.681,-1.681,0,0.56,0.15,-0.15,0,28.6047,15.8915,-15.8915,0,0.09,0.05,-0.05,0,,,,,,,,,,,,,,,,,28.6047,15.8915,-15.8915,0,0.09,0.05,-0.05,0,,,,,0,,,0,,,,,,,,,80.39,4.19,-4.19,0,,,,,0.037,0.0034,-0.0034,0,,,,,3.41,0.42,-0.42,0,,,,,,,,,,,,,,,,,14.4,2.6,-2.6,0,,,,,,,,,4881,20,-20,0,2.97,0.77,-0.77,0,0.66,0.56,-0.56,0,0.32,,,0,[Fe/H],,,,,3.44,0.07,-0.07,0,,,,,0.04,0.01,-0.01,0,,,,,,,,,,,,,307.47,4.656,-4.656,3.2244,0.0488659,-0.0488659
K2-4 b,K2-4,b,1,1,1,Transit,0,10.003417,0.001017,-0.000996,0,0.078,0.003,-0.003,0,2.1,0.2,-0.19,0,0.187,0.018,-0.017,0,,,,,,,,,,,,,,,,,,,,,,,,,,,,,,,,,,,,,0.08,0.161192,-0.068641,0,15.6,9.2,-6.2,0,,,,,89.54,0.32,-0.43,0,,,,,,,,,,,,,27.68,2.14,-1.99,0,0.03375,0.0012,-0.00115,0,,,,,,,,,-41.44,132.8953,-98.9633,0,,,,,,,,,,,,,4014.73,173.12,-154.57,0,0.57,0.05,-0.05,0,0.64,0.06,-0.06,0,,,,,,,,,,,,,,,,,,,,,,,,,,,,,,,,,,231.828,2.129,-2.091,4.28506,0.038965,-0.038965
K2-42 b,K2-42,b,1,1,1,Transit,0,6.68796,0.00093,-0.00093,0,0.0617,0.0013,-0.0013,0,2.15,0.24,-0.24,0,0.192,0.021,-0.021,0,,,,,,,,,,,,,,,,,,,,,,,,,,,,,,,,,,,,,,,,,44.1,6.3,-6.3,0,,,,,,,,,,,,,,,,,3.04,0.2,-0.2,0,,,,,0.0304,0.0028,-0.0028,0,,,,,,,,,,,,,,,,,,,,,,,,,4613,71,-71,0,0.64,0.04,-0.04,0,0.7,0.05,-0.05,0,,,,,,,,,,4.66,0.05,-0.05,0,,,,,,,,,,,,,,,,,,,,,396.913,7.94,-7.64,2.49154,0.049059,-0.049059
K2-44 b,K2-44,b,1,1,1,Transit,0,5.657,0.0002,-0.0002,0,0.06,0.0019,-0.0029,0,2.433,0.089,-0.072,0,0.217,0.008,-0.006,0,,,,,,,,,,,,,,,,,,,,,,,,,,,,,,,,,,,,,,,,,,,,,,,,,87.993,1.022,-1.163,0,0.29,0.15,-0.17,0,,,,,,,,,,,,,0.0141,0.0005,-0.0004,0,,,,,,,,,,,,,,,,,,,,,,,,,5912,51,-51,0,1.58,0.15,-0.15,0,1.15,0.06,-0.06,0,0,,,0,[Fe/H],,,,,4.1,0.06,-0.06,0,,,,,,,,,,,,,,,,,,,,,476.703,10.202,-9.791,2.06958,0.0436449,-0.0436449
K2-45 b,K2-45,b,1,1,1,Transit,0,1.7292684,6.9E-06,-6.9E-06,0,0.0224,0.0012,-0.0012,0,6.71,0,0,0,0.599,0,0,0,,,,,,,,,,,,,,,,,,,,,,,,,,,,,,,,,,,,,,,,,100,32,-32,0,,,,,,,,,,,,,,,,,1.689,0.014,-0.014,0,,,,,0.1376,0.0019,-0.0019,0,,,,,,,,,,,,,,,,,,,,,,,,,4103,90,-90,0,0.45,0.07,-0.07,0,0.5,0.08,-0.08,0,,,,,,,,,,4.82,0.07,-0.07,0,,,,,,,,,,,,,,,,,,,,,495.317,10.777,-10.335,1.99067,0.042692,-0.042692
K2-46 b,K2-46,b,1,1,1,Transit,0,19.1541,0.0041,-0.0041,0,0.13821,0.00096,-0.00096,0,2.05,0.24,-0.24,0,0.183,0.021,-0.021,0,,,,,,,,,,,,,,,,,,,,,,,,,,,,,,,,,,,,,,,,,119,22,-22,0,,,,,,,,,,,,,,,,,6.73,0.3,-0.3,0,,,,,0.0145,0.001,-0.001,0,,,,,,,,,,,,,,,,,,,,,,,,,6256,37,-37,0,1.29,0.12,-0.12,0,0.96,0.02,-0.02,0,,,,,,,,,,4.2,0.07,-0.07,0,,,,,,,,,,,,,,,,,,,,,449.237,10.663,-10.188,2.19812,0.051249,-0.051249
K2-47 b,K2-47,b,1,1,1,Transit,0,31.6372,0.0088,-0.0088,0,0.1779,0.0016,-0.0016,0,1.89,0.26,-0.26,0,0.169,0.023,-0.023,0,,,,,,,,,,,,,,,,,,,,,,,,,,,,,,,,,,,,,,,,,10.7,1.1,-1.1,0,,,,,,,,,,,,,,,,,4,0.87,-0.87,0,,,,,0.0229,0.003,-0.003,0,,,,,,,,,,,,,,,,,,,,,,,,,5054,82,-82,0,0.76,0.03,-0.03,0,0.75,0.02,-0.02,0,,,,,,,,,,4.54,0.04,-0.04,0,,,,,,,,,,,,,,,,,,,,,349.881,5.2745,-5.2745,2.82984,0.0427569,-0.0427569
K2-48 b,K2-48,b,1,1,1,Transit,0,20.5065,0.0035,-0.0035,0,0.1344,0.0012,-0.0012,0,2.24,0.24,-0.24,0,0.2,0.021,-0.021,0,,,,,,,,,,,,,,,,,,,,,,,,,,,,,,,,,,,,,,,,,15.3,1.3,-1.3,0,,,,,,,,,,,,,,,,,3.01,0.27,-0.27,0,,,,,0.028,0.0029,-0.0029,0,,,,,,,,,,,,,,,,,,,,,,,,,4899,78,-78,0,0.73,0.02,-0.02,0,0.77,0.02,-0.02,0,,,,,,,,,,4.6,0.03,-0.03,0,,,,,,,,,,,,,,,,,,,,,313.764,2.856,-2.856,3.15843,0.0287915,-0.0287915
K2-49 b,K2-49,b,1,1,1,Transit,0,2.77065,0.00015,-0.00015,0,0.0309,0.0029,-0.0029,0,1.93,0.53,-0.53,0,0.172,0.047,-0.047,0,,,,,,,,,,,,,,,,,,,,,,,,,,,,,,,,,,,,,,,,,59,35,-35,0,,,,,,,,,,,,,,,,,2.307,0.086,-0.086,0,,,,,0.0383,0.0028,-0.0028,0,,,,,,,,,,,,,,,,,,,,,,,,,4175,97,-97,0,0.45,0.12,-0.12,0,0.51,0.14,-0.14,0,,,,,,,,,,4.81,0.11,-0.11,0,,,,,,,,,,,,,,,,,,,,,457.125,10.223,-9.793,2.15954,0.0475172,-0.0475172
K2-52 b,K2-52,b,1,1,1,Transit,0,3.535055,1.7E-05,-1.6E-05,0,0.054,0.002,-0.002,0,18,2.2,-2.2,0,1.606,0.196,-0.196,0,,,,,,,,,,,,,,,,,,,,,,,,,,,,,,,,,,,,,,,,,,,,,2004,184,-184,0,86.46,2.04,-1.91,0,0.32,0.14,-0.18,0,,,,,5.328,0.072,-0.072,0,5.2,0.2,-0.3,0,0.075,0.001,-0.001,0,,,,,,,,,,,,,,,,,,,,,,,,,7147,483,-506,0,2.19,0.28,-0.23,0,1.69,0.16,-0.14,0,0.055,0.154,-0.139,0,[Fe/H],,,,,3.98,0.09,-0.09,0,,,,,0.22,0.08,-0.06,0,,,,,,,,,,,,,1038.41,71.37,-62.873,0.939381,0.0604538,-0.0604538
K2-53 b,K2-53,b,1,1,1,Transit,0,12.20772,0.000123,-0.000113,0,0.098,0.001,-0.001,0,2.6,0.1,-0.1,0,0.232,0.009,-0.009,0,,,,,,,,,,,,,,,,,,,,,,,,,,,,,,,,,,,,,,,,,,,,,665,13,-13,0,89.32,0.22,-0.16,0,0.31,0.07,-0.1,0,,,,,3.48,0.072,-0.072,0,26.3,0.4,-0.4,0,0.03,0.001,-0.001,0,,,,,,,,,,,,,,,,,,,,,,,,,5263,88,-86,0,0.81,0.02,-0.01,0,0.85,0.03,-0.04,0,-0.037,0.052,-0.053,0,[Fe/H],,,,,4.55,0.02,-0.03,0,,,,,2.29,0.15,-0.18,0,,,,,,,,,,,,,138.018,1.14,-1.121,7.21733,0.0588802,-0.0588802
K2-54 b,K2-54,b,1,1,1,Transit,0,9.7843,0.0014,-0.0014,0,0.0671,0.0037,-0.0037,0,1.15,0.19,-0.19,0,0.103,0.017,-0.017,0,,,,,,,,,,,,,,,,,,,,,,,,,,,,,,,,,,,,,,,,,6.1,2,-2,0,,,,,,,,,,,,,,,,,2.76,0.18,-0.18,0,,,,,0.0272,0.0026,-0.0026,0,,,,,,,,,,,,,,,,,,,,,,,,,3798,113,-113,0,0.38,0.05,-0.05,0,0.42,0.07,-0.07,0,,,,,,,,,,4.89,0.06,-0.06,0,,,,,,,,,,,,,,,,,,,,,174.955,1.0145,-1.0145,5.68706,0.0329001,-0.0329001
K2-55 b,K2-55,b,1,1,1,Transit,0,2.849258,3.3E-05,-3.3E-05,0,0.03486,0.00078,-0.00078,0,3.82,0.32,-0.32,0,0.341,0.029,-0.029,0,,,,,,,,,,,,,,,,,,,,,,,,,,,,,,,,,,,,,,,,,115,24,-24,0,,,,,,,,,,,,,,,,,2.006,0.022,-0.022,0,,,,,0.0552,0.0013,-0.0013,0,,,,,,,,,,,,,,,,,,,,,,,,,4456,148,-148,0,0.63,0.05,-0.05,0,0.7,0.05,-0.05,0,,,,,,,,,,4.67,0.05,-0.05,0,,,,,,,,,,,,,,,,,,,,,159.522,0.73,-0.725,6.23997,0.0283716,-0.0283716
K2-57 b,K2-57,b,1,1,1,Transit,0,9.0063,0.0013,-0.0013,0,0.0746,0.002,-0.002,0,2.1,0.25,-0.25,0,0.187,0.022,-0.022,0,,,,,,,,,,,,,,,,,,,,,,,,,,,,,,,,,,,,,,,,,24.1,4.3,-4.3,0,,,,,,,,,,,,,,,,,2.29,0.18,-0.18,0,,,,,0.0308,0.0028,-0.0028,0,,,,,,,,,,,,,,,,,,,,,,,,,4434,61,-61,0,0.62,0.05,-0.05,0,0.68,0.06,-0.06,0,,,,,,,,,,4.68,0.05,-0.05,0,,,,,,,,,,,,,,,,,,,,,264.213,2.06,-2.029,3.75615,0.0290665,-0.0290665
K2-6 b,K2-6,b,1,1,1,Transit,0,30.94191,0.00467,-0.00467,0,0.1898,0.0056,-0.0056,0,2.5,0.88,-0.88,0,0.223,0.079,-0.079,0,,,,,,,,,,,,,,,,,,,,,,,,,,,,,,,,,,,,,,,,,,,,,615,105,-105,0,,,,,,,,,0.068,,,0,,,,,50.27,24.56,-24.56,0,,,,,,,,,,,,,,,,,,,,,,,,,,,,,5850,79,-98,0,0.96,0.14,-0.09,0,0.97,0.07,-0.07,0,-0.14,0.17,-0.2,0,[Fe/H],,,,,,,,,,,,,,,,,,,,,,,,,,,,,316.819,6.458,-6.21,3.12897,0.0626032,-0.0626032
K2-60 b,K2-60,b,1,1,1,Transit,0,3.00265,4E-05,-4E-05,0,0.045,0.003,-0.003,0,7.656,0.415,-0.415,0,0.683,0.037,-0.037,0,135.39558,11.75971,-11.75971,0,0.426,0.037,-0.037,0,,,,,,,,,,,,,,,,,135.39558,11.75971,-11.75971,0,0.426,0.037,-0.037,0,1.7,0.3,-0.3,0,0,,,0,,,,,1400,50,-50,0,88.49,0.96,-0.96,0,0.21,0.13,-0.13,0,,,,,3.08,0.1,-0.1,0,7.78,0.17,-0.17,0,0.063,0.001,-0.001,0,,,,,,,,,,,,,61,2.6,-2.6,0,,,,,,,,,5500,100,-100,0,1.12,0.05,-0.05,0,0.97,0.07,-0.07,0,0.01,0.11,-0.11,0,[Fe/H],,,,,4.07,0.11,-0.11,0,10,3,-3,0,0.99,0.06,-0.06,0,2.2,0.5,-0.5,0,,,,,-45.48,0,0,0,491.87,11.47,-10.969,2.00523,0.0460023,-0.0460023
K2-61 b,K2-61,b,1,1,1,Transit,0,2.57302,0.0002,-0.0002,0,0.0392,0.0024,-0.0024,0,2.48,0.79,-0.79,0,0.221,0.07,-0.07,0,,,,,,,,,,,,,,,,,,,,,,,,,,,,,,,,,,,,,,,,,1686,1125,-1125,0,,,,,,,,,,,,,,,,,2.33,0.15,-0.15,0,,,,,0.0166,0.0011,-0.0011,0,,,,,,,,,,,,,,,,,,,,,,,,,6293,338,-338,0,1.36,0.41,-0.41,0,1.21,0.22,-0.22,0,,,,,,,,,,4.25,0.2,-0.2,0,,,,,,,,,,,,,,,,,,,,,405.732,8.413,-8.083,2.43694,0.049706,-0.049706
K2-64 b,K2-64,b,1,1,1,Transit,0,6.53044,0.00067,-0.00067,0,0.0619,0.0019,-0.0019,0,2.07,0.26,-0.26,0,0.185,0.023,-0.023,0,,,,,,,,,,,,,,,,,,,,,,,,,,,,,,,,,,,,,,,,,98,23,-23,0,,,,,,,,,,,,,,,,,3.06,0.12,-0.12,0,,,,,0.0259,0.0017,-0.0017,0,,,,,,,,,,,,,,,,,,,,,,,,,5312,82,-82,0,0.73,0.08,-0.08,0,0.74,0.07,-0.07,0,,,,,,,,,,4.58,0.05,-0.05,0,,,,,,,,,,,,,,,,,,,,,499.891,12.979,-12.348,1.97291,0.0502622,-0.0502622
K2-65 b,K2-65,b,1,1,1,Transit,0,12.6475,0.0013,-0.0013,0,0.1014,0.0039,-0.0039,0,1.58,0.38,-0.38,0,0.141,0.034,-0.034,0,,,,,,,,,,,,,,,,,,,,,,,,,,,,,,,,,,,,,,,,,45,17,-17,0,,,,,,,,,,,,,,,,,3.43,0.35,-0.35,0,,,,,0.0173,0.0034,-0.0034,0,,,,,,,,,,,,,,,,,,,,,,,,,5213,336,-336,0,0.84,0.12,-0.12,0,0.87,0.1,-0.1,0,,,,,,,,,,4.53,0.08,-0.08,0,,,,,,,,,,,,,,,,,,,,,,,,15.5932,0.275799,-0.275799
K2-66 b,K2-66,b,1,1,1,Transit,0,5.06963,0.00081,-0.00081,0,0.05983,0.00072,-0.00072,0,2.49,0.34,-0.24,0,0.222,0.03,-0.021,0,21.3,3.6,-3.6,0,0.06702,0.01133,-0.01133,0,,,,,,,,,,,,,,,,,21.3,3.6,-3.6,0,0.06702,0.01133,-0.01133,0,7.8,2.7,-2.7,0,0,,,0,840,125,-125,0,1372,51,-51,0,86.6,2.4,-4.4,0,0.47,0.31,-0.31,0,,,,,4.71,0.45,-0.26,0,7.874,0.898,-2.16,0,0.01353,0.00174,-0.0008,0,,,,,,,,,,,,,7.4,1.2,-1.2,0,,,,,,,,,5887,46,-46,0,1.67,0.12,-0.12,0,1.11,0.04,-0.04,0,-0.047,0.02,-0.02,0,[Fe/H],,,,,4.03,0.05,-0.05,0,,,,,,,,,3.7,2,-2,0,,,,,,,,,513.877,24.123,-22.087,1.92148,0.0866516,-0.0866516
K2-68 b,K2-68,b,1,1,1,Transit,0,8.05428,0.00082,-0.00082,0,0.0708,0.0031,-0.0031,0,1.58,0.23,-0.23,0,0.141,0.021,-0.021,0,,,,,,,,,,,,,,,,,,,,,,,,,,,,,,,,,,,,,,,,,41,11,-11,0,,,,,,,,,,,,,,,,,2.72,0.11,-0.11,0,,,,,0.0211,0.0016,-0.0016,0,,,,,,,,,,,,,,,,,,,,,,,,,4746,96,-96,0,0.68,0.09,-0.09,0,0.73,0.1,-0.1,0,,,,,,,,,,4.63,0.06,-0.06,0,,,,,,,,,,,,,,,,,,,,,168.652,1.258,-1.24,5.90092,0.0435691,-0.0435691
K2-69 b,K2-69,b,1,1,1,Transit,0,7.06599,0.0005,-0.0005,0,0.0591,0.0025,-0.0025,0,2.32,0.36,-0.36,0,0.207,0.032,-0.032,0,,,,,,,,,,,,,,,,,,,,,,,,,,,,,,,,,,,,,,,,,17.9,6,-6,0,,,,,,,,,,,,,,,,,1.62,0.11,-0.11,0,,,,,0.0428,0.0033,-0.0033,0,,,,,,,,,,,,,,,,,,,,,,,,,4127,190,-190,0,0.49,0.07,-0.07,0,0.55,0.07,-0.07,0,,,,,,,,,,4.79,0.06,-0.06,0,,,,,,,,,,,,,,,,,,,,,180.697,1.583,-1.556,5.50581,0.0476985,-0.0476985
K2-7 b,K2-7,b,1,1,1,Transit,0,28.67992,0.00947,-0.00947,0,0.1814,0.0043,-0.0043,0,2.67,0.56,-0.56,0,0.238,0.05,-0.05,0,,,,,,,,,,,,,,,,,,,,,,,,,,,,,,,,,,,,,,,,,,,,,651,61,-61,0,,,,,,,,,0.053,,,0,,,,,40.29,8.19,-8.19,0,,,,,,,,,,,,,,,,,,,,,,,,,,,,,5772,72,-91,0,0.96,0.17,-0.08,0,0.97,0.06,-0.06,0,-0.07,0.16,-0.16,0,[Fe/H],,,,,,,,,,,,,,,,,,,,,,,,,,,,,738.553,15.745,-15.113,1.32514,0.0280727,-0.0280727
K2-70 b,K2-70,b,1,1,1,Transit,0,13.97896,0.00095,-0.00095,0,0.1112,0.004,-0.004,0,2.89,0.47,-0.47,0,0.258,0.042,-0.042,0,,,,,,,,,,,,,,,,,,,,,,,,,,,,,,,,,,,,,,,,,62,22,-22,0,,,,,,,,,,,,,,,,,3.52,0.1,-0.1,0,,,,,0.0281,0.0017,-0.0017,0,,,,,,,,,,,,,,,,,,,,,,,,,5622,268,-268,0,0.93,0.14,-0.14,0,0.94,0.1,-0.1,0,,,,,,,,,,4.48,0.1,-0.1,0,,,,,,,,,,,,,,,,,,,,,232.964,3.509,-3.408,4.26498,0.0632312,-0.0632312
K2-71 b,K2-71,b,1,1,1,Transit,0,6.98541,0.00075,-0.00075,0,0.0559,0.0025,-0.0025,0,2.15,0.33,-0.33,0,0.192,0.029,-0.029,0,,,,,,,,,,,,,,,,,,,,,,,,,,,,,,,,,,,,,,,,,13.4,3.8,-3.8,0,,,,,,,,,,,,,,,,,1.41,0.15,-0.15,0,,,,,0.0457,0.0043,-0.0043,0,,,,,,,,,,,,,,,,,,,,,,,,,4006,133,-133,0,0.43,0.05,-0.05,0,0.48,0.06,-0.06,0,,,,,,,,,,4.85,0.06,-0.06,0,,,,,,,,,,,,,,,,,,,,,153.192,1.23,-1.211,6.49946,0.0516049,-0.0516049
K2-73 b,K2-73,b,1,1,1,Transit,0,7.49543,0.00059,-0.00059,0,0.07619,0.00072,-0.00072,0,2.45,0.21,-0.21,0,0.219,0.019,-0.019,0,,,,,,,,,,,,,,,,,,,,,,,,,,,,,,,,,,,,,,,,,213,30,-30,0,,,,,,,,,,,,,,,,,3.62,0.085,-0.085,0,,,,,0.021,0.0012,-0.0012,0,,,,,,,,,,,,,,,,,,,,,,,,,5922,76,-76,0,1.06,0.07,-0.07,0,1.05,0.03,-0.03,0,,,,,,,,,,4.41,0.06,-0.06,0,,,,,,,,,,,,,,,,,,,,,269.183,2.539,-2.493,3.68643,0.0344589,-0.0344589
K2-74 b,K2-74,b,1,1,1,Transit,0,19.5666,0.0033,-0.0033,0,0.1402,0.0015,-0.0015,0,2.31,0.19,-0.19,0,0.206,0.017,-0.017,0,,,,,,,,,,,,,,,,,,,,,,,,,,,,,,,,,,,,,,,,,59.1,8.1,-8.1,0,,,,,,,,,,,,,,,,,5.12,0.15,-0.15,0,,,,,0.0215,0.0011,-0.0011,0,,,,,,,,,,,,,,,,,,,,,,,,,6060,86,-86,0,0.98,0.06,-0.06,0,0.96,0.03,-0.03,0,,,,,,,,,,4.44,0.06,-0.06,0,,,,,,,,,,,,,,,,,,,,,377.822,6.802,-6.57,2.6188,0.0464706,-0.0464706
K2-77 b,K2-77,b,1,1,1,Transit,0,8.199796,0.000683,-0.000719,0,,,,,2.3,0.16,-0.16,0,0.205,0.014,-0.014,0,603.877,,,1,1.9,,,1,,,,,,,,,,,,,,,,,603.877,,,1,1.9,,,1,,,,,0.14,0.22,-0.09,0,58,7,-7,0,,,,,88.7,0.8,-0.8,0,0.46,0.24,-0.3,0,,,,,2.4,0.35,-0.75,0,23.2,6.4,-2.3,0,0.0278,0.0022,-0.0011,0,,,,,,,,,1,106,-114,0,,,,,,,,,,,,,4970,45,-45,0,0.76,0.03,-0.03,0,0.8,0.12,-0.12,0,0.29,0.06,-0.06,0,[Fe/H],-0.5,0.034,-0.037,0,4.47,0.13,-0.13,0,0.85,0.45,-0.45,0,2.5,0.4,-0.4,0,4,,,0,19.8,2.9,-2.9,0,7.35,0.2,-0.2,0,141.731,0.874,-0.863,7.02703,0.0428976,-0.0428976
K2-79 b,K2-79,b,1,1,1,Transit,0,10.99573,0.0007,-0.0007,0,0.0987,0.0012,-0.0012,0,3.69,0.39,-0.39,0,0.329,0.035,-0.035,0,,,,,,,,,,,,,,,,,,,,,,,,,,,,,,,,,,,,,,,,,186,36,-36,0,,,,,,,,,,,,,,,,,4.42,0.088,-0.088,0,,,,,0.0261,0.0012,-0.0012,0,,,,,,,,,,,,,,,,,,,,,,,,,5926,86,-86,0,1.28,0.12,-0.12,0,1.06,0.04,-0.04,0,,,,,,,,,,4.25,0.07,-0.07,0,,,,,,,,,,,,,,,,,,,,,256.011,2.349,-2.307,3.8775,0.0352454,-0.0352454
K2-81 b,K2-81,b,1,1,1,Transit,0,6.102325,0.00039,-0.000407,0,0.059,0.002,-0.002,0,1.97,0.13,-0.11,0,0.176,0.012,-0.01,0,,,,,,,,,,,,,,,,,,,,,,,,,,,,,,,,,,,,,0.06,0.144406,-0.051854,0,62.9,9.2,-8.4,0,,,,,89.29,0.49,-0.57,0,,,,,,,,,,,,,19.77,0.93,-0.97,0,0.0285,0.00092,-0.00071,0,,,,,,,,,-27.89,133.848,-112.5904,0,,,,,,,,,,,,,4674.13,140.71,-131.16,0,0.63,0.04,-0.03,0,0.75,0.07,-0.07,0,,,,,,,,,,,,,,,,,,,,,,,,,,,,,,,,,,252.318,2.731,-2.673,3.93486,0.0421198,-0.0421198
K2-85 b,K2-85,b,1,1,1,Transit,0,0.684533,1.8E-05,-1.8E-05,0,0.01263,0.00037,-0.00037,0,1.01,0.12,-0.12,0,0.09,0.011,-0.011,0,,,,,,,,,,,,,,,,,,,,,,,,,,,,,,,,,,,,,,,,,479,103,-103,0,,,,,,,,,,,,,,,,,0.782,0.045,-0.045,0,,,,,0.0179,0.0015,-0.0015,0,,,,,,,,,,,,,,,,,,,,,,,,,4268,122,-122,0,0.51,0.04,-0.04,0,0.57,0.05,-0.05,0,,,,,,,,,,4.78,0.06,-0.06,0,,,,,,,,,,,,,,,,,,,,,97.2179,0.3824,-0.3794,10.2574,0.0400014,-0.0400014
K2-86 b,K2-86,b,1,1,1,Transit,0,8.77683,0.00098,-0.00098,0,0.077,0.0026,-0.0026,0,1.96,0.27,-0.27,0,0.175,0.024,-0.024,0,,,,,,,,,,,,,,,,,,,,,,,,,,,,,,,,,,,,,,,,,78,24,-24,0,,,,,,,,,,,,,,,,,2.75,0.14,-0.14,0,,,,,0.0234,0.0016,-0.0016,0,,,,,,,,,,,,,,,,,,,,,,,,,5482,248,-248,0,0.76,0.09,-0.09,0,0.79,0.08,-0.08,0,,,,,,,,,,4.58,0.07,-0.07,0,,,,,,,,,,,,,,,,,,,,,258.699,3.004,-2.937,3.83717,0.0440494,-0.0440494
K2-87 b,K2-87,b,1,1,1,Transit,0,9.726618,5.5E-05,-5.5E-05,0,0.094,0.001,-0.001,0,7.6,0.4,-0.4,0,0.678,0.036,-0.036,0,,,,,,,,,,,,,,,,,,,,,,,,,,,,,,,,,,,,,,,,,,,,,979,28,-28,0,87.74,0.17,-0.17,0,0.57,0.03,-0.03,0,,,,,4.56,0.048,-0.048,0,14.4,0.3,-0.3,0,0.05,0.001,-0.001,0,,,,,,,,,,,,,,,,,,,,,,,,,5747,58,-49,0,1.4,0.08,-0.06,0,1.16,0.04,-0.04,0,0.328,0.051,-0.045,0,[Fe/H],,,,,4.21,0.03,-0.04,0,,,,,0.59,0.07,-0.08,0,,,,,,,,,,,,,491.242,7.054,-6.861,2.00706,0.0286106,-0.0286106
K2-88 b,K2-88,b,1,1,1,Transit,0,4.6122,0.00018,-0.00018,0,0.0345,0.003,-0.003,0,1.23,0.25,-0.25,0,0.11,0.022,-0.022,0,,,,,,,,,,,,,,,,,,,,,,,,,,,,,,,,,,,,,,,,,7.8,3.5,-3.5,0,,,,,,,,,,,,,,,,,1.039,0.067,-0.067,0,,,,,0.0436,0.0024,-0.0024,0,,,,,,,,,,,,,,,,,,,,,,,,,3537,93,-93,0,0.26,0.05,-0.05,0,0.26,0.07,-0.07,0,,,,,,,,,,5.02,0.07,-0.07,0,,,,,,,,,,,,,,,,,,,,,110.561,0.828,-0.815,9.01663,0.0666993,-0.0666993
K2-89 b,K2-89,b,1,1,1,Transit,0,1.096026,6.5E-05,-6.5E-05,0,0.01462,0.00051,-0.00051,0,0.615,0.08,-0.08,0,0.055,0.007,-0.007,0,,,,,,,,,,,,,,,,,,,,,,,,,,,,,,,,,,,,,,,,,78,17,-17,0,,,,,,,,,,,,,,,,,0.895,0.085,-0.085,0,,,,,0.0176,0.0014,-0.0014,0,,,,,,,,,,,,,,,,,,,,,,,,,3691,51,-51,0,0.32,0.03,-0.03,0,0.35,0.04,-0.04,0,,,,,,,,,,4.96,0.05,-0.05,0,,,,,,,,,,,,,,,,,,,,,86.0386,0.3114,-0.3093,11.594,0.0416119,-0.0416119
K2-9 b,K2-9,b,1,1,1,Transit,0,18.4498,0.0015,-0.0015,0,0.091,0.013,-0.016,0,2.25,0.53,-0.96,0,0.201,0.047,-0.086,0,,,,,,,,,,,,,,,,,,,,,,,,,,,,,,,,,,,,,,,,,1.36,1.59,-0.81,0,314,67,-64,0,87.983,1.593,-0.08,0,0.9261,0.008,-0.4929,0,,,,,2.8397,0.0074,-0.5492,0,26.3,31.8,-0.74,0,0.06669,0.0006,-0.01307,0,,,,,,,,,,,,,,,,,,,,,,,,,3390,150,-150,0,0.31,0.11,-0.11,0,0.3,0.14,-0.14,0,-0.25,0.2,-0.2,0,[Fe/H],-1.921,0.263,-0.778,0,,,,,1,,,-1,9.88,4.25,-4.25,0,,,,,,,,,-31.02,0.15,-0.15,0,82.9631,0.3747,-0.3714,12.025,0.0537978,-0.0537978
K2-91 b,K2-91,b,1,1,1,Transit,0,1.419549,7.1E-05,-7.1E-05,0,0.0164,0.0011,-0.0011,0,1.1,0.18,-0.18,0,0.098,0.016,-0.016,0,,,,,,,,,,,,,,,,,,,,,,,,,,,,,,,,,,,,,,,,,46,15,-15,0,,,,,,,,,,,,,,,,,0.945,0.075,-0.075,0,,,,,0.0352,0.0025,-0.0025,0,,,,,,,,,,,,,,,,,,,,,,,,,3622,104,-104,0,0.28,0.04,-0.04,0,0.29,0.06,-0.06,0,,,,,,,,,,5,0.05,-0.05,0,,,,,,,,,,,,,,,,,,,,,62.5785,0.2828,-0.2803,15.9515,0.0713516,-0.0713516
K2-95 b,K2-95,b,1,1,1,Transit,0,10.134016,0.001132,-0.001143,0,0.0696,0.0006,-0.0006,0,3.88,1.75,-1.75,0,0.346,0.156,-0.156,0,,,,,,,,,,,,,,,,,,,,,,,,,,,,,,,,,,,,,,,,,,,,,383,8,-8,0,,,,,0.83,0.18,-0.48,0,,,,,,,,,18.27,11.84,-6.08,0,0.0853,0.0668,-0.0104,0,,,,,,,,,,,,,,,,,,,,,,,,,3548,59,-59,0,0.42,0.01,-0.01,0,0.44,0.01,-0.01,0,-0.03,0.17,-0.17,0,[Fe/H],,,,,4.84,0.01,-0.01,0,,,,,1.12,2.36,-0.947,0,,,,,,,,,,,,,179.854,4.044,-3.873,5.53519,0.121384,-0.121384
K2-97 b,K2-97,b,1,1,1,Transit,0,8.406726,0.001863,-0.001827,0,0.086,0.0011,-0.0011,0,10.61,0.95,-0.95,0,0.947,0.085,-0.085,0,,,,,,,,,,,,,,,,,,,,,,,,,,,,,,,,,,,,,,,,,,,,,1499,39,-39,0,,,,,0.44,0.33,-0.3,0,,,,,,,,,10.16,1.11,-2.79,0,0.0218,0.0023,-0.0012,0,,,,,,,,,,,,,,,,,,,,,,,,,4717,73,-73,0,4.47,0.18,-0.18,0,1.2,0.05,-0.05,0,0.33,0.04,-0.04,0,[Fe/H],,,,,3.22,0.04,-0.04,0,,,,,0.279,0.172,-0.12,0,,,,,,,,,,,,,878.43,49.94,-49.94,1.10927,0.0632117,-0.0632117
K2-98 b,K2-98,b,1,1,1,Transit,0,10.136448,0.000609,-0.000591,0,0.0974,0.0009,-0.0009,0,5.2,0.19,-0.19,0,0.464,0.017,-0.017,0,,,,,,,,,,,,,,,,,,,,,,,,,,,,,,,,,,,,,,,,,,,,,1092,21,-21,0,,,,,0.33,0.28,-0.22,0,,,,,,,,,15.09,0.8,-2.34,0,0.0304,0.001,-0.0005,0,,,,,,,,,,,,,,,,,,,,,,,,,6172,82,-82,0,1.57,0.04,-0.04,0,1.2,0.03,-0.03,0,-0.06,0.05,-0.05,0,[Fe/H],,,,,4.13,0.02,-0.02,0,,,,,0.633,0.186,-0.155,0,,,,,,,,,,,,,518.625,11.518,-11.037,1.89991,0.0416012,-0.0416012
K2-99 b,K2-99,b,1,1,1,Transit,0,18.251985,0.001399,-0.001399,0,0.1597,0.0012,-0.0012,0,11.73,0.42,-0.42,0,1.046,0.037,-0.037,0,,,,,,,,,,,,,,,,,,,,,,,,,,,,,,,,,,,,,,,,,,,,,1113,21,-21,0,,,,,0.39,0.22,-0.24,0,,,,,,,,,12.01,0.87,-1.69,0,0.0408,0.0013,-0.0007,0,,,,,,,,,,,,,,,,,,,,,,,,,6217,78,-78,0,2.63,0.07,-0.07,0,1.63,0.04,-0.04,0,0.21,0.06,-0.06,0,[Fe/H],,,,,3.81,0.02,-0.02,0,,,,,0.099,0.032,-0.027,0,,,,,,,,,,,,,519.229,12.998,-12.389,1.89836,0.0466995,-0.0466995
KELT-1 b,KELT-1,b,1,1,1,Transit,0,1.217514,1.5E-05,-1.5E-05,0,0.02466,0.00016,-0.00016,0,12.442,0.359,-0.247,0,1.11,0.032,-0.022,0,8654.15,158.908,-152.552,0,27.23,0.5,-0.48,0,,,,,,,,,,,,,,,,,8654.15,158.908,-152.552,0,27.23,0.5,-0.48,0,24.7,1.4,-1.9,0,0.0099,0.01,-0.0069,0,,,,,,,,,87.8,1.3,-1.9,0,,,,,0.6086,0.0094,-0.0089,0,2.76456,0.01584,-0.01392,0,,,,,,,,,,,,,2455914.07,0.24,-0.26,0,61,71,-79,0,,,,,2,16,-16,0,,,,,6518,50,,0,1.46,0.04,,0,1.32,0.03,,0,,,,,,0.542,0.027,,0,,,,,,,,,,,,,56,2,,0,,,,,-14.2,0.2,,0,268.43,3.057,-2.989,3.69704,0.0416382,-0.0416382
KELT-10 b,KELT-10,b,1,1,1,Transit,0,4.1662739,6.3E-06,-6.3E-06,0,0.0525,0.00086,-0.00097,0,15.681,0.773,-0.549,0,1.399,0.069,-0.049,0,215.80657,12.39537,-12.07754,0,0.679,0.039,-0.038,0,215.80657,12.39537,-12.07754,0,0.679,0.039,-0.038,0,215.87,12.399,-12.399,0,0.6792,0.03901,-0.03901,0,215.80657,12.39537,-12.07754,0,0.679,0.039,-0.038,0,0.308,0.033,-0.04,0,,,,,600,50,-40,0,1377,28,-23,0,88.61,0.86,-0.74,0,0.23,0.11,-0.14,0,1.416,0.034,-0.029,0,3.744,0.0384,-0.0288,0,9.34,0.21,-0.32,0,0.119,0.0014,-0.0012,0,,,,,,,,,,,,,80,3.4,-3.5,0,,,,,,,,,5948,74,-74,0,1.21,0.05,-0.04,0,1.11,0.06,-0.06,0,0.09,0.11,-0.1,0,[Fe/H],0.217,0.043,-0.039,0,4.32,0.02,-0.03,0,4.5,0.7,-0.7,0,0.889,0.062,-0.088,0,,,,,,,,,,,,,188.404,2.182,-2.132,5.28004,0.0603006,-0.0603006
KELT-11 b,KELT-11,b,1,1,1,Transit,0,4.7361,3E-05,-3E-05,0,,,,,15.132,1.121,-1.121,0,1.35,0.1,-0.1,0,54.34893,4.76745,-4.76745,0,0.171,0.015,-0.015,0,,,,,,,,,,,,,,,,,54.34893,4.76745,-4.76745,0,0.171,0.015,-0.015,0,,,,,0.0007,0.002,-0.0005,0,,,,,,,,,85.3,0.2,-0.2,0,0.404,0.013,-0.018,0,0.265,0.035,-0.038,0,7.1376,0.0816,-0.0936,0,4.98,0.05,-0.05,0,0.0514,0.0032,-0.0038,0,,,,,2457483,1.5,-1.4,0,-1,147.4,-74.6,0,,,,,,,,,,,,,5375,25,-25,0,2.69,0.04,-0.04,0,1.44,0.07,-0.07,0,0.17,0.07,-0.07,0,[Fe/H],,,,,3.7,0.1,-0.1,0,,,,,0.104,0.003,-0.003,0,,,,,,,,,,,,,99.1596,0.52105,-0.52105,10.0562,0.0525965,-0.0525965
KELT-12 b,KELT-12,b,1,1,1,Transit,0,5.031623,3.2E-05,-3.1E-05,0,0.06708,0.00097,-0.0013,0,19.952,1.906,-1.793,0,1.78,0.17,-0.16,0,301.9385,44.4962,-44.4962,0,0.95,0.14,-0.14,0,301.9385,44.4962,-44.4962,0,0.95,0.14,-0.14,0,303.35,44.704,-44.704,0,0.95444,0.14065,-0.14065,0,301.9385,44.4962,-44.4962,0,0.95,0.14,-0.14,0,0.209,0.071,-0.053,0,0,,,0,1749,235,-213,0,1800,57,-57,0,84.47,1.1,-0.95,0,0.586,0.06,-0.082,0,0.596,0.029,-0.028,0,5.7624,0.1176,-0.1032,0,6.08,0.4,-0.36,0,0.0772,0.0019,-0.0018,0,,,,,,,,,,,,,82,12,-12,0,,,,,,,,,6279,51,-51,0,2.37,0.17,-0.17,0,1.59,0.07,-0.09,0,0.19,0.084,-0.085,0,[Fe/H],0.892,0.062,-0.066,0,3.89,0.05,-0.05,0,2.2,0.1,-0.1,0,0.168,0.035,-0.028,0,,,,,,,,,-23.6,0.1,-0.1,0,368.03,3.157,-3.106,2.68846,0.0229467,-0.0229467
KELT-14 b,KELT-14,b,1,1,1,Transit,0,1.7100566,3.2E-06,-2.6E-06,0,0.03005,0.00031,-0.00031,0,19.537,0.527,-0.527,0,1.743,0.047,-0.047,0,408.09372,10.17056,-10.17056,0,1.284,0.032,-0.032,0,,,,,,,,,,,,,,,,,408.09372,10.17056,-10.17056,0,1.284,0.032,-0.032,0,0.322,0.025,-0.025,0,0,,,0,,,,,1970,50,-50,0,78.3,0.3,-0.3,0,0.8622,0.0071,-0.0071,0,1.386,0.029,-0.029,0,2.18808,0.01968,-0.01968,0,4.248,0.072,-0.072,0,,,,,,,,,,,,,,,,,185.1,2.3,-2.3,0,,,,,,,,,5720,130,-130,0,1.52,0.03,-0.03,0,1.24,0.04,-0.04,0,0.32,0.09,-0.09,0,[Fe/H],,,,,4.17,0.02,-0.02,0,5.11,0.8,-0.8,0,0.495,0.025,-0.025,0,3.3,0.8,-0.8,0,,,,,34.59,0,0,0,250.121,1.549,-1.529,3.96931,0.0244129,-0.0244129
KELT-17 b,KELT-17,b,1,1,1,Transit,0,3.0801716,5.3E-06,-5.2E-06,0,0.04881,0.00065,-0.00061,0,17.094,0.729,-0.673,0,1.525,0.065,-0.06,0,416.3573,88.9924,-92.1707,0,1.31,0.28,-0.29,0,416.3573,88.9924,-92.1707,0,1.31,0.28,-0.29,0,418.032,92.541,-92.541,0,1.31527,0.29117,-0.29117,0,416.3573,88.9924,-92.1707,0,1.31,0.28,-0.29,0,0.46,0.12,-0.11,0,,,,,,,,,2087,32,-33,0,84.87,0.45,-0.43,0,0.57,0.031,-0.035,0,0.907,0.017,-0.016,0,3.4752,0.0336,-0.0312,0,6.38,0.18,-0.18,0,0.09526,0.00088,-0.00085,0,,,,,,,,,,,,,131,28,-29,0,-115.9,4.1,-4.1,0,116,4,-4,0,7454,49,-49,0,1.65,0.06,-0.06,0,1.64,0.07,-0.06,0,-0.018,0.074,-0.072,0,[Fe/H],0.876,0.034,-0.033,0,4.22,0.02,-0.02,0,0.65,0.15,-0.15,0,0.518,0.045,-0.042,0,44.2,1.5,-1.3,0,,,,,28,0.1,-0.1,0,226.5,2.506,-2.453,4.38678,0.0479578,-0.0479578
KELT-20 b,KELT-20,b,1,1,1,Transit,0,3.4741085,1.9E-06,-1.9E-06,0,0.0542,0.0014,-0.0021,0,19.515,0.773,-0.829,0,1.741,0.069,-0.074,0,1074.90106,,,1,3.382,,,1,1071.72276,,,1,3.372,,,1,,,,,,,,,1074.90106,,,1,3.382,,,1,0.806,,,1,,,,,4362.5,595.2,-536.4,0,2262,73,-73,0,86.12,0.28,-0.27,0,0.503,0.025,-0.028,0,1.309,0.014,-0.014,0,3.57552,0.02184,-0.02112,0,7.42,0.13,-0.13,0,0.1144,0.00062,-0.00061,0,,,,,,,,,,,,,311.3,,,1,3.4,2.1,-2.1,0,35.6,34.2,-34,0,8720,250,-260,0,1.56,0.06,-0.06,0,1.76,0.14,-0.19,0,-0.29,0.22,-0.36,0,[Fe/H],1.104,0.069,-0.07,0,4.29,0.02,-0.02,0,0.6,,,1,0.641,0.035,-0.033,0,117.4,2.9,-2.9,0,,,,,-23.3,0.3,-0.3,0,136.426,0.816,-0.807,7.30148,0.0432848,-0.0432848
KELT-21 b,KELT-21,b,1,1,1,Transit,0,3.6127647,3.3E-06,-3.3E-06,0,0.05224,0.00035,-0.00034,0,17.777,0.437,-0.448,0,1.586,0.039,-0.04,0,1242.7153,,,1,3.91,,,1,1242.7153,,,1,3.91,,,1,,,,,,,,,1242.7153,,,1,3.91,,,1,1.24,,,1,0,,,0,2950,169,-169,0,2051,29,-30,0,86.46,0.38,-0.34,0,0.423,0.033,-0.039,0,0.99,0.014,-0.014,0,4.10544,0.02184,-0.02208,0,6.86,0.13,-0.12,0,0.09952,0.00071,-0.00073,0,,,,,,,,,,,,,399.6,,,1,-5.6,1.7,-1.9,0,,,,,7598,81,-84,0,1.64,0.03,-0.03,0,1.46,0.03,-0.03,0,-0.405,0.032,-0.033,0,[Fe/H],0.905,0.028,-0.03,0,4.17,0.01,-0.01,0,1.6,0.1,-0.1,0,0.468,0.026,-0.024,0,146.03,0.48,-0.48,0,,,,,-13,1,-1,0,470.878,6.471,-6.3,2.0953,0.028577,-0.028577
KELT-24 b,KELT-24,b,1,1,1,Transit,0,5.5514926,8.1E-06,-8E-06,0,0.06969,0.00087,-0.00096,0,14.258,0.235,-0.235,0,1.272,0.021,-0.021,0,1646.3594,66.7443,-69.9226,0,5.18,0.21,-0.22,0,1646.3594,66.7443,-69.9226,0,5.18,0.21,-0.22,0,1646.532,69.93,-69.93,0,5.18054,0.22002,-0.22002,0,1646.3594,66.7443,-69.9226,0,5.18,0.21,-0.22,0,3.13,0.19,-0.19,0,0.077,0.024,-0.025,0,750.9,31.6,-30.9,0,1459,16,-16,0,89.17,0.59,-0.75,0,0.134,0.13,-0.096,0,0.753,0.012,-0.012,0,4.30008,0.0264,-0.02328,0,9.95,0.17,-0.18,0,0.08677,0.00071,-0.0007,0,,,,,2457146.6,0.17,-0.22,0,55,13,-15,0,462,16,-15,0,2.6,5.1,-3.6,0,,,,,6509,50,-49,0,1.51,0.02,-0.02,0,1.46,0.06,-0.06,0,0.186,0.077,-0.076,0,[Fe/H],0.565,0.019,-0.018,0,4.25,0.02,-0.02,0,0.78,0.61,-0.42,0,0.603,0.032,-0.033,0,19.76,0.16,-0.16,0,,,,,-5.75,0.07,-0.07,0,96.5173,0.3132,-0.3113,10.332,0.0332707,-0.0332707
KELT-7 b,KELT-7,b,1,1,1,Transit,0,2.73477,4E-06,-4E-06,0,,,,,17.934,0.673,-0.673,0,1.6,0.06,-0.06,0,441.7837,69.9226,-69.9226,0,1.39,0.22,-0.22,0,,,,,,,,,,,,,,,,,441.7837,69.9226,-69.9226,0,1.39,0.22,-0.22,0,,,,,0,,,0,,,,,,,,,83.76,0.38,-0.38,0,,,,,0.83,0.012,-0.012,0,,,,,5.5,0.17,-0.17,0,,,,,,,,,,,,,,,,,138,19,-19,0,,,,,,,,,6768,7,-7,0,1.81,0.07,-0.07,0,1.76,0.25,-0.25,0,0,,,0,[Fe/H],,,,,4.5,,,0,,,,,0.42,0.04,-0.04,0,,,,,,,,,,,,,136.681,0.938,-0.924,7.28791,0.0494622,-0.0494622
KELT-8 b,KELT-8,b,1,1,1,Transit,0,3.24406,0.00016,-0.00016,0,,,,,18.159,1.121,-1.121,0,1.62,0.1,-0.1,0,209.7678,38.1396,-38.1396,0,0.66,0.12,-0.12,0,,,,,,,,,,,,,,,,,209.7678,38.1396,-38.1396,0,0.66,0.12,-0.12,0,,,,,0.04,0.05,-0.05,0,,,,,,,,,82.65,0.9,-0.9,0,,,,,1.3,0.06,-0.06,0,,,,,5.9,0.38,-0.38,0,,,,,,,,,,,,,,,,,104,6.4,-6.4,0,,,,,,,,,5754,54,-54,0,1.46,0.08,-0.08,0,0.81,0.21,-0.21,0,0.27,,,0,[Fe/H],,,,,4.08,0.05,-0.05,0,,,,,0.37,0.07,-0.07,0,,,,,,,,,,,,,197.572,1.005,-0.995,5.03267,0.0254286,-0.0254286
KIC 10525077 b,KIC 10525077,b,1,1,1,Transit,0,854.083,0.01628,-0.01697,0,,,,,5.5,0.9,-0.8,0,0.491,0.08,-0.071,0,,,,,,,,,,,,,,,,,,,,,,,,,,,,,,,,,,,,,,,,,,,,,,,,,89.861,0.096,-0.098,0,,,,,0.25,,,0,,,,,239.3,46,-52,0,0.05,0.003,-0.003,0,,,,,,,,,,,,,,,,,,,,,,,,,6091,164,-213,0,1.01,0.1,-0.1,0,1.01,0.12,-0.12,0,-0.04,0.22,-0.3,0,[Fe/H],,,,,4.42,0.06,-0.3,0,,,,,,,,,,,,,,,,,,,,,1461.15,56,-52.1,0.655604,0.0251213,-0.0251213
KIC 3558849 b,KIC 3558849,b,1,1,1,Transit,0,1322.3,386.1,-11.2,0,,,,,6.9,1,-0.9,0,0.616,0.089,-0.08,0,,,,,,,,,,,,,,,,,,,,,,,,,,,,,,,,,,,,,,,,,,,,,,,,,89.973,0.023,-0.031,0,,,,,0.3969,,,0,,,,,576.7,21.5,-50.2,0,0.063,0.002,-0.002,0,,,,,,,,,,,,,,,,,,,,,,,,,6175,168,-194,0,1.01,0.11,-0.11,0,0.98,0.11,-0.11,0,-0.42,0.28,-0.3,0,[Fe/H],,,,,4.44,0.07,-0.27,0,,,,,,,,,,,,,,,,,,,,,1215.7,34.2,-32.41,0.794438,0.0223457,-0.0223457
KOI-217 b,KOI-217,b,1,1,1,Transit,0,3.90512,5E-05,-5E-05,0,0.0477,0.0007,-0.0007,0,12.442,0.224,-0.224,0,1.11,0.02,-0.02,0,,,,,,,,,,,,,,,,,,,,,,,,,,,,,,,,,,,,,0,,,0,,,,,,,,,89.8,0.2,-0.4,0,,,,,1.756,0.008,-0.013,0,,,,,,,,,,,,,,,,,,,,,,,,,,,,,,,,,,,,,5545,,,0,0.86,0.02,,0,0.95,0.05,,0,,,,,,,,,,,,,,,,,,,,,,,,,,,,,,,,,,914.699,17.1675,-17.1675,1.06473,0.0203573,-0.0203573
KOI-3680 b,KOI-3680,b,1,1,1,Transit,0,141.241671,8.6E-05,-8.6E-05,0,0.534,0.012,-0.03,0,11.097,0.673,-0.785,0,0.99,0.06,-0.07,0,613.4119,60.3877,-66.7443,0,1.93,0.19,-0.21,0,,,,,,,,,,,,,,,,,613.4119,60.3877,-66.7443,0,1.93,0.19,-0.21,0,2.46,0.42,-0.36,0,0.496,0.031,-0.031,0,,,,,347,12,-12,0,89.892,0.069,-0.086,0,0.15,0.1,-0.09,0,,,,,6.7368,0.0288,-0.0288,0,125.7,8.4,-8.4,0,0.10646,0.00079,-0.00059,0,,,,,,,,,154.7,7.8,-7.8,0,87.7,6.6,-6.6,0,,,,,,,,,5830,100,-100,0,0.96,0.05,-0.06,0,1.01,0.07,-0.16,0,0.16,0.07,-0.07,0,[Fe/H],,,,,4.47,0.03,-0.03,0,3.2,9.6,-2.3,0,1.88,0.4,-0.34,0,3.5,1,-1,0,,,,,-44.93,0,0,0,921.986,23.3845,-23.3845,1.05642,0.0272853,-0.0272853
KPS-1 b,KPS-1,b,1,1,1,Transit,0,1.706291,5.9E-05,-5.9E-05,0,0.0269,0.001,-0.001,0,11.545,1.457,-1.345,0,1.03,0.13,-0.12,0,346.4347,27.33338,-27.65121,0,1.09,0.086,-0.087,0,,,,,,,,,,,,,,,,,346.4347,27.33338,-27.65121,0,1.09,0.086,-0.087,0,1.31,0.49,-0.36,0,0,,,0,729,130,-110,0,1459,56,-56,0,83.2,0.88,-0.9,0,0.754,0.04,-0.049,0,,,,,1.68,0.0552,-0.048,0,,,,,0.1143,0.0037,-0.0034,0,,,,,,,,,,,,,198.7,5.5,-5.5,0,,,,,,,,,5165,90,-90,0,0.91,0.09,-0.08,0,0.89,0.09,-0.1,0,0.22,0.13,-0.13,0,[Fe/H],,,,,4.47,0.06,-0.06,0,,,,,1.68,0.41,-0.32,0,5.1,1,-1,0,,,,,,,,,262.706,2.62,-2.57,3.778,0.0373158,-0.0373158
Kepler-1000 b,Kepler-1000,b,1,1,1,Transit,0,120.0181272,0.0003628,-0.0003628,0,,,,,4.76,0.34,-0.31,0,0.425,0.03,-0.028,0,,,,,,,,,,,,,,,,,,,,,,,,,,,,,,,,,,,,,,,,,,,,,,,,,,,,,,,,,,,,,11.604,0.138,-0.138,0,,,,,0.02882,0.00135,-0.00121,0,,,,,,,,,,,,,,,,,,,,,,,,,6453,74.15,-73.42,0,1.51,0.08,-0.07,0,1.4,0.04,-0.04,0,0.35,0.055,-0.051,0,[Fe/H],,,,,4.23,0.03,-0.04,0,1.26,0.33,-0.18,0,,,,,,,,,,,,,,,,,1115.62,16.95,-16.45,0.867489,0.0133186,-0.0133186
Kepler-1002 b,Kepler-1002,b,1,1,1,Transit,0,4.33642933,6.95E-06,-6.95E-06,0,,,,,1.71,0.06,-0.05,0,0.153,0.005,-0.004,0,,,,,,,,,,,,,,,,,,,,,,,,,,,,,,,,,,,,,,,,,,,,,,,,,,,,,,,,,,,,,4.1031,0.0386,-0.0386,0,,,,,0.00958,0.00019,-0.0001,0,,,,,,,,,,,,,,,,,,,,,,,,,6144,47.25,-61.08,0,1.57,0.05,-0.04,0,1.22,0.05,-0.05,0,0.04,0.07,-0.057,0,[Fe/H],,,,,4.13,0.01,-0.01,0,4.07,0.72,-0.5,0,,,,,,,,,,,,,,,,,408.303,,,,,
Kepler-1003 b,Kepler-1003,b,1,1,1,Transit,0,3.55485691,6.71E-06,-6.71E-06,0,,,,,1.78,0.48,-0.22,0,0.159,0.043,-0.02,0,,,,,,,,,,,,,,,,,,,,,,,,,,,,,,,,,,,,,,,,,,,,,,,,,,,,,,,,,,,,,2.1026,0.0429,-0.0429,0,,,,,0.01432,0.00042,-0.00026,0,,,,,,,,,,,,,,,,,,,,,,,,,6109,150.04,-195.29,0,1.17,0.32,-0.15,0,1.11,0.13,-0.08,0,0.01,0.14,-0.172,0,[Fe/H],,,,,4.35,0.09,-0.17,0,3.16,2,-1.4,0,,,,,,,,,,,,,,,,,941.902,15.703,-15.206,1.03299,0.0172854,-0.0172854
Kepler-1004 b,Kepler-1004,b,1,1,1,Transit,0,5.28789787,1.198E-05,-1.198E-05,0,,,,,6.28,0.78,-0.44,0,0.56,0.07,-0.039,0,,,,,,,,,,,,,,,,,,,,,,,,,,,,,,,,,,,,,,,,,,,,,,,,,,,,,,,,,,,,,8.528,0.0581,-0.0581,0,,,,,0.01712,0.00159,-0.00047,0,,,,,,,,,,,,,,,,,,,,,,,,,4972,52.3,-39.52,0,3.39,0.28,-0.22,0,1.11,0.18,-0.12,0,-0.04,0.023,-0.031,0,[Fe/H],,,,,3.43,0.02,-0.02,0,7.76,3.51,-3.31,0,,,,,,,,,,,,,,,,,1152.68,35.67,-35.67,0.839382,0.026623,-0.026623
Kepler-1005 b,Kepler-1005,b,1,1,1,Transit,0,6.49801525,1.32E-05,-1.32E-05,0,,,,,1.5,0.21,-0.15,0,0.134,0.019,-0.013,0,,,,,,,,,,,,,,,,,,,,,,,,,,,,,,,,,,,,,,,,,,,,,,,,,,,,,,,,,,,,,2.3167,0.0487,-0.0487,0,,,,,0.01271,0.00035,-0.00026,0,,,,,,,,,,,,,,,,,,,,,,,,,5782,68.03,-67.92,0,1.06,0.15,-0.1,0,1,0.04,-0.04,0,0.02,0.089,-0.103,0,[Fe/H],,,,,4.38,0.09,-0.11,0,6.17,2.09,-3.36,0,,,,,,,,,,,,,,,,,567.806,4.422,-4.356,1.7323,0.0135113,-0.0135113
Kepler-1006 b,Kepler-1006,b,1,1,1,Transit,0,19.76172042,6.67E-05,-6.67E-05,0,,,,,1.54,0.27,-0.14,0,0.137,0.024,-0.012,0,,,,,,,,,,,,,,,,,,,,,,,,,,,,,,,,,,,,,,,,,,,,,,,,,,,,,,,,,,,,,3.5906,0.0841,-0.0841,0,,,,,0.01914,0.00248,-0.00081,0,,,,,,,,,,,,,,,,,,,,,,,,,5328,180.84,-112.84,0,0.74,0.09,-0.06,0,0.78,0.07,-0.06,0,-0.4,0.237,-0.189,0,[Fe/H],,,,,4.59,0.04,-0.08,0,4.27,6.42,-2.81,0,,,,,,,,,,,,,,,,,,,,,,
Kepler-1007 b,Kepler-1007,b,1,1,1,Transit,0,5.18500207,9.32E-06,-9.32E-06,0,,,,,1.44,0.07,-0.07,0,0.128,0.006,-0.006,0,,,,,,,,,,,,,,,,,,,,,,,,,,,,,,,,,,,,,,,,,,,,,,,,,,,,,,,,,,,,,2.1771,0.0499,-0.0499,0,,,,,0.01921,0.0006,-0.00035,0,,,,,,,,,,,,,,,,,,,,,,,,,4587,88.05,-98.48,0,0.7,0.03,-0.03,0,0.73,0.03,-0.04,0,0.03,0.152,-0.16,0,[Fe/H],,,,,4.62,0.02,-0.03,0,4.17,5.92,-2.38,0,,,,,,,,,,,,,,,,,,,,,,
Kepler-1009 b,Kepler-1009,b,1,1,1,Transit,0,11.35011917,2.25E-05,-2.25E-05,0,,,,,2.17,0.27,-0.24,0,0.194,0.024,-0.021,0,,,,,,,,,,,,,,,,,,,,,,,,,,,,,,,,,,,,,,,,,,,,,,,,,,,,,,,,,,,,,2.3758,0.0557,-0.0557,0,,,,,0.03514,0.00411,-0.00362,0,,,,,,,,,,,,,,,,,,,,,,,,,4027,41.14,-36.46,0,0.57,0.02,-0.02,0,0.59,0.02,-0.03,0,-0.12,0.091,-0.107,0,[Fe/H],,,,,4.7,0.01,-0.01,0,3.16,4.49,-1.6,0,,,,,,,,,,,,,,,,,355.019,8.353,-7.985,2.79009,0.0642814,-0.0642814
Kepler-1010 b,Kepler-1010,b,1,1,1,Transit,0,34.2685705,0.0001181,-0.0001181,0,,,,,2.32,0.44,-0.18,0,0.207,0.039,-0.016,0,,,,,,,,,,,,,,,,,,,,,,,,,,,,,,,,,,,,,,,,,,,,,,,,,,,,,,,,,,,,,4.8184,0.0919,-0.0919,0,,,,,0.02612,0.00457,-0.00144,0,,,,,,,,,,,,,,,,,,,,,,,,,5253,67.75,-80.75,0,0.82,0.05,-0.04,0,0.86,0.04,-0.04,0,-0.01,0.155,-0.164,0,[Fe/H],,,,,4.55,0.03,-0.07,0,4.79,6.1,-3.05,0,,,,,,,,,,,,,,,,,579.273,7.259,-7.084,1.69765,0.0212077,-0.0212077
Kepler-1011 b,Kepler-1011,b,1,1,1,Transit,0,5.75322197,9.42E-06,-9.42E-06,0,,,,,2.87,0.29,-0.44,0,0.256,0.026,-0.039,0,,,,,,,,,,,,,,,,,,,,,,,,,,,,,,,,,,,,,,,,,,,,,,,,,,,,,,,,,,,,,1.6828,0.055,-0.055,0,,,,,0.03008,1E-05,-0.00417,0,,,,,,,,,,,,,,,,,,,,,,,,,5416,95.5,-130.93,0,0.88,0.09,-0.05,0,0.91,0.04,-0.04,0,0.08,0.154,-0.161,0,[Fe/H],,,,,4.52,0.04,-0.09,0,4.47,5.98,-2.78,0,,,,,,,,,,,,,,,,,736.779,13.062,-12.623,1.32886,0.023472,-0.023472
Kepler-1012 b,Kepler-1012,b,1,1,1,Transit,0,5.50860439,1.151E-05,-1.151E-05,0,,,,,1.29,0.08,-0.06,0,0.115,0.007,-0.005,0,,,,,,,,,,,,,,,,,,,,,,,,,,,,,,,,,,,,,,,,,,,,,,,,,,,,,,,,,,,,,2.9468,0.052,-0.052,0,,,,,0.01312,0.00044,-0.00025,0,,,,,,,,,,,,,,,,,,,,,,,,,5556,77.89,-67.52,0,0.91,0.05,-0.04,0,0.95,0.03,-0.04,0,0.05,0.109,-0.102,0,[Fe/H],,,,,4.5,0.03,-0.05,0,3.72,3,-2,0,,,,,,,,,,,,,,,,,411.077,2.349,-2.322,2.40375,0.0137169,-0.0137169
Kepler-1013 b,Kepler-1013,b,1,1,1,Transit,0,18.93054959,4.672E-05,-4.672E-05,0,,,,,2.15,0.36,-0.2,0,0.192,0.032,-0.018,0,,,,,,,,,,,,,,,,,,,,,,,,,,,,,,,,,,,,,,,,,,,,,,,,,,,,,,,,,,,,,3.344,0.0772,-0.0772,0,,,,,0.02622,0.00424,-0.00223,0,,,,,,,,,,,,,,,,,,,,,,,,,4954,77.29,-81.88,0,0.76,0.03,-0.03,0,0.81,0.04,-0.04,0,0.04,0.15,-0.163,0,[Fe/H],,,,,4.59,0.02,-0.04,0,4.27,6,-2.5,0,,,,,,,,,,,,,,,,,422.246,3.157,-3.112,2.33949,0.0174476,-0.0174476
Kepler-1014 b,Kepler-1014,b,1,1,1,Transit,0,16.57110363,3.817E-05,-3.817E-05,0,,,,,2.39,0.21,-0.25,0,0.213,0.019,-0.022,0,,,,,,,,,,,,,,,,,,,,,,,,,,,,,,,,,,,,,,,,,,,,,,,,,,,,,,,,,,,,,2.9613,0.0623,-0.0623,0,,,,,0.02563,2E-05,-0.00228,0,,,,,,,,,,,,,,,,,,,,,,,,,5388,68.87,-66.36,0,0.84,0.07,-0.05,0,0.88,0.04,-0.05,0,-0.06,0.151,-0.15,0,[Fe/H],,,,,4.54,0.04,-0.09,0,4.79,6.46,-3.08,0,,,,,,,,,,,,,,,,,624.8,6.638,-6.503,1.57173,0.0167035,-0.0167035
Kepler-1015 b,Kepler-1015,b,1,1,1,Transit,0,16.00494214,4.175E-05,-4.175E-05,0,,,,,3.55,1.32,-0.66,0,0.317,0.118,-0.059,0,,,,,,,,,,,,,,,,,,,,,,,,,,,,,,,,,,,,,,,,,,,,,,,,,,,,,,,,,,,,,6.4648,0.0677,-0.0677,0,,,,,0.01768,0.0004,-0.00016,0,,,,,,,,,,,,,,,,,,,,,,,,,6769,136.36,-197.14,0,1.81,0.67,-0.34,0,1.49,0.22,-0.15,0,0.06,0.134,-0.151,0,[Fe/H],,,,,4.09,0.14,-0.21,0,1.58,0.447,-0.28,0,,,,,,,,,,,,,,,,,739.357,14.788,-14.228,1.32423,0.026329,-0.026329
Kepler-1017 b,Kepler-1017,b,1,1,1,Transit,0,7.23400469,1.433E-05,-1.433E-05,0,,,,,1.99,0.29,-0.12,0,0.178,0.026,-0.011,0,,,,,,,,,,,,,,,,,,,,,,,,,,,,,,,,,,,,,,,,,,,,,,,,,,,,,,,,,,,,,2.1648,0.0526,-0.0526,0,,,,,0.02125,0.00298,-0.0011,0,,,,,,,,,,,,,,,,,,,,,,,,,5473,93.16,-81.05,0,0.87,0.03,-0.03,0,0.93,0.04,-0.04,0,0.04,0.101,-0.105,0,[Fe/H],,,,,4.53,0.02,-0.03,0,2.95,2.41,-1.43,0,,,,,,,,,,,,,,,,,552.058,4.557,-4.484,1.78257,0.0147197,-0.0147197
Kepler-1018 b,Kepler-1018,b,1,1,1,Transit,0,49.1013514,0.0001876,-0.0001876,0,,,,,2.58,0.3,-0.19,0,0.23,0.027,-0.017,0,,,,,,,,,,,,,,,,,,,,,,,,,,,,,,,,,,,,,,,,,,,,,,,,,,,,,,,,,,,,,6.323,0.103,-0.103,0,,,,,0.02703,0.00044,-0.00081,0,,,,,,,,,,,,,,,,,,,,,,,,,5518,61.16,-57.64,0,0.88,0.1,-0.06,0,0.91,0.04,-0.06,0,-0.05,0.154,-0.183,0,[Fe/H],,,,,4.52,0.04,-0.11,0,4.47,5.8,-2.78,0,,,,,,,,,,,,,,,,,1010.01,25.18,-24.005,0.961555,0.0239162,-0.0239162
Kepler-1019 b,Kepler-1019,b,1,1,1,Transit,0,1.41122985,7.5E-07,-7.5E-07,0,,,,,1.46,0.05,-0.16,0,0.13,0.004,-0.014,0,,,,,,,,,,,,,,,,,,,,,,,,,,,,,,,,,,,,,,,,,,,,,,,,,,,,,,,,,,,,,1.3912,0.0142,-0.0142,0,,,,,0.01996,7E-05,-0.00186,0,,,,,,,,,,,,,,,,,,,,,,,,,4433,43.73,-45.09,0,0.67,0.02,-0.04,0,0.7,0.03,-0.05,0,0.01,0.175,-0.178,0,[Fe/H],,,,,4.64,0.02,-0.03,0,3.55,5.91,-1.96,0,,,,,,,,,,,,,,,,,194.182,0.51,-0.507,5.12086,0.0133955,-0.0133955
Kepler-1020 b,Kepler-1020,b,1,1,1,Transit,0,96.9151496,0.0003632,-0.0003632,0,,,,,2.28,0.08,-0.09,0,0.203,0.007,-0.008,0,,,,,,,,,,,,,,,,,,,,,,,,,,,,,,,,,,,,,,,,,,,,,,,,,,,,,,,,,,,,,5.9964,0.0965,-0.0965,0,,,,,0.02625,0.00059,-0.0008,0,,,,,,,,,,,,,,,,,,,,,,,,,5227,66.71,-60.63,0,0.8,0.02,-0.02,0,0.87,0.03,-0.03,0,0,0.103,-0.101,0,[Fe/H],,,,,4.57,0.02,-0.02,0,3.63,2.56,-1.8,0,,,,,,,,,,,,,,,,,415.358,4.106,-4.106,2.37893,0.0236199,-0.0236199
Kepler-1021 b,Kepler-1021,b,1,1,1,Transit,0,13.47469571,3.21E-05,-3.21E-05,0,,,,,2.33,0.25,-0.18,0,0.208,0.022,-0.016,0,,,,,,,,,,,,,,,,,,,,,,,,,,,,,,,,,,,,,,,,,,,,,,,,,,,,,,,,,,,,,2.6174,0.0626,-0.0626,0,,,,,0.02535,0.00086,-0.0005,0,,,,,,,,,,,,,,,,,,,,,,,,,5431,143.14,-143.99,0,0.86,0.09,-0.06,0,0.89,0.05,-0.05,0,-0.05,0.147,-0.17,0,[Fe/H],,,,,4.53,0.05,-0.09,0,4.68,5.7,-2.97,0,,,,,,,,,,,,,,,,,810.082,19.673,-18.777,1.20647,0.0290545,-0.0290545
Kepler-1022 b,Kepler-1022,b,1,1,1,Transit,0,10.99469878,1.88E-05,-1.88E-05,0,,,,,2.36,0.08,-0.28,0,0.211,0.007,-0.025,0,,,,,,,,,,,,,,,,,,,,,,,,,,,,,,,,,,,,,,,,,,,,,,,,,,,,,,,,,,,,,1.6434,0.0478,-0.0478,0,,,,,0.0316,0.0001,-0.00347,0,,,,,,,,,,,,,,,,,,,,,,,,,4445,49.47,-51.77,0,0.68,0.02,-0.03,0,0.71,0.03,-0.04,0,0.06,0.157,-0.175,0,[Fe/H],,,,,4.64,0.02,-0.03,0,3.63,5.9,-1.96,0,,,,,,,,,,,,,,,,,420.042,5.664,-5.519,2.35234,0.0314486,-0.0314486
Kepler-1023 b,Kepler-1023,b,1,1,1,Transit,0,62.1387714,0.0002199,-0.0002199,0,,,,,2.63,0.3,-0.18,0,0.235,0.027,-0.016,0,,,,,,,,,,,,,,,,,,,,,,,,,,,,,,,,,,,,,,,,,,,,,,,,,,,,,,,,,,,,,4.1578,0.0878,-0.0878,0,,,,,0.02744,0.00057,-0.00094,0,,,,,,,,,,,,,,,,,,,,,,,,,5494,75.28,-98.69,0,0.89,0.1,-0.05,0,0.93,0.04,-0.04,0,0.05,0.155,-0.161,0,[Fe/H],,,,,4.51,0.04,-0.1,0,4.47,5.46,-2.8,0,,,,,,,,,,,,,,,,,694.175,12.345,-11.928,1.41206,0.0249907,-0.0249907
Kepler-1024 b,Kepler-1024,b,1,1,1,Transit,0,66.4162133,0.0003538,-0.0003538,0,,,,,3.91,0.27,-0.26,0,0.349,0.024,-0.023,0,,,,,,,,,,,,,,,,,,,,,,,,,,,,,,,,,,,,,,,,,,,,,,,,,,,,,,,,,,,,,6.965,0.137,-0.137,0,,,,,0.0457,0.00168,-0.00073,0,,,,,,,,,,,,,,,,,,,,,,,,,5143,126.73,-76.37,0,0.78,0.04,-0.05,0,0.81,0.04,-0.05,0,-0.1,0.142,-0.182,0,[Fe/H],,,,,4.57,0.04,-0.06,0,5.25,5.95,-3.3,0,,,,,,,,,,,,,,,,,1087.4,50.46,-50.46,0.8931,0.0422481,-0.0422481
Kepler-1025 b,Kepler-1025,b,1,1,1,Transit,0,37.3229493,0.0001363,-0.0001363,0,,,,,1.98,0.41,-0.22,0,0.177,0.037,-0.02,0,,,,,,,,,,,,,,,,,,,,,,,,,,,,,,,,,,,,,,,,,,,,,,,,,,,,,,,,,,,,,7.0207,0.0884,-0.0884,0,,,,,0.01619,0.00036,-0.00034,0,,,,,,,,,,,,,,,,,,,,,,,,,6089,102.4,-95.52,0,1.13,0.23,-0.12,0,1.09,0.08,-0.07,0,-0.03,0.145,-0.181,0,[Fe/H],,,,,4.37,0.08,-0.14,0,3.31,1.55,-1.58,0,,,,,,,,,,,,,,,,,803.776,25.075,-25.075,1.21639,0.0384857,-0.0384857
Kepler-1026 b,Kepler-1026,b,1,1,1,Transit,0,36.5156053,0.0001037,-0.0001037,0,,,,,2.21,0.33,-0.15,0,0.197,0.029,-0.013,0,,,,,,,,,,,,,,,,,,,,,,,,,,,,,,,,,,,,,,,,,,,,,,,,,,,,,,,,,,,,,3.588,0.0841,-0.0841,0,,,,,0.0273,0.00389,-0.0012,0,,,,,,,,,,,,,,,,,,,,,,,,,4948,85.79,-89.37,0,0.75,0.03,-0.04,0,0.79,0.04,-0.04,0,-0.02,0.151,-0.167,0,[Fe/H],,,,,4.59,0.02,-0.04,0,4.57,6.05,-2.8,0,,,,,,,,,,,,,,,,,351.239,2.596,-2.56,2.81831,0.020738,-0.020738
Kepler-1028 b,Kepler-1028,b,1,1,1,Transit,0,2.51462432,4.95E-06,-4.95E-06,0,,,,,1.33,0.15,-0.11,0,0.119,0.013,-0.01,0,,,,,,,,,,,,,,,,,,,,,,,,,,,,,,,,,,,,,,,,,,,,,,,,,,,,,,,,,,,,,1.6093,0.062,-0.062,0,,,,,0.01431,0.00032,-0.00051,0,,,,,,,,,,,,,,,,,,,,,,,,,5522,102.65,-78.23,0,0.87,0.1,-0.07,0,0.9,0.05,-0.06,0,-0.09,0.166,-0.195,0,[Fe/H],,,,,4.52,0.05,-0.1,0,4.68,5.6,-3.03,0,,,,,,,,,,,,,,,,,607.916,6.467,-6.335,1.61619,0.0171888,-0.0171888
Kepler-1029 b,Kepler-1029,b,1,1,1,Transit,0,4.41769648,8.9E-06,-8.9E-06,0,,,,,1.26,0.08,-0.07,0,0.112,0.007,-0.006,0,,,,,,,,,,,,,,,,,,,,,,,,,,,,,,,,,,,,,,,,,,,,,,,,,,,,,,,,,,,,,1.9161,0.0566,-0.0566,0,,,,,0.0152,0.00066,-0.00029,0,,,,,,,,,,,,,,,,,,,,,,,,,5030,68.38,-91.81,0,0.77,0.04,-0.04,0,0.82,0.04,-0.04,0,0.01,0.163,-0.172,0,[Fe/H],,,,,4.58,0.02,-0.05,0,4.07,6.07,-2.34,0,,,,,,,,,,,,,,,,,366.656,2.5695,-2.5695,2.69858,0.0189679,-0.0189679
Kepler-1030 b,Kepler-1030,b,1,1,1,Transit,0,19.32952416,7.474E-05,-7.474E-05,0,,,,,2.48,0.12,-0.18,0,0.221,0.011,-0.016,0,,,,,,,,,,,,,,,,,,,,,,,,,,,,,,,,,,,,,,,,,,,,,,,,,,,,,,,,,,,,,3.7701,0.091,-0.091,0,,,,,0.02964,0.00018,-0.00167,0,,,,,,,,,,,,,,,,,,,,,,,,,4983,78.38,-85.01,0,0.76,0.04,-0.04,0,0.8,0.04,-0.04,0,-0.01,0.154,-0.161,0,[Fe/H],,,,,4.59,0.02,-0.04,0,4.37,6.06,-2.59,0,,,,,,,,,,,,,,,,,758.702,16.866,-16.866,1.28989,0.0290639,-0.0290639
Kepler-1031 b,Kepler-1031,b,1,1,1,Transit,0,1.22621732,4.51E-06,-4.51E-06,0,,,,,0.87,0.21,-0.11,0,0.078,0.019,-0.01,0,,,,,,,,,,,,,,,,,,,,,,,,,,,,,,,,,,,,,,,,,,,,,,,,,,,,,,,,,,,,,2.1486,0.091,-0.091,0,,,,,0.00719,0.00032,-0.00026,0,,,,,,,,,,,,,,,,,,,,,,,,,6011,125.91,-133.3,0,1.12,0.27,-0.13,0,1.09,0.1,-0.07,0,0.03,0.136,-0.17,0,[Fe/H],,,,,4.38,0.08,-0.17,0,3.39,1.7,-1.63,0,,,,,,,,,,,,,,,,,682.882,,,,,
Kepler-1032 b,Kepler-1032,b,1,1,1,Transit,0,3.29011795,5.05E-06,-5.05E-06,0,,,,,1.87,0.1,-0.08,0,0.167,0.009,-0.007,0,,,,,,,,,,,,,,,,,,,,,,,,,,,,,,,,,,,,,,,,,,,,,,,,,,,,,,,,,,,,,1.5469,0.0463,-0.0463,0,,,,,0.02358,0.00112,-0.0006,0,,,,,,,,,,,,,,,,,,,,,,,,,4647,57.14,-84.37,0,0.71,0.02,-0.02,0,0.77,0.03,-0.03,0,0.16,0.103,-0.211,0,[Fe/H],,,,,4.62,0.01,-0.01,0,1.86,2.8,-0.565,0,,,,,,,,,,,,,,,,,673.01,37.599,-33.879,1.46227,0.0767773,-0.0767773
Kepler-1033 b,Kepler-1033,b,1,1,1,Transit,0,7.56052806,2.405E-05,-2.405E-05,0,,,,,2.51,0.41,-0.18,0,0.224,0.037,-0.016,0,,,,,,,,,,,,,,,,,,,,,,,,,,,,,,,,,,,,,,,,,,,,,,,,,,,,,,,,,,,,,3.8262,0.0762,-0.0762,0,,,,,0.02508,0.00063,-0.00073,0,,,,,,,,,,,,,,,,,,,,,,,,,5547,59.76,-66.49,0,0.92,0.15,-0.06,0,0.94,0.04,-0.04,0,0.06,0.147,-0.156,0,[Fe/H],,,,,4.49,0.05,-0.14,0,5.01,5.63,-3.25,0,,,,,,,,,,,,,,,,,1455.5,88.58,-79.14,0.658674,0.0386245,-0.0386245
Kepler-1034 b,Kepler-1034,b,1,1,1,Transit,0,12.12400943,3.32E-05,-3.32E-05,0,,,,,2.26,0.17,-0.14,0,0.202,0.015,-0.012,0,,,,,,,,,,,,,,,,,,,,,,,,,,,,,,,,,,,,,,,,,,,,,,,,,,,,,,,,,,,,,3.3136,0.0686,-0.0686,0,,,,,0.0261,0.00106,-0.00042,0,,,,,,,,,,,,,,,,,,,,,,,,,5198,102.36,-86.25,0,0.8,0.05,-0.05,0,0.83,0.04,-0.04,0,-0.06,0.148,-0.172,0,[Fe/H],,,,,4.57,0.03,-0.06,0,4.79,6,-2.9,0,,,,,,,,,,,,,,,,,654.549,9.472,-9.21,1.49916,0.0216352,-0.0216352
Kepler-1035 b,Kepler-1035,b,1,1,1,Transit,0,2.71407755,3.71E-06,-3.71E-06,0,,,,,1.17,0.28,-0.11,0,0.104,0.025,-0.01,0,,,,,,,,,,,,,,,,,,,,,,,,,,,,,,,,,,,,,,,,,,,,,,,,,,,,,,,,,,,,,1.2618,0.04,-0.04,0,,,,,0.01123,0.0004,-0.00017,0,,,,,,,,,,,,,,,,,,,,,,,,,5763,114.35,-121.15,0,0.97,0.23,-0.09,0,0.98,0.06,-0.06,0,-0.03,0.135,-0.183,0,[Fe/H],,,,,4.45,0.07,-0.17,0,4.47,3.61,-2.7,0,,,,,,,,,,,,,,,,,562.116,20.407,-19.048,1.75296,0.0618683,-0.0618683
Kepler-1036 b,Kepler-1036,b,1,1,1,Transit,0,122.8808058,0.000709,-0.000709,0,,,,,3.01,0.14,-0.53,0,0.269,0.012,-0.047,0,,,,,,,,,,,,,,,,,,,,,,,,,,,,,,,,,,,,,,,,,,,,,,,,,,,,,,,,,,,,,8.281,0.293,-0.293,0,,,,,0.03064,0.00067,-0.00536,0,,,,,,,,,,,,,,,,,,,,,,,,,5533,83.31,-69.58,0,0.89,0.04,-0.03,0,0.95,0.03,-0.04,0,0.04,0.105,-0.099,0,[Fe/H],,,,,4.52,0.03,-0.04,0,3.24,2.73,-1.61,0,,,,,,,,,,,,,,,,,489.435,3.8115,-3.8115,2.01436,0.0157909,-0.0157909
Kepler-1037 b,Kepler-1037,b,1,1,1,Transit,0,1.06378867,1.26E-06,-1.26E-06,0,,,,,1.28,0.09,-0.07,0,0.114,0.008,-0.006,0,,,,,,,,,,,,,,,,,,,,,,,,,,,,,,,,,,,,,,,,,,,,,,,,,,,,,,,,,,,,,1.0764,0.039,-0.039,0,,,,,0.01467,0.00072,-0.00029,0,,,,,,,,,,,,,,,,,,,,,,,,,5105,96.95,-70.71,0,0.78,0.04,-0.04,0,0.82,0.04,-0.04,0,-0.03,0.139,-0.164,0,[Fe/H],,,,,4.57,0.03,-0.05,0,5.13,5.74,-3.11,0,,,,,,,,,,,,,,,,,446.914,3.126,-3.126,2.20874,0.015533,-0.015533
Kepler-1038 b,Kepler-1038,b,1,1,1,Transit,0,148.4603382,0.0006894,-0.0006894,0,,,,,3.53,0.52,-0.39,0,0.315,0.046,-0.035,0,,,,,,,,,,,,,,,,,,,,,,,,,,,,,,,,,,,,,,,,,,,,,,,,,,,,,,,,,,,,,5.402,0.134,-0.134,0,,,,,0.03948,0.00392,-0.00325,0,,,,,,,,,,,,,,,,,,,,,,,,,5335,253.32,-212.93,0,0.83,0.09,-0.06,0,0.87,0.07,-0.06,0,-0.04,0.158,-0.176,0,[Fe/H],,,,,4.55,0.04,-0.08,0,4.27,5.42,-2.57,0,,,,,,,,,,,,,,,,,584.136,9.939,-9.618,1.68372,0.0284311,-0.0284311
Kepler-1039 b,Kepler-1039,b,1,1,1,Transit,0,0.93488424,8.7E-07,-8.7E-07,0,,,,,1.46,0.09,-0.22,0,0.13,0.008,-0.02,0,,,,,,,,,,,,,,,,,,,,,,,,,,,,,,,,,,,,,,,,,,,,,,,,,,,,,,,,,,,,,1.4174,0.027,-0.027,0,,,,,0.01774,0.00011,-0.00255,0,,,,,,,,,,,,,,,,,,,,,,,,,4870,194.18,-173.27,0,0.74,0.04,-0.04,0,0.79,0.05,-0.04,0,0.01,0.15,-0.164,0,[Fe/H],,,,,4.6,0.03,-0.04,0,4.37,5.92,-2.57,0,,,,,,,,,,,,,,,,,306.91,1.945,-1.921,3.22952,0.02037,-0.02037
Kepler-1040 b,Kepler-1040,b,1,1,1,Transit,0,201.1214,0.001945,-0.001945,0,,,,,2.08,0.18,-0.1,0,0.186,0.016,-0.009,0,,,,,,,,,,,,,,,,,,,,,,,,,,,,,,,,,,,,,,,,,,,,,,,,,,,,,,,,,,,,,10.575,0.223,-0.223,0,,,,,0.01989,0.00108,-9E-05,0,,,,,,,,,,,,,,,,,,,,,,,,,5694,78.24,-65.65,0,0.96,0.06,-0.05,0,0.98,0.04,-0.04,0,0.01,0.094,-0.102,0,[Fe/H],,,,,4.47,0.04,-0.06,0,4.17,2.86,-2.2,0,,,,,,,,,,,,,,,,,482.119,3.267,-3.223,2.04531,0.0138572,-0.0138572
Kepler-1041 b,Kepler-1041,b,1,1,1,Transit,0,24.7576421,0.0001112,-0.0001112,0,,,,,2.94,0.62,-0.53,0,0.262,0.055,-0.047,0,,,,,,,,,,,,,,,,,,,,,,,,,,,,,,,,,,,,,,,,,,,,,,,,,,,,,,,,,,,,,7.361,0.209,-0.209,0,,,,,0.02458,9E-05,-0.00375,0,,,,,,,,,,,,,,,,,,,,,,,,,5957,107.73,-105.23,0,1.08,0.23,-0.11,0,1.06,0.07,-0.07,0,0.01,0.136,-0.175,0,[Fe/H],,,,,4.4,0.08,-0.15,0,3.55,2.25,-1.88,0,,,,,,,,,,,,,,,,,1485.82,38.14,-36.31,0.644206,0.0167322,-0.0167322
Kepler-1042 b,Kepler-1042,b,1,1,1,Transit,0,10.13202575,3.028E-05,-3.028E-05,0,,,,,2.19,0.11,-0.16,0,0.195,0.01,-0.014,0,,,,,,,,,,,,,,,,,,,,,,,,,,,,,,,,,,,,,,,,,,,,,,,,,,,,,,,,,,,,,3.1376,0.0731,-0.0731,0,,,,,0.02823,0.0008,-0.00071,0,,,,,,,,,,,,,,,,,,,,,,,,,4815,86.89,-79.62,0,0.72,0.03,-0.05,0,0.75,0.04,-0.05,0,-0.1,0.153,-0.195,0,[Fe/H],,,,,4.61,0.03,-0.03,0,4.79,6.13,-2.95,0,,,,,,,,,,,,,,,,,,,,,,
Kepler-1043 b,Kepler-1043,b,1,1,1,Transit,0,38.5053398,0.0001785,-0.0001785,0,,,,,2.55,0.39,-0.24,0,0.227,0.035,-0.021,0,,,,,,,,,,,,,,,,,,,,,,,,,,,,,,,,,,,,,,,,,,,,,,,,,,,,,,,,,,,,,5.973,0.104,-0.104,0,,,,,0.02636,0.00263,-0.00145,0,,,,,,,,,,,,,,,,,,,,,,,,,5629,73.19,-67.58,0,0.9,0.1,-0.07,0,0.92,0.05,-0.06,0,-0.11,0.155,-0.187,0,[Fe/H],,,,,4.5,0.05,-0.11,0,4.47,4.91,-2.79,0,,,,,,,,,,,,,,,,,903.332,15.483,-14.978,1.07828,0.0185209,-0.0185209
Kepler-1044 b,Kepler-1044,b,1,1,1,Transit,0,6.77408868,1.867E-05,-1.867E-05,0,,,,,2.67,0.62,-0.29,0,0.238,0.055,-0.026,0,,,,,,,,,,,,,,,,,,,,,,,,,,,,,,,,,,,,,,,,,,,,,,,,,,,,,,,,,,,,,2.6196,0.0648,-0.0648,0,,,,,0.02196,0.00064,-0.00054,0,,,,,,,,,,,,,,,,,,,,,,,,,5985,112.26,-124.51,0,1.11,0.25,-0.12,0,1.08,0.08,-0.07,0,0.04,0.137,-0.163,0,[Fe/H],,,,,4.38,0.08,-0.16,0,3.55,1.92,-1.79,0,,,,,,,,,,,,,,,,,1278.96,41.32,-41.32,0.75349,0.0250514,-0.0250514
Kepler-1045 b,Kepler-1045,b,1,1,1,Transit,0,26.41045478,7.194E-05,-7.194E-05,0,,,,,2.69,0.21,-0.16,0,0.24,0.019,-0.014,0,,,,,,,,,,,,,,,,,,,,,,,,,,,,,,,,,,,,,,,,,,,,,,,,,,,,,,,,,,,,,2.996,0.0745,-0.0745,0,,,,,0.02973,0.00114,-0.00066,0,,,,,,,,,,,,,,,,,,,,,,,,,5301,56.01,-59.81,0,0.82,0.06,-0.05,0,0.86,0.04,-0.05,0,-0.03,0.146,-0.163,0,[Fe/H],,,,,4.55,0.04,-0.07,0,4.47,5.86,-2.81,0,,,,,,,,,,,,,,,,,942.485,23.959,-22.818,1.03259,0.0261206,-0.0261206
Kepler-1046 b,Kepler-1046,b,1,1,1,Transit,0,14.37508035,4.094E-05,-4.094E-05,0,,,,,1.71,0.12,-0.11,0,0.153,0.011,-0.01,0,,,,,,,,,,,,,,,,,,,,,,,,,,,,,,,,,,,,,,,,,,,,,,,,,,,,,,,,,,,,,2.9658,0.0804,-0.0804,0,,,,,0.01456,0.00036,-0.00049,0,,,,,,,,,,,,,,,,,,,,,,,,,5913,72.81,-81.92,0,1.04,0.07,-0.06,0,1.04,0.04,-0.04,0,0,0.089,-0.092,0,[Fe/H],,,,,4.42,0.04,-0.06,0,3.63,1.88,-1.67,0,,,,,,,,,,,,,,,,,721.534,,,,,
Kepler-1048 b,Kepler-1048,b,1,1,1,Transit,0,6.92101021,2.415E-05,-2.415E-05,0,,,,,1.61,0.09,-0.08,0,0.144,0.008,-0.007,0,,,,,,,,,,,,,,,,,,,,,,,,,,,,,,,,,,,,,,,,,,,,,,,,,,,,,,,,,,,,,4.2469,0.0852,-0.0852,0,,,,,0.02122,0.00087,-0.00038,0,,,,,,,,,,,,,,,,,,,,,,,,,4651,59.42,-62.38,0,0.7,0.03,-0.03,0,0.75,0.03,-0.04,0,0.01,0.149,-0.16,0,[Fe/H],,,,,4.62,0.02,-0.03,0,3.98,5.93,-2.26,0,,,,,,,,,,,,,,,,,556.006,5.9145,-5.9145,1.76982,0.018986,-0.018986
Kepler-1049 b,Kepler-1049,b,1,1,1,Transit,0,3.27346074,5.31E-06,-5.31E-06,0,,,,,0.95,0.1,-0.16,0,0.085,0.009,-0.014,0,,,,,,,,,,,,,,,,,,,,,,,,,,,,,,,,,,,,,,,,,,,,,,,,,,,,,,,,,,,,,1.7732,0.0428,-0.0428,0,,,,,0.01752,0.00169,-0.00285,0,,,,,,,,,,,,,,,,,,,,,,,,,3864,42.03,-41.5,0,0.49,0.03,-0.03,0,0.51,0.03,-0.03,0,-0.33,0.083,-0.078,0,[Fe/H],,,,,4.77,0.02,-0.03,0,3.8,5.36,-2.2,0,,,,,,,,,,,,,,,,,162.006,0.423,-0.423,6.14368,0.0159958,-0.0159958
Kepler-1051 b,Kepler-1051,b,1,1,1,Transit,0,25.96200249,8.634E-05,-8.634E-05,0,,,,,3.4,1.23,-0.67,0,0.303,0.11,-0.06,0,,,,,,,,,,,,,,,,,,,,,,,,,,,,,,,,,,,,,,,,,,,,,,,,,,,,,,,,,,,,,6.2696,0.0828,-0.0828,0,,,,,0.01778,0.0005,-0.0002,0,,,,,,,,,,,,,,,,,,,,,,,,,6675,270.59,-222.6,0,1.73,0.62,-0.34,0,1.43,0.22,-0.16,0,0.04,0.13,-0.166,0,[Fe/H],,,,,4.12,0.14,-0.21,0,1.74,0.617,-0.404,0,,,,,,,,,,,,,,,,,829.343,10.36,-10.112,1.17705,0.0147675,-0.0147675
Kepler-1052 b,Kepler-1052,b,1,1,1,Transit,0,34.8538276,0.000126,-0.000126,0,,,,,2.93,0.54,-0.31,0,0.261,0.048,-0.028,0,,,,,,,,,,,,,,,,,,,,,,,,,,,,,,,,,,,,,,,,,,,,,,,,,,,,,,,,,,,,,5.3577,0.0906,-0.0906,0,,,,,0.02644,0.00086,-0.00042,0,,,,,,,,,,,,,,,,,,,,,,,,,5888,160.5,-173.26,0,1.03,0.19,-0.11,0,1.03,0.08,-0.07,0,0,0.15,-0.175,0,[Fe/H],,,,,4.42,0.08,-0.13,0,3.55,2.65,-1.8,0,,,,,,,,,,,,,,,,,943.444,17.198,-17.198,1.03137,0.0191703,-0.0191703
Kepler-1053 b,Kepler-1053,b,1,1,1,Transit,0,2.41435165,2.54E-06,-2.54E-06,0,,,,,0.98,0.05,-0.04,0,0.087,0.004,-0.004,0,,,,,,,,,,,,,,,,,,,,,,,,,,,,,,,,,,,,,,,,,,,,,,,,,,,,,,,,,,,,,1.2248,0.0298,-0.0298,0,,,,,0.01319,0.00028,-0.00031,0,,,,,,,,,,,,,,,,,,,,,,,,,4529,81.74,-98.25,0,0.69,0.03,-0.03,0,0.74,0.03,-0.04,0,0.1,0.16,-0.171,0,[Fe/H],,,,,4.63,0.02,-0.03,0,3.09,5.5,-1.55,0,,,,,,,,,,,,,,,,,151.129,0.389,-0.387,6.58796,0.0168608,-0.0168608
Kepler-1054 b,Kepler-1054,b,1,1,1,Transit,0,4.30655689,1.426E-05,-1.426E-05,0,,,,,2.63,1.15,-0.53,0,0.235,0.103,-0.047,0,,,,,,,,,,,,,,,,,,,,,,,,,,,,,,,,,,,,,,,,,,,,,,,,,,,,,,,,,,,,,4.0697,0.0789,-0.0789,0,,,,,0.01772,9E-05,-0.00239,0,,,,,,,,,,,,,,,,,,,,,,,,,6209,106.61,-147.02,0,1.34,0.58,-0.2,0,1.22,0.18,-0.1,0,0.09,0.143,-0.138,0,[Fe/H],,,,,4.26,0.12,-0.25,0,2.82,0.888,-1.07,0,,,,,,,,,,,,,,,,,1090.51,22.95,-22.04,0.888327,0.0187668,-0.0187668
Kepler-1055 b,Kepler-1055,b,1,1,1,Transit,0,2.29503623,3.47E-06,-3.47E-06,0,,,,,1.23,0.07,-0.06,0,0.11,0.006,-0.005,0,,,,,,,,,,,,,,,,,,,,,,,,,,,,,,,,,,,,,,,,,,,,,,,,,,,,,,,,,,,,,1.6459,0.0416,-0.0416,0,,,,,0.01198,0.00038,-0.00024,0,,,,,,,,,,,,,,,,,,,,,,,,,5723,76.28,-61.68,0,0.94,0.04,-0.04,0,0.98,0.03,-0.04,0,-0.02,0.098,-0.099,0,[Fe/H],,,,,4.49,0.03,-0.04,0,3.09,2.2,-1.44,0,,,,,,,,,,,,,,,,,389.397,2.463,-2.433,2.53923,0.0160221,-0.0160221
Kepler-1056 b,Kepler-1056,b,1,1,1,Transit,0,27.495606,0.0001457,-0.0001457,0,,,,,3.01,1.33,-0.6,0,0.269,0.119,-0.054,0,,,,,,,,,,,,,,,,,,,,,,,,,,,,,,,,,,,,,,,,,,,,,,,,,,,,,,,,,,,,,5.024,0.143,-0.143,0,,,,,0.02335,0.00293,-0.00228,0,,,,,,,,,,,,,,,,,,,,,,,,,6127,199.75,-285.27,0,1.2,0.51,-0.21,0,1.12,0.2,-0.12,0,0.02,0.13,-0.18,0,[Fe/H],,,,,4.33,0.12,-0.25,0,2.95,1.94,-1.19,0,,,,,,,,,,,,,,,,,982.51,19.3375,-19.3375,0.989342,0.0198738,-0.0198738
Kepler-1057 b,Kepler-1057,b,1,1,1,Transit,0,14.08827448,4.045E-05,-4.045E-05,0,,,,,3.36,1.1,-0.52,0,0.3,0.098,-0.046,0,,,,,,,,,,,,,,,,,,,,,,,,,,,,,,,,,,,,,,,,,,,,,,,,,,,,,,,,,,,,,4.1615,0.0718,-0.0718,0,,,,,0.02813,0.00071,-0.0005,0,,,,,,,,,,,,,,,,,,,,,,,,,5987,293.78,-296.99,0,1.1,0.36,-0.17,0,1.07,0.15,-0.11,0,0.01,0.132,-0.181,0,[Fe/H],,,,,4.38,0.11,-0.18,0,3.09,2.43,-1.41,0,,,,,,,,,,,,,,,,,1201.82,46.38,-43.11,0.804672,0.0306909,-0.0306909
Kepler-1058 b,Kepler-1058,b,1,1,1,Transit,0,110.96546,0.001146,-0.001146,0,,,,,2.72,0.11,-0.32,0,0.243,0.01,-0.029,0,,,,,,,,,,,,,,,,,,,,,,,,,,,,,,,,,,,,,,,,,,,,,,,,,,,,,,,,,,,,,12.841,0.276,-0.276,0,,,,,0.0356,4E-05,-0.00365,0,,,,,,,,,,,,,,,,,,,,,,,,,4644,89.85,-112.73,0,0.69,0.03,-0.04,0,0.73,0.04,-0.05,0,-0.06,0.178,-0.171,0,[Fe/H],,,,,4.63,0.02,-0.03,0,3.39,6.07,-1.79,0,,,,,,,,,,,,,,,,,491.997,,,,,
Kepler-1059 b,Kepler-1059,b,1,1,1,Transit,0,3.76419105,9.54E-06,-9.54E-06,0,,,,,1.73,0.12,-0.15,0,0.154,0.011,-0.013,0,,,,,,,,,,,,,,,,,,,,,,,,,,,,,,,,,,,,,,,,,,,,,,,,,,,,,,,,,,,,,2.0596,0.0581,-0.0581,0,,,,,0.02192,0.00096,-0.0005,0,,,,,,,,,,,,,,,,,,,,,,,,,4906,81.53,-62.34,0,0.72,0.04,-0.06,0,0.75,0.04,-0.06,0,-0.15,0.16,-0.236,0,[Fe/H],,,,,4.61,0.04,-0.04,0,5.37,6.03,-3.06,0,,,,,,,,,,,,,,,,,713.167,16.252,-15.555,1.37405,0.0310177,-0.0310177
Kepler-1060 b,Kepler-1060,b,1,1,1,Transit,0,46.8779367,0.000305,-0.000305,0,,,,,2.38,0.45,-0.29,0,0.212,0.04,-0.026,0,,,,,,,,,,,,,,,,,,,,,,,,,,,,,,,,,,,,,,,,,,,,,,,,,,,,,,,,,,,,,9.635,0.18,-0.18,0,,,,,0.02249,5E-05,-0.0012,0,,,,,,,,,,,,,,,,,,,,,,,,,5797,180.98,-198.61,0,0.99,0.19,-0.11,0,0.99,0.08,-0.07,0,-0.03,0.155,-0.192,0,[Fe/H],,,,,4.44,0.08,-0.13,0,4.27,3.37,-2.48,0,,,,,,,,,,,,,,,,,946.565,20.827,-19.963,1.02789,0.0225841,-0.0225841
Kepler-1061 b,Kepler-1061,b,1,1,1,Transit,0,2.75798267,3.88E-06,-3.88E-06,0,,,,,1.98,0.11,-0.37,0,0.177,0.01,-0.033,0,,,,,,,,,,,,,,,,,,,,,,,,,,,,,,,,,,,,,,,,,,,,,,,,,,,,,,,,,,,,,2.2906,0.0874,-0.0874,0,,,,,0.01726,0.00041,-0.00306,0,,,,,,,,,,,,,,,,,,,,,,,,,6067,71.81,-59.04,0,1.07,0.06,-0.05,0,1.09,0.04,-0.04,0,-0.03,0.096,-0.101,0,[Fe/H],,,,,4.42,0.03,-0.04,0,2.14,1.2,-0.699,0,,,,,,,,,,,,,,,,,543.375,4.391,-4.323,1.81152,0.0146455,-0.0146455
Kepler-1062 b,Kepler-1062,b,1,1,1,Transit,0,9.30412078,2.394E-05,-2.394E-05,0,,,,,1.76,0.09,-0.1,0,0.157,0.008,-0.009,0,,,,,,,,,,,,,,,,,,,,,,,,,,,,,,,,,,,,,,,,,,,,,,,,,,,,,,,,,,,,,1.8914,0.0673,-0.0673,0,,,,,0.02278,0.00085,-0.0009,0,,,,,,,,,,,,,,,,,,,,,,,,,4597,61.91,-73.2,0,0.7,0.02,-0.03,0,0.75,0.03,-0.04,0,0.11,0.142,-0.19,0,[Fe/H],,,,,4.62,0.01,-0.02,0,2.45,5.25,-1.05,0,,,,,,,,,,,,,,,,,397.455,3.632,-3.569,2.48732,0.0226198,-0.0226198
Kepler-1064 b,Kepler-1064,b,1,1,1,Transit,0,16.54080322,4.111E-05,-4.111E-05,0,,,,,1.55,0.07,-0.05,0,0.138,0.006,-0.004,0,,,,,,,,,,,,,,,,,,,,,,,,,,,,,,,,,,,,,,,,,,,,,,,,,,,,,,,,,,,,,2.544,0.0631,-0.0631,0,,,,,0.01797,0.00061,-0.0004,0,,,,,,,,,,,,,,,,,,,,,,,,,5153,80.62,-59.98,0,0.79,0.02,-0.02,0,0.85,0.03,-0.03,0,0,0.101,-0.097,0,[Fe/H],,,,,4.57,0.02,-0.02,0,3.89,2.96,-1.91,0,,,,,,,,,,,,,,,,,,,,,,
Kepler-1066 b,Kepler-1066,b,1,1,1,Transit,0,1.93155984,1.57E-06,-1.57E-06,0,,,,,2.36,0.5,-0.33,0,0.211,0.045,-0.029,0,,,,,,,,,,,,,,,,,,,,,,,,,,,,,,,,,,,,,,,,,,,,,,,,,,,,,,,,,,,,,1.6283,0.0261,-0.0261,0,,,,,0.02227,0.00051,-0.0019,0,,,,,,,,,,,,,,,,,,,,,,,,,5762,287.38,-209.47,0,0.98,0.2,-0.11,0,0.98,0.11,-0.07,0,-0.03,0.143,-0.183,0,[Fe/H],,,,,4.45,0.08,-0.14,0,3.8,4,-2.11,0,,,,,,,,,,,,,,,,,344.251,2.536,-2.499,2.87613,0.021083,-0.021083
Kepler-1067 b,Kepler-1067,b,1,1,1,Transit,0,0.76212926,2.73E-06,-2.73E-06,0,,,,,0.8,0.12,-0.06,0,0.071,0.011,-0.005,0,,,,,,,,,,,,,,,,,,,,,,,,,,,,,,,,,,,,,,,,,,,,,,,,,,,,,,,,,,,,,1.076,0.11,-0.11,0,,,,,0.00778,0.00053,-0.00035,0,,,,,,,,,,,,,,,,,,,,,,,,,5592,63.05,-65.87,0,0.93,0.16,-0.06,0,0.95,0.04,-0.04,0,0.03,0.132,-0.172,0,[Fe/H],,,,,4.49,0.05,-0.14,0,4.79,5.35,-3.04,0,,,,,,,,,,,,,,,,,667.693,8.325,-8.126,1.46897,0.01831,-0.01831
Kepler-1068 b,Kepler-1068,b,1,1,1,Transit,0,16.92344113,5.446E-05,-5.446E-05,0,,,,,3.63,0.89,-0.37,0,0.324,0.079,-0.033,0,,,,,,,,,,,,,,,,,,,,,,,,,,,,,,,,,,,,,,,,,,,,,,,,,,,,,,,,,,,,,4.0618,0.0754,-0.0754,0,,,,,0.03281,0.00096,-0.00047,0,,,,,,,,,,,,,,,,,,,,,,,,,5806,123.65,-169.98,0,1.01,0.25,-0.1,0,1.01,0.07,-0.07,0,0.03,0.142,-0.176,0,[Fe/H],,,,,4.43,0.08,-0.18,0,4.17,3.4,-2.41,0,,,,,,,,,,,,,,,,,1473.61,74.39,-67.69,0.650755,0.0324183,-0.0324183
Kepler-1069 b,Kepler-1069,b,1,1,1,Transit,0,23.8990296,0.0001497,-0.0001497,0,,,,,1.6,0.31,-0.14,0,0.143,0.028,-0.012,0,,,,,,,,,,,,,,,,,,,,,,,,,,,,,,,,,,,,,,,,,,,,,,,,,,,,,,,,,,,,,15.722,0.127,-0.127,0,,,,,0.01537,0.00122,-0.00049,0,,,,,,,,,,,,,,,,,,,,,,,,,5722,88.79,-104.94,0,0.98,0.17,-0.08,0,0.99,0.05,-0.05,0,0.04,0.14,-0.161,0,[Fe/H],,,,,4.46,0.06,-0.15,0,4.37,3.93,-2.55,0,,,,,,,,,,,,,,,,,695.967,6.434,-6.319,1.40799,0.0130658,-0.0130658
Kepler-1070 b,Kepler-1070,b,1,1,1,Transit,0,6.2216147,1.944E-05,-1.944E-05,0,,,,,1.73,0.81,-0.25,0,0.154,0.072,-0.022,0,,,,,,,,,,,,,,,,,,,,,,,,,,,,,,,,,,,,,,,,,,,,,,,,,,,,,,,,,,,,,3.2606,0.0723,-0.0723,0,,,,,0.01211,0.00042,-0.00023,0,,,,,,,,,,,,,,,,,,,,,,,,,6261,114.14,-114.36,0,1.32,0.61,-0.19,0,1.21,0.2,-0.1,0,0.03,0.132,-0.175,0,[Fe/H],,,,,4.27,0.11,-0.26,0,2.75,0.86,-1.02,0,,,,,,,,,,,,,,,,,939.001,11.6915,-11.6915,1.03612,0.0131589,-0.0131589
Kepler-1071 b,Kepler-1071,b,1,1,1,Transit,0,6.1799844,1.367E-05,-1.367E-05,0,,,,,2.38,0.07,-0.14,0,0.212,0.006,-0.012,0,,,,,,,,,,,,,,,,,,,,,,,,,,,,,,,,,,,,,,,,,,,,,,,,,,,,,,,,,,,,,2.1059,0.0582,-0.0582,0,,,,,0.02729,1E-05,-0.00127,0,,,,,,,,,,,,,,,,,,,,,,,,,5215,78.36,-83.32,0,0.81,0.03,-0.03,0,0.86,0.03,-0.04,0,0.01,0.108,-0.113,0,[Fe/H],,,,,4.56,0.02,-0.03,0,4.27,3.62,-2.34,0,,,,,,,,,,,,,,,,,1042.27,46.837,-46.837,0.932442,0.0427075,-0.0427075
Kepler-1072 b,Kepler-1072,b,1,1,1,Transit,0,1.5690665,2.9E-06,-2.9E-06,0,,,,,1.58,0.72,-0.24,0,0.141,0.064,-0.021,0,,,,,,,,,,,,,,,,,,,,,,,,,,,,,,,,,,,,,,,,,,,,,,,,,,,,,,,,,,,,,2.7835,0.0458,-0.0458,0,,,,,0.01131,0.00033,-0.00012,0,,,,,,,,,,,,,,,,,,,,,,,,,6199,102.85,-123.19,0,1.32,0.6,-0.2,0,1.2,0.19,-0.09,0,0.07,0.129,-0.132,0,[Fe/H],,,,,4.27,0.12,-0.26,0,2.88,0.874,-1.09,0,,,,,,,,,,,,,,,,,982.716,14.8705,-14.8705,0.988814,0.0152805,-0.0152805
Kepler-1074 b,Kepler-1074,b,1,1,1,Transit,0,5.94566534,1.443E-05,-1.443E-05,0,,,,,1.25,0.24,-0.09,0,0.112,0.021,-0.008,0,,,,,,,,,,,,,,,,,,,,,,,,,,,,,,,,,,,,,,,,,,,,,,,,,,,,,,,,,,,,,2.1737,0.0639,-0.0639,0,,,,,0.01984,0.00382,-0.00128,0,,,,,,,,,,,,,,,,,,,,,,,,,4002,33.45,-33.56,0,0.57,0.02,-0.02,0,0.6,0.02,-0.03,0,-0.06,0.08,-0.09,0,[Fe/H],,,,,4.7,0.01,-0.01,0,3.55,5.12,-1.86,0,,,,,,,,,,,,,,,,,250.817,1.474,-1.474,3.95819,0.023254,-0.023254
Kepler-1075 b,Kepler-1075,b,1,1,1,Transit,0,1.52372816,2.7E-06,-2.7E-06,0,,,,,1.42,0.16,-0.33,0,0.127,0.014,-0.029,0,,,,,,,,,,,,,,,,,,,,,,,,,,,,,,,,,,,,,,,,,,,,,,,,,,,,,,,,,,,,,1.4652,0.0604,-0.0604,0,,,,,0.02353,0.00254,-0.00538,0,,,,,,,,,,,,,,,,,,,,,,,,,3959,39.29,-38.69,0,0.54,0.02,-0.03,0,0.56,0.03,-0.03,0,-0.17,0.111,-0.105,0,[Fe/H],,,,,4.72,0.02,-0.02,0,2.95,4.34,-1.4,0,,,,,,,,,,,,,,,,,291.275,4.987,-4.824,3.40576,0.0573637,-0.0573637
Kepler-1076 b,Kepler-1076,b,1,1,1,Transit,0,6.14727918,2.112E-05,-2.112E-05,0,,,,,0.8,0.04,-0.03,0,0.071,0.004,-0.003,0,,,,,,,,,,,,,,,,,,,,,,,,,,,,,,,,,,,,,,,,,,,,,,,,,,,,,,,,,,,,,2.7627,0.0821,-0.0821,0,,,,,0.01,0.00051,-0.00018,0,,,,,,,,,,,,,,,,,,,,,,,,,4868,38.24,-45.61,0,0.74,0.01,-0.02,0,0.79,0.03,-0.04,0,-0.01,0.101,-0.111,0,[Fe/H],,,,,4.6,0.01,-0.02,0,3.72,3.92,-1.93,0,,,,,,,,,,,,,,,,,,,,,,
Kepler-1077 b,Kepler-1077,b,1,1,1,Transit,0,34.3511874,0.0001503,-0.0001503,0,,,,,2.77,0.7,-0.33,0,0.247,0.062,-0.029,0,,,,,,,,,,,,,,,,,,,,,,,,,,,,,,,,,,,,,,,,,,,,,,,,,,,,,,,,,,,,,4.222,0.119,-0.119,0,,,,,0.025,0.0026,-0.00185,0,,,,,,,,,,,,,,,,,,,,,,,,,5816,99.93,-113.54,0,1.02,0.23,-0.09,0,1.02,0.06,-0.05,0,0.03,0.126,-0.16,0,[Fe/H],,,,,4.43,0.07,-0.16,0,4.17,3.16,-2.4,0,,,,,,,,,,,,,,,,,1101.42,28.41,-28.41,0.879493,0.0232283,-0.0232283
Kepler-1078 b,Kepler-1078,b,1,1,1,Transit,0,3.00725242,1.242E-05,-1.242E-05,0,,,,,1.9,0.3,-0.33,0,0.17,0.027,-0.029,0,,,,,,,,,,,,,,,,,,,,,,,,,,,,,,,,,,,,,,,,,,,,,,,,,,,,,,,,,,,,,4.336,0.103,-0.103,0,,,,,0.01886,0.00169,-0.00294,0,,,,,,,,,,,,,,,,,,,,,,,,,5612,100.22,-123.53,0,0.92,0.12,-0.07,0,0.94,0.05,-0.05,0,-0.01,0.142,-0.186,0,[Fe/H],,,,,4.49,0.06,-0.12,0,4.37,5.08,-2.64,0,,,,,,,,,,,,,,,,,2481.71,246.155,-246.155,0.374134,0.0383962,-0.0383962
Kepler-1079 b,Kepler-1079,b,1,1,1,Transit,0,13.24503188,4.886E-05,-4.886E-05,0,,,,,1.63,0.33,-0.28,0,0.145,0.029,-0.025,0,,,,,,,,,,,,,,,,,,,,,,,,,,,,,,,,,,,,,,,,,,,,,,,,,,,,,,,,,,,,,4.367,0.0859,-0.0859,0,,,,,0.01133,0.00042,-0.00023,0,,,,,,,,,,,,,,,,,,,,,,,,,5758,90.64,-84.62,0,1.36,0.27,-0.23,0,1.08,0.12,-0.06,0,0.21,0.098,-0.128,0,[Fe/H],,,,,4.21,0.14,-0.12,0,6.61,2.22,-2.2,0,,,,,,,,,,,,,,,,,591.098,,,,,
Kepler-1080 b,Kepler-1080,b,1,1,1,Transit,0,77.2548396,0.0003198,-0.0003198,0,,,,,3.28,1.13,-0.5,0,0.293,0.101,-0.045,0,,,,,,,,,,,,,,,,,,,,,,,,,,,,,,,,,,,,,,,,,,,,,,,,,,,,,,,,,,,,,10.294,0.181,-0.181,0,,,,,0.02558,7E-05,-0.0025,0,,,,,,,,,,,,,,,,,,,,,,,,,5956,70.4,-87.98,0,1.16,0.4,-0.14,0,1.1,0.1,-0.06,0,0.09,0.147,-0.143,0,[Fe/H],,,,,4.35,0.1,-0.22,0,3.89,1.7,-2.02,0,,,,,,,,,,,,,,,,,1382.82,26.61,-26.61,0.694369,0.0138085,-0.0138085
Kepler-1081 b,Kepler-1081,b,1,1,1,Transit,0,3.85691855,9.66E-06,-9.66E-06,0,,,,,1.01,0.1,-0.07,0,0.09,0.009,-0.006,0,,,,,,,,,,,,,,,,,,,,,,,,,,,,,,,,,,,,,,,,,,,,,,,,,,,,,,,,,,,,,1.9839,0.0645,-0.0645,0,,,,,0.01097,0.00036,-0.00033,0,,,,,,,,,,,,,,,,,,,,,,,,,5345,67.9,-84.9,0,0.84,0.07,-0.05,0,0.88,0.04,-0.04,0,0.01,0.141,-0.155,0,[Fe/H],,,,,4.54,0.04,-0.09,0,4.68,6.83,-2.95,0,,,,,,,,,,,,,,,,,420.215,2.776,-2.776,2.3509,0.0156018,-0.0156018
Kepler-1082 b,Kepler-1082,b,1,1,1,Transit,0,1.5432066,4.54E-06,-4.54E-06,0,,,,,1.12,0.18,-0.13,0,0.1,0.016,-0.012,0,,,,,,,,,,,,,,,,,,,,,,,,,,,,,,,,,,,,,,,,,,,,,,,,,,,,,,,,,,,,,2.6094,0.0676,-0.0676,0,,,,,0.00878,0.00029,-0.00018,0,,,,,,,,,,,,,,,,,,,,,,,,,5923,80.65,-64.28,0,1.14,0.18,-0.13,0,1.03,0.06,-0.06,0,-0.06,0.105,-0.125,0,[Fe/H],,,,,4.33,0.11,-0.1,0,5.75,1.4,-2.33,0,,,,,,,,,,,,,,,,,739.557,7.8,-7.641,1.32332,0.0140089,-0.0140089
Kepler-1083 b,Kepler-1083,b,1,1,1,Transit,0,33.4177993,0.0001854,-0.0001854,0,,,,,3.36,0.16,-0.63,0,0.3,0.014,-0.056,0,,,,,,,,,,,,,,,,,,,,,,,,,,,,,,,,,,,,,,,,,,,,,,,,,,,,,,,,,,,,,4.549,0.153,-0.153,0,,,,,0.03952,0.00059,-0.00719,0,,,,,,,,,,,,,,,,,,,,,,,,,5049,45.47,-46.43,0,0.77,0.03,-0.04,0,0.81,0.04,-0.04,0,-0.02,0.155,-0.166,0,[Fe/H],,,,,4.58,0.02,-0.05,0,4.68,5.75,-2.82,0,,,,,,,,,,,,,,,,,902.633,24.999,-23.709,1.07961,0.0296496,-0.0296496
Kepler-1084 b,Kepler-1084,b,1,1,1,Transit,0,2.05333679,4.13E-06,-4.13E-06,0,,,,,1.11,0.23,-0.15,0,0.099,0.021,-0.013,0,,,,,,,,,,,,,,,,,,,,,,,,,,,,,,,,,,,,,,,,,,,,,,,,,,,,,,,,,,,,,2.3751,0.0571,-0.0571,0,,,,,0.0076,0.00016,-0.00017,0,,,,,,,,,,,,,,,,,,,,,,,,,6113,63.72,-75.56,0,1.28,0.27,-0.17,0,1.12,0.07,-0.06,0,-0.02,0.083,-0.108,0,[Fe/H],,,,,4.27,0.12,-0.13,0,4.07,1,-1.46,0,,,,,,,,,,,,,,,,,405.533,5.621,-5.472,2.43758,0.0334669,-0.0334669
Kepler-1087 b,Kepler-1087,b,1,1,1,Transit,0,0.69384285,1.59E-06,-1.59E-06,0,,,,,0.61,0.17,-0.05,0,0.054,0.015,-0.004,0,,,,,,,,,,,,,,,,,,,,,,,,,,,,,,,,,,,,,,,,,,,,,,,,,,,,,,,,,,,,,1.5236,0.0619,-0.0619,0,,,,,0.00646,0.00022,-0.00023,0,,,,,,,,,,,,,,,,,,,,,,,,,5589,122.9,-191.41,0,0.94,0.26,-0.07,0,0.96,0.07,-0.06,0,0.01,0.153,-0.255,0,[Fe/H],,,,,4.48,0.06,-0.2,0,3.55,5.32,-2.19,0,,,,,,,,,,,,,,,,,362.623,3.508,-3.443,2.72911,0.0262319,-0.0262319
Kepler-1088 b,Kepler-1088,b,1,1,1,Transit,0,23.12748644,8.919E-05,-8.919E-05,0,,,,,1.42,0.11,-0.1,0,0.127,0.01,-0.009,0,,,,,,,,,,,,,,,,,,,,,,,,,,,,,,,,,,,,,,,,,,,,,,,,,,,,,,,,,,,,,4.923,0.1,-0.1,0,,,,,0.0118,0.00019,-0.00043,0,,,,,,,,,,,,,,,,,,,,,,,,,5975,64.37,-58.16,0,1.08,0.08,-0.06,0,1.08,0.03,-0.03,0,0.05,0.082,-0.082,0,[Fe/H],,,,,4.4,0.05,-0.06,0,3.02,1.58,-1.39,0,,,,,,,,,,,,,,,,,280.629,1.575,-1.558,3.53461,0.0197419,-0.0197419
Kepler-1089 b,Kepler-1089,b,1,1,1,Transit,0,5.13248562,9.48E-06,-9.48E-06,0,,,,,1.83,0.1,-0.34,0,0.163,0.009,-0.03,0,,,,,,,,,,,,,,,,,,,,,,,,,,,,,,,,,,,,,,,,,,,,,,,,,,,,,,,,,,,,,1.631,0.0419,-0.0419,0,,,,,0.034,0.00041,-0.00599,0,,,,,,,,,,,,,,,,,,,,,,,,,3753,32.38,-32.55,0,0.49,0.03,-0.03,0,0.52,0.03,-0.03,0,-0.09,0.087,-0.084,0,[Fe/H],,,,,4.76,0.03,-0.02,0,3.72,5.26,-2.08,0,,,,,,,,,,,,,,,,,259.328,2.538,-2.49,3.82772,0.0370974,-0.0370974
Kepler-1090 b,Kepler-1090,b,1,1,1,Transit,0,198.680179,0.002176,-0.002176,0,,,,,2.25,0.21,-0.17,0,0.201,0.019,-0.015,0,,,,,,,,,,,,,,,,,,,,,,,,,,,,,,,,,,,,,,,,,,,,,,,,,,,,,,,,,,,,,8.287,0.253,-0.253,0,,,,,0.02538,0.00092,-0.00115,0,,,,,,,,,,,,,,,,,,,,,,,,,5321,147.76,-145.36,0,0.82,0.07,-0.05,0,0.86,0.05,-0.05,0,-0.04,0.149,-0.165,0,[Fe/H],,,,,4.55,0.04,-0.07,0,4.37,6.13,-2.64,0,,,,,,,,,,,,,,,,,858.77,28.36,-26.632,1.13711,0.0369549,-0.0369549
Kepler-1091 b,Kepler-1091,b,1,1,1,Transit,0,1.43474156,3.27E-06,-3.27E-06,0,,,,,1.46,0.36,-0.19,0,0.13,0.032,-0.017,0,,,,,,,,,,,,,,,,,,,,,,,,,,,,,,,,,,,,,,,,,,,,,,,,,,,,,,,,,,,,,1.8811,0.0616,-0.0616,0,,,,,0.0133,0.00051,-0.00028,0,,,,,,,,,,,,,,,,,,,,,,,,,5851,286.31,-232.4,0,1.03,0.25,-0.13,0,1.01,0.12,-0.08,0,0,0.134,-0.179,0,[Fe/H],,,,,4.42,0.09,-0.16,0,3.47,3.5,-1.8,0,,,,,,,,,,,,,,,,,914.299,19.236,-18.471,1.06542,0.0223721,-0.0223721
Kepler-1092 b,Kepler-1092,b,1,1,1,Transit,0,58.6017925,0.0006006,-0.0006006,0,,,,,2.07,0.37,-0.24,0,0.185,0.033,-0.021,0,,,,,,,,,,,,,,,,,,,,,,,,,,,,,,,,,,,,,,,,,,,,,,,,,,,,,,,,,,,,,5.543,0.194,-0.194,0,,,,,0.01934,0.00063,-0.00094,0,,,,,,,,,,,,,,,,,,,,,,,,,5862,195.01,-156.05,0,1,0.18,-0.1,0,0.99,0.09,-0.07,0,-0.09,0.164,-0.195,0,[Fe/H],,,,,4.44,0.07,-0.13,0,3.8,3.02,-2.08,0,,,,,,,,,,,,,,,,,981.233,17.7585,-17.7585,0.990559,0.0182999,-0.0182999
Kepler-1094 b,Kepler-1094,b,1,1,1,Transit,0,78.1000231,0.0006388,-0.0006388,0,,,,,3.18,1.2,-0.46,0,0.284,0.107,-0.041,0,,,,,,,,,,,,,,,,,,,,,,,,,,,,,,,,,,,,,,,,,,,,,,,,,,,,,,,,,,,,,8.322,0.21,-0.21,0,,,,,0.02444,0.00063,-0.00094,0,,,,,,,,,,,,,,,,,,,,,,,,,6112,127.39,-187.65,0,1.21,0.46,-0.17,0,1.14,0.16,-0.09,0,0.06,0.135,-0.148,0,[Fe/H],,,,,4.33,0.1,-0.23,0,3.09,1.42,-1.4,0,,,,,,,,,,,,,,,,,1291.01,55.4,-55.4,0.747234,0.0329257,-0.0329257
Kepler-1095 b,Kepler-1095,b,1,1,1,Transit,0,4.27103091,1.48E-05,-1.48E-05,0,,,,,1.21,0.2,-0.12,0,0.108,0.018,-0.011,0,,,,,,,,,,,,,,,,,,,,,,,,,,,,,,,,,,,,,,,,,,,,,,,,,,,,,,,,,,,,,2.2736,0.0811,-0.0811,0,,,,,0.01249,0.00063,-0.00023,0,,,,,,,,,,,,,,,,,,,,,,,,,5658,206.29,-136.1,0,0.92,0.14,-0.09,0,0.94,0.07,-0.07,0,-0.09,0.158,-0.195,0,[Fe/H],,,,,4.48,0.06,-0.12,0,4.47,4.43,-2.71,0,,,,,,,,,,,,,,,,,792.522,11.7885,-11.7885,1.23319,0.0186234,-0.0186234
Kepler-1096 b,Kepler-1096,b,1,1,1,Transit,0,2.89221751,6E-06,-6E-06,0,,,,,1.24,0.37,-0.08,0,0.111,0.033,-0.007,0,,,,,,,,,,,,,,,,,,,,,,,,,,,,,,,,,,,,,,,,,,,,,,,,,,,,,,,,,,,,,1.3657,0.0574,-0.0574,0,,,,,0.01796,0.00526,-0.00084,0,,,,,,,,,,,,,,,,,,,,,,,,,4306,53.07,-39.79,0,0.63,0.02,-0.03,0,0.66,0.03,-0.03,0,-0.1,0.132,-0.098,0,[Fe/H],,,,,4.66,0.02,-0.02,0,3.8,5.3,-2.16,0,,,,,,,,,,,,,,,,,377.976,4.1455,-4.1455,2.6172,0.0287967,-0.0287967
Kepler-1097 b,Kepler-1097,b,1,1,1,Transit,0,187.747029,0.001894,-0.001894,0,,,,,3.26,0.26,-0.26,0,0.291,0.023,-0.023,0,,,,,,,,,,,,,,,,,,,,,,,,,,,,,,,,,,,,,,,,,,,,,,,,,,,,,,,,,,,,,5.408,0.239,-0.239,0,,,,,0.03792,0.00189,-0.00167,0,,,,,,,,,,,,,,,,,,,,,,,,,5211,77.13,-86.77,0,0.79,0.05,-0.05,0,0.82,0.04,-0.06,0,-0.11,0.17,-0.176,0,[Fe/H],,,,,4.57,0.04,-0.06,0,4.9,6.12,-3.1,0,,,,,,,,,,,,,,,,,719.802,12.838,-12.404,1.36077,0.024169,-0.024169
Kepler-1098 b,Kepler-1098,b,1,1,1,Transit,0,2.54307286,9.59E-06,-9.59E-06,0,,,,,1.3,0.24,-0.14,0,0.116,0.021,-0.012,0,,,,,,,,,,,,,,,,,,,,,,,,,,,,,,,,,,,,,,,,,,,,,,,,,,,,,,,,,,,,,2.7494,0.0905,-0.0905,0,,,,,0.01174,0.00052,-0.00028,0,,,,,,,,,,,,,,,,,,,,,,,,,5794,204.81,-216.42,0,0.99,0.18,-0.11,0,0.99,0.1,-0.07,0,-0.02,0.141,-0.173,0,[Fe/H],,,,,4.45,0.07,-0.13,0,3.98,3.15,-2.23,0,,,,,,,,,,,,,,,,,1049.19,22.36,-21.46,0.924665,0.0197433,-0.0197433
Kepler-1099 b,Kepler-1099,b,1,1,1,Transit,0,2.16845259,2.8E-06,-2.8E-06,0,,,,,2.83,0.43,-0.51,0,0.252,0.038,-0.045,0,,,,,,,,,,,,,,,,,,,,,,,,,,,,,,,,,,,,,,,,,,,,,,,,,,,,,,,,,,,,,1.6611,0.0459,-0.0459,0,,,,,0.02567,0.00104,-0.00425,0,,,,,,,,,,,,,,,,,,,,,,,,,5837,92.89,-82.61,0,1,0.14,-0.08,0,1.01,0.05,-0.06,0,-0.02,0.143,-0.177,0,[Fe/H],,,,,4.45,0.06,-0.12,0,3.63,2.92,-1.96,0,,,,,,,,,,,,,,,,,1022.8,26.54,-25.25,0.949177,0.0245575,-0.0245575
Kepler-1100 b,Kepler-1100,b,1,1,1,Transit,0,6.42200058,2.182E-05,-2.182E-05,0,,,,,1.75,0.82,-0.29,0,0.156,0.073,-0.026,0,,,,,,,,,,,,,,,,,,,,,,,,,,,,,,,,,,,,,,,,,,,,,,,,,,,,,,,,,,,,,2.6602,0.0815,-0.0815,0,,,,,0.01189,0.00035,-0.00045,0,,,,,,,,,,,,,,,,,,,,,,,,,6247,128.56,-164.45,0,1.34,0.63,-0.22,0,1.21,0.2,-0.11,0,0.05,0.135,-0.144,0,[Fe/H],,,,,4.26,0.12,-0.26,0,2.69,1.1,-0.966,0,,,,,,,,,,,,,,,,,693.618,8.0345,-8.0345,1.41297,0.0165732,-0.0165732
Kepler-1101 b,Kepler-1101,b,1,1,1,Transit,0,81.3151059,0.0005693,-0.0005693,0,,,,,2.47,0.37,-0.21,0,0.22,0.033,-0.019,0,,,,,,,,,,,,,,,,,,,,,,,,,,,,,,,,,,,,,,,,,,,,,,,,,,,,,,,,,,,,,5.762,0.161,-0.161,0,,,,,0.02534,0.00099,-0.00073,0,,,,,,,,,,,,,,,,,,,,,,,,,5614,130.34,-168.73,0,0.91,0.13,-0.07,0,0.94,0.06,-0.06,0,-0.04,0.15,-0.178,0,[Fe/H],,,,,4.5,0.05,-0.12,0,4.27,4.54,-2.58,0,,,,,,,,,,,,,,,,,742.473,13.484,-13.484,1.31846,0.0242666,-0.0242666
Kepler-1102 b,Kepler-1102,b,1,1,1,Transit,0,51.3285623,0.0003326,-0.0003326,0,,,,,2.66,0.53,-0.23,0,0.237,0.047,-0.021,0,,,,,,,,,,,,,,,,,,,,,,,,,,,,,,,,,,,,,,,,,,,,,,,,,,,,,,,,,,,,,9.439,0.173,-0.173,0,,,,,0.02562,0.00359,-0.00084,0,,,,,,,,,,,,,,,,,,,,,,,,,5724,76.5,-71.34,0,0.94,0.14,-0.07,0,0.96,0.05,-0.07,0,-0.08,0.162,-0.204,0,[Fe/H],,,,,4.48,0.06,-0.12,0,4.37,3.88,-2.61,0,,,,,,,,,,,,,,,,,1246.05,30.82,-29.4,0.773735,0.0192427,-0.0192427
Kepler-1103 b,Kepler-1103,b,1,1,1,Transit,0,19.79191978,9.543E-05,-9.543E-05,0,,,,,2.27,0.61,-0.27,0,0.203,0.054,-0.024,0,,,,,,,,,,,,,,,,,,,,,,,,,,,,,,,,,,,,,,,,,,,,,,,,,,,,,,,,,,,,,3.172,0.115,-0.115,0,,,,,0.01811,0.00064,-0.00043,0,,,,,,,,,,,,,,,,,,,,,,,,,6092,106.14,-106.64,0,1.15,0.31,-0.13,0,1.11,0.1,-0.08,0,-0.01,0.136,-0.183,0,[Fe/H],,,,,4.36,0.09,-0.17,0,3.31,1.45,-1.62,0,,,,,,,,,,,,,,,,,1331.92,24.44,-23.58,0.72188,0.0134309,-0.0134309
Kepler-1104 b,Kepler-1104,b,1,1,1,Transit,0,5.03728015,1.378E-05,-1.378E-05,0,,,,,1.23,0.14,-0.1,0,0.11,0.012,-0.009,0,,,,,,,,,,,,,,,,,,,,,,,,,,,,,,,,,,,,,,,,,,,,,,,,,,,,,,,,,,,,,1.8848,0.0701,-0.0701,0,,,,,0.00819,0.00029,-0.00019,0,,,,,,,,,,,,,,,,,,,,,,,,,6417,90.52,-84.06,0,1.41,0.15,-0.1,0,1.3,0.06,-0.05,0,0.13,0.097,-0.099,0,[Fe/H],,,,,4.25,0.06,-0.07,0,2.04,0.576,-0.586,0,,,,,,,,,,,,,,,,,530.658,12.837,-12.255,1.85697,0.0441865,-0.0441865
Kepler-1105 b,Kepler-1105,b,1,1,1,Transit,0,4.42157218,9.77E-06,-9.77E-06,0,,,,,2.01,0.06,-0.25,0,0.179,0.005,-0.022,0,,,,,,,,,,,,,,,,,,,,,,,,,,,,,,,,,,,,,,,,,,,,,,,,,,,,,,,,,,,,,2.0749,0.0644,-0.0644,0,,,,,0.0268,0.0006,-0.00336,0,,,,,,,,,,,,,,,,,,,,,,,,,4299,41.81,-47.77,0,0.68,0.01,-0.02,0,0.71,0.02,-0.03,0,0.28,0.082,-0.109,0,[Fe/H],,,,,4.62,0.02,-0.01,0,8.71,3.91,-4.69,0,,,,,,,,,,,,,,,,,318.004,2.517,-2.479,3.11593,0.0245149,-0.0245149
Kepler-1106 b,Kepler-1106,b,1,1,1,Transit,0,1.25275217,2.15E-06,-2.15E-06,0,,,,,1.65,0.49,-0.23,0,0.147,0.044,-0.021,0,,,,,,,,,,,,,,,,,,,,,,,,,,,,,,,,,,,,,,,,,,,,,,,,,,,,,,,,,,,,,2.0755,0.0446,-0.0446,0,,,,,0.01337,0.0004,-0.00022,0,,,,,,,,,,,,,,,,,,,,,,,,,6104,152.44,-185.27,0,1.17,0.34,-0.16,0,1.11,0.14,-0.09,0,0,0.125,-0.171,0,[Fe/H],,,,,4.35,0.1,-0.19,0,3.09,1.73,-1.36,0,,,,,,,,,,,,,,,,,1090.7,23.91,-22.92,0.888221,0.0195283,-0.0195283
Kepler-1107 b,Kepler-1107,b,1,1,1,Transit,0,0.57103852,4.2E-07,-4.2E-07,0,,,,,1.34,0.1,-0.08,0,0.12,0.009,-0.007,0,,,,,,,,,,,,,,,,,,,,,,,,,,,,,,,,,,,,,,,,,,,,,,,,,,,,,,,,,,,,,1.042,0.0239,-0.0239,0,,,,,0.01458,0.00039,-0.00029,0,,,,,,,,,,,,,,,,,,,,,,,,,5268,104.99,-126.81,0,0.82,0.06,-0.04,0,0.86,0.04,-0.05,0,0.01,0.148,-0.162,0,[Fe/H],,,,,4.55,0.03,-0.07,0,4.47,6.03,-2.7,0,,,,,,,,,,,,,,,,,428.798,4.232,-4.232,2.30347,0.0228421,-0.0228421
Kepler-1108 b,Kepler-1108,b,1,1,1,Transit,0,4.51005748,1.33E-05,-1.33E-05,0,,,,,1.46,0.14,-0.11,0,0.13,0.012,-0.01,0,,,,,,,,,,,,,,,,,,,,,,,,,,,,,,,,,,,,,,,,,,,,,,,,,,,,,,,,,,,,,2.1605,0.0753,-0.0753,0,,,,,0.01582,0.00066,-0.00043,0,,,,,,,,,,,,,,,,,,,,,,,,,5406,149.3,-105.1,0,0.84,0.07,-0.06,0,0.88,0.05,-0.06,0,-0.09,0.158,-0.182,0,[Fe/H],,,,,4.54,0.04,-0.08,0,4.17,5.58,-2.57,0,,,,,,,,,,,,,,,,,767.701,14.012,-13.527,1.27418,0.0231784,-0.0231784
Kepler-1109 b,Kepler-1109,b,1,1,1,Transit,0,37.6467384,0.000212,-0.000212,0,,,,,2.19,0.44,-0.23,0,0.195,0.039,-0.021,0,,,,,,,,,,,,,,,,,,,,,,,,,,,,,,,,,,,,,,,,,,,,,,,,,,,,,,,,,,,,,6.117,0.14,-0.14,0,,,,,0.01912,0.00052,-0.00063,0,,,,,,,,,,,,,,,,,,,,,,,,,5893,111.41,-163.52,0,1.06,0.21,-0.11,0,1.05,0.07,-0.07,0,0.04,0.141,-0.147,0,[Fe/H],,,,,4.41,0.07,-0.15,0,3.8,2.6,-2.11,0,,,,,,,,,,,,,,,,,685.087,10.1045,-10.1045,1.43113,0.0213619,-0.0213619
Kepler-1110 b,Kepler-1110,b,1,1,1,Transit,0,9.69312032,3.024E-05,-3.024E-05,0,,,,,2.66,0.38,-0.26,0,0.237,0.034,-0.023,0,,,,,,,,,,,,,,,,,,,,,,,,,,,,,,,,,,,,,,,,,,,,,,,,,,,,,,,,,,,,,2.759,0.0809,-0.0809,0,,,,,0.0347,0.00456,-0.00244,0,,,,,,,,,,,,,,,,,,,,,,,,,4781,88.04,-77.5,0,0.7,0.04,-0.05,0,0.73,0.05,-0.05,0,-0.16,0.185,-0.188,0,[Fe/H],,,,,4.62,0.03,-0.03,0,4.79,5.9,-2.86,0,,,,,,,,,,,,,,,,,726.828,17.049,-17.049,1.34795,0.0320069,-0.0320069
Kepler-1111 b,Kepler-1111,b,1,1,1,Transit,0,8.79617863,2.97E-05,-2.97E-05,0,,,,,2,0.54,-0.26,0,0.178,0.048,-0.023,0,,,,,,,,,,,,,,,,,,,,,,,,,,,,,,,,,,,,,,,,,,,,,,,,,,,,,,,,,,,,,3.3986,0.0869,-0.0869,0,,,,,0.01639,0.00056,-0.00036,0,,,,,,,,,,,,,,,,,,,,,,,,,6077,143.77,-199.7,0,1.15,0.31,-0.15,0,1.1,0.13,-0.09,0,0.02,0.136,-0.17,0,[Fe/H],,,,,4.36,0.09,-0.17,0,3.16,1.68,-1.4,0,,,,,,,,,,,,,,,,,841.536,15.759,-15.759,1.15986,0.0220769,-0.0220769
Kepler-1112 b,Kepler-1112,b,1,1,1,Transit,0,14.36267939,5.701E-05,-5.701E-05,0,,,,,3.02,1.28,-0.52,0,0.269,0.114,-0.046,0,,,,,,,,,,,,,,,,,,,,,,,,,,,,,,,,,,,,,,,,,,,,,,,,,,,,,,,,,,,,,4.6255,0.0982,-0.0982,0,,,,,0.01811,0.00053,-0.00042,0,,,,,,,,,,,,,,,,,,,,,,,,,6496,147.03,-147.28,0,1.54,0.65,-0.26,0,1.34,0.21,-0.13,0,0.04,0.125,-0.153,0,[Fe/H],,,,,4.19,0.12,-0.24,0,2.09,0.633,-0.493,0,,,,,,,,,,,,,,,,,1671.28,66.145,-66.145,0.570006,0.0234799,-0.0234799
Kepler-1113 b,Kepler-1113,b,1,1,1,Transit,0,42.3004954,0.0002092,-0.0002092,0,,,,,2.81,1.13,-0.36,0,0.251,0.101,-0.032,0,,,,,,,,,,,,,,,,,,,,,,,,,,,,,,,,,,,,,,,,,,,,,,,,,,,,,,,,,,,,,4.398,0.116,-0.116,0,,,,,0.02177,0.00086,-0.00054,0,,,,,,,,,,,,,,,,,,,,,,,,,5931,80.28,-109.5,0,1.17,0.47,-0.14,0,1.12,0.13,-0.07,0,0.18,0.146,-0.157,0,[Fe/H],,,,,4.35,0.1,-0.25,0,3.55,1.52,-1.82,0,,,,,,,,,,,,,,,,,1073.88,26.96,-26.96,0.902756,0.0231892,-0.0231892
Kepler-1114 b,Kepler-1114,b,1,1,1,Transit,0,14.97435694,5.221E-05,-5.221E-05,0,,,,,1.35,0.08,-0.07,0,0.12,0.007,-0.006,0,,,,,,,,,,,,,,,,,,,,,,,,,,,,,,,,,,,,,,,,,,,,,,,,,,,,,,,,,,,,,2.4309,0.0891,-0.0891,0,,,,,0.01495,0.00059,-0.0005,0,,,,,,,,,,,,,,,,,,,,,,,,,5374,87.46,-77.65,0,0.83,0.04,-0.03,0,0.87,0.04,-0.04,0,-0.08,0.108,-0.119,0,[Fe/H],,,,,4.55,0.03,-0.04,0,4.27,3.77,-2.45,0,,,,,,,,,,,,,,,,,418.417,2.8555,-2.8555,2.36115,0.0161899,-0.0161899
Kepler-1115 b,Kepler-1115,b,1,1,1,Transit,0,23.5540725,0.0001356,-0.0001356,0,,,,,1.7,0.29,-0.2,0,0.152,0.026,-0.018,0,,,,,,,,,,,,,,,,,,,,,,,,,,,,,,,,,,,,,,,,,,,,,,,,,,,,,,,,,,,,,7.159,0.144,-0.144,0,,,,,0.00869,0.00027,-0.00018,0,,,,,,,,,,,,,,,,,,,,,,,,,8480,295.98,-217.88,0,1.73,0.29,-0.2,0,1.6,0.1,-0.1,0,-0.51,0.106,-0.121,0,[Fe/H],,,,,4.17,0.09,-0.11,0,1.12,0.13,-0.082,0,,,,,,,,,,,,,,,,,983.245,26.145,-24.852,0.989042,0.0261559,-0.0261559
Kepler-1116 b,Kepler-1116,b,1,1,1,Transit,0,41.6977827,0.0002004,-0.0002004,0,,,,,2.54,0.54,-0.22,0,0.227,0.048,-0.02,0,,,,,,,,,,,,,,,,,,,,,,,,,,,,,,,,,,,,,,,,,,,,,,,,,,,,,,,,,,,,,5.423,0.117,-0.117,0,,,,,0.02491,0.00085,-0.00066,0,,,,,,,,,,,,,,,,,,,,,,,,,5641,91.87,-133.14,0,0.93,0.2,-0.08,0,0.95,0.05,-0.06,0,0.01,0.139,-0.178,0,[Fe/H],,,,,4.48,0.06,-0.16,0,4.9,4.56,-3.11,0,,,,,,,,,,,,,,,,,1008.57,26.63,-25.309,0.963177,0.0253236,-0.0253236
Kepler-1117 b,Kepler-1117,b,1,1,1,Transit,0,4.79028459,1.86E-05,-1.86E-05,0,,,,,1.11,0.17,-0.08,0,0.099,0.015,-0.007,0,,,,,,,,,,,,,,,,,,,,,,,,,,,,,,,,,,,,,,,,,,,,,,,,,,,,,,,,,,,,,2.7287,0.0877,-0.0877,0,,,,,0.01115,0.00051,-0.00029,0,,,,,,,,,,,,,,,,,,,,,,,,,5612,82.98,-101.57,0,0.93,0.13,-0.06,0,0.95,0.04,-0.05,0,0.03,0.136,-0.152,0,[Fe/H],,,,,4.49,0.05,-0.12,0,4.27,4.96,-2.66,0,,,,,,,,,,,,,,,,,568.487,5.9785,-5.9785,1.73031,0.018358,-0.018358
Kepler-1118 b,Kepler-1118,b,1,1,1,Transit,0,38.6715075,0.0002298,-0.0002298,0,,,,,2.74,0.6,-0.43,0,0.244,0.054,-0.038,0,,,,,,,,,,,,,,,,,,,,,,,,,,,,,,,,,,,,,,,,,,,,,,,,,,,,,,,,,,,,,5.567,0.173,-0.173,0,,,,,0.02563,0.00331,-0.00272,0,,,,,,,,,,,,,,,,,,,,,,,,,5688,303.78,-268.88,0,0.97,0.17,-0.11,0,0.96,0.11,-0.08,0,0,0.138,-0.168,0,[Fe/H],,,,,4.46,0.08,-0.12,0,4.07,4.4,-2.33,0,,,,,,,,,,,,,,,,,888.325,21.619,-20.632,1.09766,0.0265503,-0.0265503
Kepler-1119 b,Kepler-1119,b,1,1,1,Transit,0,8.3265153,4.777E-05,-4.777E-05,0,,,,,1.92,0.63,-0.3,0,0.171,0.056,-0.027,0,,,,,,,,,,,,,,,,,,,,,,,,,,,,,,,,,,,,,,,,,,,,,,,,,,,,,,,,,,,,,5.383,0.12,-0.12,0,,,,,0.01541,0.00062,-0.0003,0,,,,,,,,,,,,,,,,,,,,,,,,,6083,177.4,-249.75,0,1.17,0.38,-0.18,0,1.11,0.14,-0.11,0,0.03,0.134,-0.167,0,[Fe/H],,,,,4.35,0.11,-0.21,0,3.09,2.01,-1.4,0,,,,,,,,,,,,,,,,,1757.23,84.23,-76.98,0.541166,0.025862,-0.025862
Kepler-1120 b,Kepler-1120,b,1,1,1,Transit,0,2.94902905,7.47E-06,-7.47E-06,0,,,,,1.38,0.09,-0.07,0,0.123,0.008,-0.006,0,,,,,,,,,,,,,,,,,,,,,,,,,,,,,,,,,,,,,,,,,,,,,,,,,,,,,,,,,,,,,2.0393,0.0639,-0.0639,0,,,,,0.01716,0.00083,-0.0003,0,,,,,,,,,,,,,,,,,,,,,,,,,4904,70.02,-67.83,0,0.74,0.03,-0.04,0,0.78,0.04,-0.04,0,-0.04,0.15,-0.163,0,[Fe/H],,,,,4.6,0.02,-0.04,0,4.68,6.11,-2.76,0,,,,,,,,,,,,,,,,,615.231,8.8545,-8.8545,1.59688,0.0232117,-0.0232117
Kepler-1121 b,Kepler-1121,b,1,1,1,Transit,0,13.15141081,5.864E-05,-5.864E-05,0,,,,,1.91,0.48,-0.46,0,0.17,0.043,-0.041,0,,,,,,,,,,,,,,,,,,,,,,,,,,,,,,,,,,,,,,,,,,,,,,,,,,,,,,,,,,,,,5.6035,0.0857,-0.0857,0,,,,,0.01078,0.00015,-0.00168,0,,,,,,,,,,,,,,,,,,,,,,,,,6231,90.24,-72.86,0,1.59,0.4,-0.29,0,1.29,0.13,-0.09,0,0.12,0.092,-0.086,0,[Fe/H],,,,,4.14,0.15,-0.15,0,3.02,0.5,-0.686,0,,,,,,,,,,,,,,,,,482.047,4.46,-4.381,2.04577,0.0188784,-0.0188784
Kepler-1122 b,Kepler-1122,b,1,1,1,Transit,0,42.1917357,0.0002996,-0.0002996,0,,,,,2.04,0.27,-0.14,0,0.182,0.024,-0.012,0,,,,,,,,,,,,,,,,,,,,,,,,,,,,,,,,,,,,,,,,,,,,,,,,,,,,,,,,,,,,,7.108,0.15,-0.15,0,,,,,0.02143,0.00076,-0.0006,0,,,,,,,,,,,,,,,,,,,,,,,,,5544,73.22,-72.56,0,0.89,0.11,-0.06,0,0.92,0.04,-0.05,0,-0.03,0.144,-0.178,0,[Fe/H],,,,,4.51,0.05,-0.11,0,4.68,5.49,-2.93,0,,,,,,,,,,,,,,,,,1230.42,36.06,-34.1,0.784081,0.0229869,-0.0229869
Kepler-1123 b,Kepler-1123,b,1,1,1,Transit,0,4.33946454,1.178E-05,-1.178E-05,0,,,,,1.67,0.25,-0.11,0,0.149,0.022,-0.01,0,,,,,,,,,,,,,,,,,,,,,,,,,,,,,,,,,,,,,,,,,,,,,,,,,,,,,,,,,,,,,2.2973,0.0664,-0.0664,0,,,,,0.01732,0.00071,-0.00036,0,,,,,,,,,,,,,,,,,,,,,,,,,5500,75.39,-90.52,0,0.9,0.13,-0.06,0,0.93,0.04,-0.04,0,0.05,0.144,-0.153,0,[Fe/H],,,,,4.5,0.05,-0.13,0,5.13,5.8,-3.32,0,,,,,,,,,,,,,,,,,704.323,10.084,-10.084,1.39116,0.0201715,-0.0201715
Kepler-1124 b,Kepler-1124,b,1,1,1,Transit,0,2.85234897,3.03E-06,-3.03E-06,0,,,,,1.28,0.12,-0.07,0,0.114,0.011,-0.006,0,,,,,,,,,,,,,,,,,,,,,,,,,,,,,,,,,,,,,,,,,,,,,,,,,,,,,,,,,,,,,0.706,0.0475,-0.0475,0,,,,,0.03537,0.00282,-0.0008,0,,,,,,,,,,,,,,,,,,,,,,,,,3658,33.4,-26.65,0,0.34,0.02,-0.02,0,0.35,0.02,-0.02,0,-0.59,0.074,-0.084,0,[Fe/H],,,,,4.93,0.02,-0.02,0,3.39,5.26,-1.95,0,,,,,,,,,,,,,,,,,289.899,3.536,-3.536,3.42133,0.0417493,-0.0417493
Kepler-1125 b,Kepler-1125,b,1,1,1,Transit,0,17.6700642,0.0001176,-0.0001176,0,,,,,1.84,0.3,-0.18,0,0.164,0.027,-0.016,0,,,,,,,,,,,,,,,,,,,,,,,,,,,,,,,,,,,,,,,,,,,,,,,,,,,,,,,,,,,,,5.772,0.164,-0.164,0,,,,,0.01767,0.00073,-0.00045,0,,,,,,,,,,,,,,,,,,,,,,,,,5683,241.45,-131.51,0,0.94,0.15,-0.09,0,0.95,0.08,-0.07,0,-0.09,0.159,-0.19,0,[Fe/H],,,,,4.47,0.07,-0.12,0,4.17,4.32,-2.49,0,,,,,,,,,,,,,,,,,2011.41,275,-216.96,0.474351,0.0567721,-0.0567721
Kepler-1126 b,Kepler-1126,b,1,1,1,Transit,0,108.593329,0.001003,-0.001003,0,,,,,1.73,0.21,-0.14,0,0.154,0.019,-0.012,0,,,,,,,,,,,,,,,,,,,,,,,,,,,,,,,,,,,,,,,,,,,,,,,,,,,,,,,,,,,,,7.988,0.192,-0.192,0,,,,,0.01719,0.0007,-0.00038,0,,,,,,,,,,,,,,,,,,,,,,,,,5798,61.16,-55.36,0,0.93,0.11,-0.07,0,0.92,0.05,-0.06,0,-0.26,0.141,-0.152,0,[Fe/H],,,,,4.46,0.07,-0.1,0,5.5,3.44,-3.39,0,,,,,,,,,,,,,,,,,635.736,6.781,-6.781,1.5442,0.0166515,-0.0166515
Kepler-1127 b,Kepler-1127,b,1,1,1,Transit,0,5.12330347,2.272E-05,-2.272E-05,0,,,,,1.96,0.31,-0.42,0,0.175,0.028,-0.037,0,,,,,,,,,,,,,,,,,,,,,,,,,,,,,,,,,,,,,,,,,,,,,,,,,,,,,,,,,,,,,2.9984,0.0813,-0.0813,0,,,,,0.01901,0.00034,-0.00376,0,,,,,,,,,,,,,,,,,,,,,,,,,5664,89.83,-137.31,0,0.95,0.15,-0.07,0,0.97,0.04,-0.05,0,0.04,0.127,-0.155,0,[Fe/H],,,,,4.47,0.06,-0.13,0,4.37,4.32,-2.69,0,,,,,,,,,,,,,,,,,842.459,20.1305,-20.1305,1.1589,0.0281317,-0.0281317
Kepler-1128 b,Kepler-1128,b,1,1,1,Transit,0,61.6178167,0.0003337,-0.0003337,0,,,,,3.65,0.53,-0.34,0,0.326,0.047,-0.03,0,,,,,,,,,,,,,,,,,,,,,,,,,,,,,,,,,,,,,,,,,,,,,,,,,,,,,,,,,,,,,3.752,0.149,-0.149,0,,,,,0.03658,0.00059,-0.00227,0,,,,,,,,,,,,,,,,,,,,,,,,,5543,95.27,-144.99,0,0.91,0.13,-0.06,0,0.94,0.04,-0.05,0,0.04,0.142,-0.159,0,[Fe/H],,,,,4.5,0.05,-0.13,0,4.57,5.52,-2.9,0,,,,,,,,,,,,,,,,,1083.41,38.34,-38.34,0.895523,0.03237,-0.03237
Kepler-1131 b,Kepler-1131,b,1,1,1,Transit,0,3.53232449,1.266E-05,-1.266E-05,0,,,,,1.59,0.36,-0.15,0,0.142,0.032,-0.013,0,,,,,,,,,,,,,,,,,,,,,,,,,,,,,,,,,,,,,,,,,,,,,,,,,,,,,,,,,,,,,2.8072,0.0887,-0.0887,0,,,,,0.01405,0.00062,-0.00036,0,,,,,,,,,,,,,,,,,,,,,,,,,5851,83.2,-114.89,0,1.04,0.23,-0.1,0,1.03,0.06,-0.06,0,0.05,0.148,-0.174,0,[Fe/H],,,,,4.42,0.07,-0.16,0,4.17,2.58,-2.41,0,,,,,,,,,,,,,,,,,1030.7,23.35,-23.35,0.941726,0.0218038,-0.0218038
Kepler-1132 b,Kepler-1132,b,1,1,1,Transit,0,62.8916228,0.0004523,-0.0004523,0,,,,,2.35,0.19,-0.17,0,0.21,0.017,-0.015,0,,,,,,,,,,,,,,,,,,,,,,,,,,,,,,,,,,,,,,,,,,,,,,,,,,,,,,,,,,,,,6.867,0.185,-0.185,0,,,,,0.02618,0.00093,-0.00101,0,,,,,,,,,,,,,,,,,,,,,,,,,5298,54.24,-56.79,0,0.83,0.06,-0.05,0,0.87,0.04,-0.05,0,-0.01,0.162,-0.17,0,[Fe/H],,,,,4.55,0.04,-0.08,0,4.57,6.55,-2.88,0,,,,,,,,,,,,,,,,,867.931,21.59,-20.584,1.12379,0.02777,-0.02777
Kepler-1133 b,Kepler-1133,b,1,1,1,Transit,0,11.55562343,3.409E-05,-3.409E-05,0,,,,,1.97,0.24,-0.15,0,0.176,0.021,-0.013,0,,,,,,,,,,,,,,,,,,,,,,,,,,,,,,,,,,,,,,,,,,,,,,,,,,,,,,,,,,,,,1.6536,0.0748,-0.0748,0,,,,,0.01953,0.00091,-0.00056,0,,,,,,,,,,,,,,,,,,,,,,,,,5569,157.93,-118.09,0,0.9,0.1,-0.06,0,0.93,0.05,-0.06,0,-0.02,0.138,-0.16,0,[Fe/H],,,,,4.5,0.05,-0.1,0,4.07,4.8,-2.41,0,,,,,,,,,,,,,,,,,753.135,16.2075,-16.2075,1.29964,0.0283436,-0.0283436
Kepler-1134 b,Kepler-1134,b,1,1,1,Transit,0,17.13263989,8.204E-05,-8.204E-05,0,,,,,2.64,0.21,-0.26,0,0.236,0.019,-0.023,0,,,,,,,,,,,,,,,,,,,,,,,,,,,,,,,,,,,,,,,,,,,,,,,,,,,,,,,,,,,,,3.054,0.104,-0.104,0,,,,,0.02981,7E-05,-0.00213,0,,,,,,,,,,,,,,,,,,,,,,,,,5281,169.66,-135.47,0,0.81,0.06,-0.06,0,0.84,0.05,-0.05,0,-0.1,0.158,-0.179,0,[Fe/H],,,,,4.56,0.04,-0.07,0,4.9,6.09,-3.13,0,,,,,,,,,,,,,,,,,944.445,31.843,-29.865,1.03142,0.0342829,-0.0342829
Kepler-1135 b,Kepler-1135,b,1,1,1,Transit,0,76.957857,0.0007104,-0.0007104,0,,,,,1.85,0.33,-0.16,0,0.165,0.029,-0.014,0,,,,,,,,,,,,,,,,,,,,,,,,,,,,,,,,,,,,,,,,,,,,,,,,,,,,,,,,,,,,,9.384,0.208,-0.208,0,,,,,0.01755,0.00019,-0.00093,0,,,,,,,,,,,,,,,,,,,,,,,,,5656,66.4,-72.91,0,0.94,0.17,-0.07,0,0.96,0.04,-0.05,0,0.02,0.132,-0.165,0,[Fe/H],,,,,4.47,0.06,-0.15,0,4.47,4.78,-2.7,0,,,,,,,,,,,,,,,,,1314.64,26.92,-26.92,0.731802,0.0154586,-0.0154586
Kepler-1136 b,Kepler-1136,b,1,1,1,Transit,0,2.36172433,3.65E-06,-3.65E-06,0,,,,,1.64,0.1,-0.09,0,0.146,0.009,-0.008,0,,,,,,,,,,,,,,,,,,,,,,,,,,,,,,,,,,,,,,,,,,,,,,,,,,,,,,,,,,,,,1.2234,0.045,-0.045,0,,,,,0.02168,0.00108,-0.00047,0,,,,,,,,,,,,,,,,,,,,,,,,,4512,46.44,-47.76,0,0.68,0.02,-0.03,0,0.72,0.03,-0.04,0,0.03,0.155,-0.171,0,[Fe/H],,,,,4.63,0.02,-0.03,0,3.24,6.01,-1.7,0,,,,,,,,,,,,,,,,,491.406,8.398,-8.125,2.00678,0.033944,-0.033944
Kepler-1137 b,Kepler-1137,b,1,1,1,Transit,0,23.9210791,0.0001379,-0.0001379,0,,,,,2.2,0.83,-0.4,0,0.196,0.074,-0.036,0,,,,,,,,,,,,,,,,,,,,,,,,,,,,,,,,,,,,,,,,,,,,,,,,,,,,,,,,,,,,,4.692,0.135,-0.135,0,,,,,0.01143,0.00039,-0.00029,0,,,,,,,,,,,,,,,,,,,,,,,,,6807,117.84,-120.35,0,1.84,0.69,-0.33,0,1.5,0.23,-0.14,0,0.05,0.126,-0.157,0,[Fe/H],,,,,4.08,0.14,-0.21,0,1.58,0.36,-0.27,0,,,,,,,,,,,,,,,,,921.778,18.971,-18.234,1.05624,0.0217238,-0.0217238
Kepler-1138 b,Kepler-1138,b,1,1,1,Transit,0,3.17060005,1.019E-05,-1.019E-05,0,,,,,1.7,0.24,-0.13,0,0.152,0.021,-0.012,0,,,,,,,,,,,,,,,,,,,,,,,,,,,,,,,,,,,,,,,,,,,,,,,,,,,,,,,,,,,,,1.5778,0.085,-0.085,0,,,,,0.01713,0.00067,-0.0007,0,,,,,,,,,,,,,,,,,,,,,,,,,5582,62.16,-65.24,0,0.92,0.13,-0.06,0,0.95,0.04,-0.04,0,0.04,0.135,-0.153,0,[Fe/H],,,,,4.49,0.05,-0.12,0,4.37,5.54,-2.7,0,,,,,,,,,,,,,,,,,872.328,22.717,-21.612,1.11804,0.0288938,-0.0288938
Kepler-1139 b,Kepler-1139,b,1,1,1,Transit,0,0.81316672,1.25E-06,-1.25E-06,0,,,,,1.19,0.17,-0.08,0,0.106,0.015,-0.007,0,,,,,,,,,,,,,,,,,,,,,,,,,,,,,,,,,,,,,,,,,,,,,,,,,,,,,,,,,,,,,1.4276,0.0453,-0.0453,0,,,,,0.01204,0.00053,-0.00028,0,,,,,,,,,,,,,,,,,,,,,,,,,5550,105.36,-153.89,0,0.91,0.12,-0.06,0,0.94,0.04,-0.05,0,0.05,0.128,-0.152,0,[Fe/H],,,,,4.5,0.05,-0.12,0,4.47,5.37,-2.78,0,,,,,,,,,,,,,,,,,495.156,4.886,-4.886,1.99085,0.0197771,-0.0197771
Kepler-1140 b,Kepler-1140,b,1,1,1,Transit,0,24.0862707,0.000102,-0.000102,0,,,,,2.77,0.45,-0.37,0,0.247,0.04,-0.033,0,,,,,,,,,,,,,,,,,,,,,,,,,,,,,,,,,,,,,,,,,,,,,,,,,,,,,,,,,,,,,2.2287,0.0993,-0.0993,0,,,,,0.03496,0.00558,-0.00426,0,,,,,,,,,,,,,,,,,,,,,,,,,4850,53.07,-47.66,0,0.73,0.03,-0.04,0,0.76,0.04,-0.04,0,-0.08,0.149,-0.18,0,[Fe/H],,,,,4.61,0.03,-0.04,0,5.01,5.85,-2.85,0,,,,,,,,,,,,,,,,,656.48,10.986,-10.636,1.49476,0.0248906,-0.0248906
Kepler-1141 b,Kepler-1141,b,1,1,1,Transit,0,2.34451194,5.35E-06,-5.35E-06,0,,,,,0.82,0.12,-0.08,0,0.073,0.011,-0.007,0,,,,,,,,,,,,,,,,,,,,,,,,,,,,,,,,,,,,,,,,,,,,,,,,,,,,,,,,,,,,,1.398,0.0579,-0.0579,0,,,,,0.00704,0.00036,-0.00018,0,,,,,,,,,,,,,,,,,,,,,,,,,5791,58.41,-65.12,0,1.07,0.15,-0.1,0,1.01,0.03,-0.04,0,0.04,0.087,-0.091,0,[Fe/H],,,,,4.38,0.09,-0.1,0,6.17,1.89,-3.22,0,,,,,,,,,,,,,,,,,393.642,3.809,-3.739,2.51174,0.0241714,-0.0241714
Kepler-1142 b,Kepler-1142,b,1,1,1,Transit,0,18.3027248,0.0001389,-0.0001389,0,,,,,1.47,0.43,-0.18,0,0.131,0.038,-0.016,0,,,,,,,,,,,,,,,,,,,,,,,,,,,,,,,,,,,,,,,,,,,,,,,,,,,,,,,,,,,,,8.164,0.211,-0.211,0,,,,,0.01398,0.00201,-0.00114,0,,,,,,,,,,,,,,,,,,,,,,,,,5685,98.59,-132.1,0,0.96,0.24,-0.08,0,0.97,0.05,-0.06,0,0.02,0.124,-0.171,0,[Fe/H],,,,,4.46,0.07,-0.19,0,5.37,3.92,-3.47,0,,,,,,,,,,,,,,,,,1273.51,32.145,-32.145,0.756667,0.0196639,-0.0196639
Kepler-1144 b,Kepler-1144,b,1,1,1,Transit,0,17.14647302,9.073E-05,-9.073E-05,0,,,,,1.99,0.3,-0.16,0,0.178,0.027,-0.014,0,,,,,,,,,,,,,,,,,,,,,,,,,,,,,,,,,,,,,,,,,,,,,,,,,,,,,,,,,,,,,3.841,0.117,-0.117,0,,,,,0.01943,0.00075,-0.0004,0,,,,,,,,,,,,,,,,,,,,,,,,,5753,91.93,-86.29,0,0.96,0.14,-0.07,0,0.98,0.05,-0.06,0,-0.03,0.141,-0.178,0,[Fe/H],,,,,4.47,0.06,-0.12,0,3.98,3.67,-2.27,0,,,,,,,,,,,,,,,,,1140.57,32.62,-30.88,0.848206,0.0242136,-0.0242136
Kepler-1145 b,Kepler-1145,b,1,1,1,Transit,0,3.97076766,1.11E-05,-1.11E-05,0,,,,,1.4,0.11,-0.11,0,0.125,0.01,-0.01,0,,,,,,,,,,,,,,,,,,,,,,,,,,,,,,,,,,,,,,,,,,,,,,,,,,,,,,,,,,,,,1.814,0.0677,-0.0677,0,,,,,0.01708,0.00075,-0.00051,0,,,,,,,,,,,,,,,,,,,,,,,,,5064,161.02,-117.37,0,0.75,0.05,-0.05,0,0.79,0.05,-0.05,0,-0.13,0.177,-0.193,0,[Fe/H],,,,,4.59,0.04,-0.05,0,4.79,6.13,-2.99,0,,,,,,,,,,,,,,,,,691.961,14.588,-14.007,1.41711,0.0296191,-0.0296191
Kepler-1146 b,Kepler-1146,b,1,1,1,Transit,0,2.3522658,8.25E-06,-8.25E-06,0,,,,,1.23,0.1,-0.08,0,0.11,0.009,-0.007,0,,,,,,,,,,,,,,,,,,,,,,,,,,,,,,,,,,,,,,,,,,,,,,,,,,,,,,,,,,,,,1.707,0.0921,-0.0921,0,,,,,0.01631,0.00112,-0.00043,0,,,,,,,,,,,,,,,,,,,,,,,,,4692,45.94,-42.25,0,0.7,0.02,-0.04,0,0.74,0.03,-0.04,0,-0.06,0.143,-0.158,0,[Fe/H],,,,,4.62,0.03,-0.03,0,4.9,5.87,-2.75,0,,,,,,,,,,,,,,,,,703.038,16.713,-15.968,1.39427,0.0327949,-0.0327949
Kepler-1147 b,Kepler-1147,b,1,1,1,Transit,0,10.62784997,9.118E-05,-9.118E-05,0,,,,,2.61,0.8,-0.51,0,0.233,0.071,-0.045,0,,,,,,,,,,,,,,,,,,,,,,,,,,,,,,,,,,,,,,,,,,,,,,,,,,,,,,,,,,,,,5.013,0.155,-0.155,0,,,,,0.02075,3E-05,-0.00337,0,,,,,,,,,,,,,,,,,,,,,,,,,5941,84.81,-114.44,0,1.14,0.35,-0.13,0,1.09,0.09,-0.06,0,0.11,0.147,-0.142,0,[Fe/H],,,,,4.36,0.09,-0.2,0,3.8,1.87,-2.04,0,,,,,,,,,,,,,,,,,1657.36,79.845,-79.845,0.575366,0.028808,-0.028808
Kepler-1148 b,Kepler-1148,b,1,1,1,Transit,0,1.10446351,1.29E-06,-1.29E-06,0,,,,,1.69,0.1,-0.09,0,0.151,0.009,-0.008,0,,,,,,,,,,,,,,,,,,,,,,,,,,,,,,,,,,,,,,,,,,,,,,,,,,,,,,,,,,,,,1.0547,0.0341,-0.0341,0,,,,,0.01998,0.00074,-0.00042,0,,,,,,,,,,,,,,,,,,,,,,,,,5054,99.64,-98.31,0,0.77,0.04,-0.04,0,0.81,0.04,-0.04,0,-0.02,0.146,-0.16,0,[Fe/H],,,,,4.58,0.03,-0.05,0,4.57,5.83,-2.7,0,,,,,,,,,,,,,,,,,625.692,10.668,-10.321,1.56982,0.0265973,-0.0265973
Kepler-1149 b,Kepler-1149,b,1,1,1,Transit,0,3.73089898,1.502E-05,-1.502E-05,0,,,,,1.44,0.26,-0.17,0,0.128,0.023,-0.015,0,,,,,,,,,,,,,,,,,,,,,,,,,,,,,,,,,,,,,,,,,,,,,,,,,,,,,,,,,,,,,2.807,0.103,-0.103,0,,,,,0.01332,0.00016,-0.00077,0,,,,,,,,,,,,,,,,,,,,,,,,,5833,117.2,-177.03,0,1.01,0.18,-0.1,0,1.02,0.07,-0.07,0,0.02,0.149,-0.168,0,[Fe/H],,,,,4.43,0.07,-0.14,0,3.98,2.87,-2.24,0,,,,,,,,,,,,,,,,,1217.73,45.605,-45.605,0.793334,0.030486,-0.030486
Kepler-1151 b,Kepler-1151,b,1,1,1,Transit,0,65.6478424,0.000401,-0.000401,0,,,,,2.22,0.24,-0.17,0,0.198,0.021,-0.015,0,,,,,,,,,,,,,,,,,,,,,,,,,,,,,,,,,,,,,,,,,,,,,,,,,,,,,,,,,,,,,4.412,0.181,-0.181,0,,,,,0.02373,0.00108,-0.00068,0,,,,,,,,,,,,,,,,,,,,,,,,,5470,97.19,-93.64,0,0.85,0.08,-0.06,0,0.88,0.05,-0.06,0,-0.11,0.166,-0.187,0,[Fe/H],,,,,4.53,0.05,-0.09,0,4.37,5.89,-2.71,0,,,,,,,,,,,,,,,,,682.436,10.963,-10.963,1.43681,0.0233577,-0.0233577
Kepler-1152 b,Kepler-1152,b,1,1,1,Transit,0,1.64680191,2.67E-06,-2.67E-06,0,,,,,0.87,0.05,-0.06,0,0.078,0.004,-0.005,0,,,,,,,,,,,,,,,,,,,,,,,,,,,,,,,,,,,,,,,,,,,,,,,,,,,,,,,,,,,,,1.2561,0.0485,-0.0485,0,,,,,0.01545,0.00038,-0.00076,0,,,,,,,,,,,,,,,,,,,,,,,,,3964,46.47,-45.68,0,0.53,0.03,-0.03,0,0.55,0.04,-0.03,0,-0.25,0.136,-0.108,0,[Fe/H],,,,,4.73,0.02,-0.02,0,3.47,5.26,-1.86,0,,,,,,,,,,,,,,,,,215.233,0.9025,-0.9025,4.61727,0.0193399,-0.0193399
Kepler-1153 b,Kepler-1153,b,1,1,1,Transit,0,1.75583533,4.39E-06,-4.39E-06,0,,,,,1.73,0.21,-0.11,0,0.154,0.019,-0.01,0,,,,,,,,,,,,,,,,,,,,,,,,,,,,,,,,,,,,,,,,,,,,,,,,,,,,,,,,,,,,,1.8136,0.0648,-0.0648,0,,,,,0.01848,0.00089,-0.00032,0,,,,,,,,,,,,,,,,,,,,,,,,,5470,75.2,-93.55,0,0.88,0.1,-0.05,0,0.91,0.04,-0.04,0,0.03,0.126,-0.164,0,[Fe/H],,,,,4.52,0.04,-0.11,0,4.57,6.17,-2.88,0,,,,,,,,,,,,,,,,,1119.49,43.6,-40.51,0.865136,0.0332776,-0.0332776
Kepler-1155 b,Kepler-1155,b,1,1,1,Transit,0,33.469743,0.0002003,-0.0002003,0,,,,,2.03,0.45,-0.2,0,0.181,0.04,-0.018,0,,,,,,,,,,,,,,,,,,,,,,,,,,,,,,,,,,,,,,,,,,,,,,,,,,,,,,,,,,,,,4.513,0.133,-0.133,0,,,,,0.01803,0.00086,-0.00035,0,,,,,,,,,,,,,,,,,,,,,,,,,5842,115.89,-141.61,0,1.03,0.22,-0.1,0,1.03,0.07,-0.06,0,0.04,0.141,-0.156,0,[Fe/H],,,,,4.43,0.07,-0.16,0,3.72,2.8,-2.05,0,,,,,,,,,,,,,,,,,1128.72,,,,,
Kepler-1156 b,Kepler-1156,b,1,1,1,Transit,0,11.89520511,6.499E-05,-6.499E-05,0,,,,,1.32,0.14,-0.09,0,0.118,0.012,-0.008,0,,,,,,,,,,,,,,,,,,,,,,,,,,,,,,,,,,,,,,,,,,,,,,,,,,,,,,,,,,,,,3.5,0.125,-0.125,0,,,,,0.01208,0.00052,-0.00037,0,,,,,,,,,,,,,,,,,,,,,,,,,5778,67.42,-59.01,0,1,0.09,-0.06,0,1,0.03,-0.04,0,0.02,0.096,-0.095,0,[Fe/H],,,,,4.44,0.06,-0.08,0,4.47,3,-2.38,0,,,,,,,,,,,,,,,,,691.331,7.293,-7.146,1.41767,0.0149914,-0.0149914
Kepler-1157 b,Kepler-1157,b,1,1,1,Transit,0,4.45743164,1.699E-05,-1.699E-05,0,,,,,1.09,0.04,-0.2,0,0.097,0.004,-0.018,0,,,,,,,,,,,,,,,,,,,,,,,,,,,,,,,,,,,,,,,,,,,,,,,,,,,,,,,,,,,,,2.3577,0.0907,-0.0907,0,,,,,0.01441,6E-05,-0.00248,0,,,,,,,,,,,,,,,,,,,,,,,,,4679,54.66,-58.05,0,0.71,0.03,-0.03,0,0.76,0.03,-0.04,0,0.05,0.147,-0.177,0,[Fe/H],,,,,4.62,0.01,-0.03,0,3.39,6.1,-1.76,0,,,,,,,,,,,,,,,,,342.144,2.416,-2.383,2.89397,0.020346,-0.020346
Kepler-1158 b,Kepler-1158,b,1,1,1,Transit,0,13.5396293,9.329E-05,-9.329E-05,0,,,,,2.34,0.46,-0.46,0,0.209,0.041,-0.041,0,,,,,,,,,,,,,,,,,,,,,,,,,,,,,,,,,,,,,,,,,,,,,,,,,,,,,,,,,,,,,4.338,0.172,-0.172,0,,,,,0.0106,0.00041,-0.00035,0,,,,,,,,,,,,,,,,,,,,,,,,,6203,91.16,-81.11,0,1.95,0.37,-0.38,0,1.41,0.13,-0.13,0,0.18,0.096,-0.1,0,[Fe/H],,,,,4.01,0.15,-0.12,0,2.88,0.55,-0.55,0,,,,,,,,,,,,,,,,,1484.25,36.935,-36.935,0.645076,0.0166328,-0.0166328
Kepler-1159 b,Kepler-1159,b,1,1,1,Transit,0,22.70816791,9.541E-05,-9.541E-05,0,,,,,2.37,1.03,-0.37,0,0.211,0.092,-0.033,0,,,,,,,,,,,,,,,,,,,,,,,,,,,,,,,,,,,,,,,,,,,,,,,,,,,,,,,,,,,,,3.633,0.111,-0.111,0,,,,,0.01681,0.00053,-0.00064,0,,,,,,,,,,,,,,,,,,,,,,,,,6217,147.74,-196.66,0,1.28,0.56,-0.2,0,1.19,0.17,-0.11,0,0.04,0.139,-0.148,0,[Fe/H],,,,,4.3,0.11,-0.25,0,2.75,1.08,-1.07,0,,,,,,,,,,,,,,,,,1213.71,28.22,-28.22,0.795359,0.019005,-0.019005
Kepler-1160 b,Kepler-1160,b,1,1,1,Transit,0,7.97034958,3.122E-05,-3.122E-05,0,,,,,2.14,0.28,-0.14,0,0.191,0.025,-0.012,0,,,,,,,,,,,,,,,,,,,,,,,,,,,,,,,,,,,,,,,,,,,,,,,,,,,,,,,,,,,,,2.7665,0.095,-0.095,0,,,,,0.022,0.00097,-0.00058,0,,,,,,,,,,,,,,,,,,,,,,,,,5519,61.23,-63.44,0,0.89,0.11,-0.05,0,0.92,0.04,-0.04,0,0.01,0.127,-0.163,0,[Fe/H],,,,,4.51,0.04,-0.11,0,4.57,5.71,-2.84,0,,,,,,,,,,,,,,,,,1077.63,38.1,-35.64,0.899772,0.0314856,-0.0314856
Kepler-1161 b,Kepler-1161,b,1,1,1,Transit,0,10.71252541,3.876E-05,-3.876E-05,0,,,,,2.13,0.5,-0.13,0,0.19,0.045,-0.012,0,,,,,,,,,,,,,,,,,,,,,,,,,,,,,,,,,,,,,,,,,,,,,,,,,,,,,,,,,,,,,2.7219,0.0766,-0.0766,0,,,,,0.03413,0.00789,-0.00127,0,,,,,,,,,,,,,,,,,,,,,,,,,4253,55.15,-52.76,0,0.57,0.03,-0.03,0,0.59,0.03,-0.04,0,-0.35,0.133,-0.148,0,[Fe/H],,,,,4.7,0.02,-0.02,0,3.39,4.59,-1.82,0,,,,,,,,,,,,,,,,,547.726,9.853,-9.853,1.79771,0.0325814,-0.0325814
Kepler-1162 b,Kepler-1162,b,1,1,1,Transit,0,32.5637069,0.0002472,-0.0002472,0,,,,,2.21,0.5,-0.21,0,0.197,0.045,-0.019,0,,,,,,,,,,,,,,,,,,,,,,,,,,,,,,,,,,,,,,,,,,,,,,,,,,,,,,,,,,,,,5.548,0.181,-0.181,0,,,,,0.02433,0.005,-0.00183,0,,,,,,,,,,,,,,,,,,,,,,,,,5390,61.74,-58.89,0,0.84,0.07,-0.05,0,0.89,0.04,-0.04,0,-0.03,0.148,-0.149,0,[Fe/H],,,,,4.54,0.04,-0.08,0,4.37,5.89,-2.74,0,,,,,,,,,,,,,,,,,940.211,26.13,-24.779,1.03527,0.0285631,-0.0285631
Kepler-1163 b,Kepler-1163,b,1,1,1,Transit,0,6.11786898,2.808E-05,-2.808E-05,0,,,,,1.03,0.17,-0.11,0,0.092,0.015,-0.01,0,,,,,,,,,,,,,,,,,,,,,,,,,,,,,,,,,,,,,,,,,,,,,,,,,,,,,,,,,,,,,3.47,0.119,-0.119,0,,,,,0.00726,0.00011,-0.00034,0,,,,,,,,,,,,,,,,,,,,,,,,,6302,69.67,-63.95,0,1.35,0.23,-0.13,0,1.22,0.07,-0.05,0,0.02,0.079,-0.085,0,[Fe/H],,,,,4.26,0.08,-0.11,0,2.88,0.55,-0.952,0,,,,,,,,,,,,,,,,,478.647,4.593,-4.508,2.06049,0.0197122,-0.0197122
Kepler-1164 b,Kepler-1164,b,1,1,1,Transit,0,3.97599768,1.086E-05,-1.086E-05,0,,,,,1.12,0.04,-0.07,0,0.1,0.004,-0.006,0,,,,,,,,,,,,,,,,,,,,,,,,,,,,,,,,,,,,,,,,,,,,,,,,,,,,,,,,,,,,,2.1411,0.068,-0.068,0,,,,,0.01345,0.00026,-0.00068,0,,,,,,,,,,,,,,,,,,,,,,,,,5183,80.28,-63.78,0,0.79,0.02,-0.02,0,0.85,0.03,-0.04,0,-0.03,0.105,-0.105,0,[Fe/H],,,,,4.57,0.02,-0.02,0,3.63,2.8,-1.82,0,,,,,,,,,,,,,,,,,431.622,3.244,-3.196,2.28804,0.0171549,-0.0171549
Kepler-1165 b,Kepler-1165,b,1,1,1,Transit,0,9.478522,5.909E-05,-5.909E-05,0,,,,,1.55,0.5,-0.19,0,0.138,0.045,-0.017,0,,,,,,,,,,,,,,,,,,,,,,,,,,,,,,,,,,,,,,,,,,,,,,,,,,,,,,,,,,,,,6.223,0.138,-0.138,0,,,,,0.0121,0.00047,-0.00028,0,,,,,,,,,,,,,,,,,,,,,,,,,6080,97.21,-115.97,0,1.18,0.39,-0.14,0,1.13,0.12,-0.08,0,0.05,0.135,-0.155,0,[Fe/H],,,,,4.34,0.09,-0.2,0,3.24,1.36,-1.46,0,,,,,,,,,,,,,,,,,1575.2,50.37,-47.39,0.605918,0.0195499,-0.0195499
Kepler-1166 b,Kepler-1166,b,1,1,1,Transit,0,33.2406882,0.00028,-0.00028,0,,,,,1.69,0.62,-0.14,0,0.151,0.055,-0.012,0,,,,,,,,,,,,,,,,,,,,,,,,,,,,,,,,,,,,,,,,,,,,,,,,,,,,,,,,,,,,,4.982,0.199,-0.199,0,,,,,0.01752,0.00626,-0.00089,0,,,,,,,,,,,,,,,,,,,,,,,,,5446,83.15,-87.62,0,0.86,0.1,-0.06,0,0.9,0.04,-0.05,0,-0.02,0.143,-0.18,0,[Fe/H],,,,,4.53,0.04,-0.11,0,4.9,6.66,-3.13,0,,,,,,,,,,,,,,,,,634.906,7.946,-7.946,1.54633,0.0195615,-0.0195615
Kepler-1167 b,Kepler-1167,b,1,1,1,Transit,0,1.00393374,2.68E-06,-2.68E-06,0,,,,,1.71,0.12,-0.12,0,0.153,0.011,-0.011,0,,,,,,,,,,,,,,,,,,,,,,,,,,,,,,,,,,,,,,,,,,,,,,,,,,,,,,,,,,,,,1.4562,0.0609,-0.0609,0,,,,,0.02103,0.00093,-0.00074,0,,,,,,,,,,,,,,,,,,,,,,,,,4971,96.57,-125.1,0,0.75,0.04,-0.04,0,0.79,0.04,-0.05,0,-0.05,0.163,-0.175,0,[Fe/H],,,,,4.6,0.03,-0.04,0,4.27,6.2,-2.48,0,,,,,,,,,,,,,,,,,820.905,25.675,-24.189,1.19075,0.0366759,-0.0366759
Kepler-1168 b,Kepler-1168,b,1,1,1,Transit,0,55.8226539,0.0003871,-0.0003871,0,,,,,2.5,0.18,-0.13,0,0.223,0.016,-0.012,0,,,,,,,,,,,,,,,,,,,,,,,,,,,,,,,,,,,,,,,,,,,,,,,,,,,,,,,,,,,,,5.493,0.152,-0.152,0,,,,,0.02752,0.00137,-0.0008,0,,,,,,,,,,,,,,,,,,,,,,,,,5157,47.04,-55.91,0,0.82,0.04,-0.04,0,0.87,0.04,-0.04,0,0.13,0.152,-0.167,0,[Fe/H],,,,,4.56,0.03,-0.06,0,4.27,5.87,-2.53,0,,,,,,,,,,,,,,,,,752.666,15.257,-15.257,1.3002,0.02672,-0.02672
Kepler-1169 b,Kepler-1169,b,1,1,1,Transit,0,6.11009134,2.806E-05,-2.806E-05,0,,,,,0.94,0.06,-0.06,0,0.084,0.005,-0.005,0,,,,,,,,,,,,,,,,,,,,,,,,,,,,,,,,,,,,,,,,,,,,,,,,,,,,,,,,,,,,,2.447,0.113,-0.113,0,,,,,0.00732,0.00031,-0.0003,0,,,,,,,,,,,,,,,,,,,,,,,,,6191,80.54,-76.47,0,1.23,0.06,-0.05,0,1.24,0.04,-0.04,0,0.26,0.067,-0.059,0,[Fe/H],,,,,4.35,0.03,-0.03,0,1.38,0.508,-0.27,0,,,,,,,,,,,,,,,,,522.823,5.131,-5.034,1.88397,0.0184521,-0.0184521
Kepler-1170 b,Kepler-1170,b,1,1,1,Transit,0,9.98969327,4.242E-05,-4.242E-05,0,,,,,2.41,0.19,-0.17,0,0.215,0.017,-0.015,0,,,,,,,,,,,,,,,,,,,,,,,,,,,,,,,,,,,,,,,,,,,,,,,,,,,,,,,,,,,,,3.704,0.113,-0.113,0,,,,,0.02931,0.00138,-0.00066,0,,,,,,,,,,,,,,,,,,,,,,,,,5069,120.38,-96.5,0,0.76,0.05,-0.05,0,0.8,0.04,-0.05,0,-0.09,0.177,-0.189,0,[Fe/H],,,,,4.58,0.03,-0.05,0,4.9,5.89,-3.05,0,,,,,,,,,,,,,,,,,1050.45,37.97,-35.46,0.924172,0.0329858,-0.0329858
Kepler-1171 b,Kepler-1171,b,1,1,1,Transit,0,1.44259224,2.19E-06,-2.19E-06,0,,,,,2.56,0.68,-0.5,0,0.228,0.061,-0.045,0,,,,,,,,,,,,,,,,,,,,,,,,,,,,,,,,,,,,,,,,,,,,,,,,,,,,,,,,,,,,,3.0151,0.0401,-0.0401,0,,,,,0.01226,0.00028,-0.00011,0,,,,,,,,,,,,,,,,,,,,,,,,,7044,277.69,-199.09,0,1.95,0.51,-0.38,0,1.58,0.18,-0.17,0,-0.01,0.152,-0.175,0,[Fe/H],,,,,4.05,0.15,-0.15,0,1.35,0.33,-0.19,0,,,,,,,,,,,,,,,,,573,10.102,-9.765,1.7171,0.0300146,-0.0300146
Kepler-1172 b,Kepler-1172,b,1,1,1,Transit,0,26.0204423,0.0001886,-0.0001886,0,,,,,3.2,0.4,-0.28,0,0.285,0.036,-0.025,0,,,,,,,,,,,,,,,,,,,,,,,,,,,,,,,,,,,,,,,,,,,,,,,,,,,,,,,,,,,,,4.84,0.144,-0.144,0,,,,,0.0332,0.00103,-0.00124,0,,,,,,,,,,,,,,,,,,,,,,,,,5558,144.94,-137.66,0,0.89,0.11,-0.07,0,0.92,0.06,-0.06,0,-0.04,0.145,-0.193,0,[Fe/H],,,,,4.51,0.05,-0.1,0,4.37,5.38,-2.68,0,,,,,,,,,,,,,,,,,1306.53,53.12,-53.12,0.737585,0.0308402,-0.0308402
Kepler-1173 b,Kepler-1173,b,1,1,1,Transit,0,0.7698536,1.2E-06,-1.2E-06,0,,,,,0.89,0.23,-0.07,0,0.079,0.021,-0.006,0,,,,,,,,,,,,,,,,,,,,,,,,,,,,,,,,,,,,,,,,,,,,,,,,,,,,,,,,,,,,,1.0276,0.0465,-0.0465,0,,,,,0.01014,0.00249,-0.00052,0,,,,,,,,,,,,,,,,,,,,,,,,,5252,92.48,-116.76,0,0.82,0.06,-0.04,0,0.86,0.04,-0.05,0,0,0.148,-0.164,0,[Fe/H],,,,,4.55,0.03,-0.07,0,4.79,6.4,-3,0,,,,,,,,,,,,,,,,,377.06,2.3975,-2.3975,2.62328,0.0167386,-0.0167386
Kepler-1174 b,Kepler-1174,b,1,1,1,Transit,0,6.89225223,2.664E-05,-2.664E-05,0,,,,,1.59,0.31,-0.16,0,0.142,0.028,-0.014,0,,,,,,,,,,,,,,,,,,,,,,,,,,,,,,,,,,,,,,,,,,,,,,,,,,,,,,,,,,,,,2.4556,0.093,-0.093,0,,,,,0.01379,0.0006,-0.00044,0,,,,,,,,,,,,,,,,,,,,,,,,,5936,117.34,-103.81,0,1.04,0.2,-0.1,0,1.04,0.07,-0.07,0,-0.04,0.148,-0.205,0,[Fe/H],,,,,4.42,0.07,-0.14,0,3.55,2.37,-1.87,0,,,,,,,,,,,,,,,,,1408.75,27.7,-26.67,0.680952,0.0135952,-0.0135952
Kepler-1175 b,Kepler-1175,b,1,1,1,Transit,0,37.94563,0.0001732,-0.0001732,0,,,,,2.99,0.27,-0.23,0,0.267,0.024,-0.021,0,,,,,,,,,,,,,,,,,,,,,,,,,,,,,,,,,,,,,,,,,,,,,,,,,,,,,,,,,,,,,4.025,0.122,-0.122,0,,,,,0.03184,0.00105,-0.001,0,,,,,,,,,,,,,,,,,,,,,,,,,5453,66.21,-80.38,0,0.86,0.07,-0.06,0,0.9,0.04,-0.05,0,-0.04,0.153,-0.178,0,[Fe/H],,,,,4.53,0.04,-0.08,0,4.17,5.56,-2.5,0,,,,,,,,,,,,,,,,,1121.89,61.45,-55.5,0.863916,0.045293,-0.045293
Kepler-1176 b,Kepler-1176,b,1,1,1,Transit,0,24.1738579,0.0001336,-0.0001336,0,,,,,2.45,0.63,-0.32,0,0.219,0.056,-0.029,0,,,,,,,,,,,,,,,,,,,,,,,,,,,,,,,,,,,,,,,,,,,,,,,,,,,,,,,,,,,,,3.057,0.123,-0.123,0,,,,,0.02186,0.00105,-0.00075,0,,,,,,,,,,,,,,,,,,,,,,,,,5844,264.61,-268.56,0,1.02,0.26,-0.13,0,1.01,0.11,-0.08,0,-0.01,0.138,-0.165,0,[Fe/H],,,,,4.42,0.09,-0.17,0,3.8,3.3,-2.02,0,,,,,,,,,,,,,,,,,864.699,22.9595,-22.9595,1.12865,0.0304477,-0.0304477
Kepler-1177 b,Kepler-1177,b,1,1,1,Transit,0,106.247547,0.001822,-0.001822,0,,,,,1.9,0.16,-0.12,0,0.17,0.014,-0.011,0,,,,,,,,,,,,,,,,,,,,,,,,,,,,,,,,,,,,,,,,,,,,,,,,,,,,,,,,,,,,,13.668,0.395,-0.395,0,,,,,0.01824,0.00068,-0.00067,0,,,,,,,,,,,,,,,,,,,,,,,,,5712,62.98,-66.68,0,0.97,0.07,-0.05,0,0.98,0.03,-0.04,0,0.02,0.096,-0.102,0,[Fe/H],,,,,4.46,0.05,-0.07,0,4.47,2.76,-2.41,0,,,,,,,,,,,,,,,,,1299.97,34.42,-32.72,0.740452,0.0197121,-0.0197121
Kepler-1178 b,Kepler-1178,b,1,1,1,Transit,0,31.80634,0.0003857,-0.0003857,0,,,,,1.07,0.06,-0.08,0,0.095,0.005,-0.007,0,,,,,,,,,,,,,,,,,,,,,,,,,,,,,,,,,,,,,,,,,,,,,,,,,,,,,,,,,,,,,3.794,0.241,-0.241,0,,,,,0.01278,0.00054,-0.00073,0,,,,,,,,,,,,,,,,,,,,,,,,,4990,58.43,-68.54,0,0.75,0.03,-0.04,0,0.8,0.04,-0.04,0,-0.05,0.155,-0.173,0,[Fe/H],,,,,4.59,0.03,-0.04,0,4.68,6.21,-2.85,0,,,,,,,,,,,,,,,,,482.287,4.7555,-4.7555,2.04474,0.0202915,-0.0202915
Kepler-1179 b,Kepler-1179,b,1,1,1,Transit,0,2.68505749,4.1E-06,-4.1E-06,0,,,,,1.32,0.09,-0.08,0,0.118,0.008,-0.007,0,,,,,,,,,,,,,,,,,,,,,,,,,,,,,,,,,,,,,,,,,,,,,,,,,,,,,,,,,,,,,1.0229,0.0433,-0.0433,0,,,,,0.01485,0.00056,-0.00045,0,,,,,,,,,,,,,,,,,,,,,,,,,5212,65.46,-65.67,0,0.81,0.05,-0.04,0,0.84,0.04,-0.05,0,-0.03,0.148,-0.169,0,[Fe/H],,,,,4.56,0.03,-0.06,0,4.9,6.35,-3.07,0,,,,,,,,,,,,,,,,,415.205,2.558,-2.528,2.37958,0.0146432,-0.0146432
Kepler-1180 b,Kepler-1180,b,1,1,1,Transit,0,16.8601286,0.0001369,-0.0001369,0,,,,,1.99,0.55,-0.27,0,0.178,0.049,-0.024,0,,,,,,,,,,,,,,,,,,,,,,,,,,,,,,,,,,,,,,,,,,,,,,,,,,,,,,,,,,,,,5.553,0.167,-0.167,0,,,,,0.01569,0.00047,-0.00061,0,,,,,,,,,,,,,,,,,,,,,,,,,6077,243.54,-226.98,0,1.14,0.31,-0.15,0,1.09,0.16,-0.09,0,0,0.136,-0.178,0,[Fe/H],,,,,4.36,0.1,-0.16,0,3.09,1.99,-1.31,0,,,,,,,,,,,,,,,,,1596.8,86.9,-78.51,0.598893,0.0315944,-0.0315944
Kepler-1181 b,Kepler-1181,b,1,1,1,Transit,0,4.89337519,2.526E-05,-2.526E-05,0,,,,,1.57,0.65,-0.26,0,0.14,0.058,-0.023,0,,,,,,,,,,,,,,,,,,,,,,,,,,,,,,,,,,,,,,,,,,,,,,,,,,,,,,,,,,,,,3.316,0.117,-0.117,0,,,,,0.01088,0.00041,-0.00037,0,,,,,,,,,,,,,,,,,,,,,,,,,6176,82.26,-87.31,0,1.3,0.54,-0.21,0,1.17,0.17,-0.1,0,0.03,0.126,-0.166,0,[Fe/H],,,,,4.27,0.13,-0.24,0,3.24,1,-1.3,0,,,,,,,,,,,,,,,,,938.417,11.9915,-11.9915,1.03682,0.0135134,-0.0135134
Kepler-1182 b,Kepler-1182,b,1,1,1,Transit,0,11.17394617,6.278E-05,-6.278E-05,0,,,,,2.41,0.6,-0.5,0,0.215,0.054,-0.045,0,,,,,,,,,,,,,,,,,,,,,,,,,,,,,,,,,,,,,,,,,,,,,,,,,,,,,,,,,,,,,3.421,0.144,-0.144,0,,,,,0.02056,9E-05,-0.00354,0,,,,,,,,,,,,,,,,,,,,,,,,,5924,202.44,-241.8,0,1.05,0.26,-0.13,0,1.04,0.11,-0.09,0,0.01,0.136,-0.18,0,[Fe/H],,,,,4.41,0.09,-0.16,0,3.39,2.55,-1.72,0,,,,,,,,,,,,,,,,,1545.39,64.04,-59.22,0.619142,0.0255741,-0.0255741
Kepler-1183 b,Kepler-1183,b,1,1,1,Transit,0,28.5057189,0.0003031,-0.0003031,0,,,,,2.82,0.52,-0.3,0,0.252,0.046,-0.027,0,,,,,,,,,,,,,,,,,,,,,,,,,,,,,,,,,,,,,,,,,,,,,,,,,,,,,,,,,,,,,6.252,0.242,-0.242,0,,,,,0.02557,0.00106,-0.001,0,,,,,,,,,,,,,,,,,,,,,,,,,5765,121.54,-176.4,0,0.99,0.18,-0.1,0,1,0.06,-0.07,0,0.04,0.144,-0.166,0,[Fe/H],,,,,4.45,0.07,-0.14,0,4.27,3.3,-2.48,0,,,,,,,,,,,,,,,,,1919.19,174.31,-148.01,0.494531,0.0425306,-0.0425306
Kepler-1184 b,Kepler-1184,b,1,1,1,Transit,0,53.5991044,0.0003674,-0.0003674,0,,,,,2.68,0.6,-0.3,0,0.239,0.054,-0.027,0,,,,,,,,,,,,,,,,,,,,,,,,,,,,,,,,,,,,,,,,,,,,,,,,,,,,,,,,,,,,,6.662,0.162,-0.162,0,,,,,0.02282,0.00303,-0.00103,0,,,,,,,,,,,,,,,,,,,,,,,,,5983,110.01,-118.73,0,1.07,0.2,-0.11,0,1.05,0.07,-0.07,0,-0.04,0.146,-0.182,0,[Fe/H],,,,,4.41,0.07,-0.14,0,3.55,1.99,-1.79,0,,,,,,,,,,,,,,,,,1157.84,33.51,-31.7,0.835163,0.024125,-0.024125
Kepler-1185 b,Kepler-1185,b,1,1,1,Transit,0,104.3518976,0.0006705,-0.0006705,0,,,,,1.33,0.08,-0.05,0,0.119,0.007,-0.004,0,,,,,,,,,,,,,,,,,,,,,,,,,,,,,,,,,,,,,,,,,,,,,,,,,,,,,,,,,,,,,3.586,0.15,-0.15,0,,,,,0.01395,0.00083,-0.00041,0,,,,,,,,,,,,,,,,,,,,,,,,,5622,67.7,-58.78,0,0.87,0.02,-0.02,0,0.96,0.02,-0.02,0,-0.04,0.092,-0.086,0,[Fe/H],,,,,4.54,0.01,-0.01,0,1.55,0.685,-0.366,0,,,,,,,,,,,,,,,,,459.273,4.918,-4.818,2.14871,0.0229027,-0.0229027
Kepler-1186 b,Kepler-1186,b,1,1,1,Transit,0,16.07677615,7.199E-05,-7.199E-05,0,,,,,2.23,0.36,-0.22,0,0.199,0.032,-0.02,0,,,,,,,,,,,,,,,,,,,,,,,,,,,,,,,,,,,,,,,,,,,,,,,,,,,,,,,,,,,,,2.237,0.11,-0.11,0,,,,,0.02222,0.00013,-0.00152,0,,,,,,,,,,,,,,,,,,,,,,,,,5635,68.42,-72.34,0,0.93,0.15,-0.06,0,0.95,0.04,-0.05,0,0,0.138,-0.172,0,[Fe/H],,,,,4.49,0.05,-0.14,0,4.47,4.7,-2.78,0,,,,,,,,,,,,,,,,,1337.25,38.93,-38.93,0.719055,0.0216012,-0.0216012
Kepler-1187 b,Kepler-1187,b,1,1,1,Transit,0,18.87064068,6.002E-05,-6.002E-05,0,,,,,2.61,0.51,-0.28,0,0.233,0.045,-0.025,0,,,,,,,,,,,,,,,,,,,,,,,,,,,,,,,,,,,,,,,,,,,,,,,,,,,,,,,,,,,,,3.2476,0.0799,-0.0799,0,,,,,0.02244,0.00077,-0.0004,0,,,,,,,,,,,,,,,,,,,,,,,,,5975,182.7,-129.11,0,1.09,0.21,-0.12,0,1.06,0.09,-0.07,0,-0.01,0.147,-0.171,0,[Fe/H],,,,,4.39,0.08,-0.13,0,3.39,2.18,-1.66,0,,,,,,,,,,,,,,,,,1020.53,32.46,-30.549,0.951686,0.0299985,-0.0299985
Kepler-1188 b,Kepler-1188,b,1,1,1,Transit,0,17.1369543,0.0001214,-0.0001214,0,,,,,2.08,0.49,-0.22,0,0.186,0.044,-0.02,0,,,,,,,,,,,,,,,,,,,,,,,,,,,,,,,,,,,,,,,,,,,,,,,,,,,,,,,,,,,,,6.366,0.153,-0.153,0,,,,,0.01825,0.00053,-0.00072,0,,,,,,,,,,,,,,,,,,,,,,,,,5913,104.3,-106.82,0,1.06,0.25,-0.1,0,1.04,0.07,-0.07,0,0,0.13,-0.195,0,[Fe/H],,,,,4.4,0.08,-0.17,0,4.17,2.47,-2.3,0,,,,,,,,,,,,,,,,,1717.48,61.92,-57.84,0.553261,0.0201491,-0.0201491
Kepler-1189 b,Kepler-1189,b,1,1,1,Transit,0,3.78858982,2.274E-05,-2.274E-05,0,,,,,1.77,0.52,-0.48,0,0.158,0.046,-0.043,0,,,,,,,,,,,,,,,,,,,,,,,,,,,,,,,,,,,,,,,,,,,,,,,,,,,,,,,,,,,,,3.492,0.126,-0.126,0,,,,,0.014,0.00029,-0.00336,0,,,,,,,,,,,,,,,,,,,,,,,,,6012,121.95,-184.74,0,1.16,0.34,-0.15,0,1.11,0.1,-0.08,0,0.08,0.143,-0.142,0,[Fe/H],,,,,4.36,0.09,-0.2,0,3.39,1.91,-1.66,0,,,,,,,,,,,,,,,,,782.852,11.437,-11.437,1.24877,0.0185173,-0.0185173
Kepler-1190 b,Kepler-1190,b,1,1,1,Transit,0,10.45843441,5.281E-05,-5.281E-05,0,,,,,1.33,0.05,-0.11,0,0.119,0.004,-0.01,0,,,,,,,,,,,,,,,,,,,,,,,,,,,,,,,,,,,,,,,,,,,,,,,,,,,,,,,,,,,,,3.102,0.116,-0.116,0,,,,,0.01672,0.00025,-0.00116,0,,,,,,,,,,,,,,,,,,,,,,,,,4730,39.96,-39.65,0,0.72,0.02,-0.04,0,0.76,0.03,-0.04,0,-0.02,0.149,-0.161,0,[Fe/H],,,,,4.62,0.02,-0.03,0,3.98,6.11,-2.25,0,,,,,,,,,,,,,,,,,342.509,2.3055,-2.3055,2.89083,0.0195051,-0.0195051
Kepler-1191 b,Kepler-1191,b,1,1,1,Transit,0,5.60014851,1.909E-05,-1.909E-05,0,,,,,1.51,0.13,-0.11,0,0.135,0.012,-0.01,0,,,,,,,,,,,,,,,,,,,,,,,,,,,,,,,,,,,,,,,,,,,,,,,,,,,,,,,,,,,,,2.8018,0.0892,-0.0892,0,,,,,0.01703,0.00074,-0.00042,0,,,,,,,,,,,,,,,,,,,,,,,,,5308,107.78,-83.33,0,0.81,0.06,-0.06,0,0.85,0.05,-0.05,0,-0.08,0.157,-0.182,0,[Fe/H],,,,,4.56,0.04,-0.07,0,4.57,5.85,-2.89,0,,,,,,,,,,,,,,,,,955.536,25.742,-24.448,1.01819,0.0272632,-0.0272632
Kepler-1192 b,Kepler-1192,b,1,1,1,Transit,0,25.2034787,0.0001278,-0.0001278,0,,,,,2.36,0.24,-0.22,0,0.211,0.021,-0.02,0,,,,,,,,,,,,,,,,,,,,,,,,,,,,,,,,,,,,,,,,,,,,,,,,,,,,,,,,,,,,,4.552,0.129,-0.129,0,,,,,0.02557,0.00121,-0.00066,0,,,,,,,,,,,,,,,,,,,,,,,,,5438,67.15,-57.17,0,0.83,0.08,-0.07,0,0.86,0.05,-0.07,0,-0.16,0.187,-0.199,0,[Fe/H],,,,,4.55,0.05,-0.09,0,4.47,6.15,-2.82,0,,,,,,,,,,,,,,,,,1304.19,60.92,-55.8,0.738486,0.034027,-0.034027
Kepler-1193 b,Kepler-1193,b,1,1,1,Transit,0,2.83265213,9.03E-06,-9.03E-06,0,,,,,1.32,0.21,-0.17,0,0.118,0.019,-0.015,0,,,,,,,,,,,,,,,,,,,,,,,,,,,,,,,,,,,,,,,,,,,,,,,,,,,,,,,,,,,,,2.3844,0.0808,-0.0808,0,,,,,0.00991,0.00028,-0.00038,0,,,,,,,,,,,,,,,,,,,,,,,,,5908,75.02,-61.06,0,1.21,0.19,-0.15,0,1.08,0.06,-0.04,0,0.12,0.074,-0.076,0,[Fe/H],,,,,4.31,0.11,-0.11,0,5.01,1.56,-2.21,0,,,,,,,,,,,,,,,,,802.116,10.764,-10.487,1.21792,0.0163896,-0.0163896
Kepler-1194 b,Kepler-1194,b,1,1,1,Transit,0,16.22371307,8.867E-05,-8.867E-05,0,,,,,1.51,0.12,-0.09,0,0.135,0.011,-0.008,0,,,,,,,,,,,,,,,,,,,,,,,,,,,,,,,,,,,,,,,,,,,,,,,,,,,,,,,,,,,,,2.502,0.127,-0.127,0,,,,,0.0151,0.00067,-0.00049,0,,,,,,,,,,,,,,,,,,,,,,,,,5590,97.14,-79.79,0,0.92,0.06,-0.05,0,0.94,0.04,-0.04,0,0,0.104,-0.105,0,[Fe/H],,,,,4.49,0.04,-0.06,0,4.79,3.44,-2.8,0,,,,,,,,,,,,,,,,,757.382,,,,,
Kepler-1195 b,Kepler-1195,b,1,1,1,Transit,0,8.49642241,2.872E-05,-2.872E-05,0,,,,,2.08,0.19,-0.17,0,0.186,0.017,-0.015,0,,,,,,,,,,,,,,,,,,,,,,,,,,,,,,,,,,,,,,,,,,,,,,,,,,,,,,,,,,,,,2.2373,0.0991,-0.0991,0,,,,,0.02723,0.00154,-0.00075,0,,,,,,,,,,,,,,,,,,,,,,,,,4965,111.27,-80.25,0,0.71,0.05,-0.06,0,0.74,0.05,-0.06,0,-0.25,0.194,-0.212,0,[Fe/H],,,,,4.61,0.04,-0.04,0,4.47,6.1,-2.69,0,,,,,,,,,,,,,,,,,918.566,33.219,-31.016,1.06088,0.0377403,-0.0377403
Kepler-1196 b,Kepler-1196,b,1,1,1,Transit,0,66.1849031,0.0004661,-0.0004661,0,,,,,2.23,0.37,-0.21,0,0.199,0.033,-0.019,0,,,,,,,,,,,,,,,,,,,,,,,,,,,,,,,,,,,,,,,,,,,,,,,,,,,,,,,,,,,,,4.788,0.196,-0.196,0,,,,,0.0212,0.0011,-0.00053,0,,,,,,,,,,,,,,,,,,,,,,,,,5756,129.38,-149.1,0,0.97,0.15,-0.09,0,0.98,0.06,-0.06,0,0,0.13,-0.166,0,[Fe/H],,,,,4.46,0.06,-0.13,0,3.98,3.54,-2.27,0,,,,,,,,,,,,,,,,,922.333,19.987,-19.17,1.05577,0.0228321,-0.0228321
Kepler-1197 b,Kepler-1197,b,1,1,1,Transit,0,2.03231845,3.75E-06,-3.75E-06,0,,,,,1.25,0.03,-0.09,0,0.112,0.003,-0.008,0,,,,,,,,,,,,,,,,,,,,,,,,,,,,,,,,,,,,,,,,,,,,,,,,,,,,,,,,,,,,,1.1214,0.0543,-0.0543,0,,,,,0.01647,0.00015,-0.00115,0,,,,,,,,,,,,,,,,,,,,,,,,,4708,63.31,-50.89,0,0.72,0.01,-0.01,0,0.78,0.02,-0.03,0,0.06,0.099,-0.097,0,[Fe/H],,,,,4.62,0.01,-0.01,0,2.69,2.34,-1.09,0,,,,,,,,,,,,,,,,,486.94,6.611,-6.439,2.02521,0.0273063,-0.0273063
Kepler-1198 b,Kepler-1198,b,1,1,1,Transit,0,7.6847716,3.25E-05,-3.25E-05,0,,,,,1.47,0.18,-0.1,0,0.131,0.016,-0.009,0,,,,,,,,,,,,,,,,,,,,,,,,,,,,,,,,,,,,,,,,,,,,,,,,,,,,,,,,,,,,,2.599,0.103,-0.103,0,,,,,0.01544,0.00085,-0.00034,0,,,,,,,,,,,,,,,,,,,,,,,,,5517,80.26,-98.45,0,0.9,0.1,-0.06,0,0.93,0.04,-0.05,0,0.03,0.157,-0.171,0,[Fe/H],,,,,4.5,0.04,-0.1,0,4.68,5.42,-2.94,0,,,,,,,,,,,,,,,,,743.03,12.697,-12.285,1.31727,0.0224489,-0.0224489
Kepler-1199 b,Kepler-1199,b,1,1,1,Transit,0,15.0447198,0.0001084,-0.0001084,0,,,,,1.15,0.21,-0.16,0,0.103,0.019,-0.014,0,,,,,,,,,,,,,,,,,,,,,,,,,,,,,,,,,,,,,,,,,,,,,,,,,,,,,,,,,,,,,5.819,0.163,-0.163,0,,,,,0.00937,0.00034,-0.00032,0,,,,,,,,,,,,,,,,,,,,,,,,,5889,84.29,-64.89,0,1.17,0.21,-0.16,0,0.94,0.1,-0.06,0,-0.27,0.116,-0.128,0,[Fe/H],,,,,4.27,0.13,-0.13,0,7.76,2.33,-3.53,0,,,,,,,,,,,,,,,,,563.493,,,,,
Kepler-12 b,Kepler-12,b,1,1,1,Transit,0,4.4379629,6E-07,-6E-07,0,0.0553,0.001,-0.0012,0,19.661,0.347,-0.404,0,1.754,0.031,-0.036,0,137.30256,16.84499,-16.20933,0,0.432,0.053,-0.051,0,,,,,,,,,,,,,,,,,137.30256,16.84499,-16.20933,0,0.432,0.053,-0.051,0,0.11,0.02,-0.02,0,,,,,,,,,1480,30,-30,0,88.796,0.088,-0.074,0,0.168,0.01,-0.012,0,,,,,,,,,8.019,0.014,-0.013,0,0.11887,9E-05,-9E-05,0,0.00202,0.00083,-0.00076,0,,,,,,,,,48.2,4.4,-4.3,0,,,,,,,,,5947,100,-100,0,1.48,0.03,-0.03,0,1.17,0.05,-0.05,0,0.07,0.04,-0.04,0,[Fe/H],,,,,4.17,0.01,-0.01,0,,,,,,,,,,,,,,,,,,,,,881.386,9.854,-9.643,1.1057,0.012454,-0.012454
Kepler-1200 b,Kepler-1200,b,1,1,1,Transit,0,1.11854972,3.12E-06,-3.12E-06,0,,,,,1.06,0.06,-0.08,0,0.095,0.005,-0.007,0,,,,,,,,,,,,,,,,,,,,,,,,,,,,,,,,,,,,,,,,,,,,,,,,,,,,,,,,,,,,,1.5425,0.0768,-0.0768,0,,,,,0.01432,0.00052,-0.00086,0,,,,,,,,,,,,,,,,,,,,,,,,,4612,101.02,-139.97,0,0.7,0.03,-0.04,0,0.74,0.04,-0.05,0,0.04,0.156,-0.196,0,[Fe/H],,,,,4.63,0.02,-0.03,0,3.02,5.91,-1.48,0,,,,,,,,,,,,,,,,,588.715,12.631,-12.119,1.67082,0.0354152,-0.0354152
Kepler-1201 b,Kepler-1201,b,1,1,1,Transit,0,15.18725932,8.158E-05,-8.158E-05,0,,,,,2.29,0.91,-0.43,0,0.204,0.081,-0.038,0,,,,,,,,,,,,,,,,,,,,,,,,,,,,,,,,,,,,,,,,,,,,,,,,,,,,,,,,,,,,,4.508,0.156,-0.156,0,,,,,0.01749,0.00228,-0.00182,0,,,,,,,,,,,,,,,,,,,,,,,,,6177,146.3,-232.29,0,1.24,0.46,-0.19,0,1.15,0.17,-0.11,0,0.03,0.131,-0.167,0,[Fe/H],,,,,4.32,0.11,-0.23,0,2.95,1.39,-1.14,0,,,,,,,,,,,,,,,,,944.241,23.011,-21.96,1.03091,0.0250119,-0.0250119
Kepler-1202 b,Kepler-1202,b,1,1,1,Transit,0,28.6851324,0.0001899,-0.0001899,0,,,,,2.94,0.91,-0.31,0,0.262,0.081,-0.028,0,,,,,,,,,,,,,,,,,,,,,,,,,,,,,,,,,,,,,,,,,,,,,,,,,,,,,,,,,,,,,5.467,0.164,-0.164,0,,,,,0.02631,0.00578,-0.00108,0,,,,,,,,,,,,,,,,,,,,,,,,,5834,80.98,-131.48,0,1.04,0.22,-0.1,0,1.03,0.06,-0.06,0,0.06,0.147,-0.16,0,[Fe/H],,,,,4.42,0.07,-0.16,0,4.17,2.78,-2.41,0,,,,,,,,,,,,,,,,,1175.38,44.33,-41.27,0.822781,0.0307147,-0.0307147
Kepler-1203 b,Kepler-1203,b,1,1,1,Transit,0,0.58800076,5.8E-07,-5.8E-07,0,,,,,1.06,0.06,-0.04,0,0.095,0.005,-0.004,0,,,,,,,,,,,,,,,,,,,,,,,,,,,,,,,,,,,,,,,,,,,,,,,,,,,,,,,,,,,,,1.1627,0.0298,-0.0298,0,,,,,0.01558,0.0008,-0.00041,0,,,,,,,,,,,,,,,,,,,,,,,,,4105,43.7,-35.84,0,0.61,0.01,-0.02,0,0.64,0.02,-0.02,0,0.01,0.092,-0.088,0,[Fe/H],,,,,4.67,0.01,-0.01,0,3.47,4.4,-1.8,0,,,,,,,,,,,,,,,,,317.022,2.94,-2.886,3.1258,0.0287621,-0.0287621
Kepler-1204 b,Kepler-1204,b,1,1,1,Transit,0,85.7350285,0.0006373,-0.0006373,0,,,,,3.05,0.87,-0.3,0,0.272,0.078,-0.027,0,,,,,,,,,,,,,,,,,,,,,,,,,,,,,,,,,,,,,,,,,,,,,,,,,,,,,,,,,,,,,7.457,0.19,-0.19,0,,,,,0.0267,0.00094,-0.00085,0,,,,,,,,,,,,,,,,,,,,,,,,,5825,88.38,-121.08,0,1.03,0.29,-0.1,0,1.03,0.06,-0.06,0,0.06,0.127,-0.145,0,[Fe/H],,,,,4.42,0.07,-0.2,0,4.27,3,-2.5,0,,,,,,,,,,,,,,,,,1175.22,34.22,-32.36,0.822404,0.0239092,-0.0239092
Kepler-1205 b,Kepler-1205,b,1,1,1,Transit,0,1.07839035,1.6E-06,-1.6E-06,0,,,,,1.41,0.1,-0.09,0,0.126,0.009,-0.008,0,,,,,,,,,,,,,,,,,,,,,,,,,,,,,,,,,,,,,,,,,,,,,,,,,,,,,,,,,,,,,1.2297,0.0438,-0.0438,0,,,,,0.01631,0.00052,-0.00056,0,,,,,,,,,,,,,,,,,,,,,,,,,5226,84.83,-71.27,0,0.81,0.05,-0.05,0,0.84,0.04,-0.05,0,-0.04,0.162,-0.165,0,[Fe/H],,,,,4.56,0.04,-0.06,0,4.9,6.14,-3.01,0,,,,,,,,,,,,,,,,,698.485,11.082,-10.747,1.40312,0.0221974,-0.0221974
Kepler-1206 b,Kepler-1206,b,1,1,1,Transit,0,1.21699766,2.61E-06,-2.61E-06,0,,,,,1.64,0.09,-0.08,0,0.146,0.008,-0.007,0,,,,,,,,,,,,,,,,,,,,,,,,,,,,,,,,,,,,,,,,,,,,,,,,,,,,,,,,,,,,,1.3101,0.0636,-0.0636,0,,,,,0.01983,0.00087,-0.00066,0,,,,,,,,,,,,,,,,,,,,,,,,,4877,55.23,-79.61,0,0.75,0.03,-0.03,0,0.8,0.03,-0.04,0,0.07,0.147,-0.15,0,[Fe/H],,,,,4.6,0.02,-0.04,0,3.55,6.59,-2,0,,,,,,,,,,,,,,,,,762.019,22.169,-20.97,1.28463,0.0368331,-0.0368331
Kepler-1207 b,Kepler-1207,b,1,1,1,Transit,0,13.68237119,8.986E-05,-8.986E-05,0,,,,,1.62,0.51,-0.18,0,0.145,0.045,-0.016,0,,,,,,,,,,,,,,,,,,,,,,,,,,,,,,,,,,,,,,,,,,,,,,,,,,,,,,,,,,,,,4.163,0.158,-0.158,0,,,,,0.01368,0.00323,-0.00083,0,,,,,,,,,,,,,,,,,,,,,,,,,5909,88.29,-99.94,0,1.06,0.23,-0.1,0,1.06,0.06,-0.06,0,0.05,0.145,-0.155,0,[Fe/H],,,,,4.41,0.07,-0.15,0,3.63,2.22,-1.95,0,,,,,,,,,,,,,,,,,1754.19,57.47,-54,0.54123,0.0179738,-0.0179738
Kepler-1208 b,Kepler-1208,b,1,1,1,Transit,0,11.08507637,5.235E-05,-5.235E-05,0,,,,,2.32,0.19,-0.14,0,0.207,0.017,-0.012,0,,,,,,,,,,,,,,,,,,,,,,,,,,,,,,,,,,,,,,,,,,,,,,,,,,,,,,,,,,,,,1.708,0.093,-0.093,0,,,,,0.028,0.00181,-0.00081,0,,,,,,,,,,,,,,,,,,,,,,,,,5001,110.88,-108.59,0,0.76,0.04,-0.04,0,0.8,0.04,-0.04,0,-0.03,0.148,-0.173,0,[Fe/H],,,,,4.59,0.03,-0.05,0,4.47,6.3,-2.69,0,,,,,,,,,,,,,,,,,825.176,31.022,-28.889,1.18475,0.0436003,-0.0436003
Kepler-1209 b,Kepler-1209,b,1,1,1,Transit,0,25.369116,0.0001249,-0.0001249,0,,,,,1.51,0.32,-0.18,0,0.135,0.029,-0.016,0,,,,,,,,,,,,,,,,,,,,,,,,,,,,,,,,,,,,,,,,,,,,,,,,,,,,,,,,,,,,,4.634,0.107,-0.107,0,,,,,0.00981,0.00032,-0.00029,0,,,,,,,,,,,,,,,,,,,,,,,,,6210,71.25,-59.14,0,1.38,0.29,-0.16,0,1.23,0.09,-0.05,0,0.12,0.085,-0.08,0,[Fe/H],,,,,4.24,0.1,-0.13,0,3.09,0.55,-1.03,0,,,,,,,,,,,,,,,,,505.531,7.747,-7.521,1.94973,0.0296396,-0.0296396
Kepler-1210 b,Kepler-1210,b,1,1,1,Transit,0,8.07124073,4.899E-05,-4.899E-05,0,,,,,1.7,0.3,-0.13,0,0.152,0.027,-0.012,0,,,,,,,,,,,,,,,,,,,,,,,,,,,,,,,,,,,,,,,,,,,,,,,,,,,,,,,,,,,,,2.653,0.169,-0.169,0,,,,,0.01677,0.00096,-0.00059,0,,,,,,,,,,,,,,,,,,,,,,,,,5568,67.19,-91.62,0,0.92,0.16,-0.07,0,0.94,0.04,-0.05,0,0.04,0.138,-0.166,0,[Fe/H],,,,,4.49,0.06,-0.14,0,5.13,5.64,-3.32,0,,,,,,,,,,,,,,,,,1176.53,48.49,-44.87,0.821945,0.0334332,-0.0334332
Kepler-1211 b,Kepler-1211,b,1,1,1,Transit,0,11.01816836,7.975E-05,-7.975E-05,0,,,,,2.55,0.42,-0.41,0,0.227,0.037,-0.037,0,,,,,,,,,,,,,,,,,,,,,,,,,,,,,,,,,,,,,,,,,,,,,,,,,,,,,,,,,,,,,4.531,0.172,-0.172,0,,,,,0.02546,0.00221,-0.00342,0,,,,,,,,,,,,,,,,,,,,,,,,,5705,123.21,-77.68,0,0.94,0.13,-0.08,0,0.96,0.06,-0.07,0,-0.08,0.165,-0.194,0,[Fe/H],,,,,4.48,0.06,-0.12,0,4.17,4.19,-2.45,0,,,,,,,,,,,,,,,,,1826.53,131.08,-114.96,0.518186,0.0360326,-0.0360326
Kepler-1212 b,Kepler-1212,b,1,1,1,Transit,0,12.94130146,7.91E-05,-7.91E-05,0,,,,,2.14,0.58,-0.27,0,0.191,0.052,-0.024,0,,,,,,,,,,,,,,,,,,,,,,,,,,,,,,,,,,,,,,,,,,,,,,,,,,,,,,,,,,,,,4.468,0.14,-0.14,0,,,,,0.01726,0.00074,-0.0005,0,,,,,,,,,,,,,,,,,,,,,,,,,6051,144.84,-180.6,0,1.15,0.31,-0.14,0,1.1,0.11,-0.08,0,0.03,0.134,-0.151,0,[Fe/H],,,,,4.36,0.09,-0.18,0,3.24,1.8,-1.51,0,,,,,,,,,,,,,,,,,1316.57,37.695,-37.695,0.731062,0.0215686,-0.0215686
Kepler-1213 b,Kepler-1213,b,1,1,1,Transit,0,5.34982412,2.659E-05,-2.659E-05,0,,,,,1.19,0.13,-0.1,0,0.106,0.012,-0.009,0,,,,,,,,,,,,,,,,,,,,,,,,,,,,,,,,,,,,,,,,,,,,,,,,,,,,,,,,,,,,,4.209,0.116,-0.116,0,,,,,0.00858,0.00036,-0.00026,0,,,,,,,,,,,,,,,,,,,,,,,,,6050,74.56,-81.73,0,1.21,0.13,-0.09,0,1.14,0.04,-0.04,0,0.13,0.076,-0.083,0,[Fe/H],,,,,4.33,0.07,-0.08,0,3.47,1.22,-1.4,0,,,,,,,,,,,,,,,,,807.812,8.547,-8.373,1.20905,0.0128662,-0.0128662
Kepler-1214 b,Kepler-1214,b,1,1,1,Transit,0,18.82634264,8.784E-05,-8.784E-05,0,,,,,2.36,0.19,-0.11,0,0.211,0.017,-0.01,0,,,,,,,,,,,,,,,,,,,,,,,,,,,,,,,,,,,,,,,,,,,,,,,,,,,,,,,,,,,,,2.333,0.0925,-0.0925,0,,,,,0.02696,0.00161,-0.00063,0,,,,,,,,,,,,,,,,,,,,,,,,,5130,48.18,-47.96,0,0.8,0.04,-0.03,0,0.85,0.03,-0.04,0,0.05,0.155,-0.146,0,[Fe/H],,,,,4.57,0.03,-0.06,0,4.68,6.11,-2.85,0,,,,,,,,,,,,,,,,,729.227,15.443,-14.827,1.34295,0.0282367,-0.0282367
Kepler-1215 b,Kepler-1215,b,1,1,1,Transit,0,4.76703963,2.3E-05,-2.3E-05,0,,,,,1.22,0.18,-0.12,0,0.109,0.016,-0.011,0,,,,,,,,,,,,,,,,,,,,,,,,,,,,,,,,,,,,,,,,,,,,,,,,,,,,,,,,,,,,,1.85,0.134,-0.134,0,,,,,0.01197,0.00052,-0.00079,0,,,,,,,,,,,,,,,,,,,,,,,,,5616,92.62,-130.14,0,0.93,0.13,-0.07,0,0.95,0.04,-0.05,0,0.01,0.139,-0.16,0,[Fe/H],,,,,4.48,0.06,-0.12,0,4.79,5,-3.04,0,,,,,,,,,,,,,,,,,661.022,6.947,-6.807,1.48405,0.0156183,-0.0156183
Kepler-1216 b,Kepler-1216,b,1,1,1,Transit,0,4.37034536,1.993E-05,-1.993E-05,0,,,,,1.39,0.22,-0.11,0,0.124,0.02,-0.01,0,,,,,,,,,,,,,,,,,,,,,,,,,,,,,,,,,,,,,,,,,,,,,,,,,,,,,,,,,,,,,2.819,0.128,-0.128,0,,,,,0.01321,0.00067,-0.00044,0,,,,,,,,,,,,,,,,,,,,,,,,,5743,73.65,-77.97,0,0.98,0.15,-0.07,0,0.99,0.04,-0.05,0,0.03,0.14,-0.158,0,[Fe/H],,,,,4.46,0.06,-0.13,0,4.07,3.64,-2.38,0,,,,,,,,,,,,,,,,,1258.36,43.17,-40.45,0.766115,0.0261919,-0.0261919
Kepler-1217 b,Kepler-1217,b,1,1,1,Transit,0,2.03232507,6.46E-06,-6.46E-06,0,,,,,1.99,0.48,-0.19,0,0.178,0.043,-0.017,0,,,,,,,,,,,,,,,,,,,,,,,,,,,,,,,,,,,,,,,,,,,,,,,,,,,,,,,,,,,,,1.718,0.0776,-0.0776,0,,,,,0.01668,0.00071,-0.00046,0,,,,,,,,,,,,,,,,,,,,,,,,,5905,82.88,-103.67,0,1.08,0.26,-0.1,0,1.06,0.07,-0.06,0,0.07,0.144,-0.162,0,[Fe/H],,,,,4.4,0.07,-0.17,0,3.8,2.06,-2.04,0,,,,,,,,,,,,,,,,,1347.71,60.63,-55.71,0.713438,0.0317712,-0.0317712
Kepler-1218 b,Kepler-1218,b,1,1,1,Transit,0,22.9221266,0.0002337,-0.0002337,0,,,,,1.44,0.15,-0.14,0,0.128,0.013,-0.012,0,,,,,,,,,,,,,,,,,,,,,,,,,,,,,,,,,,,,,,,,,,,,,,,,,,,,,,,,,,,,,8.261,0.22,-0.22,0,,,,,0.01156,0.00012,-0.00067,0,,,,,,,,,,,,,,,,,,,,,,,,,5986,91.33,-76.59,0,1.1,0.11,-0.09,0,1.06,0.05,-0.05,0,-0.02,0.1,-0.111,0,[Fe/H],,,,,4.38,0.07,-0.08,0,3.8,1.8,-1.83,0,,,,,,,,,,,,,,,,,840.503,12.861,-12.861,1.16109,0.0180649,-0.0180649
Kepler-1219 b,Kepler-1219,b,1,1,1,Transit,0,16.10467749,8.828E-05,-8.828E-05,0,,,,,2.12,0.56,-0.45,0,0.189,0.05,-0.04,0,,,,,,,,,,,,,,,,,,,,,,,,,,,,,,,,,,,,,,,,,,,,,,,,,,,,,,,,,,,,,5.607,0.125,-0.125,0,,,,,0.01019,0.00034,-0.00031,0,,,,,,,,,,,,,,,,,,,,,,,,,5944,91.26,-81.66,0,1.94,0.5,-0.4,0,1.25,0.14,-0.12,0,0.05,0.136,-0.085,0,[Fe/H],,,,,3.97,0.15,-0.19,0,4.37,1.59,-1.11,0,,,,,,,,,,,,,,,,,880.895,18.508,-17.774,1.10685,0.0231915,-0.0231915
Kepler-1220 b,Kepler-1220,b,1,1,1,Transit,0,7.42693741,4.187E-05,-4.187E-05,0,,,,,1.52,0.33,-0.19,0,0.136,0.029,-0.017,0,,,,,,,,,,,,,,,,,,,,,,,,,,,,,,,,,,,,,,,,,,,,,,,,,,,,,,,,,,,,,2.848,0.142,-0.142,0,,,,,0.01377,0.0007,-0.00043,0,,,,,,,,,,,,,,,,,,,,,,,,,5842,246.43,-266.34,0,0.99,0.21,-0.12,0,1,0.12,-0.08,0,-0.04,0.145,-0.182,0,[Fe/H],,,,,4.45,0.08,-0.14,0,3.63,2.89,-2,0,,,,,,,,,,,,,,,,,961.907,33.758,-31.58,1.01233,0.0349881,-0.0349881
Kepler-1221 b,Kepler-1221,b,1,1,1,Transit,0,12.00096042,5.761E-05,-5.761E-05,0,,,,,1.88,0.3,-0.16,0,0.168,0.027,-0.014,0,,,,,,,,,,,,,,,,,,,,,,,,,,,,,,,,,,,,,,,,,,,,,,,,,,,,,,,,,,,,,3.433,0.113,-0.113,0,,,,,0.02136,0.00308,-0.0015,0,,,,,,,,,,,,,,,,,,,,,,,,,5194,45.8,-51.51,0,0.82,0.05,-0.03,0,0.87,0.04,-0.04,0,0.09,0.156,-0.163,0,[Fe/H],,,,,4.55,0.03,-0.06,0,4.57,6.34,-2.81,0,,,,,,,,,,,,,,,,,913.65,,,,,
Kepler-1222 b,Kepler-1222,b,1,1,1,Transit,0,1.91694425,6.11E-06,-6.11E-06,0,,,,,0.79,0.06,-0.06,0,0.07,0.005,-0.005,0,,,,,,,,,,,,,,,,,,,,,,,,,,,,,,,,,,,,,,,,,,,,,,,,,,,,,,,,,,,,,1.4629,0.0823,-0.0823,0,,,,,0.00938,0.0005,-0.00033,0,,,,,,,,,,,,,,,,,,,,,,,,,5239,71,-82.33,0,0.8,0.05,-0.05,0,0.84,0.04,-0.05,0,-0.04,0.147,-0.176,0,[Fe/H],,,,,4.56,0.03,-0.06,0,4.37,5.94,-2.6,0,,,,,,,,,,,,,,,,,415.218,3.241,-3.192,2.3796,0.0185163,-0.0185163
Kepler-1223 b,Kepler-1223,b,1,1,1,Transit,0,16.301259,0.000103,-0.000103,0,,,,,1.22,0.06,-0.08,0,0.109,0.005,-0.007,0,,,,,,,,,,,,,,,,,,,,,,,,,,,,,,,,,,,,,,,,,,,,,,,,,,,,,,,,,,,,,3.984,0.143,-0.143,0,,,,,0.01507,0.00049,-0.00083,0,,,,,,,,,,,,,,,,,,,,,,,,,4870,49.87,-52.19,0,0.75,0.03,-0.03,0,0.8,0.03,-0.04,0,0.04,0.164,-0.166,0,[Fe/H],,,,,4.6,0.02,-0.04,0,3.63,6.39,-1.96,0,,,,,,,,,,,,,,,,,459.957,4.049,-3.979,2.14535,0.0188312,-0.0188312
Kepler-1224 b,Kepler-1224,b,1,1,1,Transit,0,13.32351601,7.281E-05,-7.281E-05,0,,,,,1.33,0.12,-0.08,0,0.119,0.011,-0.007,0,,,,,,,,,,,,,,,,,,,,,,,,,,,,,,,,,,,,,,,,,,,,,,,,,,,,,,,,,,,,,3.927,0.143,-0.143,0,,,,,0.00968,0.00047,-0.00025,0,,,,,,,,,,,,,,,,,,,,,,,,,6155,64.75,-56.71,0,1.22,0.1,-0.07,0,1.18,0.04,-0.03,0,0.14,0.081,-0.082,0,[Fe/H],,,,,4.34,0.04,-0.06,0,2.34,1,-0.841,0,,,,,,,,,,,,,,,,,559.598,8.382,-8.143,1.75853,0.0261814,-0.0261814
Kepler-1225 b,Kepler-1225,b,1,1,1,Transit,0,7.01075434,2.753E-05,-2.753E-05,0,,,,,1.82,0.61,-0.24,0,0.162,0.054,-0.021,0,,,,,,,,,,,,,,,,,,,,,,,,,,,,,,,,,,,,,,,,,,,,,,,,,,,,,,,,,,,,,2.1522,0.0993,-0.0993,0,,,,,0.01388,0.00063,-0.00045,0,,,,,,,,,,,,,,,,,,,,,,,,,6140,133.4,-147.7,0,1.19,0.4,-0.15,0,1.13,0.14,-0.09,0,0.01,0.136,-0.185,0,[Fe/H],,,,,4.34,0.1,-0.2,0,3.02,1.36,-1.3,0,,,,,,,,,,,,,,,,,1347.52,38.105,-38.105,0.713579,0.0208161,-0.0208161
Kepler-1226 b,Kepler-1226,b,1,1,1,Transit,0,17.2923453,0.0001187,-0.0001187,0,,,,,1.45,0.26,-0.15,0,0.129,0.023,-0.013,0,,,,,,,,,,,,,,,,,,,,,,,,,,,,,,,,,,,,,,,,,,,,,,,,,,,,,,,,,,,,,6.724,0.162,-0.162,0,,,,,0.01297,0.00052,-0.00037,0,,,,,,,,,,,,,,,,,,,,,,,,,5923,147.56,-124.19,0,1.02,0.18,-0.1,0,1.02,0.08,-0.07,0,-0.08,0.159,-0.205,0,[Fe/H],,,,,4.43,0.07,-0.13,0,3.72,2.62,-1.96,0,,,,,,,,,,,,,,,,,1125.72,38.885,-38.885,0.860293,0.0304217,-0.0304217
Kepler-1227 b,Kepler-1227,b,1,1,1,Transit,0,94.2887577,0.0005873,-0.0005873,0,,,,,2.29,0.52,-0.23,0,0.204,0.046,-0.021,0,,,,,,,,,,,,,,,,,,,,,,,,,,,,,,,,,,,,,,,,,,,,,,,,,,,,,,,,,,,,,4.144,0.155,-0.155,0,,,,,0.02198,0.00365,-0.00111,0,,,,,,,,,,,,,,,,,,,,,,,,,5747,108.41,-151.11,0,0.95,0.15,-0.08,0,0.97,0.06,-0.07,0,-0.04,0.144,-0.188,0,[Fe/H],,,,,4.47,0.06,-0.12,0,4.17,3.58,-2.47,0,,,,,,,,,,,,,,,,,623.706,6.189,-6.071,1.57451,0.0156392,-0.0156392
Kepler-1228 b,Kepler-1228,b,1,1,1,Transit,0,0.57736958,4.1E-07,-4.1E-07,0,,,,,1.54,0.11,-0.14,0,0.137,0.01,-0.012,0,,,,,,,,,,,,,,,,,,,,,,,,,,,,,,,,,,,,,,,,,,,,,,,,,,,,,,,,,,,,,1.0963,0.0204,-0.0204,0,,,,,0.01868,0.00057,-0.00027,0,,,,,,,,,,,,,,,,,,,,,,,,,5063,94.76,-81.19,0,0.74,0.05,-0.07,0,0.78,0.05,-0.06,0,-0.18,0.179,-0.248,0,[Fe/H],,,,,4.59,0.04,-0.05,0,5.13,5.96,-3.23,0,,,,,,,,,,,,,,,,,515.453,5.424,-5.424,1.91138,0.0202586,-0.0202586
Kepler-1229 b,Kepler-1229,b,1,1,1,Transit,0,86.828989,0.001069,-0.001069,0,,,,,1.4,0.11,-0.13,0,0.125,0.01,-0.012,0,,,,,,,,,,,,,,,,,,,,,,,,,,,,,,,,,,,,,,,,,,,,,,,,,,,,,,,,,,,,,6.001,0.323,-0.323,0,,,,,0.02468,0.00157,-0.00164,0,,,,,,,,,,,,,,,,,,,,,,,,,3784,38.88,-38.61,0,0.51,0.03,-0.03,0,0.54,0.03,-0.04,0,-0.06,0.086,-0.109,0,[Fe/H],,,,,4.75,0.03,-0.02,0,3.72,5.32,-2.07,0,,,,,,,,,,,,,,,,,265.482,3.397,-3.315,3.73881,0.0472469,-0.0472469
Kepler-1230 b,Kepler-1230,b,1,1,1,Transit,0,9.95661537,4.469E-05,-4.469E-05,0,,,,,2.71,0.49,-0.29,0,0.242,0.044,-0.026,0,,,,,,,,,,,,,,,,,,,,,,,,,,,,,,,,,,,,,,,,,,,,,,,,,,,,,,,,,,,,,2.87,0.147,-0.147,0,,,,,0.02344,0.00081,-0.0011,0,,,,,,,,,,,,,,,,,,,,,,,,,5961,134.01,-116.25,0,1.08,0.19,-0.1,0,1.06,0.08,-0.06,0,0.01,0.143,-0.153,0,[Fe/H],,,,,4.4,0.07,-0.13,0,3.47,2,-1.8,0,,,,,,,,,,,,,,,,,1364.22,64.84,-59.3,0.704679,0.0330749,-0.0330749
Kepler-1231 b,Kepler-1231,b,1,1,1,Transit,0,10.41725184,6.556E-05,-6.556E-05,0,,,,,1.42,0.3,-0.12,0,0.127,0.027,-0.011,0,,,,,,,,,,,,,,,,,,,,,,,,,,,,,,,,,,,,,,,,,,,,,,,,,,,,,,,,,,,,,4.187,0.145,-0.145,0,,,,,0.01284,0.00066,-0.00038,0,,,,,,,,,,,,,,,,,,,,,,,,,5778,80.33,-107.4,0,1,0.2,-0.08,0,1.01,0.06,-0.05,0,0.06,0.151,-0.152,0,[Fe/H],,,,,4.44,0.06,-0.15,0,4.17,3.03,-2.47,0,,,,,,,,,,,,,,,,,987.237,20.203,-19.423,0.984289,0.0201707,-0.0201707
Kepler-1232 b,Kepler-1232,b,1,1,1,Transit,0,26.7839183,0.0001786,-0.0001786,0,,,,,1.93,0.24,-0.16,0,0.172,0.021,-0.014,0,,,,,,,,,,,,,,,,,,,,,,,,,,,,,,,,,,,,,,,,,,,,,,,,,,,,,,,,,,,,,4.517,0.163,-0.163,0,,,,,0.01967,0.00044,-0.00111,0,,,,,,,,,,,,,,,,,,,,,,,,,5471,75.31,-111.9,0,0.89,0.11,-0.05,0,0.92,0.04,-0.04,0,0.06,0.147,-0.154,0,[Fe/H],,,,,4.51,0.04,-0.11,0,4.79,6.23,-3.05,0,,,,,,,,,,,,,,,,,632.865,7.674,-7.495,1.55144,0.0187924,-0.0187924
Kepler-1233 b,Kepler-1233,b,1,1,1,Transit,0,45.1263042,0.0005171,-0.0005171,0,,,,,2.6,1.08,-0.39,0,0.232,0.096,-0.035,0,,,,,,,,,,,,,,,,,,,,,,,,,,,,,,,,,,,,,,,,,,,,,,,,,,,,,,,,,,,,,6.631,0.225,-0.225,0,,,,,0.01861,0.00073,-0.00067,0,,,,,,,,,,,,,,,,,,,,,,,,,6198,139.13,-168.47,0,1.25,0.52,-0.18,0,1.16,0.18,-0.1,0,0.02,0.128,-0.161,0,[Fe/H],,,,,4.3,0.11,-0.23,0,2.88,1.14,-1.1,0,,,,,,,,,,,,,,,,,1178.7,38.03,-38.03,0.820419,0.0271382,-0.0271382
Kepler-1234 b,Kepler-1234,b,1,1,1,Transit,0,11.94014029,8.335E-05,-8.335E-05,0,,,,,2.81,0.16,-0.81,0,0.251,0.014,-0.072,0,,,,,,,,,,,,,,,,,,,,,,,,,,,,,,,,,,,,,,,,,,,,,,,,,,,,,,,,,,,,,3.472,0.193,-0.193,0,,,,,0.03396,0.00153,-0.0097,0,,,,,,,,,,,,,,,,,,,,,,,,,4967,56.4,-63.05,0,0.76,0.03,-0.03,0,0.8,0.03,-0.04,0,0.01,0.143,-0.158,0,[Fe/H],,,,,4.59,0.02,-0.04,0,4.37,5.75,-2.57,0,,,,,,,,,,,,,,,,,916.749,32.075,-30.013,1.06285,0.0366297,-0.0366297
Kepler-1235 b,Kepler-1235,b,1,1,1,Transit,0,4.16055856,2.789E-05,-2.789E-05,0,,,,,0.79,0.12,-0.06,0,0.07,0.011,-0.005,0,,,,,,,,,,,,,,,,,,,,,,,,,,,,,,,,,,,,,,,,,,,,,,,,,,,,,,,,,,,,,2.615,0.178,-0.178,0,,,,,0.00768,0.00048,-0.0003,0,,,,,,,,,,,,,,,,,,,,,,,,,5541,78.94,-83.29,0,0.9,0.12,-0.06,0,0.93,0.04,-0.05,0,0.01,0.145,-0.173,0,[Fe/H],,,,,4.5,0.05,-0.12,0,4.57,5.5,-2.88,0,,,,,,,,,,,,,,,,,540.604,4.3595,-4.3595,1.82094,0.0148041,-0.0148041
Kepler-1236 b,Kepler-1236,b,1,1,1,Transit,0,31.0571618,0.0002508,-0.0002508,0,,,,,2.14,0.18,-0.22,0,0.191,0.016,-0.02,0,,,,,,,,,,,,,,,,,,,,,,,,,,,,,,,,,,,,,,,,,,,,,,,,,,,,,,,,,,,,,3.401,0.197,-0.197,0,,,,,0.02359,0.00061,-0.00185,0,,,,,,,,,,,,,,,,,,,,,,,,,5337,155.96,-154.2,0,0.82,0.07,-0.05,0,0.86,0.05,-0.05,0,-0.09,0.154,-0.174,0,[Fe/H],,,,,4.55,0.04,-0.07,0,4.07,5.41,-2.43,0,,,,,,,,,,,,,,,,,999.64,38.08,-35.429,0.973229,0.0364416,-0.0364416
Kepler-1237 b,Kepler-1237,b,1,1,1,Transit,0,84.5733226,0.000648,-0.000648,0,,,,,2.86,0.39,-0.21,0,0.255,0.035,-0.019,0,,,,,,,,,,,,,,,,,,,,,,,,,,,,,,,,,,,,,,,,,,,,,,,,,,,,,,,,,,,,,5.715,0.185,-0.185,0,,,,,0.02891,0.00121,-0.00106,0,,,,,,,,,,,,,,,,,,,,,,,,,5472,73.56,-109.1,0,0.9,0.12,-0.06,0,0.94,0.04,-0.04,0,0.12,0.159,-0.158,0,[Fe/H],,,,,4.5,0.05,-0.12,0,4.57,5.71,-2.87,0,,,,,,,,,,,,,,,,,1064.31,43.36,-40.14,0.912359,0.0365154,-0.0365154
Kepler-1238 b,Kepler-1238,b,1,1,1,Transit,0,4.14787559,3.447E-05,-3.447E-05,0,,,,,1.93,0.85,-0.42,0,0.172,0.076,-0.037,0,,,,,,,,,,,,,,,,,,,,,,,,,,,,,,,,,,,,,,,,,,,,,,,,,,,,,,,,,,,,,3.674,0.208,-0.208,0,,,,,0.01199,0.00054,-0.00048,0,,,,,,,,,,,,,,,,,,,,,,,,,6386,341.26,-299.46,0,1.48,0.65,-0.32,0,1.3,0.24,-0.18,0,0.05,0.13,-0.144,0,[Fe/H],,,,,4.21,0.15,-0.24,0,2.14,1.2,-0.649,0,,,,,,,,,,,,,,,,,1632.13,70.06,-64.62,0.585003,0.0250387,-0.0250387
Kepler-1239 b,Kepler-1239,b,1,1,1,Transit,0,5.19104016,2.643E-05,-2.643E-05,0,,,,,2.9,0.37,-0.31,0,0.259,0.033,-0.028,0,,,,,,,,,,,,,,,,,,,,,,,,,,,,,,,,,,,,,,,,,,,,,,,,,,,,,,,,,,,,,4.268,0.103,-0.103,0,,,,,0.01668,0.00044,-0.00058,0,,,,,,,,,,,,,,,,,,,,,,,,,6564,153.47,-198.42,0,1.57,0.2,-0.16,0,1.4,0.08,-0.09,0,0.22,0.129,-0.172,0,[Fe/H],,,,,4.2,0.07,-0.08,0,1.62,0.632,-0.42,0,,,,,,,,,,,,,,,,,2140.6,156.72,-137.08,0.438967,0.0312565,-0.0312565
Kepler-1240 b,Kepler-1240,b,1,1,1,Transit,0,4.8663815,2.513E-05,-2.513E-05,0,,,,,1.15,0.2,-0.1,0,0.103,0.018,-0.009,0,,,,,,,,,,,,,,,,,,,,,,,,,,,,,,,,,,,,,,,,,,,,,,,,,,,,,,,,,,,,,2.231,0.129,-0.129,0,,,,,0.01098,0.00079,-0.00033,0,,,,,,,,,,,,,,,,,,,,,,,,,5682,103.27,-116.7,0,0.96,0.16,-0.08,0,0.98,0.05,-0.05,0,0.04,0.138,-0.159,0,[Fe/H],,,,,4.47,0.06,-0.14,0,4.07,4.54,-2.3,0,,,,,,,,,,,,,,,,,862.186,13.7155,-13.7155,1.13114,0.0183088,-0.0183088
Kepler-1241 b,Kepler-1241,b,1,1,1,Transit,0,18.5525701,0.0001035,-0.0001035,0,,,,,2.63,0.21,-0.23,0,0.235,0.019,-0.021,0,,,,,,,,,,,,,,,,,,,,,,,,,,,,,,,,,,,,,,,,,,,,,,,,,,,,,,,,,,,,,4.201,0.156,-0.156,0,,,,,0.0299,0.00036,-0.00181,0,,,,,,,,,,,,,,,,,,,,,,,,,5261,180.72,-119.79,0,0.8,0.06,-0.05,0,0.84,0.05,-0.06,0,-0.09,0.153,-0.185,0,[Fe/H],,,,,4.56,0.04,-0.07,0,4.68,6.11,-2.9,0,,,,,,,,,,,,,,,,,968.722,31.398,-29.522,1.00482,0.032173,-0.032173
Kepler-1242 b,Kepler-1242,b,1,1,1,Transit,0,13.62798432,5.714E-05,-5.714E-05,0,,,,,2.26,0.13,-0.13,0,0.202,0.012,-0.012,0,,,,,,,,,,,,,,,,,,,,,,,,,,,,,,,,,,,,,,,,,,,,,,,,,,,,,,,,,,,,,3.0471,0.0907,-0.0907,0,,,,,0.02795,0.0011,-0.00083,0,,,,,,,,,,,,,,,,,,,,,,,,,4895,84.63,-57.56,0,0.74,0.03,-0.04,0,0.77,0.04,-0.04,0,-0.05,0.129,-0.169,0,[Fe/H],,,,,4.6,0.02,-0.04,0,5.62,5.24,-3.22,0,,,,,,,,,,,,,,,,,687.615,14.039,-13.498,1.42599,0.0288911,-0.0288911
Kepler-1243 b,Kepler-1243,b,1,1,1,Transit,0,16.8320729,8.923E-05,-8.923E-05,0,,,,,1.75,0.28,-0.17,0,0.156,0.025,-0.015,0,,,,,,,,,,,,,,,,,,,,,,,,,,,,,,,,,,,,,,,,,,,,,,,,,,,,,,,,,,,,,3.923,0.135,-0.135,0,,,,,0.01667,0.0003,-0.00096,0,,,,,,,,,,,,,,,,,,,,,,,,,5667,113.87,-139.83,0,0.94,0.15,-0.07,0,0.96,0.05,-0.06,0,0.01,0.135,-0.168,0,[Fe/H],,,,,4.48,0.06,-0.13,0,4.37,4.13,-2.62,0,,,,,,,,,,,,,,,,,758.17,13.5955,-13.5955,1.29057,0.0234655,-0.0234655
Kepler-1244 b,Kepler-1244,b,1,1,1,Transit,0,3.70428172,1.784E-05,-1.784E-05,0,,,,,1.35,0.63,-0.25,0,0.12,0.056,-0.022,0,,,,,,,,,,,,,,,,,,,,,,,,,,,,,,,,,,,,,,,,,,,,,,,,,,,,,,,,,,,,,3.281,0.124,-0.124,0,,,,,0.00708,0.00031,-0.00018,0,,,,,,,,,,,,,,,,,,,,,,,,,6680,94.5,-106.27,0,1.77,0.83,-0.33,0,1.46,0.26,-0.14,0,0.05,0.143,-0.165,0,[Fe/H],,,,,4.1,0.14,-0.25,0,1.7,0.42,-0.359,0,,,,,,,,,,,,,,,,,1075.81,26.6,-25.37,0.900907,0.0222745,-0.0222745
Kepler-1246 b,Kepler-1246,b,1,1,1,Transit,0,11.32271513,8.852E-05,-8.852E-05,0,,,,,1.36,0.2,-0.22,0,0.121,0.018,-0.02,0,,,,,,,,,,,,,,,,,,,,,,,,,,,,,,,,,,,,,,,,,,,,,,,,,,,,,,,,,,,,,3.027,0.183,-0.183,0,,,,,0.01759,0.00252,-0.0028,0,,,,,,,,,,,,,,,,,,,,,,,,,4611,49.69,-51.31,0,0.69,0.02,-0.04,0,0.73,0.03,-0.04,0,-0.03,0.158,-0.163,0,[Fe/H],,,,,4.63,0.02,-0.03,0,3.89,6.02,-2.1,0,,,,,,,,,,,,,,,,,436.505,7.167,-7.167,2.26281,0.0373191,-0.0373191
Kepler-1247 b,Kepler-1247,b,1,1,1,Transit,0,13.71220213,6.363E-05,-6.363E-05,0,,,,,2.33,0.21,-0.16,0,0.208,0.019,-0.014,0,,,,,,,,,,,,,,,,,,,,,,,,,,,,,,,,,,,,,,,,,,,,,,,,,,,,,,,,,,,,,2.4927,0.0939,-0.0939,0,,,,,0.02627,0.00119,-0.00094,0,,,,,,,,,,,,,,,,,,,,,,,,,5303,116.55,-112.59,0,0.82,0.06,-0.05,0,0.86,0.04,-0.05,0,-0.05,0.141,-0.156,0,[Fe/H],,,,,4.55,0.04,-0.08,0,4.68,6.65,-2.94,0,,,,,,,,,,,,,,,,,1045.92,42.19,-39.1,0.92864,0.0368234,-0.0368234
Kepler-1248 b,Kepler-1248,b,1,1,1,Transit,0,7.46725407,5.302E-05,-5.302E-05,0,,,,,1.18,0.2,-0.11,0,0.105,0.018,-0.01,0,,,,,,,,,,,,,,,,,,,,,,,,,,,,,,,,,,,,,,,,,,,,,,,,,,,,,,,,,,,,,3.713,0.156,-0.156,0,,,,,0.00862,0.00146,-0.00072,0,,,,,,,,,,,,,,,,,,,,,,,,,6149,83.25,-74.3,0,1.21,0.06,-0.05,0,1.21,0.04,-0.04,0,0.24,0.075,-0.077,0,[Fe/H],,,,,4.36,0.03,-0.04,0,1.51,0.705,-0.371,0,,,,,,,,,,,,,,,,,593.026,,,,,
Kepler-1249 b,Kepler-1249,b,1,1,1,Transit,0,24.3347127,0.0002886,-0.0002886,0,,,,,2.38,0.97,-0.38,0,0.212,0.087,-0.034,0,,,,,,,,,,,,,,,,,,,,,,,,,,,,,,,,,,,,,,,,,,,,,,,,,,,,,,,,,,,,,6.63,0.276,-0.276,0,,,,,0.01721,0.00056,-0.00086,0,,,,,,,,,,,,,,,,,,,,,,,,,6202,133.62,-201.72,0,1.28,0.52,-0.2,0,1.19,0.17,-0.12,0,0.06,0.131,-0.153,0,[Fe/H],,,,,4.29,0.11,-0.23,0,2.82,1.08,-1.11,0,,,,,,,,,,,,,,,,,1904.54,120.33,-107.06,0.497523,0.0305265,-0.0305265
Kepler-1250 b,Kepler-1250,b,1,1,1,Transit,0,2.60754383,6.52E-06,-6.52E-06,0,,,,,1.92,0.45,-0.17,0,0.171,0.04,-0.015,0,,,,,,,,,,,,,,,,,,,,,,,,,,,,,,,,,,,,,,,,,,,,,,,,,,,,,,,,,,,,,1.4646,0.0638,-0.0638,0,,,,,0.01808,0.00084,-0.00044,0,,,,,,,,,,,,,,,,,,,,,,,,,5717,71.36,-82.51,0,0.98,0.22,-0.08,0,0.99,0.05,-0.05,0,0.04,0.139,-0.178,0,[Fe/H],,,,,4.46,0.06,-0.18,0,4.57,4.06,-2.8,0,,,,,,,,,,,,,,,,,2126.85,137.12,-121.79,0.440291,0.0280024,-0.0280024
Kepler-1251 b,Kepler-1251,b,1,1,1,Transit,0,45.0904643,0.000463,-0.000463,0,,,,,1.84,0.26,-0.14,0,0.164,0.023,-0.012,0,,,,,,,,,,,,,,,,,,,,,,,,,,,,,,,,,,,,,,,,,,,,,,,,,,,,,,,,,,,,,3.905,0.256,-0.256,0,,,,,0.01897,0.00104,-0.00074,0,,,,,,,,,,,,,,,,,,,,,,,,,5545,85.54,-95.15,0,0.89,0.12,-0.06,0,0.92,0.05,-0.06,0,-0.04,0.148,-0.177,0,[Fe/H],,,,,4.51,0.05,-0.12,0,4.79,5.71,-3.06,0,,,,,,,,,,,,,,,,,902.204,21.575,-21.575,1.08,0.0262949,-0.0262949
Kepler-1252 b,Kepler-1252,b,1,1,1,Transit,0,15.0540329,0.0001248,-0.0001248,0,,,,,1.67,0.42,-0.23,0,0.149,0.037,-0.021,0,,,,,,,,,,,,,,,,,,,,,,,,,,,,,,,,,,,,,,,,,,,,,,,,,,,,,,,,,,,,,4.275,0.188,-0.188,0,,,,,0.01421,0.00059,-0.00078,0,,,,,,,,,,,,,,,,,,,,,,,,,5949,144.6,-218.38,0,1.09,0.27,-0.14,0,1.06,0.09,-0.09,0,0.03,0.137,-0.161,0,[Fe/H],,,,,4.38,0.09,-0.17,0,3.89,2.36,-2.12,0,,,,,,,,,,,,,,,,,648.979,8.267,-8.065,1.51226,0.019239,-0.019239
Kepler-1253 b,Kepler-1253,b,1,1,1,Transit,0,68.8861915,0.000527,-0.000527,0,,,,,1.33,0.18,-0.18,0,0.119,0.016,-0.016,0,,,,,,,,,,,,,,,,,,,,,,,,,,,,,,,,,,,,,,,,,,,,,,,,,,,,,,,,,,,,,5.95,0.192,-0.192,0,,,,,0.01134,0.00014,-0.00073,0,,,,,,,,,,,,,,,,,,,,,,,,,5850,65.89,-56.44,0,1.1,0.15,-0.13,0,0.97,0.06,-0.06,0,-0.14,0.147,-0.145,0,[Fe/H],,,,,4.33,0.11,-0.1,0,7.08,1.8,-2.82,0,,,,,,,,,,,,,,,,,514.524,5.758,-5.634,1.91487,0.0213517,-0.0213517
Kepler-1255 b,Kepler-1255,b,1,1,1,Transit,0,36.2919336,0.0003156,-0.0003156,0,,,,,2.32,0.64,-0.29,0,0.207,0.057,-0.026,0,,,,,,,,,,,,,,,,,,,,,,,,,,,,,,,,,,,,,,,,,,,,,,,,,,,,,,,,,,,,,8.181,0.21,-0.21,0,,,,,0.01926,0.00073,-0.00056,0,,,,,,,,,,,,,,,,,,,,,,,,,6018,134.73,-186.81,0,1.12,0.31,-0.14,0,1.08,0.1,-0.09,0,0.02,0.133,-0.161,0,[Fe/H],,,,,4.37,0.09,-0.18,0,3.55,2.01,-1.76,0,,,,,,,,,,,,,,,,,1617.07,88.88,-80.21,0.590994,0.0314938,-0.0314938
Kepler-1256 b,Kepler-1256,b,1,1,1,Transit,0,12.4127754,0.000108,-0.000108,0,,,,,1.49,0.44,-0.22,0,0.133,0.039,-0.02,0,,,,,,,,,,,,,,,,,,,,,,,,,,,,,,,,,,,,,,,,,,,,,,,,,,,,,,,,,,,,,4.369,0.19,-0.19,0,,,,,0.01004,0.00218,-0.00051,0,,,,,,,,,,,,,,,,,,,,,,,,,6129,67.94,-69.29,0,1.36,0.27,-0.19,0,1.17,0.09,-0.06,0,0.05,0.092,-0.077,0,[Fe/H],,,,,4.23,0.12,-0.13,0,3.72,0.91,-1.03,0,,,,,,,,,,,,,,,,,891.192,13.1485,-13.1485,1.09336,0.0164279,-0.0164279
Kepler-1257 b,Kepler-1257,b,1,1,1,Transit,0,2.66831376,9.86E-06,-9.86E-06,0,,,,,1.52,0.18,-0.12,0,0.136,0.016,-0.011,0,,,,,,,,,,,,,,,,,,,,,,,,,,,,,,,,,,,,,,,,,,,,,,,,,,,,,,,,,,,,,2.3659,0.0878,-0.0878,0,,,,,0.01582,0.00078,-0.00039,0,,,,,,,,,,,,,,,,,,,,,,,,,5502,168.32,-93.92,0,0.87,0.1,-0.07,0,0.9,0.06,-0.05,0,-0.09,0.147,-0.177,0,[Fe/H],,,,,4.52,0.05,-0.1,0,4.37,5.36,-2.73,0,,,,,,,,,,,,,,,,,1105.95,42.89,-42.89,0.876807,0.0347433,-0.0347433
Kepler-1258 b,Kepler-1258,b,1,1,1,Transit,0,0.98494017,3.18E-06,-3.18E-06,0,,,,,0.86,0.13,-0.08,0,0.077,0.012,-0.007,0,,,,,,,,,,,,,,,,,,,,,,,,,,,,,,,,,,,,,,,,,,,,,,,,,,,,,,,,,,,,,1.9543,0.0721,-0.0721,0,,,,,0.0083,0.00036,-0.00025,0,,,,,,,,,,,,,,,,,,,,,,,,,5839,79.16,-73.45,0,0.99,0.15,-0.08,0,0.99,0.05,-0.06,0,-0.07,0.145,-0.182,0,[Fe/H],,,,,4.45,0.06,-0.12,0,3.89,3.11,-2.17,0,,,,,,,,,,,,,,,,,717.555,8.786,-8.786,1.36485,0.0169344,-0.0169344
Kepler-1259 b,Kepler-1259,b,1,1,1,Transit,0,0.66308526,8.7E-07,-8.7E-07,0,,,,,1.43,0.07,-0.1,0,0.128,0.006,-0.009,0,,,,,,,,,,,,,,,,,,,,,,,,,,,,,,,,,,,,,,,,,,,,,,,,,,,,,,,,,,,,,1.0691,0.0397,-0.0397,0,,,,,0.01712,0.00036,-0.00075,0,,,,,,,,,,,,,,,,,,,,,,,,,5053,113.64,-67.62,0,0.77,0.04,-0.04,0,0.8,0.04,-0.05,0,-0.07,0.144,-0.169,0,[Fe/H],,,,,4.58,0.03,-0.05,0,5.25,6,-3.1,0,,,,,,,,,,,,,,,,,805.562,16.688,-16.036,1.2131,0.025012,-0.025012
Kepler-1260 b,Kepler-1260,b,1,1,1,Transit,0,19.1187753,0.0001687,-0.0001687,0,,,,,1.77,0.51,-0.28,0,0.158,0.045,-0.025,0,,,,,,,,,,,,,,,,,,,,,,,,,,,,,,,,,,,,,,,,,,,,,,,,,,,,,,,,,,,,,6.873,0.199,-0.199,0,,,,,0.01532,0.00136,-0.00137,0,,,,,,,,,,,,,,,,,,,,,,,,,5961,131.56,-192.48,0,1.08,0.3,-0.14,0,1.06,0.09,-0.08,0,0.01,0.136,-0.183,0,[Fe/H],,,,,4.39,0.09,-0.18,0,3.8,2.21,-1.98,0,,,,,,,,,,,,,,,,,1734.43,71.1,-65.8,0.548413,0.0225527,-0.0225527
Kepler-1261 b,Kepler-1261,b,1,1,1,Transit,0,48.4308991,0.0003144,-0.0003144,0,,,,,2.26,0.14,-0.14,0,0.202,0.012,-0.012,0,,,,,,,,,,,,,,,,,,,,,,,,,,,,,,,,,,,,,,,,,,,,,,,,,,,,,,,,,,,,,3.755,0.156,-0.156,0,,,,,0.02722,0.00117,-0.0013,0,,,,,,,,,,,,,,,,,,,,,,,,,5006,48.34,-44.49,0,0.77,0.03,-0.03,0,0.82,0.03,-0.04,0,0.03,0.15,-0.16,0,[Fe/H],,,,,4.58,0.02,-0.04,0,4.47,5.91,-2.63,0,,,,,,,,,,,,,,,,,744.294,14.018,-14.018,1.31506,0.025107,-0.025107
Kepler-1262 b,Kepler-1262,b,1,1,1,Transit,0,8.67900242,3.79E-05,-3.79E-05,0,,,,,1.82,0.32,-0.17,0,0.162,0.029,-0.015,0,,,,,,,,,,,,,,,,,,,,,,,,,,,,,,,,,,,,,,,,,,,,,,,,,,,,,,,,,,,,,2.835,0.106,-0.106,0,,,,,0.01688,0.00068,-0.00053,0,,,,,,,,,,,,,,,,,,,,,,,,,5771,101.71,-103.42,0,0.98,0.17,-0.09,0,0.99,0.06,-0.06,0,-0.02,0.139,-0.182,0,[Fe/H],,,,,4.45,0.06,-0.14,0,4.27,3.55,-2.52,0,,,,,,,,,,,,,,,,,1054.87,30.75,-29.08,0.919613,0.0266673,-0.0266673
Kepler-1263 b,Kepler-1263,b,1,1,1,Transit,0,4.55139967,2.128E-05,-2.128E-05,0,,,,,1.14,0.28,-0.12,0,0.102,0.025,-0.011,0,,,,,,,,,,,,,,,,,,,,,,,,,,,,,,,,,,,,,,,,,,,,,,,,,,,,,,,,,,,,,2.491,0.114,-0.114,0,,,,,0.01333,0.00309,-0.00113,0,,,,,,,,,,,,,,,,,,,,,,,,,5213,61.9,-74.37,0,0.8,0.05,-0.05,0,0.84,0.04,-0.04,0,-0.03,0.157,-0.17,0,[Fe/H],,,,,4.56,0.03,-0.06,0,4.9,6.27,-2.98,0,,,,,,,,,,,,,,,,,664.83,9.049501,-9.049501,1.47547,0.0203166,-0.0203166
Kepler-1264 b,Kepler-1264,b,1,1,1,Transit,0,0.96852602,2.33E-06,-2.33E-06,0,,,,,1.18,0.22,-0.12,0,0.105,0.02,-0.011,0,,,,,,,,,,,,,,,,,,,,,,,,,,,,,,,,,,,,,,,,,,,,,,,,,,,,,,,,,,,,,1.2904,0.0663,-0.0663,0,,,,,0.01051,0.00044,-0.00037,0,,,,,,,,,,,,,,,,,,,,,,,,,5791,109.18,-145.15,0,0.98,0.18,-0.09,0,0.99,0.06,-0.06,0,-0.02,0.139,-0.18,0,[Fe/H],,,,,4.45,0.07,-0.14,0,4.17,3.04,-2.5,0,,,,,,,,,,,,,,,,,801.993,26.163,-24.588,1.21925,0.0391178,-0.0391178
Kepler-1265 b,Kepler-1265,b,1,1,1,Transit,0,6.49441289,2.951E-05,-2.951E-05,0,,,,,1.35,0.07,-0.13,0,0.12,0.006,-0.012,0,,,,,,,,,,,,,,,,,,,,,,,,,,,,,,,,,,,,,,,,,,,,,,,,,,,,,,,,,,,,,2.243,0.107,-0.107,0,,,,,0.01818,0.00067,-0.00102,0,,,,,,,,,,,,,,,,,,,,,,,,,4630,42.63,-41.2,0,0.69,0.03,-0.05,0,0.71,0.04,-0.05,0,-0.1,0.155,-0.204,0,[Fe/H],,,,,4.63,0.03,-0.03,0,5.25,5.57,-3.08,0,,,,,,,,,,,,,,,,,583.641,10.013,-9.687,1.68501,0.0286903,-0.0286903
Kepler-1266 b,Kepler-1266,b,1,1,1,Transit,0,28.474748,0.0002045,-0.0002045,0,,,,,2.58,0.13,-0.46,0,0.23,0.012,-0.041,0,,,,,,,,,,,,,,,,,,,,,,,,,,,,,,,,,,,,,,,,,,,,,,,,,,,,,,,,,,,,,4.809,0.158,-0.158,0,,,,,0.03141,9E-05,-0.00523,0,,,,,,,,,,,,,,,,,,,,,,,,,5044,49.22,-50.99,0,0.76,0.04,-0.05,0,0.8,0.04,-0.05,0,-0.07,0.154,-0.183,0,[Fe/H],,,,,4.59,0.03,-0.05,0,5.13,6.07,-3.17,0,,,,,,,,,,,,,,,,,849.312,26.456,-24.93,1.14948,0.0353232,-0.0353232
Kepler-1267 b,Kepler-1267,b,1,1,1,Transit,0,13.0313945,0.0001104,-0.0001104,0,,,,,3.01,0.95,-0.45,0,0.269,0.085,-0.04,0,,,,,,,,,,,,,,,,,,,,,,,,,,,,,,,,,,,,,,,,,,,,,,,,,,,,,,,,,,,,,4.252,0.161,-0.161,0,,,,,0.02314,0.00114,-0.00086,0,,,,,,,,,,,,,,,,,,,,,,,,,6096,119.67,-215.9,0,1.2,0.37,-0.17,0,1.15,0.11,-0.11,0,0.07,0.15,-0.139,0,[Fe/H],,,,,4.33,0.1,-0.2,0,3.24,1.4,-1.51,0,,,,,,,,,,,,,,,,,1379.43,61.35,-56.42,0.697575,0.0306501,-0.0306501
Kepler-1268 b,Kepler-1268,b,1,1,1,Transit,0,40.9903986,0.0004806,-0.0004806,0,,,,,2.03,0.67,-0.23,0,0.181,0.06,-0.021,0,,,,,,,,,,,,,,,,,,,,,,,,,,,,,,,,,,,,,,,,,,,,,,,,,,,,,,,,,,,,,7.261,0.246,-0.246,0,,,,,0.01712,0.00096,-0.00051,0,,,,,,,,,,,,,,,,,,,,,,,,,5904,68.91,-79.21,0,1.09,0.36,-0.12,0,1.06,0.08,-0.06,0,0.05,0.14,-0.166,0,[Fe/H],,,,,4.38,0.09,-0.21,0,4.27,2.22,-2.43,0,,,,,,,,,,,,,,,,,1840.77,88.89,-81.2,0.514107,0.0249205,-0.0249205
Kepler-1269 b,Kepler-1269,b,1,1,1,Transit,0,37.3331536,0.000321,-0.000321,0,,,,,1.63,0.46,-0.18,0,0.145,0.041,-0.016,0,,,,,,,,,,,,,,,,,,,,,,,,,,,,,,,,,,,,,,,,,,,,,,,,,,,,,,,,,,,,,7.294,0.176,-0.176,0,,,,,0.01273,0.00061,-0.00029,0,,,,,,,,,,,,,,,,,,,,,,,,,5998,88.2,-88.22,0,1.15,0.32,-0.12,0,1.1,0.09,-0.06,0,0.07,0.138,-0.145,0,[Fe/H],,,,,4.36,0.09,-0.18,0,3.55,1.68,-1.8,0,,,,,,,,,,,,,,,,,1097.23,21.44,-20.65,0.882619,0.0173438,-0.0173438
Kepler-1270 b,Kepler-1270,b,1,1,1,Transit,0,6.03356196,6.551E-05,-6.551E-05,0,,,,,3.32,0.3,-0.65,0,0.296,0.027,-0.058,0,,,,,,,,,,,,,,,,,,,,,,,,,,,,,,,,,,,,,,,,,,,,,,,,,,,,,,,,,,,,,10.264,0.271,-0.271,0,,,,,0.00946,2E-05,-0.00137,0,,,,,,,,,,,,,,,,,,,,,,,,,5047,40.17,-34.17,0,3.38,0.3,-0.41,0,1.28,0.01,-0.11,0,-0.02,0.111,-0.02,0,[Fe/H],,,,,3.49,0.09,-0.07,0,4.37,2.14,-0.12,0,,,,,,,,,,,,,,,,,1095.05,14.825,-14.825,0.884313,0.0122722,-0.0122722
Kepler-1271 b,Kepler-1271,b,1,1,1,Transit,0,3.0255955,1.16E-05,-1.16E-05,0,,,,,1.48,0.23,-0.16,0,0.132,0.021,-0.014,0,,,,,,,,,,,,,,,,,,,,,,,,,,,,,,,,,,,,,,,,,,,,,,,,,,,,,,,,,,,,,2.9592,0.095,-0.095,0,,,,,0.01062,0.00042,-0.00027,0,,,,,,,,,,,,,,,,,,,,,,,,,6143,81.37,-88.49,0,1.23,0.18,-0.13,0,1.13,0.06,-0.06,0,-0.01,0.08,-0.094,0,[Fe/H],,,,,4.31,0.09,-0.1,0,3.63,1.06,-1.51,0,,,,,,,,,,,,,,,,,831.991,19.101,-18.277,1.17358,0.0267838,-0.0267838
Kepler-1272 b,Kepler-1272,b,1,1,1,Transit,0,51.1309704,0.0004514,-0.0004514,0,,,,,2.37,0.7,-0.32,0,0.211,0.062,-0.029,0,,,,,,,,,,,,,,,,,,,,,,,,,,,,,,,,,,,,,,,,,,,,,,,,,,,,,,,,,,,,,5.995,0.214,-0.214,0,,,,,0.01991,0.00334,-0.00177,0,,,,,,,,,,,,,,,,,,,,,,,,,5926,95.26,-135.18,0,1.09,0.27,-0.11,0,1.06,0.08,-0.07,0,0.06,0.142,-0.16,0,[Fe/H],,,,,4.39,0.08,-0.17,0,3.89,2.26,-2.1,0,,,,,,,,,,,,,,,,,1206.37,33.67,-31.92,0.800307,0.0223586,-0.0223586
Kepler-1273 b,Kepler-1273,b,1,1,1,Transit,0,28.625653,0.0002174,-0.0002174,0,,,,,2.49,0.33,-0.19,0,0.222,0.029,-0.017,0,,,,,,,,,,,,,,,,,,,,,,,,,,,,,,,,,,,,,,,,,,,,,,,,,,,,,,,,,,,,,4.601,0.167,-0.167,0,,,,,0.02521,0.00085,-0.00111,0,,,,,,,,,,,,,,,,,,,,,,,,,5566,77.45,-71.25,0,0.91,0.12,-0.06,0,0.94,0.04,-0.05,0,0.03,0.132,-0.157,0,[Fe/H],,,,,4.5,0.05,-0.12,0,4.47,5.37,-2.73,0,,,,,,,,,,,,,,,,,1114.24,49.9,-45.88,0.869576,0.0382421,-0.0382421
Kepler-1274 b,Kepler-1274,b,1,1,1,Transit,0,6.98152703,6.708E-05,-6.708E-05,0,,,,,1.42,0.1,-0.1,0,0.127,0.009,-0.009,0,,,,,,,,,,,,,,,,,,,,,,,,,,,,,,,,,,,,,,,,,,,,,,,,,,,,,,,,,,,,,5.896,0.252,-0.252,0,,,,,0.00561,0.00022,-0.00021,0,,,,,,,,,,,,,,,,,,,,,,,,,6179,54.41,-48.15,0,2.17,0.13,-0.12,0,1.45,0.06,-0.05,0,0.11,0.084,-0.071,0,[Fe/H],,,,,3.93,0.04,-0.04,0,2.88,0.3,-0.31,0,,,,,,,,,,,,,,,,,614.648,11.339,-10.943,1.59861,0.029259,-0.029259
Kepler-1275 b,Kepler-1275,b,1,1,1,Transit,0,3.65691115,1.583E-05,-1.583E-05,0,,,,,1.48,0.65,-0.27,0,0.132,0.058,-0.024,0,,,,,,,,,,,,,,,,,,,,,,,,,,,,,,,,,,,,,,,,,,,,,,,,,,,,,,,,,,,,,2.114,0.111,-0.111,0,,,,,0.01003,0.00036,-0.00056,0,,,,,,,,,,,,,,,,,,,,,,,,,6296,202.94,-214.87,0,1.36,0.6,-0.23,0,1.23,0.21,-0.13,0,0.04,0.131,-0.16,0,[Fe/H],,,,,4.26,0.12,-0.25,0,2.51,1.08,-0.829,0,,,,,,,,,,,,,,,,,1153.98,27.195,-27.195,0.838045,0.0202607,-0.0202607
Kepler-1276 b,Kepler-1276,b,1,1,1,Transit,0,12.5720095,0.0001098,-0.0001098,0,,,,,1.19,0.2,-0.11,0,0.106,0.018,-0.01,0,,,,,,,,,,,,,,,,,,,,,,,,,,,,,,,,,,,,,,,,,,,,,,,,,,,,,,,,,,,,,4.717,0.164,-0.164,0,,,,,0.00925,0.00112,-0.00042,0,,,,,,,,,,,,,,,,,,,,,,,,,6188,65.25,-55.24,0,1.21,0.14,-0.1,0,1.14,0.05,-0.05,0,-0.02,0.084,-0.096,0,[Fe/H],,,,,4.33,0.07,-0.09,0,3.09,1,-1.3,0,,,,,,,,,,,,,,,,,538.481,7.014,-6.839,1.8285,0.0237049,-0.0237049
Kepler-1277 b,Kepler-1277,b,1,1,1,Transit,0,40.8365012,0.0004586,-0.0004586,0,,,,,1.6,0.29,-0.11,0,0.143,0.026,-0.01,0,,,,,,,,,,,,,,,,,,,,,,,,,,,,,,,,,,,,,,,,,,,,,,,,,,,,,,,,,,,,,4.944,0.216,-0.216,0,,,,,0.01584,0.00272,-0.00076,0,,,,,,,,,,,,,,,,,,,,,,,,,5578,82.21,-68.73,0,0.92,0.06,-0.05,0,0.94,0.04,-0.04,0,-0.01,0.105,-0.111,0,[Fe/H],,,,,4.49,0.05,-0.07,0,5.01,3.56,-3,0,,,,,,,,,,,,,,,,,557.193,5.836,-5.719,1.76603,0.0184673,-0.0184673
Kepler-1278 b,Kepler-1278,b,1,1,1,Transit,0,3.23941344,1.696E-05,-1.696E-05,0,,,,,1.01,0.31,-0.12,0,0.09,0.028,-0.011,0,,,,,,,,,,,,,,,,,,,,,,,,,,,,,,,,,,,,,,,,,,,,,,,,,,,,,,,,,,,,,2.654,0.13,-0.13,0,,,,,0.00819,0.00045,-0.00023,0,,,,,,,,,,,,,,,,,,,,,,,,,6074,112.24,-128.32,0,1.16,0.35,-0.13,0,1.11,0.11,-0.08,0,0.02,0.134,-0.161,0,[Fe/H],,,,,4.35,0.09,-0.19,0,3.31,1.45,-1.52,0,,,,,,,,,,,,,,,,,889.426,16.498,-15.918,1.09568,0.0203299,-0.0203299
Kepler-1279 b,Kepler-1279,b,1,1,1,Transit,0,23.4774101,0.0002445,-0.0002445,0,,,,,1.75,0.88,-0.27,0,0.156,0.079,-0.024,0,,,,,,,,,,,,,,,,,,,,,,,,,,,,,,,,,,,,,,,,,,,,,,,,,,,,,,,,,,,,,7.271,0.251,-0.251,0,,,,,0.0118,0.00221,-0.00056,0,,,,,,,,,,,,,,,,,,,,,,,,,6221,97.8,-110.44,0,1.33,0.62,-0.19,0,1.21,0.19,-0.1,0,0.06,0.134,-0.141,0,[Fe/H],,,,,4.26,0.12,-0.26,0,2.82,0.804,-1.1,0,,,,,,,,,,,,,,,,,1494.22,36,-34.38,0.640381,0.0156404,-0.0156404
Kepler-1280 b,Kepler-1280,b,1,1,1,Transit,0,66.5579057,0.0007705,-0.0007705,0,,,,,1.87,0.83,-0.29,0,0.167,0.074,-0.026,0,,,,,,,,,,,,,,,,,,,,,,,,,,,,,,,,,,,,,,,,,,,,,,,,,,,,,,,,,,,,,10.399,0.265,-0.265,0,,,,,0.01338,0.00049,-0.00049,0,,,,,,,,,,,,,,,,,,,,,,,,,6227,121.69,-156.51,0,1.32,0.59,-0.2,0,1.2,0.18,-0.11,0,0.04,0.135,-0.153,0,[Fe/H],,,,,4.28,0.11,-0.26,0,2.82,1.02,-1.06,0,,,,,,,,,,,,,,,,,1486.7,34.73,-34.73,0.643883,0.0155912,-0.0155912
Kepler-1281 b,Kepler-1281,b,1,1,1,Transit,0,3.11602791,1.3E-05,-1.3E-05,0,,,,,1.64,0.13,-0.14,0,0.146,0.012,-0.012,0,,,,,,,,,,,,,,,,,,,,,,,,,,,,,,,,,,,,,,,,,,,,,,,,,,,,,,,,,,,,,1.909,0.111,-0.111,0,,,,,0.01801,0.00046,-0.00103,0,,,,,,,,,,,,,,,,,,,,,,,,,5353,86.5,-93.58,0,0.83,0.06,-0.05,0,0.87,0.04,-0.05,0,-0.04,0.169,-0.175,0,[Fe/H],,,,,4.55,0.04,-0.07,0,4.37,5.89,-2.67,0,,,,,,,,,,,,,,,,,,,,,,
Kepler-1282 b,Kepler-1282,b,1,1,1,Transit,0,2.13194651,6.87E-06,-6.87E-06,0,,,,,1.55,0.21,-0.11,0,0.138,0.019,-0.01,0,,,,,,,,,,,,,,,,,,,,,,,,,,,,,,,,,,,,,,,,,,,,,,,,,,,,,,,,,,,,,1.8179,0.0775,-0.0775,0,,,,,0.01567,0.0007,-0.00049,0,,,,,,,,,,,,,,,,,,,,,,,,,5504,81.08,-78.7,0,0.89,0.11,-0.06,0,0.92,0.04,-0.04,0,0.01,0.137,-0.168,0,[Fe/H],,,,,4.51,0.04,-0.12,0,4.57,6.12,-2.89,0,,,,,,,,,,,,,,,,,1103.29,36.22,-34.01,0.878043,0.0286128,-0.0286128
Kepler-1283 b,Kepler-1283,b,1,1,1,Transit,0,12.9460978,0.0002185,-0.0002185,0,,,,,1.91,0.79,-0.31,0,0.17,0.07,-0.028,0,,,,,,,,,,,,,,,,,,,,,,,,,,,,,,,,,,,,,,,,,,,,,,,,,,,,,,,,,,,,,9.583,0.405,-0.405,0,,,,,0.01367,0.0007,-0.00046,0,,,,,,,,,,,,,,,,,,,,,,,,,6175,183.18,-233.53,0,1.25,0.51,-0.2,0,1.16,0.18,-0.11,0,0.04,0.128,-0.159,0,[Fe/H],,,,,4.31,0.12,-0.24,0,2.88,1.57,-1.12,0,,,,,,,,,,,,,,,,,2921.99,304.47,-253.02,0.314584,0.0312507,-0.0312507
Kepler-1284 b,Kepler-1284,b,1,1,1,Transit,0,0.66407381,1.48E-06,-1.48E-06,0,,,,,1.21,0.1,-0.07,0,0.108,0.009,-0.006,0,,,,,,,,,,,,,,,,,,,,,,,,,,,,,,,,,,,,,,,,,,,,,,,,,,,,,,,,,,,,,1.1019,0.0622,-0.0622,0,,,,,0.01354,0.00077,-0.0004,0,,,,,,,,,,,,,,,,,,,,,,,,,5123,62.8,-83.53,0,0.79,0.05,-0.04,0,0.84,0.04,-0.04,0,0.03,0.17,-0.175,0,[Fe/H],,,,,4.57,0.03,-0.05,0,4.47,6.03,-2.68,0,,,,,,,,,,,,,,,,,882.324,24.143,-22.911,1.10517,0.029976,-0.029976
Kepler-1285 b,Kepler-1285,b,1,1,1,Transit,0,14.7967458,0.0001134,-0.0001134,0,,,,,0.97,0.1,-0.08,0,0.087,0.009,-0.007,0,,,,,,,,,,,,,,,,,,,,,,,,,,,,,,,,,,,,,,,,,,,,,,,,,,,,,,,,,,,,,5.638,0.185,-0.185,0,,,,,0.00747,0.00017,-0.00036,0,,,,,,,,,,,,,,,,,,,,,,,,,6170,67.21,-62.49,0,1.28,0.12,-0.09,0,1.2,0.05,-0.04,0,0.16,0.089,-0.088,0,[Fe/H],,,,,4.3,0.06,-0.07,0,2.75,0.868,-1.06,0,,,,,,,,,,,,,,,,,422.269,3.37,-3.317,2.33938,0.0186093,-0.0186093
Kepler-1286 b,Kepler-1286,b,1,1,1,Transit,0,11.25402929,6.812E-05,-6.812E-05,0,,,,,2.15,0.45,-0.18,0,0.192,0.04,-0.016,0,,,,,,,,,,,,,,,,,,,,,,,,,,,,,,,,,,,,,,,,,,,,,,,,,,,,,,,,,,,,,4.679,0.199,-0.199,0,,,,,0.01994,0.00099,-0.00082,0,,,,,,,,,,,,,,,,,,,,,,,,,5753,74.56,-79.2,0,0.98,0.2,-0.07,0,1,0.05,-0.05,0,0.03,0.138,-0.155,0,[Fe/H],,,,,4.45,0.06,-0.15,0,4.17,3.54,-2.46,0,,,,,,,,,,,,,,,,,1354.46,45.81,-42.95,0.709606,0.0240012,-0.0240012
Kepler-1287 b,Kepler-1287,b,1,1,1,Transit,0,11.47685909,6.466E-05,-6.466E-05,0,,,,,1.54,0.22,-0.13,0,0.137,0.02,-0.012,0,,,,,,,,,,,,,,,,,,,,,,,,,,,,,,,,,,,,,,,,,,,,,,,,,,,,,,,,,,,,,2.702,0.132,-0.132,0,,,,,0.01454,0.00083,-0.00056,0,,,,,,,,,,,,,,,,,,,,,,,,,5715,93.97,-83.95,0,0.94,0.13,-0.07,0,0.96,0.05,-0.06,0,-0.05,0.147,-0.183,0,[Fe/H],,,,,4.48,0.05,-0.12,0,4.07,3.92,-2.39,0,,,,,,,,,,,,,,,,,1003.26,26.68,-25.345,0.968282,0.0256375,-0.0256375
Kepler-1288 b,Kepler-1288,b,1,1,1,Transit,0,2.76122421,1.477E-05,-1.477E-05,0,,,,,1.12,0.47,-0.16,0,0.1,0.042,-0.014,0,,,,,,,,,,,,,,,,,,,,,,,,,,,,,,,,,,,,,,,,,,,,,,,,,,,,,,,,,,,,,3.662,0.127,-0.127,0,,,,,0.00772,0.00021,-0.00036,0,,,,,,,,,,,,,,,,,,,,,,,,,6132,87.95,-135.79,0,1.29,0.54,-0.17,0,1.2,0.16,-0.08,0,0.14,0.157,-0.143,0,[Fe/H],,,,,4.29,0.1,-0.24,0,2.88,1.02,-1.23,0,,,,,,,,,,,,,,,,,814.078,,,,,
Kepler-1289 b,Kepler-1289,b,1,1,1,Transit,0,7.99019627,5.083E-05,-5.083E-05,0,,,,,1.52,0.49,-0.24,0,0.136,0.044,-0.021,0,,,,,,,,,,,,,,,,,,,,,,,,,,,,,,,,,,,,,,,,,,,,,,,,,,,,,,,,,,,,,3.274,0.144,-0.144,0,,,,,0.01221,0.00065,-0.00036,0,,,,,,,,,,,,,,,,,,,,,,,,,6080,245.65,-268.17,0,1.17,0.37,-0.18,0,1.1,0.17,-0.1,0,0.02,0.134,-0.153,0,[Fe/H],,,,,4.35,0.12,-0.19,0,2.95,1.92,-1.24,0,,,,,,,,,,,,,,,,,1053.57,21.285,-21.285,0.920716,0.0190235,-0.0190235
Kepler-1290 b,Kepler-1290,b,1,1,1,Transit,0,4.69500134,4.206E-05,-4.206E-05,0,,,,,1.42,0.21,-0.13,0,0.127,0.019,-0.012,0,,,,,,,,,,,,,,,,,,,,,,,,,,,,,,,,,,,,,,,,,,,,,,,,,,,,,,,,,,,,,2.963,0.183,-0.183,0,,,,,0.01448,0.00085,-0.00064,0,,,,,,,,,,,,,,,,,,,,,,,,,5660,114.11,-108.37,0,0.93,0.13,-0.07,0,0.95,0.05,-0.05,0,-0.02,0.131,-0.174,0,[Fe/H],,,,,4.49,0.05,-0.11,0,4.07,4.4,-2.33,0,,,,,,,,,,,,,,,,,1593.7,95.37,-85.36,0.599171,0.0347076,-0.0347076
Kepler-1291 b,Kepler-1291,b,1,1,1,Transit,0,8.63043276,6.731E-05,-6.731E-05,0,,,,,1.66,0.1,-0.18,0,0.148,0.009,-0.016,0,,,,,,,,,,,,,,,,,,,,,,,,,,,,,,,,,,,,,,,,,,,,,,,,,,,,,,,,,,,,,3.131,0.162,-0.162,0,,,,,0.01876,0.00015,-0.00171,0,,,,,,,,,,,,,,,,,,,,,,,,,5216,81.36,-108.14,0,0.8,0.05,-0.05,0,0.84,0.04,-0.05,0,-0.04,0.142,-0.169,0,[Fe/H],,,,,4.56,0.03,-0.06,0,4.9,6.22,-3.09,0,,,,,,,,,,,,,,,,,897.352,27.335,-25.792,1.08646,0.0327124,-0.0327124
Kepler-1292 b,Kepler-1292,b,1,1,1,Transit,0,3.27646405,1.548E-05,-1.548E-05,0,,,,,1.82,0.29,-0.14,0,0.162,0.026,-0.012,0,,,,,,,,,,,,,,,,,,,,,,,,,,,,,,,,,,,,,,,,,,,,,,,,,,,,,,,,,,,,,2.272,0.101,-0.101,0,,,,,0.01801,0.00097,-0.00054,0,,,,,,,,,,,,,,,,,,,,,,,,,5556,63,-77.3,0,0.93,0.14,-0.06,0,0.95,0.04,-0.04,0,0.08,0.166,-0.158,0,[Fe/H],,,,,4.49,0.05,-0.13,0,4.68,5.3,-2.96,0,,,,,,,,,,,,,,,,,1493.43,102.34,-90.25,0.64124,0.0421249,-0.0421249
Kepler-1293 b,Kepler-1293,b,1,1,1,Transit,0,5.57654784,4.024E-05,-4.024E-05,0,,,,,0.97,0.42,-0.15,0,0.087,0.037,-0.013,0,,,,,,,,,,,,,,,,,,,,,,,,,,,,,,,,,,,,,,,,,,,,,,,,,,,,,,,,,,,,,3.745,0.145,-0.145,0,,,,,0.00712,0.00028,-0.00032,0,,,,,,,,,,,,,,,,,,,,,,,,,6241,114.93,-99.8,0,1.28,0.55,-0.18,0,1.18,0.18,-0.1,0,0,0.12,-0.19,0,[Fe/H],,,,,4.29,0.11,-0.24,0,2.82,0.931,-1.1,0,,,,,,,,,,,,,,,,,1028.16,14.93,-14.52,0.943767,0.0138216,-0.0138216
Kepler-1294 b,Kepler-1294,b,1,1,1,Transit,0,115.6862258,0.0008445,-0.0008445,0,,,,,3.19,0.54,-0.31,0,0.285,0.048,-0.028,0,,,,,,,,,,,,,,,,,,,,,,,,,,,,,,,,,,,,,,,,,,,,,,,,,,,,,,,,,,,,,4.625,0.142,-0.142,0,,,,,0.02982,0.00105,-0.001,0,,,,,,,,,,,,,,,,,,,,,,,,,5776,152.5,-137.2,0,0.97,0.16,-0.09,0,0.99,0.07,-0.06,0,-0.03,0.14,-0.18,0,[Fe/H],,,,,4.46,0.07,-0.13,0,3.98,3.15,-2.31,0,,,,,,,,,,,,,,,,,1855.7,97.93,-88.76,0.510047,0.0264651,-0.0264651
Kepler-1295 b,Kepler-1295,b,1,1,1,Transit,0,3.81371974,2.278E-05,-2.278E-05,0,,,,,1.55,0.2,-0.12,0,0.138,0.018,-0.011,0,,,,,,,,,,,,,,,,,,,,,,,,,,,,,,,,,,,,,,,,,,,,,,,,,,,,,,,,,,,,,2.005,0.142,-0.142,0,,,,,0.01648,0.00098,-0.00082,0,,,,,,,,,,,,,,,,,,,,,,,,,5486,70.55,-100.36,0,0.89,0.1,-0.06,0,0.92,0.04,-0.04,0,0.04,0.142,-0.157,0,[Fe/H],,,,,4.51,0.04,-0.1,0,4.68,5.72,-2.94,0,,,,,,,,,,,,,,,,,1174.46,57.58,-52.53,0.823879,0.0395546,-0.0395546
Kepler-1296 b,Kepler-1296,b,1,1,1,Transit,0,8.3839865,8.648E-05,-8.648E-05,0,,,,,0.91,0.09,-0.06,0,0.081,0.008,-0.005,0,,,,,,,,,,,,,,,,,,,,,,,,,,,,,,,,,,,,,,,,,,,,,,,,,,,,,,,,,,,,,4.992,0.243,-0.243,0,,,,,0.00972,0.00063,-0.00033,0,,,,,,,,,,,,,,,,,,,,,,,,,5359,98.28,-120.32,0,0.83,0.07,-0.05,0,0.87,0.04,-0.05,0,-0.04,0.158,-0.164,0,[Fe/H],,,,,4.55,0.04,-0.08,0,4.17,6.04,-2.55,0,,,,,,,,,,,,,,,,,1551.54,58.24,-58.24,0.616204,0.0239875,-0.0239875
Kepler-1297 b,Kepler-1297,b,1,1,1,Transit,0,1.68189002,1.032E-05,-1.032E-05,0,,,,,0.97,0.16,-0.09,0,0.087,0.014,-0.008,0,,,,,,,,,,,,,,,,,,,,,,,,,,,,,,,,,,,,,,,,,,,,,,,,,,,,,,,,,,,,,3,0.159,-0.159,0,,,,,0.00865,0.00041,-0.00032,0,,,,,,,,,,,,,,,,,,,,,,,,,5818,83.49,-92.17,0,0.99,0.16,-0.09,0,0.99,0.06,-0.06,0,-0.04,0.156,-0.189,0,[Fe/H],,,,,4.45,0.07,-0.13,0,4.17,3.1,-2.41,0,,,,,,,,,,,,,,,,,1439.47,44.32,-41.8,0.665904,0.0206198,-0.0206198
Kepler-1298 b,Kepler-1298,b,1,1,1,Transit,0,7.12811928,4.863E-05,-4.863E-05,0,,,,,1.31,0.23,-0.23,0,0.117,0.021,-0.021,0,,,,,,,,,,,,,,,,,,,,,,,,,,,,,,,,,,,,,,,,,,,,,,,,,,,,,,,,,,,,,5.614,0.149,-0.149,0,,,,,0.00621,0.00028,-0.00013,0,,,,,,,,,,,,,,,,,,,,,,,,,6339,64.06,-65.86,0,2,0.34,-0.35,0,1.45,0.12,-0.11,0,0.13,0.09,-0.082,0,[Fe/H],,,,,4,0.13,-0.1,0,2.57,0.35,-0.4,0,,,,,,,,,,,,,,,,,544.163,6.834,-6.669,1.80906,0.0226264,-0.0226264
Kepler-1299 b,Kepler-1299,b,1,1,1,Transit,0,19.9400874,0.0001457,-0.0001457,0,,,,,2.98,0.66,-0.42,0,0.266,0.059,-0.037,0,,,,,,,,,,,,,,,,,,,,,,,,,,,,,,,,,,,,,,,,,,,,,,,,,,,,,,,,,,,,,4.263,0.196,-0.196,0,,,,,0.02998,0.00502,-0.00365,0,,,,,,,,,,,,,,,,,,,,,,,,,5609,92.88,-129.75,0,0.91,0.13,-0.06,0,0.94,0.04,-0.06,0,-0.01,0.139,-0.174,0,[Fe/H],,,,,4.5,0.05,-0.12,0,4.37,4.88,-2.66,0,,,,,,,,,,,,,,,,,1404.94,87.53,-78,0.683821,0.0408906,-0.0408906
Kepler-1300 b,Kepler-1300,b,1,1,1,Transit,0,22.2419092,0.0002454,-0.0002454,0,,,,,1.37,0.3,-0.31,0,0.122,0.027,-0.028,0,,,,,,,,,,,,,,,,,,,,,,,,,,,,,,,,,,,,,,,,,,,,,,,,,,,,,,,,,,,,,7.255,0.225,-0.225,0,,,,,0.00741,0.00043,-0.0002,0,,,,,,,,,,,,,,,,,,,,,,,,,6130,87.31,-108.91,0,1.79,0.38,-0.41,0,1.29,0.16,-0.15,0,0.05,0.102,-0.064,0,[Fe/H],,,,,4.04,0.17,-0.12,0,3.55,1.48,-0.781,0,,,,,,,,,,,,,,,,,777.025,14.561,-14.044,1.25848,0.0235031,-0.0235031
Kepler-1301 b,Kepler-1301,b,1,1,1,Transit,0,9.08237046,4.331E-05,-4.331E-05,0,,,,,1.4,0.13,-0.08,0,0.125,0.012,-0.007,0,,,,,,,,,,,,,,,,,,,,,,,,,,,,,,,,,,,,,,,,,,,,,,,,,,,,,,,,,,,,,2.025,0.119,-0.119,0,,,,,0.01633,0.00107,-0.00059,0,,,,,,,,,,,,,,,,,,,,,,,,,5188,55.6,-60.07,0,0.81,0.05,-0.04,0,0.85,0.04,-0.04,0,0.01,0.141,-0.162,0,[Fe/H],,,,,4.56,0.03,-0.06,0,4.9,6.17,-3.05,0,,,,,,,,,,,,,,,,,854.28,20.44,-19.522,1.14221,0.0271609,-0.0271609
Kepler-1302 b,Kepler-1302,b,1,1,1,Transit,0,8.83922659,5.866E-05,-5.866E-05,0,,,,,1.43,0.15,-0.09,0,0.128,0.013,-0.008,0,,,,,,,,,,,,,,,,,,,,,,,,,,,,,,,,,,,,,,,,,,,,,,,,,,,,,,,,,,,,,1.803,0.169,-0.169,0,,,,,0.01553,0.00118,-0.00064,0,,,,,,,,,,,,,,,,,,,,,,,,,5236,58.55,-77.09,0,0.82,0.06,-0.04,0,0.86,0.04,-0.04,0,0.04,0.157,-0.168,0,[Fe/H],,,,,4.55,0.03,-0.07,0,4.68,6.7,-2.9,0,,,,,,,,,,,,,,,,,634.58,8.518,-8.299,1.54718,0.0207204,-0.0207204
Kepler-1303 b,Kepler-1303,b,1,1,1,Transit,0,7.56127224,4.12E-05,-4.12E-05,0,,,,,1.42,0.35,-0.14,0,0.127,0.031,-0.012,0,,,,,,,,,,,,,,,,,,,,,,,,,,,,,,,,,,,,,,,,,,,,,,,,,,,,,,,,,,,,,2.938,0.15,-0.15,0,,,,,0.01279,0.00071,-0.00049,0,,,,,,,,,,,,,,,,,,,,,,,,,5771,85.68,-110.62,0,1,0.24,-0.09,0,1.01,0.05,-0.05,0,0.04,0.133,-0.156,0,[Fe/H],,,,,4.44,0.07,-0.17,0,4.47,3.42,-2.66,0,,,,,,,,,,,,,,,,,897.783,22.027,-21.014,1.08546,0.0264868,-0.0264868
Kepler-1304 b,Kepler-1304,b,1,1,1,Transit,0,16.1288853,0.0001191,-0.0001191,0,,,,,2.29,0.19,-0.53,0,0.204,0.017,-0.047,0,,,,,,,,,,,,,,,,,,,,,,,,,,,,,,,,,,,,,,,,,,,,,,,,,,,,,,,,,,,,,5.938,0.382,-0.382,0,,,,,0.02576,0.00127,-0.00586,0,,,,,,,,,,,,,,,,,,,,,,,,,5259,97.24,-121.88,0,0.81,0.05,-0.05,0,0.85,0.04,-0.05,0,-0.05,0.151,-0.164,0,[Fe/H],,,,,4.56,0.03,-0.06,0,4.68,5.94,-2.92,0,,,,,,,,,,,,,,,,,2176.08,127.14,-114.1,0.429857,0.0249129,-0.0249129
Kepler-1305 b,Kepler-1305,b,1,1,1,Transit,0,13.5630972,0.0001385,-0.0001385,0,,,,,1.88,0.35,-0.19,0,0.168,0.031,-0.017,0,,,,,,,,,,,,,,,,,,,,,,,,,,,,,,,,,,,,,,,,,,,,,,,,,,,,,,,,,,,,,5.632,0.233,-0.233,0,,,,,0.01794,0.00106,-0.00062,0,,,,,,,,,,,,,,,,,,,,,,,,,5701,138.16,-175.79,0,0.96,0.17,-0.09,0,0.97,0.06,-0.06,0,0.01,0.12,-0.16,0,[Fe/H],,,,,4.47,0.07,-0.14,0,4.37,3.86,-2.61,0,,,,,,,,,,,,,,,,,1575.23,91.2,-81.89,0.607504,0.0339717,-0.0339717
Kepler-1306 b,Kepler-1306,b,1,1,1,Transit,0,16.29595382,7.404E-05,-7.404E-05,0,,,,,1.91,0.45,-0.18,0,0.17,0.04,-0.016,0,,,,,,,,,,,,,,,,,,,,,,,,,,,,,,,,,,,,,,,,,,,,,,,,,,,,,,,,,,,,,2.129,0.123,-0.123,0,,,,,0.01848,0.00117,-0.00059,0,,,,,,,,,,,,,,,,,,,,,,,,,5727,140.59,-132.91,0,0.97,0.22,-0.09,0,0.98,0.07,-0.06,0,0,0.13,-0.172,0,[Fe/H],,,,,4.45,0.07,-0.17,0,4.57,3.9,-2.8,0,,,,,,,,,,,,,,,,,1107.5,29.72,-29.72,0.874581,0.0240336,-0.0240336
Kepler-1307 b,Kepler-1307,b,1,1,1,Transit,0,18.01621096,9.522E-05,-9.522E-05,0,,,,,2.47,0.66,-0.27,0,0.22,0.059,-0.024,0,,,,,,,,,,,,,,,,,,,,,,,,,,,,,,,,,,,,,,,,,,,,,,,,,,,,,,,,,,,,,3.996,0.173,-0.173,0,,,,,0.02121,0.00096,-0.00077,0,,,,,,,,,,,,,,,,,,,,,,,,,5884,77.63,-103.16,0,1.08,0.29,-0.11,0,1.06,0.07,-0.06,0,0.06,0.145,-0.147,0,[Fe/H],,,,,4.39,0.08,-0.18,0,4.07,2.32,-2.29,0,,,,,,,,,,,,,,,,,1014.62,29.3115,-29.3115,0.957395,0.0282375,-0.0282375
Kepler-1308 b,Kepler-1308,b,1,1,1,Transit,0,2.10433812,4.24E-06,-4.24E-06,0,,,,,0.52,0.06,-0.05,0,0.046,0.005,-0.004,0,,,,,,,,,,,,,,,,,,,,,,,,,,,,,,,,,,,,,,,,,,,,,,,,,,,,,,,,,,,,,1.1028,0.0654,-0.0654,0,,,,,0.01388,0.00123,-0.0004,0,,,,,,,,,,,,,,,,,,,,,,,,,3468,33.65,-30.71,0,0.34,0.03,-0.03,0,0.35,0.04,-0.04,0,-0.13,0.078,-0.074,0,[Fe/H],,,,,4.92,0.04,-0.03,0,3.72,5.97,-2.13,0,,,,,,,,,,,,,,,,,112.705,0.425,-0.421,8.84392,0.0330216,-0.0330216
Kepler-1309 b,Kepler-1309,b,1,1,1,Transit,0,28.8432647,0.0002652,-0.0002652,0,,,,,2.37,0.2,-0.2,0,0.211,0.018,-0.018,0,,,,,,,,,,,,,,,,,,,,,,,,,,,,,,,,,,,,,,,,,,,,,,,,,,,,,,,,,,,,,3.1,0.24,-0.24,0,,,,,0.02653,0.00128,-0.00143,0,,,,,,,,,,,,,,,,,,,,,,,,,5235,99.72,-154.88,0,0.8,0.06,-0.05,0,0.85,0.05,-0.05,0,-0.03,0.162,-0.17,0,[Fe/H],,,,,4.56,0.04,-0.06,0,4.27,6.16,-2.6,0,,,,,,,,,,,,,,,,,,,,,,
Kepler-1310 b,Kepler-1310,b,1,1,1,Transit,0,0.67933627,7.2E-07,-7.2E-07,0,,,,,1.44,0.16,-0.12,0,0.128,0.014,-0.011,0,,,,,,,,,,,,,,,,,,,,,,,,,,,,,,,,,,,,,,,,,,,,,,,,,,,,,,,,,,,,,1.1783,0.0327,-0.0327,0,,,,,0.01471,0.00041,-0.00038,0,,,,,,,,,,,,,,,,,,,,,,,,,5549,136.6,-124.53,0,0.88,0.1,-0.07,0,0.91,0.05,-0.06,0,-0.07,0.151,-0.183,0,[Fe/H],,,,,4.51,0.05,-0.1,0,4.17,5.36,-2.49,0,,,,,,,,,,,,,,,,,569.185,6.757,-6.603,1.72822,0.0204625,-0.0204625
Kepler-1312 b,Kepler-1312,b,1,1,1,Transit,0,5.44832529,7.35E-06,-7.35E-06,0,,,,,2.1,0.08,-0.07,0,0.187,0.007,-0.006,0,,,,,,,,,,,,,,,,,,,,,,,,,,,,,,,,,,,,,,,,,,,,,,,,,,,,,,,,,,,,,2.2251,0.0377,-0.0377,0,,,,,0.02109,0.00062,-0.00021,0,,,,,,,,,,,,,,,,,,,,,,,,,5719,71.88,-58.57,0,0.92,0.03,-0.03,0,0.99,0.03,-0.03,0,-0.02,0.094,-0.096,0,[Fe/H],,,,,4.51,0.02,-0.02,0,2,1.19,-0.624,0,,,,,,,,,,,,,,,,,299.104,2.305,-2.27,3.31466,0.0253744,-0.0253744
Kepler-1313 b,Kepler-1313,b,1,1,1,Transit,0,3.83309118,5.34E-06,-5.34E-06,0,,,,,1.76,0.06,-0.08,0,0.157,0.005,-0.007,0,,,,,,,,,,,,,,,,,,,,,,,,,,,,,,,,,,,,,,,,,,,,,,,,,,,,,,,,,,,,,1.372,0.0426,-0.0426,0,,,,,0.0195,0.00034,-0.00068,0,,,,,,,,,,,,,,,,,,,,,,,,,5453,82.15,-76.05,0,0.85,0.03,-0.03,0,0.92,0.03,-0.03,0,0,0.093,-0.1,0,[Fe/H],,,,,4.54,0.02,-0.02,0,2.69,2.04,-1.17,0,,,,,,,,,,,,,,,,,174.234,0.717,-0.712,5.7106,0.0233465,-0.0233465
Kepler-1314 b,Kepler-1314,b,1,1,1,Transit,0,5.42474928,3.97E-06,-3.97E-06,0,,,,,5.11,0.19,-0.19,0,0.456,0.017,-0.017,0,,,,,,,,,,,,,,,,,,,,,,,,,,,,,,,,,,,,,,,,,,,,,,,,,,,,,,,,,,,,,1.1431,0.0213,-0.0213,0,,,,,0.08038,0.00158,-0.00068,0,,,,,,,,,,,,,,,,,,,,,,,,,4188,92.28,-113.71,0,0.59,0.02,-0.02,0,0.6,0.02,-0.02,0,-0.22,0.078,-0.068,0,[Fe/H],,,,,4.68,0.02,-0.02,0,6.03,5.91,-3.53,0,,,,,,,,,,,,,,,,,,,,,,
Kepler-1315 b,Kepler-1315,b,1,1,1,Transit,0,0.84338011,8.2E-07,-8.2E-07,0,,,,,1.38,0.08,-0.06,0,0.123,0.007,-0.005,0,,,,,,,,,,,,,,,,,,,,,,,,,,,,,,,,,,,,,,,,,,,,,,,,,,,,,,,,,,,,,1.4362,0.0286,-0.0286,0,,,,,0.01677,0.00069,-0.00027,0,,,,,,,,,,,,,,,,,,,,,,,,,4861,81.92,-112.47,0,0.75,0.03,-0.03,0,0.8,0.03,-0.04,0,0.07,0.157,-0.165,0,[Fe/H],,,,,4.6,0.02,-0.04,0,3.47,5.95,-1.84,0,,,,,,,,,,,,,,,,,480.869,5.724,-5.724,2.05104,0.0245624,-0.0245624
Kepler-1316 b,Kepler-1316,b,1,1,1,Transit,0,87.9732136,0.0005231,-0.0005231,0,,,,,3.54,0.55,-0.38,0,0.316,0.049,-0.034,0,,,,,,,,,,,,,,,,,,,,,,,,,,,,,,,,,,,,,,,,,,,,,,,,,,,,,,,,,,,,,14.69,0.133,-0.133,0,,,,,0.0292,0.00068,-0.00027,0,,,,,,,,,,,,,,,,,,,,,,,,,5884,97.8,-96.34,0,1.12,0.17,-0.12,0,1.04,0.05,-0.05,0,0.03,0.084,-0.084,0,[Fe/H],,,,,4.36,0.1,-0.11,0,5.13,1.9,-2.65,0,,,,,,,,,,,,,,,,,800.871,9.938,-9.701,1.21994,0.0151924,-0.0151924
Kepler-1317 b,Kepler-1317,b,1,1,1,Transit,0,0.56887443,6E-07,-6E-07,0,,,,,1.56,0.09,-0.08,0,0.139,0.008,-0.007,0,,,,,,,,,,,,,,,,,,,,,,,,,,,,,,,,,,,,,,,,,,,,,,,,,,,,,,,,,,,,,1.2152,0.0307,-0.0307,0,,,,,0.01751,0.0006,-0.00026,0,,,,,,,,,,,,,,,,,,,,,,,,,5144,84.2,-69.2,0,0.79,0.04,-0.04,0,0.83,0.04,-0.04,0,-0.01,0.133,-0.156,0,[Fe/H],,,,,4.57,0.03,-0.05,0,4.79,5.83,-2.76,0,,,,,,,,,,,,,,,,,728.303,12.1715,-12.1715,1.34457,0.0227682,-0.0227682
Kepler-1318 b,Kepler-1318,b,1,1,1,Transit,0,213.257663,0.001051,-0.001051,0,,,,,3.11,0.17,-0.15,0,0.277,0.015,-0.013,0,,,,,,,,,,,,,,,,,,,,,,,,,,,,,,,,,,,,,,,,,,,,,,,,,,,,,,,,,,,,,7.775,0.159,-0.159,0,,,,,0.04095,0.00183,-0.00076,0,,,,,,,,,,,,,,,,,,,,,,,,,4598,63.77,-51.73,0,0.7,0.02,-0.03,0,0.73,0.03,-0.04,0,-0.01,0.141,-0.146,0,[Fe/H],,,,,4.62,0.02,-0.03,0,4.57,5.85,-2.61,0,,,,,,,,,,,,,,,,,475.248,5.805,-5.67,2.07563,0.0252089,-0.0252089
Kepler-1320 b,Kepler-1320,b,1,1,1,Transit,0,0.86838653,1.16E-06,-1.16E-06,0,,,,,1.7,0.07,-0.11,0,0.152,0.006,-0.01,0,,,,,,,,,,,,,,,,,,,,,,,,,,,,,,,,,,,,,,,,,,,,,,,,,,,,,,,,,,,,,1.0575,0.0413,-0.0413,0,,,,,0.02147,0.00025,-0.00116,0,,,,,,,,,,,,,,,,,,,,,,,,,4817,51.95,-67.43,0,0.74,0.03,-0.03,0,0.8,0.03,-0.04,0,0.1,0.154,-0.167,0,[Fe/H],,,,,4.6,0.01,-0.04,0,3.16,6.57,-1.64,0,,,,,,,,,,,,,,,,,647.424,15.268,-14.592,1.51664,0.0353298,-0.0353298
Kepler-1322 b,Kepler-1322,b,1,1,1,Transit,0,0.96286738,2.04E-06,-2.04E-06,0,,,,,1.61,0.2,-0.13,0,0.144,0.018,-0.012,0,,,,,,,,,,,,,,,,,,,,,,,,,,,,,,,,,,,,,,,,,,,,,,,,,,,,,,,,,,,,,1.6247,0.0569,-0.0569,0,,,,,0.01686,0.00051,-0.00044,0,,,,,,,,,,,,,,,,,,,,,,,,,5488,151.55,-103.39,0,0.87,0.11,-0.07,0,0.9,0.05,-0.06,0,-0.07,0.151,-0.184,0,[Fe/H],,,,,4.52,0.05,-0.11,0,4.47,5.79,-2.8,0,,,,,,,,,,,,,,,,,1350.32,70.33,-63.8,0.712904,0.0358568,-0.0358568
Kepler-1323 b,Kepler-1323,b,1,1,1,Transit,0,0.92990668,7.5E-07,-7.5E-07,0,,,,,1.52,0.33,-0.24,0,0.136,0.029,-0.021,0,,,,,,,,,,,,,,,,,,,,,,,,,,,,,,,,,,,,,,,,,,,,,,,,,,,,,,,,,,,,,1.7428,0.019,-0.019,0,,,,,0.00987,0.0001,-0.00022,0,,,,,,,,,,,,,,,,,,,,,,,,,6169,74.24,-59.83,0,1.4,0.3,-0.21,0,1.18,0.11,-0.06,0,0.02,0.082,-0.088,0,[Fe/H],,,,,4.21,0.14,-0.13,0,3.55,0.84,-0.96,0,,,,,,,,,,,,,,,,,465.417,4.879,-4.78,2.11996,0.0221271,-0.0221271
Kepler-1324 b,Kepler-1324,b,1,1,1,Transit,0,4.11584468,8.55E-06,-8.55E-06,0,,,,,1.51,0.08,-0.09,0,0.135,0.007,-0.008,0,,,,,,,,,,,,,,,,,,,,,,,,,,,,,,,,,,,,,,,,,,,,,,,,,,,,,,,,,,,,,1.385,0.0658,-0.0658,0,,,,,0.019,0.00077,-0.00068,0,,,,,,,,,,,,,,,,,,,,,,,,,4776,54.15,-70.56,0,0.73,0.02,-0.03,0,0.78,0.03,-0.04,0,0.05,0.152,-0.176,0,[Fe/H],,,,,4.61,0.02,-0.03,0,2.88,6.07,-1.37,0,,,,,,,,,,,,,,,,,481.667,6.436,-6.27,2.04769,0.0271716,-0.0271716
Kepler-1325 b,Kepler-1325,b,1,1,1,Transit,0,33.8786838,0.0002334,-0.0002334,0,,,,,2.86,0.4,-0.47,0,0.255,0.036,-0.042,0,,,,,,,,,,,,,,,,,,,,,,,,,,,,,,,,,,,,,,,,,,,,,,,,,,,,,,,,,,,,,5.811,0.2,-0.2,0,,,,,0.02868,2E-05,-0.00434,0,,,,,,,,,,,,,,,,,,,,,,,,,5550,82.37,-93.24,0,0.91,0.13,-0.06,0,0.93,0.04,-0.05,0,0.01,0.126,-0.178,0,[Fe/H],,,,,4.5,0.05,-0.12,0,4.79,5.61,-2.99,0,,,,,,,,,,,,,,,,,973.368,22.06,-21.121,0.998791,0.0226094,-0.0226094
Kepler-1326 b,Kepler-1326,b,1,1,1,Transit,0,42.3514267,0.0001372,-0.0001372,0,,,,,4.18,1.51,-0.76,0,0.373,0.135,-0.068,0,,,,,,,,,,,,,,,,,,,,,,,,,,,,,,,,,,,,,,,,,,,,,,,,,,,,,,,,,,,,,7.6356,0.0822,-0.0822,0,,,,,0.0224,0.0005,-0.00027,0,,,,,,,,,,,,,,,,,,,,,,,,,6725,280.9,-196.41,0,1.74,0.63,-0.32,0,1.45,0.21,-0.16,0,0.02,0.129,-0.168,0,[Fe/H],,,,,4.12,0.13,-0.21,0,1.7,0.53,-0.392,0,,,,,,,,,,,,,,,,,698.326,16.614,-15.873,1.40429,0.0330325,-0.0330325
Kepler-1327 b,Kepler-1327,b,1,1,1,Transit,0,14.88801098,8.768E-05,-8.768E-05,0,,,,,1.8,0.58,-0.2,0,0.161,0.052,-0.018,0,,,,,,,,,,,,,,,,,,,,,,,,,,,,,,,,,,,,,,,,,,,,,,,,,,,,,,,,,,,,,5.062,0.125,-0.125,0,,,,,0.01557,0.00339,-0.00071,0,,,,,,,,,,,,,,,,,,,,,,,,,5885,115.84,-121.67,0,1.03,0.25,-0.11,0,1.02,0.07,-0.07,0,-0.03,0.146,-0.2,0,[Fe/H],,,,,4.42,0.07,-0.17,0,4.07,2.81,-2.27,0,,,,,,,,,,,,,,,,,678.069,5.7465,-5.7465,1.4459,0.0124053,-0.0124053
Kepler-1328 b,Kepler-1328,b,1,1,1,Transit,0,4.52158888,2.184E-05,-2.184E-05,0,,,,,0.98,0.2,-0.09,0,0.087,0.018,-0.008,0,,,,,,,,,,,,,,,,,,,,,,,,,,,,,,,,,,,,,,,,,,,,,,,,,,,,,,,,,,,,,3.4897,0.0957,-0.0957,0,,,,,0.00944,0.00037,-0.00029,0,,,,,,,,,,,,,,,,,,,,,,,,,5780,91.61,-90.02,0,0.99,0.2,-0.09,0,1,0.06,-0.06,0,0,0.131,-0.177,0,[Fe/H],,,,,4.44,0.07,-0.15,0,4.57,3.12,-2.7,0,,,,,,,,,,,,,,,,,813.543,10.871,-10.871,1.20042,0.0163004,-0.0163004
Kepler-1329 b,Kepler-1329,b,1,1,1,Transit,0,9.33646594,3.106E-05,-3.106E-05,0,,,,,2.17,0.06,-0.16,0,0.194,0.005,-0.014,0,,,,,,,,,,,,,,,,,,,,,,,,,,,,,,,,,,,,,,,,,,,,,,,,,,,,,,,,,,,,,2.2637,0.0954,-0.0954,0,,,,,0.02897,0.00029,-0.00187,0,,,,,,,,,,,,,,,,,,,,,,,,,4500,38.73,-38.83,0,0.69,0.02,-0.02,0,0.72,0.02,-0.02,0,0.02,0.123,-0.107,0,[Fe/H],,,,,4.62,0.02,-0.03,0,5.62,5.37,-3.16,0,,,,,,,,,,,,,,,,,588.037,12.184,-11.708,1.67244,0.0342731,-0.0342731
Kepler-1330 b,Kepler-1330,b,1,1,1,Transit,0,10.10769068,4.951E-05,-4.951E-05,0,,,,,1.65,0.4,-0.13,0,0.147,0.036,-0.012,0,,,,,,,,,,,,,,,,,,,,,,,,,,,,,,,,,,,,,,,,,,,,,,,,,,,,,,,,,,,,,3.657,0.102,-0.102,0,,,,,0.01644,0.00052,-0.00051,0,,,,,,,,,,,,,,,,,,,,,,,,,5608,83,-112.79,0,0.94,0.23,-0.07,0,0.97,0.05,-0.05,0,0.08,0.139,-0.151,0,[Fe/H],,,,,4.48,0.06,-0.18,0,4.9,4.9,-3.15,0,,,,,,,,,,,,,,,,,1720.48,68.88,-63.86,0.552647,0.0222411,-0.0222411
Kepler-1331 b,Kepler-1331,b,1,1,1,Transit,0,0.78916165,1.21E-06,-1.21E-06,0,,,,,1.05,0.09,-0.08,0,0.094,0.008,-0.007,0,,,,,,,,,,,,,,,,,,,,,,,,,,,,,,,,,,,,,,,,,,,,,,,,,,,,,,,,,,,,,0.9052,0.053,-0.053,0,,,,,0.01412,0.00064,-0.0006,0,,,,,,,,,,,,,,,,,,,,,,,,,4508,243.21,-204.59,0,0.69,0.05,-0.04,0,0.72,0.05,-0.05,0,0.05,0.155,-0.16,0,[Fe/H],,,,,4.63,0.03,-0.03,0,4.17,5.56,-2.41,0,,,,,,,,,,,,,,,,,319.197,2.614,-2.572,3.10424,0.025258,-0.025258
Kepler-1332 b,Kepler-1332,b,1,1,1,Transit,0,11.87456832,3.749E-05,-3.749E-05,0,,,,,1.37,0.09,-0.05,0,0.122,0.008,-0.004,0,,,,,,,,,,,,,,,,,,,,,,,,,,,,,,,,,,,,,,,,,,,,,,,,,,,,,,,,,,,,,1.9902,0.0715,-0.0715,0,,,,,0.01381,0.00076,-0.00024,0,,,,,,,,,,,,,,,,,,,,,,,,,5581,83.36,-69.91,0,0.9,0.04,-0.03,0,0.95,0.03,-0.04,0,0,0.098,-0.1,0,[Fe/H],,,,,4.51,0.03,-0.03,0,3.24,2.43,-1.58,0,,,,,,,,,,,,,,,,,528.685,4.209,-4.209,1.86266,0.014945,-0.014945
Kepler-1333 b,Kepler-1333,b,1,1,1,Transit,0,109.6471842,0.0007077,-0.0007077,0,,,,,2.81,0.4,-0.25,0,0.251,0.036,-0.022,0,,,,,,,,,,,,,,,,,,,,,,,,,,,,,,,,,,,,,,,,,,,,,,,,,,,,,,,,,,,,,6.248,0.141,-0.141,0,,,,,0.02827,0.00103,-0.00067,0,,,,,,,,,,,,,,,,,,,,,,,,,5628,142.84,-162.16,0,0.92,0.13,-0.08,0,0.94,0.06,-0.06,0,-0.04,0.15,-0.187,0,[Fe/H],,,,,4.49,0.06,-0.12,0,4.57,4.53,-2.79,0,,,,,,,,,,,,,,,,,932.446,30.4685,-30.4685,1.04501,0.0347333,-0.0347333
Kepler-1334 b,Kepler-1334,b,1,1,1,Transit,0,15.64591713,7.265E-05,-7.265E-05,0,,,,,2.29,0.31,-0.18,0,0.204,0.028,-0.016,0,,,,,,,,,,,,,,,,,,,,,,,,,,,,,,,,,,,,,,,,,,,,,,,,,,,,,,,,,,,,,4.012,0.118,-0.118,0,,,,,0.02304,0.0007,-0.00082,0,,,,,,,,,,,,,,,,,,,,,,,,,5614,91.79,-87.5,0,0.91,0.12,-0.06,0,0.94,0.04,-0.05,0,-0.03,0.139,-0.175,0,[Fe/H],,,,,4.5,0.05,-0.12,0,4.27,5.15,-2.57,0,,,,,,,,,,,,,,,,,1223.04,34.12,-32.35,0.788915,0.0220456,-0.0220456
Kepler-1335 b,Kepler-1335,b,1,1,1,Transit,0,6.26406846,2.706E-05,-2.706E-05,0,,,,,1.45,0.1,-0.09,0,0.129,0.009,-0.008,0,,,,,,,,,,,,,,,,,,,,,,,,,,,,,,,,,,,,,,,,,,,,,,,,,,,,,,,,,,,,,2.442,0.107,-0.107,0,,,,,0.01807,0.00102,-0.00055,0,,,,,,,,,,,,,,,,,,,,,,,,,4903,66.92,-62.59,0,0.74,0.03,-0.04,0,0.77,0.04,-0.04,0,-0.07,0.156,-0.178,0,[Fe/H],,,,,4.6,0.03,-0.04,0,4.9,5.92,-2.97,0,,,,,,,,,,,,,,,,,621.853,9.564,-9.283,1.57956,0.0241801,-0.0241801
Kepler-1337 b,Kepler-1337,b,1,1,1,Transit,0,24.4002549,0.0001089,-0.0001089,0,,,,,2.41,0.1,-0.44,0,0.215,0.009,-0.039,0,,,,,,,,,,,,,,,,,,,,,,,,,,,,,,,,,,,,,,,,,,,,,,,,,,,,,,,,,,,,,2.875,0.131,-0.131,0,,,,,0.03286,1E-05,-0.00564,0,,,,,,,,,,,,,,,,,,,,,,,,,4523,51.15,-50.38,0,0.67,0.03,-0.05,0,0.7,0.04,-0.05,0,-0.09,0.167,-0.188,0,[Fe/H],,,,,4.64,0.03,-0.03,0,4.27,6.06,-2.48,0,,,,,,,,,,,,,,,,,601.629,11.759,-11.325,1.63392,0.0316362,-0.0316362
Kepler-1338 b,Kepler-1338,b,1,1,1,Transit,0,0.93511806,2.76E-06,-2.76E-06,0,,,,,0.92,0.19,-0.1,0,0.082,0.017,-0.009,0,,,,,,,,,,,,,,,,,,,,,,,,,,,,,,,,,,,,,,,,,,,,,,,,,,,,,,,,,,,,,1.542,0.0831,-0.0831,0,,,,,0.00771,0.00024,-0.00034,0,,,,,,,,,,,,,,,,,,,,,,,,,5909,114.45,-138.71,0,1.05,0.21,-0.11,0,1.04,0.08,-0.07,0,0,0.155,-0.177,0,[Fe/H],,,,,4.41,0.08,-0.15,0,3.8,2.49,-2.07,0,,,,,,,,,,,,,,,,,753.26,10.89,-10.589,1.29886,0.0187822,-0.0187822
Kepler-1339 b,Kepler-1339,b,1,1,1,Transit,0,1.34155513,3.7E-06,-3.7E-06,0,,,,,0.71,0.06,-0.04,0,0.063,0.005,-0.004,0,,,,,,,,,,,,,,,,,,,,,,,,,,,,,,,,,,,,,,,,,,,,,,,,,,,,,,,,,,,,,1.7009,0.0678,-0.0678,0,,,,,0.007,0.00033,-0.00015,0,,,,,,,,,,,,,,,,,,,,,,,,,5586,51.01,-56.05,0,0.93,0.06,-0.05,0,0.94,0.03,-0.04,0,0.01,0.112,-0.11,0,[Fe/H],,,,,4.47,0.05,-0.06,0,5.62,3.23,-3.11,0,,,,,,,,,,,,,,,,,371.049,8.117,-7.783,2.66794,0.0572745,-0.0572745
Kepler-1340 b,Kepler-1340,b,1,1,1,Transit,0,0.66502692,1.6E-06,-1.6E-06,0,,,,,1.55,0.7,-0.27,0,0.138,0.062,-0.024,0,,,,,,,,,,,,,,,,,,,,,,,,,,,,,,,,,,,,,,,,,,,,,,,,,,,,,,,,,,,,,1.7384,0.061,-0.061,0,,,,,0.00962,0.00037,-0.00024,0,,,,,,,,,,,,,,,,,,,,,,,,,6331,166.81,-219.14,0,1.42,0.64,-0.25,0,1.27,0.2,-0.14,0,0.07,0.146,-0.139,0,[Fe/H],,,,,4.24,0.13,-0.26,0,2.4,0.89,-0.773,0,,,,,,,,,,,,,,,,,981.779,24.371,-23.236,0.990413,0.0244904,-0.0244904
Kepler-1342 b,Kepler-1342,b,1,1,1,Transit,0,2.21571036,8.12E-06,-8.12E-06,0,,,,,1.66,0.22,-0.13,0,0.148,0.02,-0.012,0,,,,,,,,,,,,,,,,,,,,,,,,,,,,,,,,,,,,,,,,,,,,,,,,,,,,,,,,,,,,,1.8915,0.0922,-0.0922,0,,,,,0.01669,0.00094,-0.00045,0,,,,,,,,,,,,,,,,,,,,,,,,,5527,128.51,-178.84,0,0.9,0.11,-0.06,0,0.93,0.05,-0.06,0,0.03,0.137,-0.157,0,[Fe/H],,,,,4.51,0.05,-0.1,0,4.37,5.3,-2.69,0,,,,,,,,,,,,,,,,,890.724,27.58,-25.998,1.09517,0.0334706,-0.0334706
Kepler-1343 b,Kepler-1343,b,1,1,1,Transit,0,3.35183158,1.113E-05,-1.113E-05,0,,,,,1.93,0.25,-0.19,0,0.172,0.022,-0.017,0,,,,,,,,,,,,,,,,,,,,,,,,,,,,,,,,,,,,,,,,,,,,,,,,,,,,,,,,,,,,,1.9405,0.0927,-0.0927,0,,,,,0.01914,0.00078,-0.00062,0,,,,,,,,,,,,,,,,,,,,,,,,,5759,107.08,-75.84,0,0.93,0.11,-0.08,0,0.95,0.06,-0.08,0,-0.16,0.186,-0.214,0,[Fe/H],,,,,4.48,0.06,-0.1,0,3.98,3.8,-2.31,0,,,,,,,,,,,,,,,,,1756.71,99.1,-89.25,0.540401,0.0297941,-0.0297941
Kepler-1344 b,Kepler-1344,b,1,1,1,Transit,0,4.7683049,1.895E-05,-1.895E-05,0,,,,,1.84,0.5,-0.2,0,0.164,0.045,-0.018,0,,,,,,,,,,,,,,,,,,,,,,,,,,,,,,,,,,,,,,,,,,,,,,,,,,,,,,,,,,,,,3.2517,0.0672,-0.0672,0,,,,,0.01466,0.00047,-0.00032,0,,,,,,,,,,,,,,,,,,,,,,,,,5981,78.95,-91.31,0,1.13,0.31,-0.12,0,1.09,0.09,-0.07,0,0.06,0.145,-0.165,0,[Fe/H],,,,,4.37,0.09,-0.18,0,3.63,1.68,-1.86,0,,,,,,,,,,,,,,,,,853.959,13.2295,-13.2295,1.14228,0.0180022,-0.0180022
Kepler-1345 b,Kepler-1345,b,1,1,1,Transit,0,44.6169557,0.0003329,-0.0003329,0,,,,,2.36,1.06,-0.46,0,0.211,0.095,-0.041,0,,,,,,,,,,,,,,,,,,,,,,,,,,,,,,,,,,,,,,,,,,,,,,,,,,,,,,,,,,,,,7.632,0.164,-0.164,0,,,,,0.01397,0.00057,-0.0003,0,,,,,,,,,,,,,,,,,,,,,,,,,6449,123.48,-141.28,0,1.55,0.69,-0.3,0,1.32,0.22,-0.14,0,0.04,0.129,-0.168,0,[Fe/H],,,,,4.18,0.15,-0.25,0,2.24,0.692,-0.575,0,,,,,,,,,,,,,,,,,1355.02,24.19,-24.19,0.709146,0.0130744,-0.0130744
Kepler-1346 b,Kepler-1346,b,1,1,1,Transit,0,3.40165668,1.161E-05,-1.161E-05,0,,,,,1.58,0.56,-0.21,0,0.141,0.05,-0.019,0,,,,,,,,,,,,,,,,,,,,,,,,,,,,,,,,,,,,,,,,,,,,,,,,,,,,,,,,,,,,,1.7944,0.0833,-0.0833,0,,,,,0.01205,0.00051,-0.00042,0,,,,,,,,,,,,,,,,,,,,,,,,,6133,118.39,-160.7,0,1.21,0.43,-0.15,0,1.14,0.15,-0.08,0,0.04,0.135,-0.154,0,[Fe/H],,,,,4.33,0.1,-0.21,0,3.09,1.22,-1.36,0,,,,,,,,,,,,,,,,,843.701,13.201,-13.201,1.15658,0.0184017,-0.0184017
Kepler-1347 b,Kepler-1347,b,1,1,1,Transit,0,14.00947528,7.001E-05,-7.001E-05,0,,,,,1.03,0.06,-0.05,0,0.092,0.005,-0.004,0,,,,,,,,,,,,,,,,,,,,,,,,,,,,,,,,,,,,,,,,,,,,,,,,,,,,,,,,,,,,,3.405,0.113,-0.113,0,,,,,0.01184,0.00058,-0.00039,0,,,,,,,,,,,,,,,,,,,,,,,,,5193,74.46,-55.99,0,0.79,0.03,-0.03,0,0.82,0.04,-0.04,0,-0.11,0.103,-0.112,0,[Fe/H],,,,,4.57,0.03,-0.04,0,5.62,4.19,-3.24,0,,,,,,,,,,,,,,,,,,,,,,
Kepler-1348 b,Kepler-1348,b,1,1,1,Transit,0,27.5722742,0.000228,-0.000228,0,,,,,1.94,0.43,-0.23,0,0.173,0.038,-0.021,0,,,,,,,,,,,,,,,,,,,,,,,,,,,,,,,,,,,,,,,,,,,,,,,,,,,,,,,,,,,,,5.292,0.19,-0.19,0,,,,,0.01693,5E-05,-0.00119,0,,,,,,,,,,,,,,,,,,,,,,,,,5911,102.08,-101.96,0,1.04,0.23,-0.1,0,1.04,0.07,-0.07,0,-0.01,0.147,-0.193,0,[Fe/H],,,,,4.42,0.07,-0.16,0,3.72,2.42,-1.99,0,,,,,,,,,,,,,,,,,1213.82,27.07,-27.07,0.795085,0.0182304,-0.0182304
Kepler-1349 b,Kepler-1349,b,1,1,1,Transit,0,2.12823928,1.057E-05,-1.057E-05,0,,,,,0.7,0.63,-0.11,0,0.062,0.056,-0.01,0,,,,,,,,,,,,,,,,,,,,,,,,,,,,,,,,,,,,,,,,,,,,,,,,,,,,,,,,,,,,,3.305,0.11,-0.11,0,,,,,0.00464,0.00023,-9E-05,0,,,,,,,,,,,,,,,,,,,,,,,,,6086,98.49,-194.89,0,1.28,1.15,-0.19,0,1.16,0.41,-0.08,0,0.03,0.158,-0.226,0,[Fe/H],,,,,4.29,0.13,-0.43,0,2.88,1.36,-1.56,0,,,,,,,,,,,,,,,,,276.323,1.907,-1.882,3.59023,0.0246285,-0.0246285
Kepler-1351 b,Kepler-1351,b,1,1,1,Transit,0,0.91614077,1.92E-06,-1.92E-06,0,,,,,0.65,0.05,-0.04,0,0.058,0.004,-0.004,0,,,,,,,,,,,,,,,,,,,,,,,,,,,,,,,,,,,,,,,,,,,,,,,,,,,,,,,,,,,,,1.1495,0.0578,-0.0578,0,,,,,0.00897,0.00063,-0.0002,0,,,,,,,,,,,,,,,,,,,,,,,,,4439,82.58,-77.72,0,0.67,0.03,-0.04,0,0.7,0.03,-0.04,0,-0.03,0.156,-0.161,0,[Fe/H],,,,,4.64,0.02,-0.03,0,4.17,5.54,-2.37,0,,,,,,,,,,,,,,,,,202.782,0.695,-0.695,4.90251,0.0167739,-0.0167739
Kepler-1352 b,Kepler-1352,b,1,1,1,Transit,0,1.87788275,7.35E-06,-7.35E-06,0,,,,,0.89,0.25,-0.11,0,0.079,0.022,-0.01,0,,,,,,,,,,,,,,,,,,,,,,,,,,,,,,,,,,,,,,,,,,,,,,,,,,,,,,,,,,,,,2.327,0.101,-0.101,0,,,,,0.00654,0.00028,-0.00021,0,,,,,,,,,,,,,,,,,,,,,,,,,6118,107.49,-116.34,0,1.16,0.33,-0.14,0,1.11,0.11,-0.08,0,0,0.136,-0.192,0,[Fe/H],,,,,4.35,0.09,-0.18,0,3.16,1.4,-1.49,0,,,,,,,,,,,,,,,,,670.829,5.535,-5.446,1.46181,0.0121097,-0.0121097
Kepler-1353 b,Kepler-1353,b,1,1,1,Transit,0,24.7543966,0.0001431,-0.0001431,0,,,,,1.8,0.37,-0.13,0,0.161,0.033,-0.012,0,,,,,,,,,,,,,,,,,,,,,,,,,,,,,,,,,,,,,,,,,,,,,,,,,,,,,,,,,,,,,3.532,0.146,-0.146,0,,,,,0.02309,0.00455,-0.00115,0,,,,,,,,,,,,,,,,,,,,,,,,,4776,158.62,-111.78,0,0.72,0.04,-0.04,0,0.76,0.04,-0.05,0,-0.06,0.158,-0.166,0,[Fe/H],,,,,4.61,0.03,-0.03,0,4.68,5.65,-2.71,0,,,,,,,,,,,,,,,,,593.384,10.697,-10.331,1.65711,0.029624,-0.029624
Kepler-1354 b,Kepler-1354,b,1,1,1,Transit,0,76.613377,0.0007773,-0.0007773,0,,,,,2.97,1.22,-0.5,0,0.265,0.109,-0.045,0,,,,,,,,,,,,,,,,,,,,,,,,,,,,,,,,,,,,,,,,,,,,,,,,,,,,,,,,,,,,,9.762,0.23,-0.23,0,,,,,0.02224,0.0027,-0.00163,0,,,,,,,,,,,,,,,,,,,,,,,,,6168,136.72,-202.44,0,1.24,0.49,-0.19,0,1.16,0.16,-0.11,0,0.03,0.133,-0.156,0,[Fe/H],,,,,4.31,0.11,-0.23,0,2.95,1.29,-1.2,0,,,,,,,,,,,,,,,,,1119.45,22.655,-22.655,0.864732,0.0179375,-0.0179375
Kepler-1355 b,Kepler-1355,b,1,1,1,Transit,0,1.28958811,3.5E-06,-3.5E-06,0,,,,,1.46,0.12,-0.1,0,0.13,0.011,-0.009,0,,,,,,,,,,,,,,,,,,,,,,,,,,,,,,,,,,,,,,,,,,,,,,,,,,,,,,,,,,,,,1.4219,0.0727,-0.0727,0,,,,,0.01569,0.00079,-0.0006,0,,,,,,,,,,,,,,,,,,,,,,,,,5352,68.59,-62.37,0,0.83,0.06,-0.04,0,0.88,0.04,-0.04,0,-0.04,0.137,-0.15,0,[Fe/H],,,,,4.55,0.03,-0.07,0,4.27,5.7,-2.63,0,,,,,,,,,,,,,,,,,911.269,25.492,-24.165,1.06907,0.0296586,-0.0296586
Kepler-1356 b,Kepler-1356,b,1,1,1,Transit,0,0.63400294,1.2E-06,-1.2E-06,0,,,,,1.53,0.11,-0.1,0,0.136,0.01,-0.009,0,,,,,,,,,,,,,,,,,,,,,,,,,,,,,,,,,,,,,,,,,,,,,,,,,,,,,,,,,,,,,0.9237,0.0578,-0.0578,0,,,,,0.01772,0.00083,-0.00071,0,,,,,,,,,,,,,,,,,,,,,,,,,5106,65.11,-84.13,0,0.78,0.04,-0.04,0,0.82,0.04,-0.04,0,-0.02,0.142,-0.158,0,[Fe/H],,,,,4.58,0.03,-0.05,0,4.9,6.22,-3.01,0,,,,,,,,,,,,,,,,,845.228,23.535,-22.315,1.15512,0.0318247,-0.0318247
Kepler-1357 b,Kepler-1357,b,1,1,1,Transit,0,3.0091324,1.52E-05,-1.52E-05,0,,,,,1.28,0.2,-0.11,0,0.114,0.018,-0.01,0,,,,,,,,,,,,,,,,,,,,,,,,,,,,,,,,,,,,,,,,,,,,,,,,,,,,,,,,,,,,,2.269,0.128,-0.128,0,,,,,0.01288,0.00074,-0.00047,0,,,,,,,,,,,,,,,,,,,,,,,,,5597,92.01,-91.12,0,0.9,0.13,-0.07,0,0.93,0.05,-0.06,0,-0.06,0.149,-0.196,0,[Fe/H],,,,,4.5,0.05,-0.13,0,4.57,5.18,-2.84,0,,,,,,,,,,,,,,,,,1015.69,26.04,-24.784,0.95603,0.0244362,-0.0244362
Kepler-1358 b,Kepler-1358,b,1,1,1,Transit,0,7.06317341,2.9E-05,-2.9E-05,0,,,,,1.12,0.07,-0.1,0,0.1,0.006,-0.009,0,,,,,,,,,,,,,,,,,,,,,,,,,,,,,,,,,,,,,,,,,,,,,,,,,,,,,,,,,,,,,2.261,0.105,-0.105,0,,,,,0.01301,0.00036,-0.00077,0,,,,,,,,,,,,,,,,,,,,,,,,,5181,58.32,-55.42,0,0.79,0.04,-0.05,0,0.82,0.04,-0.05,0,-0.08,0.153,-0.179,0,[Fe/H],,,,,4.57,0.03,-0.06,0,5.13,6.38,-3.15,0,,,,,,,,,,,,,,,,,546.998,6.201,-6.065,1.79947,0.020341,-0.020341
Kepler-1359 b,Kepler-1359,b,1,1,1,Transit,0,59.4970952,0.0005052,-0.0005052,0,,,,,2.83,0.45,-0.32,0,0.252,0.04,-0.029,0,,,,,,,,,,,,,,,,,,,,,,,,,,,,,,,,,,,,,,,,,,,,,,,,,,,,,,,,,,,,,5.602,0.19,-0.19,0,,,,,0.03562,0.00554,-0.00396,0,,,,,,,,,,,,,,,,,,,,,,,,,4709,46.37,-55.6,0,0.72,0.02,-0.02,0,0.78,0.03,-0.04,0,0.11,0.134,-0.177,0,[Fe/H],,,,,4.62,0.01,-0.03,0,2.34,5.38,-0.93,0,,,,,,,,,,,,,,,,,614.859,14.438,-13.8,1.59854,0.0370434,-0.0370434
Kepler-1360 b,Kepler-1360,b,1,1,1,Transit,0,40.5286413,0.0003328,-0.0003328,0,,,,,3.4,1.17,-0.76,0,0.303,0.104,-0.068,0,,,,,,,,,,,,,,,,,,,,,,,,,,,,,,,,,,,,,,,,,,,,,,,,,,,,,,,,,,,,,10.526,0.217,-0.217,0,,,,,0.01742,0.00059,-0.00043,0,,,,,,,,,,,,,,,,,,,,,,,,,6778,324.31,-343.47,0,1.83,0.63,-0.41,0,1.51,0.23,-0.21,0,0.06,0.141,-0.16,0,[Fe/H],,,,,4.09,0.16,-0.2,0,1.55,0.674,-0.3,0,,,,,,,,,,,,,,,,,1516.27,36.295,-36.295,0.630932,0.0156599,-0.0156599
Kepler-1361 b,Kepler-1361,b,1,1,1,Transit,0,3.57554956,2.329E-05,-2.329E-05,0,,,,,0.86,0.12,-0.12,0,0.077,0.011,-0.011,0,,,,,,,,,,,,,,,,,,,,,,,,,,,,,,,,,,,,,,,,,,,,,,,,,,,,,,,,,,,,,2.463,0.135,-0.135,0,,,,,0.00999,0.00126,-0.00125,0,,,,,,,,,,,,,,,,,,,,,,,,,5131,55.23,-57.72,0,0.79,0.04,-0.04,0,0.83,0.04,-0.04,0,0,0.148,-0.15,0,[Fe/H],,,,,4.57,0.03,-0.06,0,4.9,6.17,-2.94,0,,,,,,,,,,,,,,,,,389.143,2.095,-2.095,2.54086,0.0137313,-0.0137313
Kepler-1362 b,Kepler-1362,b,1,1,1,Transit,0,136.205626,0.001278,-0.001278,0,,,,,2.6,0.12,-0.19,0,0.232,0.011,-0.017,0,,,,,,,,,,,,,,,,,,,,,,,,,,,,,,,,,,,,,,,,,,,,,,,,,,,,,,,,,,,,,5.491,0.186,-0.186,0,,,,,0.03238,0.00098,-0.00196,0,,,,,,,,,,,,,,,,,,,,,,,,,4857,51.17,-72.62,0,0.74,0.03,-0.03,0,0.8,0.03,-0.04,0,0.06,0.149,-0.153,0,[Fe/H],,,,,4.6,0.01,-0.04,0,3.09,6.26,-1.53,0,,,,,,,,,,,,,,,,,731.298,17.829,-17.014,1.33936,0.0323116,-0.0323116
Kepler-1363 b,Kepler-1363,b,1,1,1,Transit,0,2.94194094,1.171E-05,-1.171E-05,0,,,,,1.25,0.09,-0.08,0,0.112,0.008,-0.007,0,,,,,,,,,,,,,,,,,,,,,,,,,,,,,,,,,,,,,,,,,,,,,,,,,,,,,,,,,,,,,2.0333,0.0964,-0.0964,0,,,,,0.01557,0.00091,-0.00049,0,,,,,,,,,,,,,,,,,,,,,,,,,4839,102.94,-109.75,0,0.72,0.04,-0.04,0,0.76,0.04,-0.05,0,-0.09,0.163,-0.174,0,[Fe/H],,,,,4.61,0.03,-0.04,0,4.17,6.16,-2.44,0,,,,,,,,,,,,,,,,,541.714,6.523,-6.523,1.8174,0.0220571,-0.0220571
Kepler-1364 b,Kepler-1364,b,1,1,1,Transit,0,13.32196237,8.114E-05,-8.114E-05,0,,,,,2.15,0.8,-0.39,0,0.192,0.071,-0.035,0,,,,,,,,,,,,,,,,,,,,,,,,,,,,,,,,,,,,,,,,,,,,,,,,,,,,,,,,,,,,,6.23,0.126,-0.126,0,,,,,0.01121,0.00145,-0.00061,0,,,,,,,,,,,,,,,,,,,,,,,,,6805,136.21,-160.28,0,1.79,0.62,-0.31,0,1.49,0.21,-0.14,0,0.04,0.131,-0.148,0,[Fe/H],,,,,4.1,0.13,-0.2,0,1.58,0.37,-0.27,0,,,,,,,,,,,,,,,,,1056.9,,,,,
Kepler-1366 b,Kepler-1366,b,1,1,1,Transit,0,2.16457097,6.83E-06,-6.83E-06,0,,,,,1.43,0.1,-0.1,0,0.128,0.009,-0.009,0,,,,,,,,,,,,,,,,,,,,,,,,,,,,,,,,,,,,,,,,,,,,,,,,,,,,,,,,,,,,,1.3848,0.0767,-0.0767,0,,,,,0.02172,0.00114,-0.00076,0,,,,,,,,,,,,,,,,,,,,,,,,,4070,63,-54.22,0,0.6,0.03,-0.04,0,0.62,0.03,-0.04,0,-0.02,0.162,-0.158,0,[Fe/H],,,,,4.68,0.03,-0.02,0,3.98,5.66,-2.23,0,,,,,,,,,,,,,,,,,465.826,9.3285,-9.3285,2.11896,0.0426453,-0.0426453
Kepler-1367 b,Kepler-1367,b,1,1,1,Transit,0,1.57409027,5.24E-06,-5.24E-06,0,,,,,0.92,0.07,-0.08,0,0.082,0.006,-0.007,0,,,,,,,,,,,,,,,,,,,,,,,,,,,,,,,,,,,,,,,,,,,,,,,,,,,,,,,,,,,,,1.5994,0.0855,-0.0855,0,,,,,0.0143,0.00089,-0.00037,0,,,,,,,,,,,,,,,,,,,,,,,,,4106,55.83,-57.12,0,0.6,0.03,-0.05,0,0.62,0.03,-0.05,0,-0.06,0.167,-0.204,0,[Fe/H],,,,,4.68,0.03,-0.02,0,3.89,5.55,-2.23,0,,,,,,,,,,,,,,,,,401.484,5.078,-4.955,2.46234,0.0308834,-0.0308834
Kepler-1368 b,Kepler-1368,b,1,1,1,Transit,0,0.67564949,2.55E-06,-2.55E-06,0,,,,,1.65,0.35,-0.17,0,0.147,0.031,-0.015,0,,,,,,,,,,,,,,,,,,,,,,,,,,,,,,,,,,,,,,,,,,,,,,,,,,,,,,,,,,,,,1.9035,0.0886,-0.0886,0,,,,,0.0137,0.00057,-0.00042,0,,,,,,,,,,,,,,,,,,,,,,,,,5906,120.57,-160.03,0,1.08,0.22,-0.11,0,1.07,0.08,-0.06,0,0.1,0.148,-0.139,0,[Fe/H],,,,,4.4,0.07,-0.15,0,3.47,2.21,-1.8,0,,,,,,,,,,,,,,,,,1635.82,139.99,-119.86,0.586022,0.0471313,-0.0471313
Kepler-1369 b,Kepler-1369,b,1,1,1,Transit,0,25.873148,0.0001453,-0.0001453,0,,,,,2.69,0.42,-0.25,0,0.24,0.037,-0.022,0,,,,,,,,,,,,,,,,,,,,,,,,,,,,,,,,,,,,,,,,,,,,,,,,,,,,,,,,,,,,,5.451,0.213,-0.213,0,,,,,0.02502,0.00089,-0.00109,0,,,,,,,,,,,,,,,,,,,,,,,,,5761,132.7,-110.01,0,0.99,0.15,-0.08,0,0.99,0.06,-0.06,0,0,0.136,-0.159,0,[Fe/H],,,,,4.45,0.06,-0.13,0,4.07,3.64,-2.31,0,,,,,,,,,,,,,,,,,1236.56,43.03,-40.28,0.7802,0.0270237,-0.0270237
Kepler-1372 b,Kepler-1372,b,1,1,1,Transit,0,1.31155557,5.54E-06,-5.54E-06,0,,,,,1.27,0.44,-0.13,0,0.113,0.039,-0.012,0,,,,,,,,,,,,,,,,,,,,,,,,,,,,,,,,,,,,,,,,,,,,,,,,,,,,,,,,,,,,,2.025,0.11,-0.11,0,,,,,0.012,0.00268,-0.00072,0,,,,,,,,,,,,,,,,,,,,,,,,,5677,76.2,-103.14,0,0.97,0.26,-0.08,0,0.98,0.05,-0.05,0,0.05,0.126,-0.163,0,[Fe/H],,,,,4.46,0.07,-0.2,0,5.01,4.24,-3.22,0,,,,,,,,,,,,,,,,,1303.22,54.57,-50.43,0.738946,0.0306594,-0.0306594
Kepler-1373 b,Kepler-1373,b,1,1,1,Transit,0,1.29123275,6.46E-06,-6.46E-06,0,,,,,1.16,0.54,-0.19,0,0.103,0.048,-0.017,0,,,,,,,,,,,,,,,,,,,,,,,,,,,,,,,,,,,,,,,,,,,,,,,,,,,,,,,,,,,,,1.876,0.138,-0.138,0,,,,,0.00776,0.00037,-0.00037,0,,,,,,,,,,,,,,,,,,,,,,,,,6299,169.62,-170.73,0,1.33,0.62,-0.2,0,1.22,0.2,-0.12,0,0.03,0.125,-0.173,0,[Fe/H],,,,,4.27,0.12,-0.26,0,2.51,0.948,-0.848,0,,,,,,,,,,,,,,,,,1699.46,131.92,-114.55,0.559563,0.041662,-0.041662
Kepler-1374 b,Kepler-1374,b,1,1,1,Transit,0,10.65276707,5.294E-05,-5.294E-05,0,,,,,2.29,0.2,-0.18,0,0.204,0.018,-0.016,0,,,,,,,,,,,,,,,,,,,,,,,,,,,,,,,,,,,,,,,,,,,,,,,,,,,,,,,,,,,,,2.711,0.101,-0.101,0,,,,,0.02647,0.00119,-0.00087,0,,,,,,,,,,,,,,,,,,,,,,,,,5323,108.36,-85.42,0,0.81,0.06,-0.06,0,0.85,0.05,-0.06,0,-0.13,0.16,-0.179,0,[Fe/H],,,,,4.56,0.04,-0.07,0,4.47,6.3,-2.84,0,,,,,,,,,,,,,,,,,1078.46,41.55,-38.63,0.899368,0.0341705,-0.0341705
Kepler-1375 b,Kepler-1375,b,1,1,1,Transit,0,3.3004192,1.505E-05,-1.505E-05,0,,,,,1.74,0.68,-0.34,0,0.155,0.061,-0.03,0,,,,,,,,,,,,,,,,,,,,,,,,,,,,,,,,,,,,,,,,,,,,,,,,,,,,,,,,,,,,,4.498,0.116,-0.116,0,,,,,0.00918,0.00027,-0.00032,0,,,,,,,,,,,,,,,,,,,,,,,,,6704,142.25,-207.96,0,1.78,0.69,-0.34,0,1.47,0.22,-0.16,0,0.09,0.137,-0.143,0,[Fe/H],,,,,4.11,0.14,-0.22,0,1.66,0.488,-0.32,0,,,,,,,,,,,,,,,,,1430.84,32.46,-32.46,0.670294,0.0157273,-0.0157273
Kepler-1376 b,Kepler-1376,b,1,1,1,Transit,0,5.30880656,4.525E-05,-4.525E-05,0,,,,,1.05,0.21,-0.09,0,0.094,0.019,-0.008,0,,,,,,,,,,,,,,,,,,,,,,,,,,,,,,,,,,,,,,,,,,,,,,,,,,,,,,,,,,,,,3.018,0.17,-0.17,0,,,,,0.0103,0.00061,-0.00036,0,,,,,,,,,,,,,,,,,,,,,,,,,5659,64.1,-77.43,0,0.97,0.18,-0.07,0,0.98,0.04,-0.04,0,0.07,0.149,-0.154,0,[Fe/H],,,,,4.46,0.06,-0.15,0,4.68,4.38,-2.91,0,,,,,,,,,,,,,,,,,868.056,14.985,-14.492,1.12332,0.0194087,-0.0194087
Kepler-1377 b,Kepler-1377,b,1,1,1,Transit,0,0.74092842,1.85E-06,-1.85E-06,0,,,,,1.25,0.09,-0.08,0,0.112,0.008,-0.007,0,,,,,,,,,,,,,,,,,,,,,,,,,,,,,,,,,,,,,,,,,,,,,,,,,,,,,,,,,,,,,1.1202,0.0702,-0.0702,0,,,,,0.0138,0.00058,-0.00071,0,,,,,,,,,,,,,,,,,,,,,,,,,5218,42.47,-53.61,0,0.82,0.05,-0.04,0,0.86,0.04,-0.04,0,0.05,0.136,-0.14,0,[Fe/H],,,,,4.55,0.03,-0.07,0,5.01,6.63,-3.15,0,,,,,,,,,,,,,,,,,1146.1,54.25,-49.63,0.844673,0.0391967,-0.0391967
Kepler-1378 b,Kepler-1378,b,1,1,1,Transit,0,11.95398936,7.99E-05,-7.99E-05,0,,,,,2.2,0.71,-0.14,0,0.196,0.063,-0.012,0,,,,,,,,,,,,,,,,,,,,,,,,,,,,,,,,,,,,,,,,,,,,,,,,,,,,,,,,,,,,,2.644,0.121,-0.121,0,,,,,0.02976,0.00966,-0.00175,0,,,,,,,,,,,,,,,,,,,,,,,,,4407,93.22,-65.02,0,0.67,0.02,-0.02,0,0.7,0.02,-0.02,0,0.03,0.103,-0.069,0,[Fe/H],,,,,4.63,0.02,-0.02,0,6.46,5.08,-3.46,0,,,,,,,,,,,,,,,,,506.434,12.665,-12.072,1.94764,0.0478168,-0.0478168
Kepler-1379 b,Kepler-1379,b,1,1,1,Transit,0,0.88184115,3.13E-06,-3.13E-06,0,,,,,1.3,0.12,-0.09,0,0.116,0.011,-0.008,0,,,,,,,,,,,,,,,,,,,,,,,,,,,,,,,,,,,,,,,,,,,,,,,,,,,,,,,,,,,,,1.3051,0.0825,-0.0825,0,,,,,0.01505,0.00092,-0.00041,0,,,,,,,,,,,,,,,,,,,,,,,,,5188,78.92,-114.14,0,0.79,0.05,-0.05,0,0.83,0.04,-0.05,0,-0.04,0.165,-0.183,0,[Fe/H],,,,,4.57,0.04,-0.06,0,5.01,6.05,-3.1,0,,,,,,,,,,,,,,,,,971.325,43.8825,-43.8825,1.00331,0.0460457,-0.0460457
Kepler-1380 b,Kepler-1380,b,1,1,1,Transit,0,10.3108245,0.0001042,-0.0001042,0,,,,,1.43,0.26,-0.11,0,0.128,0.023,-0.01,0,,,,,,,,,,,,,,,,,,,,,,,,,,,,,,,,,,,,,,,,,,,,,,,,,,,,,,,,,,,,,5.643,0.22,-0.22,0,,,,,0.01376,0.00089,-0.00049,0,,,,,,,,,,,,,,,,,,,,,,,,,5570,64.32,-82.2,0,0.94,0.16,-0.06,0,0.96,0.05,-0.04,0,0.1,0.159,-0.149,0,[Fe/H],,,,,4.48,0.05,-0.14,0,4.79,4.79,-3.12,0,,,,,,,,,,,,,,,,,2462.94,192.92,-167.43,0.375361,0.0291295,-0.0291295
Kepler-1381 b,Kepler-1381,b,1,1,1,Transit,0,25.3842686,0.0001757,-0.0001757,0,,,,,2.25,0.29,-0.19,0,0.201,0.026,-0.017,0,,,,,,,,,,,,,,,,,,,,,,,,,,,,,,,,,,,,,,,,,,,,,,,,,,,,,,,,,,,,,3.638,0.18,-0.18,0,,,,,0.02219,0.00118,-0.0008,0,,,,,,,,,,,,,,,,,,,,,,,,,5747,83.75,-73.16,0,0.94,0.11,-0.07,0,0.96,0.05,-0.07,0,-0.1,0.161,-0.195,0,[Fe/H],,,,,4.48,0.06,-0.1,0,4.07,3.53,-2.38,0,,,,,,,,,,,,,,,,,1197.04,39.17,-36.81,0.806839,0.0262997,-0.0262997
Kepler-1382 b,Kepler-1382,b,1,1,1,Transit,0,16.3583055,0.0001024,-0.0001024,0,,,,,1.88,0.39,-0.34,0,0.168,0.035,-0.03,0,,,,,,,,,,,,,,,,,,,,,,,,,,,,,,,,,,,,,,,,,,,,,,,,,,,,,,,,,,,,,9.573,0.158,-0.158,0,,,,,0.00985,0.00027,-0.00026,0,,,,,,,,,,,,,,,,,,,,,,,,,6161,92.38,-96.56,0,1.72,0.35,-0.31,0,1.36,0.12,-0.1,0,0.3,0.067,-0.068,0,[Fe/H],,,,,4.1,0.14,-0.13,0,2.75,0.53,-0.56,0,,,,,,,,,,,,,,,,,738.261,30.594,-28.289,1.32903,0.0534816,-0.0534816
Kepler-1383 b,Kepler-1383,b,1,1,1,Transit,0,13.9093583,0.0001552,-0.0001552,0,,,,,1.41,0.63,-0.29,0,0.126,0.056,-0.026,0,,,,,,,,,,,,,,,,,,,,,,,,,,,,,,,,,,,,,,,,,,,,,,,,,,,,,,,,,,,,,6.632,0.266,-0.266,0,,,,,0.00886,0.0004,-0.00038,0,,,,,,,,,,,,,,,,,,,,,,,,,6370,285.54,-259.89,0,1.44,0.64,-0.29,0,1.26,0.24,-0.16,0,0.03,0.13,-0.173,0,[Fe/H],,,,,4.23,0.14,-0.25,0,2.24,1.28,-0.704,0,,,,,,,,,,,,,,,,,1027.21,23.36,-23.36,0.945245,0.0219553,-0.0219553
Kepler-1384 b,Kepler-1384,b,1,1,1,Transit,0,15.36262753,8.765E-05,-8.765E-05,0,,,,,1.94,0.43,-0.2,0,0.173,0.038,-0.018,0,,,,,,,,,,,,,,,,,,,,,,,,,,,,,,,,,,,,,,,,,,,,,,,,,,,,,,,,,,,,,3.657,0.136,-0.136,0,,,,,0.02379,0.00512,-0.00212,0,,,,,,,,,,,,,,,,,,,,,,,,,4919,158.66,-126.82,0,0.74,0.04,-0.04,0,0.78,0.04,-0.05,0,-0.06,0.173,-0.168,0,[Fe/H],,,,,4.6,0.03,-0.04,0,4.57,6.24,-2.7,0,,,,,,,,,,,,,,,,,,,,,,
Kepler-1385 b,Kepler-1385,b,1,1,1,Transit,0,2.88879862,1.881E-05,-1.881E-05,0,,,,,0.85,0.2,-0.13,0,0.076,0.018,-0.012,0,,,,,,,,,,,,,,,,,,,,,,,,,,,,,,,,,,,,,,,,,,,,,,,,,,,,,,,,,,,,,2.981,0.146,-0.146,0,,,,,0.00588,0.00034,-0.00018,0,,,,,,,,,,,,,,,,,,,,,,,,,5732,65.47,-58.33,0,1.29,0.3,-0.2,0,1.15,0.1,-0.05,0,0.41,0.038,-0.038,0,[Fe/H],,,,,4.27,0.13,-0.14,0,4.37,0.78,-2,0,,,,,,,,,,,,,,,,,688.795,15.953,-15.259,1.42367,0.0326296,-0.0326296
Kepler-1386 b,Kepler-1386,b,1,1,1,Transit,0,6.73972381,7.022E-05,-7.022E-05,0,,,,,1.24,0.38,-0.13,0,0.111,0.034,-0.012,0,,,,,,,,,,,,,,,,,,,,,,,,,,,,,,,,,,,,,,,,,,,,,,,,,,,,,,,,,,,,,4.106,0.215,-0.215,0,,,,,0.01074,0.00067,-0.00042,0,,,,,,,,,,,,,,,,,,,,,,,,,5733,71.22,-88,0,1.03,0.31,-0.1,0,1.02,0.06,-0.05,0,0.11,0.155,-0.135,0,[Fe/H],,,,,4.41,0.09,-0.21,0,5.01,3.27,-3.07,0,,,,,,,,,,,,,,,,,835.882,12.625,-12.262,1.16761,0.0176727,-0.0176727
Kepler-1387 b,Kepler-1387,b,1,1,1,Transit,0,2.27952666,8.85E-06,-8.85E-06,0,,,,,0.93,0.05,-0.09,0,0.083,0.004,-0.008,0,,,,,,,,,,,,,,,,,,,,,,,,,,,,,,,,,,,,,,,,,,,,,,,,,,,,,,,,,,,,,1.592,0.105,-0.105,0,,,,,0.01066,0.00021,-0.00089,0,,,,,,,,,,,,,,,,,,,,,,,,,5046,67.56,-88.55,0,0.77,0.04,-0.03,0,0.82,0.04,-0.04,0,0.02,0.145,-0.157,0,[Fe/H],,,,,4.58,0.02,-0.05,0,4.37,6.25,-2.58,0,,,,,,,,,,,,,,,,,455.358,4.222,-4.222,2.16738,0.0202055,-0.0202055
Kepler-1389 b,Kepler-1389,b,1,1,1,Transit,0,99.2530951,0.0008711,-0.0008711,0,,,,,1.77,0.05,-0.14,0,0.158,0.004,-0.012,0,,,,,,,,,,,,,,,,,,,,,,,,,,,,,,,,,,,,,,,,,,,,,,,,,,,,,,,,,,,,,6.006,0.239,-0.239,0,,,,,0.02153,0.00026,-0.0016,0,,,,,,,,,,,,,,,,,,,,,,,,,5078,47.05,-46.72,0,0.74,0.02,-0.02,0,0.81,0.03,-0.03,0,-0.14,0.09,-0.095,0,[Fe/H],,,,,4.61,0.01,-0.01,0,2.09,1.48,-0.699,0,,,,,,,,,,,,,,,,,497.093,4.7,-4.7,1.98294,0.0188762,-0.0188762
Kepler-1390 b,Kepler-1390,b,1,1,1,Transit,0,6.48021673,4.63E-05,-4.63E-05,0,,,,,1.18,0.25,-0.13,0,0.105,0.022,-0.012,0,,,,,,,,,,,,,,,,,,,,,,,,,,,,,,,,,,,,,,,,,,,,,,,,,,,,,,,,,,,,,3.211,0.172,-0.172,0,,,,,0.01067,0.00071,-0.00049,0,,,,,,,,,,,,,,,,,,,,,,,,,5753,141.59,-169.25,0,0.98,0.2,-0.1,0,0.98,0.07,-0.07,0,-0.01,0.137,-0.186,0,[Fe/H],,,,,4.45,0.07,-0.15,0,4.47,3.9,-3,0,,,,,,,,,,,,,,,,,723.431,10.5405,-10.5405,1.35373,0.0199845,-0.0199845
Kepler-1391 b,Kepler-1391,b,1,1,1,Transit,0,54.4092333,0.0005236,-0.0005236,0,,,,,1.68,0.26,-0.18,0,0.15,0.023,-0.016,0,,,,,,,,,,,,,,,,,,,,,,,,,,,,,,,,,,,,,,,,,,,,,,,,,,,,,,,,,,,,,9.511,0.192,-0.192,0,,,,,0.01393,0.00047,-0.00046,0,,,,,,,,,,,,,,,,,,,,,,,,,5840,90.4,-77.55,0,1.1,0.17,-0.11,0,1.03,0.05,-0.04,0,0.04,0.095,-0.092,0,[Fe/H],,,,,4.36,0.1,-0.11,0,5.5,2.1,-2.94,0,,,,,,,,,,,,,,,,,1038.35,17.555,-17.555,0.934364,0.0161532,-0.0161532
Kepler-1392 b,Kepler-1392,b,1,1,1,Transit,0,15.1410397,0.0001135,-0.0001135,0,,,,,1.96,0.22,-0.16,0,0.175,0.02,-0.014,0,,,,,,,,,,,,,,,,,,,,,,,,,,,,,,,,,,,,,,,,,,,,,,,,,,,,,,,,,,,,,4.276,0.143,-0.143,0,,,,,0.02108,0.00098,-0.00068,0,,,,,,,,,,,,,,,,,,,,,,,,,5479,80.63,-80.97,0,0.85,0.09,-0.07,0,0.88,0.05,-0.06,0,-0.11,0.159,-0.177,0,[Fe/H],,,,,4.53,0.05,-0.1,0,4.68,5.89,-2.99,0,,,,,,,,,,,,,,,,,,,,,,
Kepler-1393 b,Kepler-1393,b,1,1,1,Transit,0,2.44357812,1.231E-05,-1.231E-05,0,,,,,0.8,0.04,-0.08,0,0.071,0.004,-0.007,0,,,,,,,,,,,,,,,,,,,,,,,,,,,,,,,,,,,,,,,,,,,,,,,,,,,,,,,,,,,,,1.822,0.135,-0.135,0,,,,,0.00778,0.00012,-0.00068,0,,,,,,,,,,,,,,,,,,,,,,,,,5697,65.18,-56.74,0,0.92,0.05,-0.04,0,0.95,0.04,-0.05,0,-0.09,0.113,-0.125,0,[Fe/H],,,,,4.5,0.03,-0.05,0,3.47,2.87,-1.79,0,,,,,,,,,,,,,,,,,544.456,,,,,
Kepler-1394 b,Kepler-1394,b,1,1,1,Transit,0,3.93766373,3.657E-05,-3.657E-05,0,,,,,1.39,0.2,-0.22,0,0.124,0.018,-0.02,0,,,,,,,,,,,,,,,,,,,,,,,,,,,,,,,,,,,,,,,,,,,,,,,,,,,,,,,,,,,,,4.916,0.205,-0.205,0,,,,,0.00453,0.00026,-0.00011,0,,,,,,,,,,,,,,,,,,,,,,,,,6481,65.36,-62.24,0,2.55,0.35,-0.39,0,1.64,0.09,-0.12,0,0.06,0.082,-0.049,0,[Fe/H],,,,,3.84,0.11,-0.09,0,1.91,0.34,-0.25,0,,,,,,,,,,,,,,,,,640.409,8.226,-8.023,1.53281,0.0196583,-0.0196583
Kepler-1395 b,Kepler-1395,b,1,1,1,Transit,0,3.78470649,2.72E-05,-2.72E-05,0,,,,,0.8,0.09,-0.06,0,0.071,0.008,-0.005,0,,,,,,,,,,,,,,,,,,,,,,,,,,,,,,,,,,,,,,,,,,,,,,,,,,,,,,,,,,,,,3.108,0.166,-0.166,0,,,,,0.00554,0.00032,-0.00017,0,,,,,,,,,,,,,,,,,,,,,,,,,6138,66.83,-60.63,0,1.23,0.12,-0.08,0,1.17,0.04,-0.03,0,0.12,0.073,-0.068,0,[Fe/H],,,,,4.33,0.06,-0.07,0,2.88,0.971,-1.15,0,,,,,,,,,,,,,,,,,492.894,7.089,-6.894,2.00043,0.0285554,-0.0285554
Kepler-1396 b,Kepler-1396,b,1,1,1,Transit,0,18.2206421,0.0001376,-0.0001376,0,,,,,2.07,0.79,-0.37,0,0.185,0.07,-0.033,0,,,,,,,,,,,,,,,,,,,,,,,,,,,,,,,,,,,,,,,,,,,,,,,,,,,,,,,,,,,,,5.313,0.169,-0.169,0,,,,,0.01466,0.00179,-0.00159,0,,,,,,,,,,,,,,,,,,,,,,,,,6195,181.71,-189.71,0,1.27,0.46,-0.18,0,1.18,0.17,-0.1,0,0.04,0.127,-0.153,0,[Fe/H],,,,,4.3,0.1,-0.22,0,2.75,1.39,-1.04,0,,,,,,,,,,,,,,,,,1066.46,21.16,-21.16,0.909095,0.0184582,-0.0184582
Kepler-1397 b,Kepler-1397,b,1,1,1,Transit,0,47.449955,0.000752,-0.000752,0,,,,,1.72,0.19,-0.14,0,0.153,0.017,-0.012,0,,,,,,,,,,,,,,,,,,,,,,,,,,,,,,,,,,,,,,,,,,,,,,,,,,,,,,,,,,,,,10.747,0.422,-0.422,0,,,,,0.01374,0.00077,-0.00047,0,,,,,,,,,,,,,,,,,,,,,,,,,6026,97.07,-95.81,0,1.12,0.11,-0.08,0,1.09,0.04,-0.05,0,0,0.078,-0.083,0,[Fe/H],,,,,4.37,0.06,-0.08,0,3.55,1.57,-1.58,0,,,,,,,,,,,,,,,,,1198.25,24.8,-23.82,0.805976,0.0167972,-0.0167972
Kepler-1399 b,Kepler-1399,b,1,1,1,Transit,0,1.63865306,8.95E-06,-8.95E-06,0,,,,,1.25,0.22,-0.11,0,0.112,0.02,-0.01,0,,,,,,,,,,,,,,,,,,,,,,,,,,,,,,,,,,,,,,,,,,,,,,,,,,,,,,,,,,,,,1.948,0.119,-0.119,0,,,,,0.01223,0.00087,-0.00032,0,,,,,,,,,,,,,,,,,,,,,,,,,5735,112.36,-112.34,0,0.96,0.16,-0.08,0,0.97,0.06,-0.06,0,-0.03,0.134,-0.173,0,[Fe/H],,,,,4.47,0.06,-0.13,0,4.37,3.56,-2.64,0,,,,,,,,,,,,,,,,,1385.7,60.57,-55.79,0.693543,0.0300381,-0.0300381
Kepler-1400 b,Kepler-1400,b,1,1,1,Transit,0,9.06689421,6.982E-05,-6.982E-05,0,,,,,1.62,0.11,-0.11,0,0.145,0.01,-0.01,0,,,,,,,,,,,,,,,,,,,,,,,,,,,,,,,,,,,,,,,,,,,,,,,,,,,,,,,,,,,,,2.957,0.172,-0.172,0,,,,,0.0189,0.00085,-0.00106,0,,,,,,,,,,,,,,,,,,,,,,,,,5044,43.82,-45.77,0,0.78,0.04,-0.03,0,0.83,0.03,-0.04,0,0.04,0.147,-0.143,0,[Fe/H],,,,,4.58,0.02,-0.05,0,4.57,5.71,-2.7,0,,,,,,,,,,,,,,,,,752.237,17.635,-16.858,1.30113,0.0302349,-0.0302349
Kepler-1401 b,Kepler-1401,b,1,1,1,Transit,0,11.20066445,8.804E-05,-8.804E-05,0,,,,,1.68,0.37,-0.18,0,0.15,0.033,-0.016,0,,,,,,,,,,,,,,,,,,,,,,,,,,,,,,,,,,,,,,,,,,,,,,,,,,,,,,,,,,,,,3.786,0.18,-0.18,0,,,,,0.01396,0.00072,-0.00042,0,,,,,,,,,,,,,,,,,,,,,,,,,5964,104.96,-124.67,0,1.1,0.23,-0.12,0,1.07,0.07,-0.06,0,0.04,0.144,-0.158,0,[Fe/H],,,,,4.39,0.08,-0.16,0,3.55,2.09,-1.83,0,,,,,,,,,,,,,,,,,1425.43,,,,,
Kepler-1402 b,Kepler-1402,b,1,1,1,Transit,0,2.03387914,1.415E-05,-1.415E-05,0,,,,,0.76,0.08,-0.07,0,0.068,0.007,-0.006,0,,,,,,,,,,,,,,,,,,,,,,,,,,,,,,,,,,,,,,,,,,,,,,,,,,,,,,,,,,,,,3.201,0.161,-0.161,0,,,,,0.00832,0.00016,-0.00063,0,,,,,,,,,,,,,,,,,,,,,,,,,5416,64.99,-74.47,0,0.87,0.08,-0.05,0,0.9,0.04,-0.04,0,0.03,0.142,-0.153,0,[Fe/H],,,,,4.53,0.04,-0.09,0,4.57,6.19,-2.84,0,,,,,,,,,,,,,,,,,1493.64,40.34,-38.31,0.640641,0.0174936,-0.0174936
Kepler-1403 b,Kepler-1403,b,1,1,1,Transit,0,5.19492202,2.801E-05,-2.801E-05,0,,,,,2.14,0.54,-0.26,0,0.191,0.048,-0.023,0,,,,,,,,,,,,,,,,,,,,,,,,,,,,,,,,,,,,,,,,,,,,,,,,,,,,,,,,,,,,,3.148,0.128,-0.128,0,,,,,0.01651,0.00077,-0.00065,0,,,,,,,,,,,,,,,,,,,,,,,,,6060,144.25,-145.9,0,1.15,0.29,-0.13,0,1.11,0.1,-0.07,0,0.03,0.137,-0.163,0,[Fe/H],,,,,4.36,0.09,-0.16,0,3.31,1.63,-1.55,0,,,,,,,,,,,,,,,,,2163.9,158.67,-138.78,0.433661,0.0309849,-0.0309849
Kepler-1404 b,Kepler-1404,b,1,1,1,Transit,0,15.9314739,0.0001133,-0.0001133,0,,,,,2.01,0.14,-0.21,0,0.179,0.012,-0.019,0,,,,,,,,,,,,,,,,,,,,,,,,,,,,,,,,,,,,,,,,,,,,,,,,,,,,,,,,,,,,,2.71,0.206,-0.206,0,,,,,0.02339,0.00052,-0.00186,0,,,,,,,,,,,,,,,,,,,,,,,,,5261,99.17,-104.59,0,0.8,0.05,-0.05,0,0.84,0.05,-0.05,0,-0.09,0.161,-0.187,0,[Fe/H],,,,,4.56,0.04,-0.07,0,4.57,6.29,-2.82,0,,,,,,,,,,,,,,,,,962.183,42.467,-39.082,1.01226,0.043637,-0.043637
Kepler-1405 b,Kepler-1405,b,1,1,1,Transit,0,28.2274184,0.0001392,-0.0001392,0,,,,,3.96,0.88,-0.45,0,0.353,0.079,-0.04,0,,,,,,,,,,,,,,,,,,,,,,,,,,,,,,,,,,,,,,,,,,,,,,,,,,,,,,,,,,,,,5.648,0.135,-0.135,0,,,,,0.03351,0.00129,-0.00085,0,,,,,,,,,,,,,,,,,,,,,,,,,5925,156.83,-211.16,0,1.07,0.23,-0.12,0,1.05,0.08,-0.08,0,0.03,0.139,-0.146,0,[Fe/H],,,,,4.4,0.08,-0.16,0,3.63,2.37,-1.94,0,,,,,,,,,,,,,,,,,1530.3,87.7,-78.83,0.626845,0.0345995,-0.0345995
Kepler-1406 b,Kepler-1406,b,1,1,1,Transit,0,11.62905828,6.904E-05,-6.904E-05,0,,,,,1.1,0.18,-0.13,0,0.098,0.016,-0.012,0,,,,,,,,,,,,,,,,,,,,,,,,,,,,,,,,,,,,,,,,,,,,,,,,,,,,,,,,,,,,,2.846,0.143,-0.143,0,,,,,0.00888,0.00037,-0.00053,0,,,,,,,,,,,,,,,,,,,,,,,,,5892,61.02,-55.69,0,1.12,0.18,-0.11,0,1.05,0.04,-0.04,0,0.04,0.095,-0.083,0,[Fe/H],,,,,4.36,0.09,-0.11,0,5.01,1.69,-2.68,0,,,,,,,,,,,,,,,,,572.403,,,,,
Kepler-1407 b,Kepler-1407,b,1,1,1,Transit,0,20.0711504,0.0005453,-0.0005453,0,,,,,2.25,0.53,-0.32,0,0.201,0.047,-0.029,0,,,,,,,,,,,,,,,,,,,,,,,,,,,,,,,,,,,,,,,,,,,,,,,,,,,,,,,,,,,,,6.137,0.49,-0.49,0,,,,,0.01764,0.00071,-0.00136,0,,,,,,,,,,,,,,,,,,,,,,,,,6010,158.66,-154.68,0,1.15,0.27,-0.14,0,1.1,0.1,-0.08,0,0.05,0.142,-0.142,0,[Fe/H],,,,,4.36,0.09,-0.16,0,3.24,1.8,-1.52,0,,,,,,,,,,,,,,,,,1396.41,50.87,-47.47,0.687467,0.0250167,-0.0250167
Kepler-1408 b,Kepler-1408,b,1,1,1,Transit,0,2.99793191,2.517E-05,-2.517E-05,0,,,,,0.89,68.91,-0.15,0,0.079,6.148,-0.013,0,,,,,,,,,,,,,,,,,,,,,,,,,,,,,,,,,,,,,,,,,,,,,,,,,,,,,,,,,,,,,4.392,0.199,-0.199,0,,,,,0.00621,0.00032,-0.00025,0,,,,,,,,,,,,,,,,,,,,,,,,,6170,99.15,-2360.24,0,1.35,104.53,-0.23,0,1.21,1,-0.1,0,0,0.147,-0.219,0,[Fe/H],,,,,4.25,0.14,-3.51,0,2.57,1.11,-1.32,0,,,,,,,,,,,,,,,,,535.048,6.412,-6.265,1.84034,0.0219723,-0.0219723
Kepler-1409 b,Kepler-1409,b,1,1,1,Transit,0,0.76486493,2.4E-06,-2.4E-06,0,,,,,1.04,0.08,-0.07,0,0.093,0.007,-0.006,0,,,,,,,,,,,,,,,,,,,,,,,,,,,,,,,,,,,,,,,,,,,,,,,,,,,,,,,,,,,,,1.1779,0.0938,-0.0938,0,,,,,0.0117,0.00066,-0.00059,0,,,,,,,,,,,,,,,,,,,,,,,,,5160,76.61,-73.84,0,0.79,0.04,-0.04,0,0.83,0.04,-0.04,0,-0.03,0.147,-0.155,0,[Fe/H],,,,,4.57,0.03,-0.06,0,4.79,5.98,-2.95,0,,,,,,,,,,,,,,,,,694.89,9.8035,-9.8035,1.4104,0.0201465,-0.0201465
Kepler-1410 b,Kepler-1410,b,1,1,1,Transit,0,60.866168,0.0005161,-0.0005161,0,,,,,1.78,0.12,-0.14,0,0.159,0.011,-0.012,0,,,,,,,,,,,,,,,,,,,,,,,,,,,,,,,,,,,,,,,,,,,,,,,,,,,,,,,,,,,,,4.42,0.219,-0.219,0,,,,,0.02737,0.00117,-0.00133,0,,,,,,,,,,,,,,,,,,,,,,,,,4092,100.24,-77.85,0,0.6,0.03,-0.04,0,0.63,0.04,-0.04,0,0.01,0.152,-0.152,0,[Fe/H],,,,,4.67,0.03,-0.02,0,4.07,6.04,-2.35,0,,,,,,,,,,,,,,,,,,,,,,
Kepler-1411 b,Kepler-1411,b,1,1,1,Transit,0,86.1150888,0.0009728,-0.0009728,0,,,,,2.82,0.43,-0.24,0,0.252,0.038,-0.021,0,,,,,,,,,,,,,,,,,,,,,,,,,,,,,,,,,,,,,,,,,,,,,,,,,,,,,,,,,,,,,6.13,0.216,-0.216,0,,,,,0.0279,0.00132,-0.001,0,,,,,,,,,,,,,,,,,,,,,,,,,5664,67.78,-68.48,0,0.92,0.13,-0.07,0,0.95,0.05,-0.06,0,-0.04,0.144,-0.199,0,[Fe/H],,,,,4.49,0.05,-0.12,0,4.17,4.62,-2.5,0,,,,,,,,,,,,,,,,,1660.48,94.3,-84.85,0.573312,0.031724,-0.031724
Kepler-1412 b,Kepler-1412,b,1,1,1,Transit,0,3.6146051,2.139E-05,-2.139E-05,0,,,,,0.83,0.15,-0.13,0,0.074,0.013,-0.012,0,,,,,,,,,,,,,,,,,,,,,,,,,,,,,,,,,,,,,,,,,,,,,,,,,,,,,,,,,,,,,3.188,0.173,-0.173,0,,,,,0.00623,0.00027,-0.0003,0,,,,,,,,,,,,,,,,,,,,,,,,,5880,80.65,-68.91,0,1.27,0.23,-0.18,0,1.06,0.05,-0.04,0,0.04,0.086,-0.089,0,[Fe/H],,,,,4.25,0.13,-0.13,0,6.31,1.3,-1.86,0,,,,,,,,,,,,,,,,,755.678,8.861,-8.662,1.29452,0.0152264,-0.0152264
Kepler-1413 b,Kepler-1413,b,1,1,1,Transit,0,13.1829642,0.0001082,-0.0001082,0,,,,,1.82,0.16,-0.15,0,0.162,0.014,-0.013,0,,,,,,,,,,,,,,,,,,,,,,,,,,,,,,,,,,,,,,,,,,,,,,,,,,,,,,,,,,,,,3.636,0.22,-0.22,0,,,,,0.02123,0.00122,-0.00119,0,,,,,,,,,,,,,,,,,,,,,,,,,5196,117.54,-117.21,0,0.8,0.05,-0.05,0,0.84,0.04,-0.05,0,-0.05,0.167,-0.17,0,[Fe/H],,,,,4.57,0.03,-0.06,0,4.68,6.21,-2.88,0,,,,,,,,,,,,,,,,,1167.49,69.43,-62.18,0.830047,0.047012,-0.047012
Kepler-1414 b,Kepler-1414,b,1,1,1,Transit,0,3.51576315,1.186E-05,-1.186E-05,0,,,,,1.23,0.09,-0.08,0,0.11,0.008,-0.007,0,,,,,,,,,,,,,,,,,,,,,,,,,,,,,,,,,,,,,,,,,,,,,,,,,,,,,,,,,,,,,1.364,0.101,-0.101,0,,,,,0.01463,0.00085,-0.00066,0,,,,,,,,,,,,,,,,,,,,,,,,,4951,74.11,-76.49,0,0.75,0.03,-0.04,0,0.8,0.04,-0.04,0,-0.02,0.154,-0.166,0,[Fe/H],,,,,4.59,0.02,-0.04,0,4.68,5.92,-2.8,0,,,,,,,,,,,,,,,,,570.835,7.351,-7.17,1.72319,0.0221112,-0.0221112
Kepler-1415 b,Kepler-1415,b,1,1,1,Transit,0,0.63642408,1.6E-06,-1.6E-06,0,,,,,1.29,0.12,-0.08,0,0.115,0.011,-0.007,0,,,,,,,,,,,,,,,,,,,,,,,,,,,,,,,,,,,,,,,,,,,,,,,,,,,,,,,,,,,,,1.0604,0.0749,-0.0749,0,,,,,0.01373,0.00087,-0.00062,0,,,,,,,,,,,,,,,,,,,,,,,,,5267,55.51,-59.06,0,0.84,0.06,-0.04,0,0.89,0.04,-0.04,0,0.12,0.145,-0.148,0,[Fe/H],,,,,4.54,0.03,-0.07,0,4.17,6.42,-2.52,0,,,,,,,,,,,,,,,,,1043.56,40.6,-37.71,0.930226,0.0356524,-0.0356524
Kepler-1416 b,Kepler-1416,b,1,1,1,Transit,0,1.49514952,1.069E-05,-1.069E-05,0,,,,,0.88,0.33,-0.14,0,0.079,0.029,-0.012,0,,,,,,,,,,,,,,,,,,,,,,,,,,,,,,,,,,,,,,,,,,,,,,,,,,,,,,,,,,,,,3.11,0.184,-0.184,0,,,,,0.00673,0.00043,-0.00027,0,,,,,,,,,,,,,,,,,,,,,,,,,6019,321.69,-283.99,0,1.15,0.43,-0.18,0,1.09,0.2,-0.11,0,0.03,0.132,-0.155,0,[Fe/H],,,,,4.35,0.12,-0.21,0,2.95,2.62,-1.23,0,,,,,,,,,,,,,,,,,949.59,16.9155,-16.9155,1.02457,0.0186116,-0.0186116
Kepler-1417 b,Kepler-1417,b,1,1,1,Transit,0,20.3505213,0.0003037,-0.0003037,0,,,,,1,0.2,-0.11,0,0.089,0.018,-0.01,0,,,,,,,,,,,,,,,,,,,,,,,,,,,,,,,,,,,,,,,,,,,,,,,,,,,,,,,,,,,,,7.316,0.308,-0.308,0,,,,,0.00915,0.00028,-0.00055,0,,,,,,,,,,,,,,,,,,,,,,,,,5839,93.84,-137.75,0,1.02,0.2,-0.09,0,1.02,0.06,-0.06,0,0.02,0.154,-0.162,0,[Fe/H],,,,,4.43,0.07,-0.15,0,4.07,2.72,-2.3,0,,,,,,,,,,,,,,,,,991.845,16.759,-16.759,0.979545,0.0169053,-0.0169053
Kepler-1418 b,Kepler-1418,b,1,1,1,Transit,0,22.4764425,0.0001747,-0.0001747,0,,,,,1.66,0.08,-0.14,0,0.148,0.007,-0.012,0,,,,,,,,,,,,,,,,,,,,,,,,,,,,,,,,,,,,,,,,,,,,,,,,,,,,,,,,,,,,,3.56,0.196,-0.196,0,,,,,0.02129,0.00073,-0.00141,0,,,,,,,,,,,,,,,,,,,,,,,,,4770,59.97,-63.35,0,0.72,0.02,-0.03,0,0.77,0.03,-0.04,0,0,0.15,-0.167,0,[Fe/H],,,,,4.61,0.02,-0.03,0,3.63,5.94,-1.95,0,,,,,,,,,,,,,,,,,,,,,,
Kepler-1419 b,Kepler-1419,b,1,1,1,Transit,0,42.5215895,0.0005032,-0.0005032,0,,,,,2.86,0.66,-0.29,0,0.255,0.059,-0.026,0,,,,,,,,,,,,,,,,,,,,,,,,,,,,,,,,,,,,,,,,,,,,,,,,,,,,,,,,,,,,,5.798,0.257,-0.257,0,,,,,0.02602,0.00167,-0.00073,0,,,,,,,,,,,,,,,,,,,,,,,,,5796,113.94,-157.22,0,1.01,0.23,-0.1,0,1.01,0.06,-0.07,0,0.04,0.139,-0.17,0,[Fe/H],,,,,4.43,0.07,-0.16,0,4.37,3.1,-2.56,0,,,,,,,,,,,,,,,,,1498.58,84.1,-75.75,0.6402,0.0346561,-0.0346561
Kepler-1420 b,Kepler-1420,b,1,1,1,Transit,0,6.69960006,4.5E-05,-4.5E-05,0,,,,,1.28,0.14,-0.12,0,0.114,0.012,-0.011,0,,,,,,,,,,,,,,,,,,,,,,,,,,,,,,,,,,,,,,,,,,,,,,,,,,,,,,,,,,,,,2.704,0.166,-0.166,0,,,,,0.01519,0.00089,-0.00082,0,,,,,,,,,,,,,,,,,,,,,,,,,5187,207.12,-171.94,0,0.79,0.07,-0.06,0,0.82,0.06,-0.06,0,-0.1,0.167,-0.194,0,[Fe/H],,,,,4.57,0.04,-0.06,0,4.9,5.79,-3.1,0,,,,,,,,,,,,,,,,,1054.37,54.02,-49.08,0.92243,0.0451411,-0.0451411
Kepler-1421 b,Kepler-1421,b,1,1,1,Transit,0,6.9131112,0.00014,-0.00014,0,,,,,0.93,0.2,-0.11,0,0.083,0.018,-0.01,0,,,,,,,,,,,,,,,,,,,,,,,,,,,,,,,,,,,,,,,,,,,,,,,,,,,,,,,,,,,,,4.768,0.408,-0.408,0,,,,,0.00568,0.00044,-0.0002,0,,,,,,,,,,,,,,,,,,,,,,,,,6335,73.18,-69.44,0,1.42,0.29,-0.16,0,1.25,0.09,-0.06,0,0.05,0.093,-0.094,0,[Fe/H],,,,,4.23,0.09,-0.13,0,2.75,0.46,-0.8,0,,,,,,,,,,,,,,,,,783.401,13.341,-12.91,1.24785,0.0212216,-0.0212216
Kepler-1422 b,Kepler-1422,b,1,1,1,Transit,0,18.6051942,0.0003246,-0.0003246,0,,,,,2.02,0.41,-0.27,0,0.18,0.037,-0.024,0,,,,,,,,,,,,,,,,,,,,,,,,,,,,,,,,,,,,,,,,,,,,,,,,,,,,,,,,,,,,,7.18,0.336,-0.336,0,,,,,0.01491,0.00082,-0.00069,0,,,,,,,,,,,,,,,,,,,,,,,,,6194,143.17,-121.64,0,1.23,0.24,-0.15,0,1.15,0.09,-0.08,0,0,0.136,-0.165,0,[Fe/H],,,,,4.32,0.09,-0.13,0,3.02,1.18,-1.3,0,,,,,,,,,,,,,,,,,2465.84,221.46,-188.57,0.375273,0.0330384,-0.0330384
Kepler-1423 b,Kepler-1423,b,1,1,1,Transit,0,23.955378,0.0001729,-0.0001729,0,,,,,1.06,0.09,-0.07,0,0.095,0.008,-0.006,0,,,,,,,,,,,,,,,,,,,,,,,,,,,,,,,,,,,,,,,,,,,,,,,,,,,,,,,,,,,,,3.185,0.179,-0.179,0,,,,,0.01347,0.00093,-0.00062,0,,,,,,,,,,,,,,,,,,,,,,,,,4939,85.32,-84.66,0,0.75,0.03,-0.04,0,0.79,0.04,-0.04,0,-0.02,0.144,-0.171,0,[Fe/H],,,,,4.59,0.02,-0.04,0,4.68,5.87,-2.79,0,,,,,,,,,,,,,,,,,,,,,,
Kepler-1424 b,Kepler-1424,b,1,1,1,Transit,0,29.6091744,0.0003002,-0.0003002,0,,,,,1.16,0.16,-0.12,0,0.103,0.014,-0.011,0,,,,,,,,,,,,,,,,,,,,,,,,,,,,,,,,,,,,,,,,,,,,,,,,,,,,,,,,,,,,,5.471,0.262,-0.262,0,,,,,0.01048,0.00036,-0.00052,0,,,,,,,,,,,,,,,,,,,,,,,,,5838,94.69,-90.41,0,1.07,0.14,-0.09,0,1.02,0.05,-0.04,0,0.01,0.085,-0.09,0,[Fe/H],,,,,4.39,0.08,-0.1,0,5.25,2.18,-2.7,0,,,,,,,,,,,,,,,,,661.421,,,,,
Kepler-1425 b,Kepler-1425,b,1,1,1,Transit,0,14.4541302,0.0001621,-0.0001621,0,,,,,0.94,0.19,-0.13,0,0.084,0.017,-0.012,0,,,,,,,,,,,,,,,,,,,,,,,,,,,,,,,,,,,,,,,,,,,,,,,,,,,,,,,,,,,,,7.095,0.355,-0.355,0,,,,,0.0092,0.00108,-0.00093,0,,,,,,,,,,,,,,,,,,,,,,,,,5718,170.34,-173.56,0,0.95,0.16,-0.09,0,0.97,0.07,-0.07,0,-0.03,0.142,-0.181,0,[Fe/H],,,,,4.47,0.07,-0.13,0,4.07,4.38,-2.39,0,,,,,,,,,,,,,,,,,863.873,11.322,-11.322,1.12886,0.0150547,-0.0150547
Kepler-1426 b,Kepler-1426,b,1,1,1,Transit,0,14.2563227,0.000194,-0.000194,0,,,,,1.56,0.33,-0.17,0,0.139,0.029,-0.015,0,,,,,,,,,,,,,,,,,,,,,,,,,,,,,,,,,,,,,,,,,,,,,,,,,,,,,,,,,,,,,4.389,0.322,-0.322,0,,,,,0.01363,0.00052,-0.00091,0,,,,,,,,,,,,,,,,,,,,,,,,,5831,81.81,-107.42,0,1.02,0.21,-0.09,0,1.02,0.06,-0.06,0,0.03,0.139,-0.167,0,[Fe/H],,,,,4.43,0.07,-0.16,0,4.07,2.89,-2.27,0,,,,,,,,,,,,,,,,,1697.81,,,,,
Kepler-1427 b,Kepler-1427,b,1,1,1,Transit,0,0.96897238,6.77E-06,-6.77E-06,0,,,,,1.1,0.24,-0.12,0,0.098,0.021,-0.011,0,,,,,,,,,,,,,,,,,,,,,,,,,,,,,,,,,,,,,,,,,,,,,,,,,,,,,,,,,,,,,1.622,0.157,-0.157,0,,,,,0.0099,0.00085,-0.00039,0,,,,,,,,,,,,,,,,,,,,,,,,,5793,120.55,-179.64,0,1.01,0.2,-0.1,0,1.01,0.07,-0.07,0,0.06,0.139,-0.157,0,[Fe/H],,,,,4.44,0.07,-0.15,0,4.07,3.15,-2.38,0,,,,,,,,,,,,,,,,,,,,,,
Kepler-1428 b,Kepler-1428,b,1,1,1,Transit,0,10.67607169,6.093E-05,-6.093E-05,0,,,,,1.64,0.14,-0.1,0,0.146,0.012,-0.009,0,,,,,,,,,,,,,,,,,,,,,,,,,,,,,,,,,,,,,,,,,,,,,,,,,,,,,,,,,,,,,4.549,0.132,-0.132,0,,,,,0.01101,0.00049,-0.00029,0,,,,,,,,,,,,,,,,,,,,,,,,,6184,53.72,-58.83,0,1.36,0.1,-0.08,0,1.28,0.03,-0.03,0,0.35,0.054,-0.054,0,[Fe/H],,,,,4.28,0.05,-0.05,0,2.04,0.576,-0.619,0,,,,,,,,,,,,,,,,,1530.32,38.18,-38.18,0.624761,0.0161744,-0.0161744
Kepler-1429 b,Kepler-1429,b,1,1,1,Transit,0,4.48487493,4.558E-05,-4.558E-05,0,,,,,1.29,0.35,-0.14,0,0.115,0.031,-0.012,0,,,,,,,,,,,,,,,,,,,,,,,,,,,,,,,,,,,,,,,,,,,,,,,,,,,,,,,,,,,,,2.58,0.232,-0.232,0,,,,,0.01054,0.00068,-0.00063,0,,,,,,,,,,,,,,,,,,,,,,,,,5902,68.85,-77,0,1.07,0.28,-0.1,0,1.05,0.06,-0.06,0,0.04,0.135,-0.166,0,[Fe/H],,,,,4.4,0.08,-0.18,0,4.17,2.24,-2.28,0,,,,,,,,,,,,,,,,,1214.09,30.02,-28.62,0.794899,0.0197353,-0.0197353
Kepler-1430 b,Kepler-1430,b,1,1,1,Transit,0,2.46050993,1.273E-05,-1.273E-05,0,,,,,1.18,0.09,-0.08,0,0.105,0.008,-0.007,0,,,,,,,,,,,,,,,,,,,,,,,,,,,,,,,,,,,,,,,,,,,,,,,,,,,,,,,,,,,,,2.003,0.128,-0.128,0,,,,,0.01485,0.00098,-0.00054,0,,,,,,,,,,,,,,,,,,,,,,,,,4796,46.68,-59.94,0,0.72,0.02,-0.04,0,0.77,0.04,-0.05,0,-0.03,0.201,-0.178,0,[Fe/H],,,,,4.62,0.02,-0.02,0,2.09,5.26,-0.734,0,,,,,,,,,,,,,,,,,875.523,,,,,
Kepler-1431 b,Kepler-1431,b,1,1,1,Transit,0,5.86601526,4.724E-05,-4.724E-05,0,,,,,1.47,0.42,-0.16,0,0.131,0.037,-0.014,0,,,,,,,,,,,,,,,,,,,,,,,,,,,,,,,,,,,,,,,,,,,,,,,,,,,,,,,,,,,,,3.978,0.167,-0.167,0,,,,,0.01288,0.00045,-0.00069,0,,,,,,,,,,,,,,,,,,,,,,,,,5806,77.08,-100.35,0,1.03,0.29,-0.1,0,1.03,0.06,-0.05,0,0.07,0.139,-0.141,0,[Fe/H],,,,,4.42,0.07,-0.2,0,4.27,2.88,-2.5,0,,,,,,,,,,,,,,,,,1623.24,61.425,-61.425,0.587191,0.0231351,-0.0231351
Kepler-1432 b,Kepler-1432,b,1,1,1,Transit,0,23.9109011,0.0002703,-0.0002703,0,,,,,2.22,0.69,-0.3,0,0.198,0.062,-0.027,0,,,,,,,,,,,,,,,,,,,,,,,,,,,,,,,,,,,,,,,,,,,,,,,,,,,,,,,,,,,,,5.055,0.468,-0.468,0,,,,,0.0181,0.00299,-0.00139,0,,,,,,,,,,,,,,,,,,,,,,,,,6031,121.96,-137.46,0,1.13,0.29,-0.13,0,1.09,0.09,-0.07,0,0.02,0.134,-0.15,0,[Fe/H],,,,,4.37,0.09,-0.17,0,3.47,1.7,-1.75,0,,,,,,,,,,,,,,,,,2171.87,153.12,-134.59,0.431246,0.0297969,-0.0297969
Kepler-1433 b,Kepler-1433,b,1,1,1,Transit,0,4.13592271,2.888E-05,-2.888E-05,0,,,,,1.56,0.45,-0.18,0,0.139,0.04,-0.016,0,,,,,,,,,,,,,,,,,,,,,,,,,,,,,,,,,,,,,,,,,,,,,,,,,,,,,,,,,,,,,2.789,0.138,-0.138,0,,,,,0.01167,0.00073,-0.00046,0,,,,,,,,,,,,,,,,,,,,,,,,,6097,97.58,-116.39,0,1.19,0.33,-0.13,0,1.14,0.11,-0.07,0,0.07,0.14,-0.138,0,[Fe/H],,,,,4.34,0.08,-0.17,0,3.02,1.2,-1.36,0,,,,,,,,,,,,,,,,,,,,,,
Kepler-1434 b,Kepler-1434,b,1,1,1,Transit,0,8.05333618,8.907E-05,-8.907E-05,0,,,,,1.11,0.21,-0.2,0,0.099,0.019,-0.018,0,,,,,,,,,,,,,,,,,,,,,,,,,,,,,,,,,,,,,,,,,,,,,,,,,,,,,,,,,,,,,5.277,0.243,-0.243,0,,,,,0.00549,0.00023,-0.00032,0,,,,,,,,,,,,,,,,,,,,,,,,,6291,88.58,-88.27,0,2.04,0.37,-0.34,0,1.47,0.13,-0.12,0,0.19,0.091,-0.094,0,[Fe/H],,,,,3.98,0.12,-0.11,0,2.57,0.49,-0.48,0,,,,,,,,,,,,,,,,,775.529,14.697,-14.17,1.26097,0.0238095,-0.0238095
Kepler-1435 b,Kepler-1435,b,1,1,1,Transit,0,4.45343281,3.591E-05,-3.591E-05,0,,,,,0.86,0.12,-0.09,0,0.077,0.011,-0.008,0,,,,,,,,,,,,,,,,,,,,,,,,,,,,,,,,,,,,,,,,,,,,,,,,,,,,,,,,,,,,,3.796,0.171,-0.171,0,,,,,0.00644,0.00023,-0.00031,0,,,,,,,,,,,,,,,,,,,,,,,,,6356,74.81,-65.48,0,1.32,0.18,-0.11,0,1.21,0.06,-0.06,0,-0.03,0.088,-0.097,0,[Fe/H],,,,,4.28,0.07,-0.09,0,2.63,0.64,-0.88,0,,,,,,,,,,,,,,,,,704.211,9.427,-9.186,1.39134,0.0186224,-0.0186224
Kepler-1436 b,Kepler-1436,b,1,1,1,Transit,0,9.705716,0.0001638,-0.0001638,0,,,,,1.31,0.35,-0.18,0,0.117,0.031,-0.016,0,,,,,,,,,,,,,,,,,,,,,,,,,,,,,,,,,,,,,,,,,,,,,,,,,,,,,,,,,,,,,6.922,0.487,-0.487,0,,,,,0.01104,0.00045,-0.00068,0,,,,,,,,,,,,,,,,,,,,,,,,,5972,141.9,-172.48,0,1.09,0.29,-0.14,0,1.06,0.08,-0.08,0,-0.01,0.132,-0.179,0,[Fe/H],,,,,4.39,0.09,-0.18,0,3.8,2.35,-2.03,0,,,,,,,,,,,,,,,,,2530.62,141.63,-127.63,0.366448,0.0205157,-0.0205157
Kepler-1437 b,Kepler-1437,b,1,1,1,Transit,0,10.9295461,0.0001172,-0.0001172,0,,,,,1.37,0.17,-0.13,0,0.122,0.015,-0.012,0,,,,,,,,,,,,,,,,,,,,,,,,,,,,,,,,,,,,,,,,,,,,,,,,,,,,,,,,,,,,,6.062,0.274,-0.274,0,,,,,0.01383,0.00039,-0.00102,0,,,,,,,,,,,,,,,,,,,,,,,,,5557,78.69,-80.38,0,0.9,0.11,-0.06,0,0.93,0.04,-0.05,0,-0.02,0.142,-0.167,0,[Fe/H],,,,,4.51,0.04,-0.11,0,4.57,5.13,-2.82,0,,,,,,,,,,,,,,,,,2101.69,297.13,-233.75,0.443927,0.0572112,-0.0572112
Kepler-1438 b,Kepler-1438,b,1,1,1,Transit,0,2.31942009,1.702E-05,-1.702E-05,0,,,,,0.94,0.19,-0.1,0,0.084,0.017,-0.009,0,,,,,,,,,,,,,,,,,,,,,,,,,,,,,,,,,,,,,,,,,,,,,,,,,,,,,,,,,,,,,1.612,0.158,-0.158,0,,,,,0.00927,0.00049,-0.00072,0,,,,,,,,,,,,,,,,,,,,,,,,,5530,56.64,-67.02,0,0.96,0.19,-0.07,0,0.97,0.05,-0.05,0,0.2,0.134,-0.175,0,[Fe/H],,,,,4.46,0.07,-0.16,0,5.37,4.84,-3.62,0,,,,,,,,,,,,,,,,,1154.13,63.8,-57.56,0.839323,0.0443923,-0.0443923
Kepler-1439 b,Kepler-1439,b,1,1,1,Transit,0,8.07392849,4.784E-05,-4.784E-05,0,,,,,1.46,0.14,-0.21,0,0.13,0.012,-0.019,0,,,,,,,,,,,,,,,,,,,,,,,,,,,,,,,,,,,,,,,,,,,,,,,,,,,,,,,,,,,,,2.217,0.14,-0.14,0,,,,,0.0314,0.00073,-0.00233,0,,,,,,,,,,,,,,,,,,,,,,,,,3578,54.92,-51.71,0,0.43,0.04,-0.05,0,0.46,0.04,-0.06,0,-0.03,0.112,-0.126,0,[Fe/H],,,,,4.83,0.05,-0.04,0,4.07,6.04,-2.43,0,,,,,,,,,,,,,,,,,225.393,2.528,-2.472,4.40862,0.0488359,-0.0488359
Kepler-1440 b,Kepler-1440,b,1,1,1,Transit,0,39.859484,0.001034,-0.001034,0,,,,,1.26,0.23,-0.14,0,0.112,0.021,-0.012,0,,,,,,,,,,,,,,,,,,,,,,,,,,,,,,,,,,,,,,,,,,,,,,,,,,,,,,,,,,,,,8.06,0.578,-0.578,0,,,,,0.01187,0.00016,-0.001,0,,,,,,,,,,,,,,,,,,,,,,,,,5698,66.72,-68.65,0,0.96,0.17,-0.07,0,0.98,0.04,-0.05,0,0.04,0.137,-0.171,0,[Fe/H],,,,,4.46,0.06,-0.14,0,4.47,4.08,-2.7,0,,,,,,,,,,,,,,,,,1115.35,24.33,-23.33,0.867838,0.0190069,-0.0190069
Kepler-1441 b,Kepler-1441,b,1,1,1,Transit,0,39.4419839,0.0005327,-0.0005327,0,,,,,1.31,0.22,-0.13,0,0.117,0.02,-0.012,0,,,,,,,,,,,,,,,,,,,,,,,,,,,,,,,,,,,,,,,,,,,,,,,,,,,,,,,,,,,,,7.285,0.32,-0.32,0,,,,,0.01221,0.00074,-0.00042,0,,,,,,,,,,,,,,,,,,,,,,,,,5802,122.74,-150.6,0,1,0.16,-0.09,0,1,0.06,-0.06,0,0.01,0.145,-0.166,0,[Fe/H],,,,,4.45,0.07,-0.13,0,3.89,3.06,-2.22,0,,,,,,,,,,,,,,,,,1110.48,22.555,-22.555,0.871935,0.0181427,-0.0181427
Kepler-1442 b,Kepler-1442,b,1,1,1,Transit,0,81.4162941,0.0002026,-0.0002026,0,,,,,3.93,0.41,-0.29,0,0.351,0.037,-0.026,0,,,,,,,,,,,,,,,,,,,,,,,,,,,,,,,,,,,,,,,,,,,,,,,,,,,,,,,,,,,,,12.1444,0.0944,-0.0944,0,,,,,0.02478,0.00141,-0.00089,0,,,,,,,,,,,,,,,,,,,,,,,,,6394,77,-77.61,0,1.44,0.13,-0.1,0,1.34,0.05,-0.05,0,0.26,0.075,-0.084,0,[Fe/H],,,,,4.25,0.05,-0.06,0,1.7,0.556,-0.459,0,,,,,,,,,,,,,,,,,608.68,9.446,-9.166,1.61439,0.0249246,-0.0249246
Kepler-1443 b,Kepler-1443,b,1,1,1,Transit,0,2.41811321,1.443E-05,-1.443E-05,0,,,,,0.97,0.22,-0.09,0,0.087,0.02,-0.008,0,,,,,,,,,,,,,,,,,,,,,,,,,,,,,,,,,,,,,,,,,,,,,,,,,,,,,,,,,,,,,2.194,0.15,-0.15,0,,,,,0.00651,0.00148,-0.00038,0,,,,,,,,,,,,,,,,,,,,,,,,,6289,83.36,-68.31,0,1.27,0.12,-0.09,0,1.19,0.05,-0.05,0,0,0.077,-0.08,0,[Fe/H],,,,,4.3,0.06,-0.07,0,2.63,0.774,-0.948,0,,,,,,,,,,,,,,,,,593.646,21.954,-20.468,1.65821,0.0596472,-0.0596472
Kepler-1444 b,Kepler-1444,b,1,1,1,Transit,0,33.42035034,9.305E-05,-9.305E-05,0,,,,,2.18,0.41,-0.19,0,0.194,0.037,-0.017,0,,,,,,,,,,,,,,,,,,,,,,,,,,,,,,,,,,,,,,,,,,,,,,,,,,,,,,,,,,,,,5.0911,0.081,-0.081,0,,,,,0.0188,0.00276,-0.00081,0,,,,,,,,,,,,,,,,,,,,,,,,,5810,85.52,-70.49,0,1.05,0.12,-0.08,0,1.03,0.04,-0.04,0,0.06,0.1,-0.087,0,[Fe/H],,,,,4.4,0.07,-0.09,0,4.79,2.31,-2.64,0,,,,,,,,,,,,,,,,,319.675,2.136,-2.108,3.0994,0.0206055,-0.0206055
Kepler-1445 b,Kepler-1445,b,1,1,1,Transit,0,10.60052251,9.265E-05,-9.265E-05,0,,,,,0.96,0.2,-0.13,0,0.086,0.018,-0.012,0,,,,,,,,,,,,,,,,,,,,,,,,,,,,,,,,,,,,,,,,,,,,,,,,,,,,,,,,,,,,,4.484,0.207,-0.207,0,,,,,0.00734,0.00018,-0.00046,0,,,,,,,,,,,,,,,,,,,,,,,,,6150,71.3,-60.88,0,1.26,0.26,-0.15,0,1.13,0.07,-0.06,0,-0.03,0.084,-0.111,0,[Fe/H],,,,,4.28,0.11,-0.13,0,3.8,0.97,-1.39,0,,,,,,,,,,,,,,,,,506.357,6.704,-6.534,1.94635,0.0256174,-0.0256174
Kepler-1446 b,Kepler-1446,b,1,1,1,Transit,0,0.68996783,5E-07,-5E-07,0,,,,,0.82,0.04,-0.02,0,0.073,0.004,-0.002,0,,,,,,,,,,,,,,,,,,,,,,,,,,,,,,,,,,,,,,,,,,,,,,,,,,,,,,,,,,,,,1.2135,0.0218,-0.0218,0,,,,,0.00976,0.00044,-0.00015,0,,,,,,,,,,,,,,,,,,,,,,,,,4865,43.69,-52.46,0,0.75,0.01,-0.01,0,0.81,0.02,-0.02,0,0.11,0.102,-0.097,0,[Fe/H],,,,,4.6,0.01,-0.01,0,2.63,2.42,-1.12,0,,,,,,,,,,,,,,,,,152.075,0.677,-0.671,6.54694,0.028919,-0.028919
Kepler-1447 b,Kepler-1447,b,1,1,1,Transit,0,56.6747285,0.0003978,-0.0003978,0,,,,,2.9,0.5,-0.24,0,0.259,0.045,-0.021,0,,,,,,,,,,,,,,,,,,,,,,,,,,,,,,,,,,,,,,,,,,,,,,,,,,,,,,,,,,,,,5.422,0.175,-0.175,0,,,,,0.02767,0.00118,-0.0009,0,,,,,,,,,,,,,,,,,,,,,,,,,5722,108.69,-88.46,0,0.95,0.16,-0.07,0,0.97,0.05,-0.06,0,-0.03,0.13,-0.183,0,[Fe/H],,,,,4.47,0.06,-0.13,0,4.17,4.03,-2.41,0,,,,,,,,,,,,,,,,,890.296,17.333,-16.695,1.09459,0.021299,-0.021299
Kepler-1448 b,Kepler-1448,b,1,1,1,Transit,0,12.27065865,5.885E-05,-5.885E-05,0,,,,,1.61,0.21,-0.16,0,0.144,0.019,-0.014,0,,,,,,,,,,,,,,,,,,,,,,,,,,,,,,,,,,,,,,,,,,,,,,,,,,,,,,,,,,,,,3.106,0.11,-0.11,0,,,,,0.01632,0.00053,-0.00064,0,,,,,,,,,,,,,,,,,,,,,,,,,5774,89.88,-66.69,0,0.93,0.12,-0.08,0,0.95,0.06,-0.07,0,-0.16,0.176,-0.21,0,[Fe/H],,,,,4.49,0.05,-0.1,0,3.55,3.85,-1.93,0,,,,,,,,,,,,,,,,,768.903,10.2315,-10.2315,1.27179,0.0171742,-0.0171742
Kepler-1449 b,Kepler-1449,b,1,1,1,Transit,0,13.2274528,0.0001447,-0.0001447,0,,,,,1.68,0.37,-0.18,0,0.15,0.033,-0.016,0,,,,,,,,,,,,,,,,,,,,,,,,,,,,,,,,,,,,,,,,,,,,,,,,,,,,,,,,,,,,,6.104,0.291,-0.291,0,,,,,0.0136,0.0007,-0.0006,0,,,,,,,,,,,,,,,,,,,,,,,,,5979,98.77,-97.37,0,1.1,0.23,-0.11,0,1.08,0.07,-0.06,0,0.04,0.143,-0.169,0,[Fe/H],,,,,4.39,0.08,-0.15,0,3.47,1.89,-1.79,0,,,,,,,,,,,,,,,,,2006.48,85.68,-79.07,0.468974,0.0203266,-0.0203266
Kepler-1450 b,Kepler-1450,b,1,1,1,Transit,0,54.5094166,0.000527,-0.000527,0,,,,,1.71,0.13,-0.11,0,0.153,0.012,-0.01,0,,,,,,,,,,,,,,,,,,,,,,,,,,,,,,,,,,,,,,,,,,,,,,,,,,,,,,,,,,,,,4.222,0.235,-0.235,0,,,,,0.02326,0.00141,-0.0009,0,,,,,,,,,,,,,,,,,,,,,,,,,4524,104.75,-94.04,0,0.68,0.03,-0.04,0,0.71,0.03,-0.04,0,-0.02,0.146,-0.147,0,[Fe/H],,,,,4.63,0.02,-0.03,0,4.37,5.4,-2.44,0,,,,,,,,,,,,,,,,,505.829,7.4105,-7.4105,1.94862,0.028738,-0.028738
Kepler-1451 b,Kepler-1451,b,1,1,1,Transit,0,35.622233,0.0002098,-0.0002098,0,,,,,3.35,0.62,-0.66,0,0.299,0.055,-0.059,0,,,,,,,,,,,,,,,,,,,,,,,,,,,,,,,,,,,,,,,,,,,,,,,,,,,,,,,,,,,,,5.146,0.189,-0.189,0,,,,,0.03054,0.00157,-0.00532,0,,,,,,,,,,,,,,,,,,,,,,,,,5782,133.65,-186.17,0,0.99,0.18,-0.1,0,1,0.07,-0.07,0,0.01,0.135,-0.164,0,[Fe/H],,,,,4.45,0.07,-0.14,0,4.17,3.23,-2.44,0,,,,,,,,,,,,,,,,,1058.72,30.47,-28.83,0.916503,0.0262287,-0.0262287
Kepler-1452 b,Kepler-1452,b,1,1,1,Transit,0,42.913751,0.0003689,-0.0003689,0,,,,,2.7,0.39,-0.35,0,0.241,0.035,-0.031,0,,,,,,,,,,,,,,,,,,,,,,,,,,,,,,,,,,,,,,,,,,,,,,,,,,,,,,,,,,,,,5.121,0.172,-0.172,0,,,,,0.01228,0.00055,-0.0004,0,,,,,,,,,,,,,,,,,,,,,,,,,6101,90.21,-112.92,0,2.06,0.28,-0.26,0,1.41,0.11,-0.14,0,0.14,0.081,-0.093,0,[Fe/H],,,,,3.95,0.08,-0.07,0,3.24,0.952,-0.62,0,,,,,,,,,,,,,,,,,996.32,16.01,-15.518,0.975034,0.0157561,-0.0157561
Kepler-1453 b,Kepler-1453,b,1,1,1,Transit,0,47.1611696,0.0004176,-0.0004176,0,,,,,2.67,0.44,-0.21,0,0.238,0.039,-0.019,0,,,,,,,,,,,,,,,,,,,,,,,,,,,,,,,,,,,,,,,,,,,,,,,,,,,,,,,,,,,,,4.059,0.17,-0.17,0,,,,,0.02602,0.00124,-0.00088,0,,,,,,,,,,,,,,,,,,,,,,,,,5665,68.09,-70.11,0,0.94,0.15,-0.07,0,0.97,0.04,-0.05,0,0.01,0.126,-0.164,0,[Fe/H],,,,,4.48,0.05,-0.13,0,4.27,4.71,-2.59,0,,,,,,,,,,,,,,,,,1196.04,41.99,-39.29,0.807612,0.0281839,-0.0281839
Kepler-1454 b,Kepler-1454,b,1,1,1,Transit,0,47.0319479,0.0006695,-0.0006695,0,,,,,1.88,0.19,-0.17,0,0.168,0.017,-0.015,0,,,,,,,,,,,,,,,,,,,,,,,,,,,,,,,,,,,,,,,,,,,,,,,,,,,,,,,,,,,,,5.906,0.289,-0.289,0,,,,,0.02033,0.0005,-0.00134,0,,,,,,,,,,,,,,,,,,,,,,,,,5448,59.86,-64.34,0,0.86,0.08,-0.05,0,0.9,0.04,-0.05,0,-0.02,0.147,-0.169,0,[Fe/H],,,,,4.53,0.04,-0.09,0,4.57,5.85,-2.87,0,,,,,,,,,,,,,,,,,780.566,14.949,-14.407,1.25259,0.0239034,-0.0239034
Kepler-1455 b,Kepler-1455,b,1,1,1,Transit,0,49.276764,0.0003737,-0.0003737,0,,,,,2.16,0.15,-0.16,0,0.193,0.013,-0.014,0,,,,,,,,,,,,,,,,,,,,,,,,,,,,,,,,,,,,,,,,,,,,,,,,,,,,,,,,,,,,,3.696,0.181,-0.181,0,,,,,0.03328,0.00185,-0.00127,0,,,,,,,,,,,,,,,,,,,,,,,,,4075,61.23,-57.4,0,0.6,0.03,-0.04,0,0.62,0.03,-0.04,0,-0.02,0.134,-0.167,0,[Fe/H],,,,,4.68,0.03,-0.02,0,4.17,6.16,-2.4,0,,,,,,,,,,,,,,,,,357.621,5.284,-5.284,2.76822,0.0409922,-0.0409922
Kepler-1456 b,Kepler-1456,b,1,1,1,Transit,0,18.1373829,0.0001854,-0.0001854,0,,,,,1.14,0.09,-0.15,0,0.102,0.008,-0.013,0,,,,,,,,,,,,,,,,,,,,,,,,,,,,,,,,,,,,,,,,,,,,,,,,,,,,,,,,,,,,,3.55,0.226,-0.226,0,,,,,0.01737,0.00103,-0.00091,0,,,,,,,,,,,,,,,,,,,,,,,,,4231,68.4,-85.61,0,0.62,0.04,-0.07,0,0.64,0.05,-0.08,0,-0.09,0.212,-0.336,0,[Fe/H],,,,,4.67,0.05,-0.02,0,3.72,5.7,-2.1,0,,,,,,,,,,,,,,,,,370.312,4.089,-4.002,2.67192,0.0292759,-0.0292759
Kepler-1457 b,Kepler-1457,b,1,1,1,Transit,0,51.1110243,0.0003738,-0.0003738,0,,,,,1.99,0.31,-0.2,0,0.178,0.028,-0.018,0,,,,,,,,,,,,,,,,,,,,,,,,,,,,,,,,,,,,,,,,,,,,,,,,,,,,,,,,,,,,,7.987,0.183,-0.183,0,,,,,0.01823,0.00064,-0.00046,0,,,,,,,,,,,,,,,,,,,,,,,,,5866,137.28,-119.79,0,1.01,0.15,-0.1,0,1.01,0.07,-0.07,0,-0.05,0.154,-0.189,0,[Fe/H],,,,,4.43,0.07,-0.12,0,3.72,3.08,-2.04,0,,,,,,,,,,,,,,,,,889.885,11.771,-11.473,1.09492,0.0145642,-0.0145642
Kepler-1458 b,Kepler-1458,b,1,1,1,Transit,0,47.9872764,0.0001776,-0.0001776,0,,,,,2.76,0.42,-0.21,0,0.246,0.037,-0.019,0,,,,,,,,,,,,,,,,,,,,,,,,,,,,,,,,,,,,,,,,,,,,,,,,,,,,,,,,,,,,,4.756,0.129,-0.129,0,,,,,0.02735,0.00111,-0.00042,0,,,,,,,,,,,,,,,,,,,,,,,,,5653,119.66,-136.13,0,0.94,0.14,-0.07,0,0.96,0.05,-0.05,0,0.02,0.131,-0.161,0,[Fe/H],,,,,4.48,0.06,-0.13,0,4.17,4.64,-2.45,0,,,,,,,,,,,,,,,,,544.45,4.89,-4.805,1.80791,0.0162294,-0.0162294
Kepler-1459 b,Kepler-1459,b,1,1,1,Transit,0,62.8691611,0.0009586,-0.0009586,0,,,,,1.36,0.1,-0.08,0,0.121,0.009,-0.007,0,,,,,,,,,,,,,,,,,,,,,,,,,,,,,,,,,,,,,,,,,,,,,,,,,,,,,,,,,,,,,5.778,0.318,-0.318,0,,,,,0.01666,0.00118,-0.00062,0,,,,,,,,,,,,,,,,,,,,,,,,,4828,42.43,-40.76,0,0.74,0.02,-0.03,0,0.78,0.03,-0.04,0,0.01,0.15,-0.161,0,[Fe/H],,,,,4.61,0.02,-0.04,0,3.89,5.97,-2.2,0,,,,,,,,,,,,,,,,,455.479,4.342,-4.261,2.16677,0.0205762,-0.0205762
Kepler-1460 b,Kepler-1460,b,1,1,1,Transit,0,29.9633247,0.0002186,-0.0002186,0,,,,,1.96,0.14,-0.13,0,0.175,0.012,-0.012,0,,,,,,,,,,,,,,,,,,,,,,,,,,,,,,,,,,,,,,,,,,,,,,,,,,,,,,,,,,,,,2.632,0.148,-0.148,0,,,,,0.02718,0.00176,-0.00083,0,,,,,,,,,,,,,,,,,,,,,,,,,4422,43.62,-45.02,0,0.67,0.02,-0.04,0,0.7,0.03,-0.05,0,-0.02,0.18,-0.172,0,[Fe/H],,,,,4.64,0.02,-0.03,0,3.98,5.95,-2.27,0,,,,,,,,,,,,,,,,,553.218,9.939,-9.601,1.77935,0.031673,-0.031673
Kepler-1461 b,Kepler-1461,b,1,1,1,Transit,0,29.3494775,0.0001832,-0.0001832,0,,,,,2.03,0.09,-0.16,0,0.181,0.008,-0.014,0,,,,,,,,,,,,,,,,,,,,,,,,,,,,,,,,,,,,,,,,,,,,,,,,,,,,,,,,,,,,,4.207,0.144,-0.144,0,,,,,0.02487,0.00052,-0.00145,0,,,,,,,,,,,,,,,,,,,,,,,,,4919,49.81,-58.16,0,0.74,0.03,-0.04,0,0.79,0.04,-0.05,0,-0.04,0.174,-0.174,0,[Fe/H],,,,,4.6,0.02,-0.04,0,3.24,6.56,-1.66,0,,,,,,,,,,,,,,,,,679.106,14.135,-13.581,1.44425,0.0298107,-0.0298107
Kepler-1462 b,Kepler-1462,b,1,1,1,Transit,0,65.6488341,0.0006621,-0.0006621,0,,,,,3.82,0.82,-0.39,0,0.341,0.073,-0.035,0,,,,,,,,,,,,,,,,,,,,,,,,,,,,,,,,,,,,,,,,,,,,,,,,,,,,,,,,,,,,,7.431,0.194,-0.194,0,,,,,0.03529,0.002,-0.00048,0,,,,,,,,,,,,,,,,,,,,,,,,,5756,144.59,-206.5,0,1,0.21,-0.1,0,1,0.07,-0.07,0,0.06,0.146,-0.142,0,[Fe/H],,,,,4.45,0.07,-0.16,0,4.07,3.6,-2.34,0,,,,,,,,,,,,,,,,,1017.82,49.52,-45.196,0.956491,0.0452387,-0.0452387
Kepler-1463 b,Kepler-1463,b,1,1,1,Transit,0,25.15864,0.0005123,-0.0005123,0,,,,,1.86,0.33,-0.19,0,0.166,0.029,-0.017,0,,,,,,,,,,,,,,,,,,,,,,,,,,,,,,,,,,,,,,,,,,,,,,,,,,,,,,,,,,,,,5.18,0.328,-0.328,0,,,,,0.01789,0.00097,-0.00102,0,,,,,,,,,,,,,,,,,,,,,,,,,5679,93.91,-125.8,0,0.95,0.16,-0.08,0,0.96,0.05,-0.06,0,0,0.147,-0.191,0,[Fe/H],,,,,4.47,0.06,-0.14,0,4.79,4.15,-2.99,0,,,,,,,,,,,,,,,,,1687.47,97.02,-87.18,0.56516,0.0315046,-0.0315046
Kepler-1465 b,Kepler-1465,b,1,1,1,Transit,0,31.8277111,0.0001219,-0.0001219,0,,,,,1.77,0.35,-0.19,0,0.158,0.031,-0.017,0,,,,,,,,,,,,,,,,,,,,,,,,,,,,,,,,,,,,,,,,,,,,,,,,,,,,,,,,,,,,,1.584,0.103,-0.103,0,,,,,0.0232,0.00449,-0.00211,0,,,,,,,,,,,,,,,,,,,,,,,,,4726,60.73,-75.37,0,0.71,0.03,-0.04,0,0.75,0.04,-0.05,0,-0.06,0.174,-0.175,0,[Fe/H],,,,,4.62,0.02,-0.03,0,3.72,6.1,-2.06,0,,,,,,,,,,,,,,,,,359.497,10.612,-10.03,2.75616,0.0791705,-0.0791705
Kepler-1466 b,Kepler-1466,b,1,1,1,Transit,0,31.1750448,0.0002157,-0.0002157,0,,,,,1.55,0.27,-0.17,0,0.138,0.024,-0.015,0,,,,,,,,,,,,,,,,,,,,,,,,,,,,,,,,,,,,,,,,,,,,,,,,,,,,,,,,,,,,,3.968,0.17,-0.17,0,,,,,0.01369,0.00062,-0.00049,0,,,,,,,,,,,,,,,,,,,,,,,,,5884,144.58,-128.07,0,1.02,0.17,-0.1,0,1.01,0.07,-0.07,0,-0.07,0.149,-0.196,0,[Fe/H],,,,,4.43,0.07,-0.14,0,3.89,2.76,-2.18,0,,,,,,,,,,,,,,,,,631.949,6.1785,-6.1785,1.5536,0.0153542,-0.0153542
Kepler-1467 b,Kepler-1467,b,1,1,1,Transit,0,47.0569043,0.0001835,-0.0001835,0,,,,,3.3,0.31,-0.25,0,0.294,0.028,-0.022,0,,,,,,,,,,,,,,,,,,,,,,,,,,,,,,,,,,,,,,,,,,,,,,,,,,,,,,,,,,,,,5.2722,0.0964,-0.0964,0,,,,,0.03671,0.00122,-0.0007,0,,,,,,,,,,,,,,,,,,,,,,,,,5332,179.19,-173.73,0,0.82,0.07,-0.06,0,0.86,0.06,-0.06,0,-0.07,0.159,-0.187,0,[Fe/H],,,,,4.55,0.04,-0.07,0,4.37,6.25,-2.68,0,,,,,,,,,,,,,,,,,852.888,21.2515,-21.2515,1.14445,0.0289746,-0.0289746
Kepler-1469 b,Kepler-1469,b,1,1,1,Transit,0,21.8635301,0.0001219,-0.0001219,0,,,,,2.8,0.37,-0.26,0,0.25,0.033,-0.023,0,,,,,,,,,,,,,,,,,,,,,,,,,,,,,,,,,,,,,,,,,,,,,,,,,,,,,,,,,,,,,3.582,0.131,-0.131,0,,,,,0.02881,0.0006,-0.00168,0,,,,,,,,,,,,,,,,,,,,,,,,,5507,128.4,-170.81,0,0.89,0.12,-0.06,0,0.92,0.05,-0.05,0,0.02,0.14,-0.171,0,[Fe/H],,,,,4.51,0.05,-0.11,0,4.47,5.7,-2.75,0,,,,,,,,,,,,,,,,,1159.3,49.72,-45.85,0.835524,0.0352133,-0.0352133
Kepler-1470 b,Kepler-1470,b,1,1,1,Transit,0,16.2950903,0.0001916,-0.0001916,0,,,,,1.07,0.09,-0.08,0,0.095,0.008,-0.007,0,,,,,,,,,,,,,,,,,,,,,,,,,,,,,,,,,,,,,,,,,,,,,,,,,,,,,,,,,,,,,3.644,0.319,-0.319,0,,,,,0.01339,0.001,-0.0007,0,,,,,,,,,,,,,,,,,,,,,,,,,4961,84.41,-94.64,0,0.76,0.03,-0.04,0,0.8,0.04,-0.04,0,-0.01,0.144,-0.16,0,[Fe/H],,,,,4.59,0.02,-0.04,0,4.57,6.1,-2.76,0,,,,,,,,,,,,,,,,,590.601,8.649,-8.407,1.66467,0.0242603,-0.0242603
Kepler-1471 b,Kepler-1471,b,1,1,1,Transit,0,3.63899398,2.002E-05,-2.002E-05,0,,,,,1.41,0.2,-0.14,0,0.126,0.018,-0.012,0,,,,,,,,,,,,,,,,,,,,,,,,,,,,,,,,,,,,,,,,,,,,,,,,,,,,,,,,,,,,,2.213,0.128,-0.128,0,,,,,0.01422,0.00042,-0.00081,0,,,,,,,,,,,,,,,,,,,,,,,,,5660,86.53,-104.98,0,0.93,0.14,-0.07,0,0.95,0.05,-0.06,0,-0.03,0.143,-0.188,0,[Fe/H],,,,,4.48,0.06,-0.12,0,4.57,4.72,-2.77,0,,,,,,,,,,,,,,,,,978.678,26.517,-26.517,0.993378,0.0274631,-0.0274631
Kepler-1472 b,Kepler-1472,b,1,1,1,Transit,0,38.1312831,0.0005755,-0.0005755,0,,,,,1.9,0.76,-0.36,0,0.17,0.068,-0.032,0,,,,,,,,,,,,,,,,,,,,,,,,,,,,,,,,,,,,,,,,,,,,,,,,,,,,,,,,,,,,,6.345,0.805,-0.805,0,,,,,0.01425,2E-05,-0.00171,0,,,,,,,,,,,,,,,,,,,,,,,,,6159,92.7,-114.64,0,1.25,0.5,-0.18,0,1.16,0.16,-0.09,0,0.03,0.129,-0.147,0,[Fe/H],,,,,4.31,0.11,-0.23,0,3.09,1.01,-1.32,0,,,,,,,,,,,,,,,,,1479.14,46.96,-44.2,0.647423,0.0206673,-0.0206673
Kepler-1473 b,Kepler-1473,b,1,1,1,Transit,0,14.4273551,8.414E-05,-8.414E-05,0,,,,,1.19,0.09,-0.08,0,0.106,0.008,-0.007,0,,,,,,,,,,,,,,,,,,,,,,,,,,,,,,,,,,,,,,,,,,,,,,,,,,,,,,,,,,,,,3.89,0.146,-0.146,0,,,,,0.01012,0.00035,-0.00042,0,,,,,,,,,,,,,,,,,,,,,,,,,6046,77.17,-64.08,0,1.09,0.08,-0.06,0,1.09,0.04,-0.04,0,-0.01,0.092,-0.097,0,[Fe/H],,,,,4.4,0.04,-0.06,0,2.63,1.47,-1.06,0,,,,,,,,,,,,,,,,,652.253,6.346,-6.228,1.50432,0.014667,-0.014667
Kepler-1474 b,Kepler-1474,b,1,1,1,Transit,0,36.4333452,0.0003218,-0.0003218,0,,,,,2.16,0.44,-0.23,0,0.193,0.039,-0.021,0,,,,,,,,,,,,,,,,,,,,,,,,,,,,,,,,,,,,,,,,,,,,,,,,,,,,,,,,,,,,,4.213,0.186,-0.186,0,,,,,0.01945,0.00105,-0.00069,0,,,,,,,,,,,,,,,,,,,,,,,,,5870,115.73,-173.32,0,1.04,0.2,-0.11,0,1.04,0.07,-0.07,0,0.04,0.147,-0.164,0,[Fe/H],,,,,4.42,0.07,-0.14,0,3.8,2.64,-2.08,0,,,,,,,,,,,,,,,,,1180.9,46.915,-46.915,0.819164,0.0333429,-0.0333429
Kepler-1475 b,Kepler-1475,b,1,1,1,Transit,0,82.177374,0.00115,-0.00115,0,,,,,2.92,0.99,-0.46,0,0.261,0.088,-0.041,0,,,,,,,,,,,,,,,,,,,,,,,,,,,,,,,,,,,,,,,,,,,,,,,,,,,,,,,,,,,,,9.165,0.319,-0.319,0,,,,,0.02116,0.00079,-0.00084,0,,,,,,,,,,,,,,,,,,,,,,,,,6214,192.71,-203.22,0,1.28,0.43,-0.19,0,1.18,0.15,-0.11,0,0.03,0.129,-0.163,0,[Fe/H],,,,,4.29,0.11,-0.2,0,2.82,1.22,-1.06,0,,,,,,,,,,,,,,,,,1568.38,86.14,-77.75,0.610133,0.0324545,-0.0324545
Kepler-1476 b,Kepler-1476,b,1,1,1,Transit,0,10.35863224,5.885E-05,-5.885E-05,0,,,,,1.67,0.37,-0.13,0,0.149,0.033,-0.012,0,,,,,,,,,,,,,,,,,,,,,,,,,,,,,,,,,,,,,,,,,,,,,,,,,,,,,,,,,,,,,2.574,0.117,-0.117,0,,,,,0.01614,0.00097,-0.00056,0,,,,,,,,,,,,,,,,,,,,,,,,,5663,68.09,-77.19,0,0.96,0.2,-0.07,0,0.98,0.04,-0.05,0,0.06,0.138,-0.155,0,[Fe/H],,,,,4.47,0.06,-0.17,0,4.57,4.7,-2.81,0,,,,,,,,,,,,,,,,,1002.74,28.66,-27.14,0.968895,0.0275224,-0.0275224
Kepler-1477 b,Kepler-1477,b,1,1,1,Transit,0,11.55530021,8.098E-05,-8.098E-05,0,,,,,1.18,0.09,-0.09,0,0.105,0.008,-0.008,0,,,,,,,,,,,,,,,,,,,,,,,,,,,,,,,,,,,,,,,,,,,,,,,,,,,,,,,,,,,,,2.799,0.202,-0.202,0,,,,,0.01436,0.00086,-0.00069,0,,,,,,,,,,,,,,,,,,,,,,,,,5100,78.06,-73.51,0,0.78,0.04,-0.04,0,0.81,0.04,-0.04,0,-0.06,0.158,-0.166,0,[Fe/H],,,,,4.58,0.03,-0.05,0,4.68,5.77,-2.78,0,,,,,,,,,,,,,,,,,680.828,8.153,-7.966,1.44005,0.0172552,-0.0172552
Kepler-1478 b,Kepler-1478,b,1,1,1,Transit,0,26.0840594,0.0005121,-0.0005121,0,,,,,1.73,0.47,-0.19,0,0.154,0.042,-0.017,0,,,,,,,,,,,,,,,,,,,,,,,,,,,,,,,,,,,,,,,,,,,,,,,,,,,,,,,,,,,,,6.725,0.426,-0.426,0,,,,,0.01539,0.001,-0.00054,0,,,,,,,,,,,,,,,,,,,,,,,,,5904,102.51,-137.72,0,1.06,0.28,-0.11,0,1.04,0.07,-0.07,0,0.03,0.136,-0.178,0,[Fe/H],,,,,4.41,0.08,-0.18,0,3.98,2.42,-2.2,0,,,,,,,,,,,,,,,,,1845.58,95.95,-87.07,0.513683,0.026196,-0.026196
Kepler-1479 b,Kepler-1479,b,1,1,1,Transit,0,14.53261362,4.429E-05,-4.429E-05,0,,,,,1.83,0.3,-0.16,0,0.163,0.027,-0.014,0,,,,,,,,,,,,,,,,,,,,,,,,,,,,,,,,,,,,,,,,,,,,,,,,,,,,,,,,,,,,,2.4079,0.0746,-0.0746,0,,,,,0.01704,0.00053,-0.00052,0,,,,,,,,,,,,,,,,,,,,,,,,,5796,74.44,-79.45,0,0.98,0.16,-0.08,0,0.99,0.05,-0.06,0,-0.02,0.143,-0.187,0,[Fe/H],,,,,4.45,0.06,-0.13,0,4.27,3.13,-2.48,0,,,,,,,,,,,,,,,,,728.668,8.961,-8.749,1.34359,0.0165507,-0.0165507
Kepler-1481 b,Kepler-1481,b,1,1,1,Transit,0,5.94220998,2.335E-05,-2.335E-05,0,,,,,1.23,0.08,-0.06,0,0.11,0.007,-0.005,0,,,,,,,,,,,,,,,,,,,,,,,,,,,,,,,,,,,,,,,,,,,,,,,,,,,,,,,,,,,,,2.2737,0.0977,-0.0977,0,,,,,0.01462,0.00086,-0.00041,0,,,,,,,,,,,,,,,,,,,,,,,,,4908,52.54,-65.82,0,0.75,0.03,-0.03,0,0.8,0.03,-0.04,0,0.04,0.152,-0.161,0,[Fe/H],,,,,4.6,0.02,-0.04,0,3.89,6.13,-2.24,0,,,,,,,,,,,,,,,,,459.076,4.5855,-4.5855,2.14959,0.0215944,-0.0215944
Kepler-1482 b,Kepler-1482,b,1,1,1,Transit,0,12.25383217,8.407E-05,-8.407E-05,0,,,,,1.01,0.1,-0.11,0,0.09,0.009,-0.01,0,,,,,,,,,,,,,,,,,,,,,,,,,,,,,,,,,,,,,,,,,,,,,,,,,,,,,,,,,,,,,2.213,0.179,-0.179,0,,,,,0.01104,0.00031,-0.00095,0,,,,,,,,,,,,,,,,,,,,,,,,,5381,59.2,-59.31,0,0.84,0.08,-0.05,0,0.88,0.04,-0.05,0,-0.04,0.155,-0.157,0,[Fe/H],,,,,4.54,0.04,-0.09,0,4.47,6.7,-2.8,0,,,,,,,,,,,,,,,,,567.556,11.2435,-11.2435,1.73383,0.0346284,-0.0346284
Kepler-1483 b,Kepler-1483,b,1,1,1,Transit,0,9.5085156,0.0001053,-0.0001053,0,,,,,1.52,0.66,-0.3,0,0.136,0.059,-0.027,0,,,,,,,,,,,,,,,,,,,,,,,,,,,,,,,,,,,,,,,,,,,,,,,,,,,,,,,,,,,,,4.381,0.224,-0.224,0,,,,,0.00968,0.00014,-0.00084,0,,,,,,,,,,,,,,,,,,,,,,,,,6337,208.71,-223.77,0,1.4,0.6,-0.25,0,1.25,0.21,-0.14,0,0.04,0.132,-0.159,0,[Fe/H],,,,,4.24,0.13,-0.25,0,2.4,0.997,-0.735,0,,,,,,,,,,,,,,,,,1273.78,37.05,-35.04,0.75684,0.0220283,-0.0220283
Kepler-1484 b,Kepler-1484,b,1,1,1,Transit,0,30.4549136,0.0003536,-0.0003536,0,,,,,2.11,0.3,-0.22,0,0.188,0.027,-0.02,0,,,,,,,,,,,,,,,,,,,,,,,,,,,,,,,,,,,,,,,,,,,,,,,,,,,,,,,,,,,,,6.143,0.236,-0.236,0,,,,,0.02145,0.00072,-0.00101,0,,,,,,,,,,,,,,,,,,,,,,,,,5730,204.01,-127.9,0,0.92,0.13,-0.09,0,0.94,0.08,-0.07,0,-0.17,0.181,-0.212,0,[Fe/H],,,,,4.49,0.06,-0.11,0,3.98,4.07,-2.33,0,,,,,,,,,,,,,,,,,2879.83,1073.72,-1073.72,0.326942,0.104829,-0.104829
Kepler-1485 b,Kepler-1485,b,1,1,1,Transit,0,19.9157725,0.0001284,-0.0001284,0,,,,,1.47,0.24,-0.14,0,0.131,0.021,-0.012,0,,,,,,,,,,,,,,,,,,,,,,,,,,,,,,,,,,,,,,,,,,,,,,,,,,,,,,,,,,,,,6.154,0.148,-0.148,0,,,,,0.01196,0.00176,-0.00089,0,,,,,,,,,,,,,,,,,,,,,,,,,6087,92.28,-89.44,0,1.12,0.07,-0.06,0,1.11,0.04,-0.04,0,0.02,0.08,-0.083,0,[Fe/H],,,,,4.39,0.04,-0.05,0,2.51,1.33,-0.949,0,,,,,,,,,,,,,,,,,615.66,6.443,-6.314,1.59556,0.0167004,-0.0167004
Kepler-1486 b,Kepler-1486,b,1,1,1,Transit,0,54.6495759,0.0009825,-0.0009825,0,,,,,2.32,0.58,-0.29,0,0.207,0.052,-0.026,0,,,,,,,,,,,,,,,,,,,,,,,,,,,,,,,,,,,,,,,,,,,,,,,,,,,,,,,,,,,,,8.405,0.336,-0.336,0,,,,,0.01938,0.00087,-0.00109,0,,,,,,,,,,,,,,,,,,,,,,,,,5965,147.55,-160.68,0,1.12,0.27,-0.12,0,1.08,0.09,-0.07,0,0.06,0.138,-0.141,0,[Fe/H],,,,,4.38,0.09,-0.17,0,3.55,2.09,-1.83,0,,,,,,,,,,,,,,,,,1769.14,92.29,-83.74,0.53635,0.027458,-0.027458
Kepler-1487 b,Kepler-1487,b,1,1,1,Transit,0,7.31946363,4.683E-05,-4.683E-05,0,,,,,2.13,0.85,-0.45,0,0.19,0.076,-0.04,0,,,,,,,,,,,,,,,,,,,,,,,,,,,,,,,,,,,,,,,,,,,,,,,,,,,,,,,,,,,,,4.839,0.177,-0.177,0,,,,,0.01191,9E-05,-0.00081,0,,,,,,,,,,,,,,,,,,,,,,,,,6541,230.55,-190.33,0,1.63,0.65,-0.32,0,1.38,0.21,-0.16,0,0.04,0.131,-0.153,0,[Fe/H],,,,,4.16,0.14,-0.23,0,1.95,0.705,-0.474,0,,,,,,,,,,,,,,,,,1014.62,18.86,-18.196,0.957092,0.0178536,-0.0178536
Kepler-1488 b,Kepler-1488,b,1,1,1,Transit,0,39.8189932,0.0002907,-0.0002907,0,,,,,1.86,0.42,-0.37,0,0.166,0.037,-0.033,0,,,,,,,,,,,,,,,,,,,,,,,,,,,,,,,,,,,,,,,,,,,,,,,,,,,,,,,,,,,,,10.798,0.169,-0.169,0,,,,,0.01282,0.00039,-0.00034,0,,,,,,,,,,,,,,,,,,,,,,,,,5820,71.05,-62.23,0,1.31,0.29,-0.26,0,1.05,0.07,-0.05,0,0.06,0.093,-0.073,0,[Fe/H],,,,,4.22,0.17,-0.15,0,6.92,1.3,-2.36,0,,,,,,,,,,,,,,,,,905.825,11.645,-11.359,1.07512,0.0139118,-0.0139118
Kepler-1489 b,Kepler-1489,b,1,1,1,Transit,0,82.294751,0.001799,-0.001799,0,,,,,1.77,0.23,-0.18,0,0.158,0.021,-0.016,0,,,,,,,,,,,,,,,,,,,,,,,,,,,,,,,,,,,,,,,,,,,,,,,,,,,,,,,,,,,,,7.009,0.617,-0.617,0,,,,,0.01797,0.001,-0.00117,0,,,,,,,,,,,,,,,,,,,,,,,,,5655,76.91,-64.04,0,0.9,0.11,-0.07,0,0.93,0.05,-0.06,0,-0.13,0.174,-0.192,0,[Fe/H],,,,,4.51,0.05,-0.11,0,4.07,4.94,-2.43,0,,,,,,,,,,,,,,,,,1283.05,36.07,-34.18,0.750671,0.0211709,-0.0211709
Kepler-1490 b,Kepler-1490,b,1,1,1,Transit,0,92.4362973,0.0009042,-0.0009042,0,,,,,3.04,0.37,-0.63,0,0.271,0.033,-0.056,0,,,,,,,,,,,,,,,,,,,,,,,,,,,,,,,,,,,,,,,,,,,,,,,,,,,,,,,,,,,,,5.709,0.201,-0.201,0,,,,,0.03178,3E-05,-0.0061,0,,,,,,,,,,,,,,,,,,,,,,,,,5515,193.53,-190.47,0,0.87,0.11,-0.07,0,0.9,0.07,-0.06,0,-0.08,0.156,-0.179,0,[Fe/H],,,,,4.52,0.06,-0.1,0,4.57,5.09,-2.88,0,,,,,,,,,,,,,,,,,862.92,22.601,-21.495,1.13096,0.029362,-0.029362
Kepler-1491 b,Kepler-1491,b,1,1,1,Transit,0,16.5861762,0.0002214,-0.0002214,0,,,,,1.51,0.35,-0.14,0,0.135,0.031,-0.012,0,,,,,,,,,,,,,,,,,,,,,,,,,,,,,,,,,,,,,,,,,,,,,,,,,,,,,,,,,,,,,6.899,0.287,-0.287,0,,,,,0.01392,0.00088,-0.00064,0,,,,,,,,,,,,,,,,,,,,,,,,,5728,84.52,-115.34,0,0.99,0.22,-0.08,0,1,0.05,-0.05,0,0.06,0.133,-0.149,0,[Fe/H],,,,,4.45,0.06,-0.16,0,4.57,3.71,-2.76,0,,,,,,,,,,,,,,,,,2065.59,118.58,-118.58,0.455359,0.0271289,-0.0271289
Kepler-1492 b,Kepler-1492,b,1,1,1,Transit,0,16.75255007,6.46E-05,-6.46E-05,0,,,,,1.49,0.28,-0.16,0,0.133,0.025,-0.014,0,,,,,,,,,,,,,,,,,,,,,,,,,,,,,,,,,,,,,,,,,,,,,,,,,,,,,,,,,,,,,3.184,0.105,-0.105,0,,,,,0.01874,0.00353,-0.0019,0,,,,,,,,,,,,,,,,,,,,,,,,,4712,54.27,-72.63,0,0.72,0.02,-0.03,0,0.77,0.03,-0.04,0,0.06,0.148,-0.179,0,[Fe/H],,,,,4.62,0.01,-0.03,0,2.82,5.83,-1.32,0,,,,,,,,,,,,,,,,,331.553,2.332,-2.3,2.98734,0.0209107,-0.0209107
Kepler-1493 b,Kepler-1493,b,1,1,1,Transit,0,15.0217983,0.0001075,-0.0001075,0,,,,,1.41,0.27,-0.23,0,0.126,0.024,-0.021,0,,,,,,,,,,,,,,,,,,,,,,,,,,,,,,,,,,,,,,,,,,,,,,,,,,,,,,,,,,,,,4.557,0.175,-0.175,0,,,,,0.00961,0.0004,-0.00037,0,,,,,,,,,,,,,,,,,,,,,,,,,5863,78.69,-82.85,0,1.29,0.24,-0.2,0,1.06,0.06,-0.05,0,0.06,0.094,-0.071,0,[Fe/H],,,,,4.24,0.13,-0.13,0,6.46,1.4,-1.84,0,,,,,,,,,,,,,,,,,555.051,,,,,
Kepler-1494 b,Kepler-1494,b,1,1,1,Transit,0,91.080482,0.001769,-0.001769,0,,,,,3.07,0.46,-0.57,0,0.274,0.041,-0.051,0,,,,,,,,,,,,,,,,,,,,,,,,,,,,,,,,,,,,,,,,,,,,,,,,,,,,,,,,,,,,,9.65,0.396,-0.396,0,,,,,0.03037,0.00136,-0.00508,0,,,,,,,,,,,,,,,,,,,,,,,,,5659,86.94,-107.31,0,0.94,0.13,-0.07,0,0.96,0.05,-0.06,0,0.01,0.15,-0.182,0,[Fe/H],,,,,4.48,0.06,-0.12,0,4.37,4.26,-2.67,0,,,,,,,,,,,,,,,,,1285.48,36.38,-34.47,0.749224,0.0212727,-0.0212727
Kepler-1495 b,Kepler-1495,b,1,1,1,Transit,0,85.273256,0.001954,-0.001954,0,,,,,2.94,0.72,-0.32,0,0.262,0.064,-0.029,0,,,,,,,,,,,,,,,,,,,,,,,,,,,,,,,,,,,,,,,,,,,,,,,,,,,,,,,,,,,,,9.462,0.493,-0.493,0,,,,,0.02608,0.0009,-0.00136,0,,,,,,,,,,,,,,,,,,,,,,,,,5831,90.97,-139.38,0,1.04,0.25,-0.1,0,1.03,0.06,-0.06,0,0.06,0.133,-0.146,0,[Fe/H],,,,,4.42,0.08,-0.18,0,4.17,2.83,-2.44,0,,,,,,,,,,,,,,,,,1355.54,,,,,
Kepler-1496 b,Kepler-1496,b,1,1,1,Transit,0,64.6588017,0.00078,-0.00078,0,,,,,2.22,0.91,-0.36,0,0.198,0.081,-0.032,0,,,,,,,,,,,,,,,,,,,,,,,,,,,,,,,,,,,,,,,,,,,,,,,,,,,,,,,,,,,,,7.549,0.282,-0.282,0,,,,,0.01585,0.0009,-0.00056,0,,,,,,,,,,,,,,,,,,,,,,,,,6182,140.35,-206.6,0,1.27,0.52,-0.2,0,1.18,0.17,-0.11,0,0.05,0.128,-0.152,0,[Fe/H],,,,,4.29,0.12,-0.24,0,2.95,1.29,-1.19,0,,,,,,,,,,,,,,,,,1307.66,29.635,-29.635,0.73607,0.0171939,-0.0171939
Kepler-1497 b,Kepler-1497,b,1,1,1,Transit,0,8.74199772,8.621E-05,-8.621E-05,0,,,,,1.66,0.29,-0.16,0,0.148,0.026,-0.014,0,,,,,,,,,,,,,,,,,,,,,,,,,,,,,,,,,,,,,,,,,,,,,,,,,,,,,,,,,,,,,4.297,0.171,-0.171,0,,,,,0.01554,0.00063,-0.00072,0,,,,,,,,,,,,,,,,,,,,,,,,,5675,159.75,-169,0,0.95,0.16,-0.08,0,0.96,0.07,-0.06,0,0.01,0.134,-0.172,0,[Fe/H],,,,,4.47,0.06,-0.13,0,4.27,4.09,-2.62,0,,,,,,,,,,,,,,,,,,,,,,
Kepler-1498 b,Kepler-1498,b,1,1,1,Transit,0,48.051405,0.0009331,-0.0009331,0,,,,,1.33,0.11,-0.09,0,0.119,0.01,-0.008,0,,,,,,,,,,,,,,,,,,,,,,,,,,,,,,,,,,,,,,,,,,,,,,,,,,,,,,,,,,,,,7.638,0.408,-0.408,0,,,,,0.01505,0.0008,-0.00072,0,,,,,,,,,,,,,,,,,,,,,,,,,5256,60.36,-58.16,0,0.81,0.05,-0.04,0,0.86,0.04,-0.04,0,-0.01,0.141,-0.156,0,[Fe/H],,,,,4.56,0.03,-0.07,0,4.17,6.28,-2.44,0,,,,,,,,,,,,,,,,,,,,,,
Kepler-1499 b,Kepler-1499,b,1,1,1,Transit,0,44.2008,0.0006553,-0.0006553,0,,,,,1.19,0.25,-0.14,0,0.106,0.022,-0.012,0,,,,,,,,,,,,,,,,,,,,,,,,,,,,,,,,,,,,,,,,,,,,,,,,,,,,,,,,,,,,,4.678,0.27,-0.27,0,,,,,0.01444,0.00291,-0.00151,0,,,,,,,,,,,,,,,,,,,,,,,,,5097,77.02,-92.24,0,0.78,0.04,-0.04,0,0.82,0.04,-0.04,0,-0.01,0.149,-0.169,0,[Fe/H],,,,,4.58,0.03,-0.05,0,4.68,6,-2.84,0,,,,,,,,,,,,,,,,,309.869,1.574,-1.558,3.1983,0.0161878,-0.0161878
Kepler-15 b,Kepler-15,b,1,1,1,Transit,0,4.942782,1.3E-06,-1.3E-06,0,0.05714,0.00086,-0.00093,0,10.76,0.67,-0.78,0,0.96,0.06,-0.07,0,209.76,25.43,-28.6,0,0.66,0.08,-0.09,0,,,,,,,,,,,,,,,,,209.76,25.43,-28.6,0,0.66,0.08,-0.09,0,0.93,0.18,-0.22,0,0.06,,,0,,,,,,,,,87.44,0.18,-0.2,0,0.554,0.023,-0.024,0,1.1265,,,0,3.5,,,0,12.8,1.2,-1.5,0,0.0996,0.00055,-0.00053,0,,,,,,,,,,,,,78.7,8.5,-9.5,0,,,,,,,,,5515,122,-130,0,0.99,0.06,-0.07,0,1.02,0.04,-0.05,0,0.36,0.07,-0.07,0,[Fe/H],-0.087,0.078,-0.088,0,4.46,0.05,-0.05,0,3.7,1.5,-3.6,0,1.47,0.26,-0.28,0,2,2,-2,0,,,,,-20,1,-1,0,739.412,11.158,-11.158,1.32383,0.0202507,-0.0202507
Kepler-1500 b,Kepler-1500,b,1,1,1,Transit,0,15.0330105,0.0001612,-0.0001612,0,,,,,1.2,0.22,-0.15,0,0.107,0.02,-0.013,0,,,,,,,,,,,,,,,,,,,,,,,,,,,,,,,,,,,,,,,,,,,,,,,,,,,,,,,,,,,,,5.416,0.269,-0.269,0,,,,,0.01078,0.00031,-0.00077,0,,,,,,,,,,,,,,,,,,,,,,,,,5845,122.09,-140.57,0,1,0.18,-0.1,0,1,0.07,-0.07,0,-0.05,0.156,-0.185,0,[Fe/H],,,,,4.44,0.07,-0.14,0,4.07,2.97,-2.3,0,,,,,,,,,,,,,,,,,1217.82,34.01,-32.25,0.792592,0.0221621,-0.0221621
Kepler-1501 b,Kepler-1501,b,1,1,1,Transit,0,14.5564533,0.0001121,-0.0001121,0,,,,,1.56,0.68,-0.25,0,0.139,0.061,-0.022,0,,,,,,,,,,,,,,,,,,,,,,,,,,,,,,,,,,,,,,,,,,,,,,,,,,,,,,,,,,,,,4.57,0.154,-0.154,0,,,,,0.01063,0.00147,-0.00081,0,,,,,,,,,,,,,,,,,,,,,,,,,6229,111.62,-123.73,0,1.3,0.54,-0.18,0,1.2,0.17,-0.09,0,0.04,0.137,-0.163,0,[Fe/H],,,,,4.28,0.11,-0.24,0,2.75,0.919,-1.02,0,,,,,,,,,,,,,,,,,749.06,7.137,-7.007,1.30615,0.0125089,-0.0125089
Kepler-1502 b,Kepler-1502,b,1,1,1,Transit,0,41.7083629,0.0003485,-0.0003485,0,,,,,3.18,1.12,-0.64,0,0.284,0.1,-0.057,0,,,,,,,,,,,,,,,,,,,,,,,,,,,,,,,,,,,,,,,,,,,,,,,,,,,,,,,,,,,,,8.401,0.21,-0.21,0,,,,,0.01674,0.00018,-0.00094,0,,,,,,,,,,,,,,,,,,,,,,,,,6666,321.18,-272.08,0,1.72,0.61,-0.33,0,1.44,0.23,-0.17,0,0.05,0.138,-0.15,0,[Fe/H],,,,,4.13,0.14,-0.21,0,1.7,0.74,-0.401,0,,,,,,,,,,,,,,,,,1514.02,47.79,-44.99,0.632298,0.0200634,-0.0200634
Kepler-1503 b,Kepler-1503,b,1,1,1,Transit,0,96.16987,0.00118,-0.00118,0,,,,,2.27,0.19,-0.23,0,0.203,0.017,-0.021,0,,,,,,,,,,,,,,,,,,,,,,,,,,,,,,,,,,,,,,,,,,,,,,,,,,,,,,,,,,,,,7.471,0.294,-0.294,0,,,,,0.02763,0.00147,-0.00091,0,,,,,,,,,,,,,,,,,,,,,,,,,5069,95.03,-73.98,0,0.74,0.05,-0.07,0,0.77,0.05,-0.07,0,-0.19,0.179,-0.259,0,[Fe/H],,,,,4.59,0.05,-0.05,0,5.13,5.86,-3.26,0,,,,,,,,,,,,,,,,,1225.57,55.865,-55.865,0.788784,0.0368389,-0.0368389
Kepler-1504 b,Kepler-1504,b,1,1,1,Transit,0,82.304003,0.001593,-0.001593,0,,,,,2.13,0.23,-0.19,0,0.19,0.021,-0.017,0,,,,,,,,,,,,,,,,,,,,,,,,,,,,,,,,,,,,,,,,,,,,,,,,,,,,,,,,,,,,,13.843,0.464,-0.464,0,,,,,0.02448,0.00108,-0.00092,0,,,,,,,,,,,,,,,,,,,,,,,,,5393,102.27,-78.86,0,0.81,0.08,-0.07,0,0.85,0.06,-0.06,0,-0.17,0.18,-0.204,0,[Fe/H],,,,,4.55,0.05,-0.08,0,4.47,6.05,-2.84,0,,,,,,,,,,,,,,,,,2435.94,186.11,-186.11,0.379237,0.0308073,-0.0308073
Kepler-1505 b,Kepler-1505,b,1,1,1,Transit,0,30.8609366,0.0002252,-0.0002252,0,,,,,0.93,0.05,-0.05,0,0.083,0.004,-0.004,0,,,,,,,,,,,,,,,,,,,,,,,,,,,,,,,,,,,,,,,,,,,,,,,,,,,,,,,,,,,,,4.109,0.194,-0.194,0,,,,,0.00971,0.00051,-0.00042,0,,,,,,,,,,,,,,,,,,,,,,,,,5686,65.36,-53.94,0,0.86,0.02,-0.03,0,0.93,0.03,-0.04,0,-0.18,0.099,-0.111,0,[Fe/H],,,,,4.54,0.01,-0.01,0,1.7,0.981,-0.459,0,,,,,,,,,,,,,,,,,495.148,8.332,-8.064,1.99146,0.0331755,-0.0331755
Kepler-1506 b,Kepler-1506,b,1,1,1,Transit,0,14.0329154,0.0002811,-0.0002811,0,,,,,1.32,0.19,-0.13,0,0.118,0.017,-0.012,0,,,,,,,,,,,,,,,,,,,,,,,,,,,,,,,,,,,,,,,,,,,,,,,,,,,,,,,,,,,,,6.844,0.39,-0.39,0,,,,,0.01337,0.00091,-0.00081,0,,,,,,,,,,,,,,,,,,,,,,,,,5676,104.55,-89.59,0,0.93,0.12,-0.07,0,0.95,0.05,-0.06,0,-0.05,0.153,-0.179,0,[Fe/H],,,,,4.49,0.05,-0.11,0,3.98,4.09,-2.33,0,,,,,,,,,,,,,,,,,2366.02,164.01,-144.46,0.393109,0.0269428,-0.0269428
Kepler-1507 b,Kepler-1507,b,1,1,1,Transit,0,16.0506213,0.0001447,-0.0001447,0,,,,,0.84,0.09,-0.09,0,0.075,0.008,-0.008,0,,,,,,,,,,,,,,,,,,,,,,,,,,,,,,,,,,,,,,,,,,,,,,,,,,,,,,,,,,,,,2.939,0.225,-0.225,0,,,,,0.00876,0.0003,-0.00071,0,,,,,,,,,,,,,,,,,,,,,,,,,5410,63.43,-70.14,0,0.85,0.09,-0.06,0,0.89,0.04,-0.05,0,-0.03,0.15,-0.173,0,[Fe/H],,,,,4.53,0.04,-0.1,0,4.57,6.44,-2.85,0,,,,,,,,,,,,,,,,,320.478,1.484,-1.469,3.09144,0.0142682,-0.0142682
Kepler-1508 b,Kepler-1508,b,1,1,1,Transit,0,20.7056504,0.0005499,-0.0005499,0,,,,,1.33,0.53,-0.26,0,0.119,0.047,-0.023,0,,,,,,,,,,,,,,,,,,,,,,,,,,,,,,,,,,,,,,,,,,,,,,,,,,,,,,,,,,,,,9.029,0.441,-0.441,0,,,,,0.00976,0.00059,-0.00055,0,,,,,,,,,,,,,,,,,,,,,,,,,6158,294.77,-280.41,0,1.22,0.48,-0.23,0,1.14,0.22,-0.12,0,0.01,0.132,-0.176,0,[Fe/H],,,,,4.32,0.14,-0.22,0,2.69,1.7,-1.09,0,,,,,,,,,,,,,,,,,1260.28,32.03,-30.52,0.765167,0.0195275,-0.0195275
Kepler-1509 b,Kepler-1509,b,1,1,1,Transit,0,25.4338197,0.0003114,-0.0003114,0,,,,,1.85,0.37,-0.16,0,0.165,0.033,-0.014,0,,,,,,,,,,,,,,,,,,,,,,,,,,,,,,,,,,,,,,,,,,,,,,,,,,,,,,,,,,,,,6.424,0.24,-0.24,0,,,,,0.01699,0.0009,-0.0006,0,,,,,,,,,,,,,,,,,,,,,,,,,5780,69.62,-80.25,0,0.99,0.16,-0.08,0,1,0.05,-0.05,0,0.03,0.138,-0.162,0,[Fe/H],,,,,4.45,0.06,-0.13,0,3.98,3.3,-2.28,0,,,,,,,,,,,,,,,,,2002.96,104.43,-94.76,0.469774,0.0242681,-0.0242681
Kepler-1510 b,Kepler-1510,b,1,1,1,Transit,0,84.703921,0.001896,-0.001896,0,,,,,3.36,1.23,-0.56,0,0.3,0.11,-0.05,0,,,,,,,,,,,,,,,,,,,,,,,,,,,,,,,,,,,,,,,,,,,,,,,,,,,,,,,,,,,,,10.447,0.41,-0.41,0,,,,,0.02401,0.00101,-0.00112,0,,,,,,,,,,,,,,,,,,,,,,,,,6200,177.72,-224.25,0,1.28,0.46,-0.2,0,1.19,0.15,-0.12,0,0.04,0.129,-0.143,0,[Fe/H],,,,,4.29,0.11,-0.22,0,2.75,1.34,-1.04,0,,,,,,,,,,,,,,,,,1696.25,84.76,-77.19,0.56165,0.0278831,-0.0278831
Kepler-1511 b,Kepler-1511,b,1,1,1,Transit,0,23.2382792,0.000222,-0.000222,0,,,,,1.68,0.69,-0.24,0,0.15,0.062,-0.021,0,,,,,,,,,,,,,,,,,,,,,,,,,,,,,,,,,,,,,,,,,,,,,,,,,,,,,,,,,,,,,8.191,0.196,-0.196,0,,,,,0.01242,0.00049,-0.00029,0,,,,,,,,,,,,,,,,,,,,,,,,,6064,72.72,-86.89,0,1.29,0.53,-0.18,0,1.17,0.17,-0.07,0,0.14,0.152,-0.14,0,[Fe/H],,,,,4.28,0.12,-0.24,0,3.31,1.21,-1.44,0,,,,,,,,,,,,,,,,,1475.6,36.92,-36.92,0.648825,0.0168251,-0.0168251
Kepler-1512 b,Kepler-1512,b,1,1,1,Transit,0,20.35972599,5.874E-05,-5.874E-05,0,,,,,1.18,0.07,-0.11,0,0.105,0.006,-0.01,0,,,,,,,,,,,,,,,,,,,,,,,,,,,,,,,,,,,,,,,,,,,,,,,,,,,,,,,,,,,,,1.9164,0.0787,-0.0787,0,,,,,0.01624,0.00082,-0.00041,0,,,,,,,,,,,,,,,,,,,,,,,,,4372,59.14,-63.7,0,0.67,0.02,-0.06,0,0.73,0.02,-0.1,0,0.2,0.106,-0.39,0,[Fe/H],,,,,4.64,0.02,-0.01,0,1.78,2.68,-0.505,0,,,,,,,,,,,,,,,,,,,,,,
Kepler-1513 b,Kepler-1513,b,1,1,1,Transit,0,160.8846509,7.718E-05,-7.718E-05,0,,,,,8.46,1.38,-0.73,0,0.755,0.123,-0.065,0,,,,,,,,,,,,,,,,,,,,,,,,,,,,,,,,,,,,,,,,,,,,,,,,,,,,,,,,,,,,,10.7536,0.0308,-0.0308,0,,,,,0.08036,0.00014,-0.00051,0,,,,,,,,,,,,,,,,,,,,,,,,,5617,176.78,-124.96,0,0.97,0.16,-0.08,0,0.99,0.07,-0.05,0,0.14,0.144,-0.161,0,[Fe/H],,,,,4.46,0.06,-0.13,0,3.98,4.09,-2.4,0,,,,,,,,,,,,,,,,,349.247,2.57,-2.533,2.83455,0.020764,-0.020764
Kepler-1515 b,Kepler-1515,b,1,1,1,Transit,0,214.3114164,0.0001275,-0.0001275,0,,,,,9.55,0.77,-0.64,0,0.852,0.069,-0.057,0,,,,,,,,,,,,,,,,,,,,,,,,,,,,,,,,,,,,,,,,,,,,,,,,,,,,,,,,,,,,,16.1734,0.0166,-0.0166,0,,,,,0.06215,0.0001,-5E-05,0,,,,,,,,,,,,,,,,,,,,,,,,,6511,94.24,-81.34,0,1.41,0.11,-0.1,0,1.3,0.06,-0.05,0,0.07,0.11,-0.109,0,[Fe/H],,,,,4.26,0.04,-0.06,0,1.82,0.535,-0.44,0,,,,,,,,,,,,,,,,,539.321,6.603,-6.448,1.82555,0.0222644,-0.0222644
Kepler-1516 b,Kepler-1516,b,1,1,1,Transit,0,7.25931979,3.612E-05,-3.612E-05,0,,,,,1.75,0.49,-0.19,0,0.156,0.044,-0.017,0,,,,,,,,,,,,,,,,,,,,,,,,,,,,,,,,,,,,,,,,,,,,,,,,,,,,,,,,,,,,,6.198,0.117,-0.117,0,,,,,0.0149,0.00052,-0.00032,0,,,,,,,,,,,,,,,,,,,,,,,,,5904,92.11,-142.16,0,1.07,0.23,-0.12,0,1.04,0.07,-0.06,0,0.03,0.156,-0.166,0,[Fe/H],,,,,4.4,0.08,-0.15,0,4.07,2.15,-2.25,0,,,,,,,,,,,,,,,,,1358.95,43.67,-41.07,0.707317,0.0227569,-0.0227569
Kepler-1517 b,Kepler-1517,b,1,1,1,Transit,0,5.54608367,7.09E-06,-7.09E-06,0,,,,,9.76,2.79,-1.93,0,0.871,0.249,-0.172,0,,,,,,,,,,,,,,,,,,,,,,,,,,,,,,,,,,,,,,,,,,,,,,,,,,,,,,,,,,,,,2.3929,0.0772,-0.0772,0,,,,,0.04592,0.00414,-0.00264,0,,,,,,,,,,,,,,,,,,,,,,,,,7010,117.01,-113.2,0,1.95,0.53,-0.37,0,1.58,0.18,-0.15,0,0.01,0.144,-0.152,0,[Fe/H],,,,,4.06,0.14,-0.16,0,1.38,0.26,-0.19,0,,,,,,,,,,,,,,,,,847.299,14.504,-14.033,1.15156,0.0197213,-0.0197213
Kepler-1518 b,Kepler-1518,b,1,1,1,Transit,0,5.11177904,5.083E-05,-5.083E-05,0,,,,,3.05,0.92,-0.63,0,0.272,0.082,-0.056,0,,,,,,,,,,,,,,,,,,,,,,,,,,,,,,,,,,,,,,,,,,,,,,,,,,,,,,,,,,,,,2.96,0.22,-0.22,0,,,,,0.01531,0.00114,-0.00063,0,,,,,,,,,,,,,,,,,,,,,,,,,6846,320.29,-290.12,0,1.88,0.61,-0.38,0,1.54,0.21,-0.18,0,0.06,0.148,-0.165,0,[Fe/H],,,,,4.08,0.15,-0.19,0,1.48,0.512,-0.27,0,,,,,,,,,,,,,,,,,903.51,12.124,-11.812,1.07808,0.0145477,-0.0145477
Kepler-1519 b,Kepler-1519,b,1,1,1,Transit,0,240.7989397,0.0006117,-0.0006117,0,,,,,7.06,0.81,-0.54,0,0.63,0.072,-0.048,0,,,,,,,,,,,,,,,,,,,,,,,,,,,,,,,,,,,,,,,,,,,,,,,,,,,,,,,,,,,,,16.442,0.171,-0.171,0,,,,,0.07061,0.00053,-0.00115,0,,,,,,,,,,,,,,,,,,,,,,,,,5644,138.77,-112.71,0,0.91,0.1,-0.07,0,0.94,0.06,-0.06,0,-0.07,0.152,-0.181,0,[Fe/H],,,,,4.5,0.05,-0.1,0,3.98,4.28,-2.31,0,,,,,,,,,,,,,,,,,1441.63,45.93,-43.23,0.665148,0.0212776,-0.0212776
Kepler-1520 b,Kepler-1520,b,1,1,1,Transit,0,0.65355357,1.6E-07,-1.6E-07,0,,,,,5.77,0.22,-0.3,0,0.515,0.02,-0.027,0,,,,,,,,,,,,,,,,,,,,,,,,,,,,,,,,,,,,,,,,,,,,,,,,,,,,,,,,,,,,,1.5399,0.0418,-0.0418,0,,,,,0.07387,0.00087,-0.00268,0,,,,,,,,,,,,,,,,,,,,,,,,,4677,82.29,-71.28,0,0.71,0.03,-0.03,0,0.76,0.03,-0.04,0,0.04,0.144,-0.152,0,[Fe/H],,,,,4.61,0.02,-0.03,0,4.47,5.8,-2.53,0,,,,,,,,,,,,,,,,,607.917,11.456,-11.047,1.61666,0.0302055,-0.0302055
Kepler-1521 b,Kepler-1521,b,1,1,1,Transit,0,47.14840805,7.919E-05,-7.919E-05,0,,,,,2.5,0.09,-0.1,0,0.223,0.008,-0.009,0,,,,,,,,,,,,,,,,,,,,,,,,,,,,,,,,,,,,,,,,,,,,,,,,,,,,,,,,,,,,,3.0668,0.0528,-0.0528,0,,,,,0.03043,0.00062,-0.00078,0,,,,,,,,,,,,,,,,,,,,,,,,,5042,73.64,-58.14,0,0.76,0.02,-0.03,0,0.81,0.03,-0.04,0,-0.05,0.108,-0.107,0,[Fe/H],,,,,4.59,0.02,-0.03,0,4.47,3.91,-2.47,0,,,,,,,,,,,,,,,,,206.983,1.125,-1.113,4.80257,0.0259171,-0.0259171
Kepler-1522 b,Kepler-1522,b,1,1,1,Transit,0,1.84788917,2.72E-06,-2.72E-06,0,,,,,1.73,0.23,-0.14,0,0.154,0.021,-0.012,0,,,,,,,,,,,,,,,,,,,,,,,,,,,,,,,,,,,,,,,,,,,,,,,,,,,,,,,,,,,,,1.8934,0.0396,-0.0396,0,,,,,0.01675,0.00042,-0.00028,0,,,,,,,,,,,,,,,,,,,,,,,,,5706,131.97,-100.71,0,0.93,0.12,-0.07,0,0.96,0.06,-0.06,0,-0.07,0.157,-0.175,0,[Fe/H],,,,,4.49,0.05,-0.11,0,3.89,3.93,-2.2,0,,,,,,,,,,,,,,,,,814.125,11.01,-11.01,1.19953,0.0164854,-0.0164854
Kepler-1523 b,Kepler-1523,b,1,1,1,Transit,0,0.93875077,1.16E-06,-1.16E-06,0,,,,,1.58,0.27,-0.15,0,0.141,0.024,-0.013,0,,,,,,,,,,,,,,,,,,,,,,,,,,,,,,,,,,,,,,,,,,,,,,,,,,,,,,,,,,,,,1.3901,0.0343,-0.0343,0,,,,,0.01535,0.00062,-0.00018,0,,,,,,,,,,,,,,,,,,,,,,,,,5708,150,-158.59,0,0.96,0.16,-0.09,0,0.97,0.07,-0.06,0,0,0.142,-0.174,0,[Fe/H],,,,,4.46,0.07,-0.13,0,4.37,3.8,-2.66,0,,,,,,,,,,,,,,,,,865.596,17.891,-17.891,1.12694,0.0236874,-0.0236874
Kepler-1524 b,Kepler-1524,b,1,1,1,Transit,0,70.9674603,0.0001723,-0.0001723,0,,,,,3.54,1.47,-0.54,0,0.316,0.131,-0.048,0,,,,,,,,,,,,,,,,,,,,,,,,,,,,,,,,,,,,,,,,,,,,,,,,,,,,,,,,,,,,,6.8992,0.0582,-0.0582,0,,,,,0.02614,0.00049,-0.00018,0,,,,,,,,,,,,,,,,,,,,,,,,,6179,148.99,-210.53,0,1.25,0.52,-0.19,0,1.17,0.18,-0.1,0,0.04,0.135,-0.16,0,[Fe/H],,,,,4.31,0.11,-0.24,0,2.88,1.22,-1.17,0,,,,,,,,,,,,,,,,,381.773,3.344,-3.288,2.5907,0.0225794,-0.0225794
Kepler-1525 b,Kepler-1525,b,1,1,1,Transit,0,2.41660118,5.28E-06,-5.28E-06,0,,,,,0.91,0.06,-0.04,0,0.081,0.005,-0.004,0,,,,,,,,,,,,,,,,,,,,,,,,,,,,,,,,,,,,,,,,,,,,,,,,,,,,,,,,,,,,,1.9656,0.0527,-0.0527,0,,,,,0.00836,0.00025,-0.00018,0,,,,,,,,,,,,,,,,,,,,,,,,,5748,70.33,-66.29,0,1.04,0.06,-0.04,0,1.07,0.03,-0.03,0,0.27,0.07,-0.066,0,[Fe/H],,,,,4.44,0.03,-0.04,0,2.82,1.78,-1.32,0,,,,,,,,,,,,,,,,,382.989,3.111,-3.063,2.5823,0.0208891,-0.0208891
Kepler-1526 b,Kepler-1526,b,1,1,1,Transit,0,3.908632,7.4E-06,-7.4E-06,0,,,,,2.43,0.09,-0.39,0,0.217,0.008,-0.035,0,,,,,,,,,,,,,,,,,,,,,,,,,,,,,,,,,,,,,,,,,,,,,,,,,,,,,,,,,,,,,1.8427,0.0515,-0.0515,0,,,,,0.03234,0.00018,-0.00488,0,,,,,,,,,,,,,,,,,,,,,,,,,4601,88.57,-73.91,0,0.69,0.03,-0.03,0,0.73,0.03,-0.04,0,-0.01,0.136,-0.144,0,[Fe/H],,,,,4.62,0.02,-0.03,0,4.68,5.99,-2.69,0,,,,,,,,,,,,,,,,,555.574,10.398,-10.028,1.77176,0.0328265,-0.0328265
Kepler-1527 b,Kepler-1527,b,1,1,1,Transit,0,160.129918,0.001742,-0.001742,0,,,,,4.77,1.95,-0.75,0,0.426,0.174,-0.067,0,,,,,,,,,,,,,,,,,,,,,,,,,,,,,,,,,,,,,,,,,,,,,,,,,,,,,,,,,,,,,13.176,0.297,-0.297,0,,,,,0.03255,0.00353,-0.00158,0,,,,,,,,,,,,,,,,,,,,,,,,,6224,111.75,-166.75,0,1.32,0.52,-0.2,0,1.21,0.17,-0.1,0,0.07,0.142,-0.144,0,[Fe/H],,,,,4.27,0.11,-0.23,0,2.82,0.914,-1.08,0,,,,,,,,,,,,,,,,,1842.13,105.56,-94.9,0.515025,0.0287826,-0.0287826
Kepler-1528 b,Kepler-1528,b,1,1,1,Transit,0,1.79111021,7.7E-06,-7.7E-06,0,,,,,1.46,0.25,-0.13,0,0.13,0.022,-0.012,0,,,,,,,,,,,,,,,,,,,,,,,,,,,,,,,,,,,,,,,,,,,,,,,,,,,,,,,,,,,,,2.098,0.102,-0.102,0,,,,,0.01274,0.00053,-0.00042,0,,,,,,,,,,,,,,,,,,,,,,,,,5857,88.96,-92.52,0,1.03,0.17,-0.09,0,1.03,0.06,-0.06,0,0.03,0.135,-0.171,0,[Fe/H],,,,,4.43,0.07,-0.13,0,3.89,2.6,-2.16,0,,,,,,,,,,,,,,,,,817.534,12.404,-12.044,1.19446,0.0181495,-0.0181495
Kepler-1529 b,Kepler-1529,b,1,1,1,Transit,0,5.33905686,1.277E-05,-1.277E-05,0,,,,,2.1,0.15,-0.11,0,0.187,0.013,-0.01,0,,,,,,,,,,,,,,,,,,,,,,,,,,,,,,,,,,,,,,,,,,,,,,,,,,,,,,,,,,,,,1.6507,0.0748,-0.0748,0,,,,,0.0252,0.00143,-0.00049,0,,,,,,,,,,,,,,,,,,,,,,,,,5048,65.08,-97.92,0,0.77,0.03,-0.04,0,0.81,0.04,-0.04,0,-0.03,0.136,-0.15,0,[Fe/H],,,,,4.58,0.02,-0.05,0,4.79,5.95,-2.98,0,,,,,,,,,,,,,,,,,661.014,11.187,-10.827,1.48438,0.0249939,-0.0249939
Kepler-1531 b,Kepler-1531,b,1,1,1,Transit,0,1.13854338,2.59E-06,-2.59E-06,0,,,,,1.11,0.48,-0.18,0,0.099,0.043,-0.016,0,,,,,,,,,,,,,,,,,,,,,,,,,,,,,,,,,,,,,,,,,,,,,,,,,,,,,,,,,,,,,2.0922,0.0568,-0.0568,0,,,,,0.00764,0.00026,-0.00017,0,,,,,,,,,,,,,,,,,,,,,,,,,6260,161.61,-182.91,0,1.27,0.55,-0.21,0,1.16,0.2,-0.12,0,-0.03,0.133,-0.217,0,[Fe/H],,,,,4.29,0.12,-0.24,0,2.82,1.39,-1.03,0,,,,,,,,,,,,,,,,,666.334,5.575,-5.485,1.47187,0.0123606,-0.0123606
Kepler-1532 b,Kepler-1532,b,1,1,1,Transit,0,1.09366356,2.16E-06,-2.16E-06,0,,,,,1.35,0.18,-0.12,0,0.12,0.016,-0.011,0,,,,,,,,,,,,,,,,,,,,,,,,,,,,,,,,,,,,,,,,,,,,,,,,,,,,,,,,,,,,,1.4839,0.056,-0.056,0,,,,,0.0142,0.00028,-0.00056,0,,,,,,,,,,,,,,,,,,,,,,,,,5559,129.54,-75.54,0,0.88,0.11,-0.07,0,0.91,0.06,-0.06,0,-0.1,0.159,-0.175,0,[Fe/H],,,,,4.51,0.05,-0.11,0,4.27,5.24,-2.59,0,,,,,,,,,,,,,,,,,798.246,14.908,-14.38,1.22441,0.0227989,-0.0227989
Kepler-1533 b,Kepler-1533,b,1,1,1,Transit,0,308.5471,0.002415,-0.002415,0,,,,,3.46,1.49,-0.68,0,0.309,0.133,-0.061,0,,,,,,,,,,,,,,,,,,,,,,,,,,,,,,,,,,,,,,,,,,,,,,,,,,,,,,,,,,,,,18.464,0.198,-0.198,0,,,,,0.02086,0.00044,-0.00036,0,,,,,,,,,,,,,,,,,,,,,,,,,6431,243.97,-226.69,0,1.51,0.65,-0.3,0,1.31,0.22,-0.15,0,0.03,0.127,-0.159,0,[Fe/H],,,,,4.2,0.14,-0.24,0,2.19,0.989,-0.643,0,,,,,,,,,,,,,,,,,966.801,18.584,-17.907,1.00583,0.0193658,-0.0193658
Kepler-1534 b,Kepler-1534,b,1,1,1,Transit,0,5.71668872,2.925E-05,-2.925E-05,0,,,,,1.89,0.22,-0.15,0,0.169,0.02,-0.013,0,,,,,,,,,,,,,,,,,,,,,,,,,,,,,,,,,,,,,,,,,,,,,,,,,,,,,,,,,,,,,1.959,0.131,-0.131,0,,,,,0.0202,0.00126,-0.00098,0,,,,,,,,,,,,,,,,,,,,,,,,,5442,130.03,-110.47,0,0.86,0.09,-0.06,0,0.9,0.05,-0.05,0,-0.01,0.136,-0.167,0,[Fe/H],,,,,4.52,0.04,-0.1,0,4.57,6.02,-2.88,0,,,,,,,,,,,,,,,,,,,,,,
Kepler-1535 b,Kepler-1535,b,1,1,1,Transit,0,138.9442,0.001214,-0.001214,0,,,,,2.55,0.25,-0.19,0,0.227,0.022,-0.017,0,,,,,,,,,,,,,,,,,,,,,,,,,,,,,,,,,,,,,,,,,,,,,,,,,,,,,,,,,,,,,10.456,0.198,-0.198,0,,,,,0.02134,0.00073,-0.00055,0,,,,,,,,,,,,,,,,,,,,,,,,,6021,94.56,-92.04,0,1.11,0.1,-0.08,0,1.08,0.04,-0.04,0,0,0.078,-0.082,0,[Fe/H],,,,,4.38,0.06,-0.07,0,3.47,1.65,-1.56,0,,,,,,,,,,,,,,,,,897.733,14.456,-14.013,1.08519,0.0175264,-0.0175264
Kepler-1536 b,Kepler-1536,b,1,1,1,Transit,0,364.758031,0.00582,-0.00582,0,,,,,3.14,0.36,-0.53,0,0.28,0.032,-0.047,0,,,,,,,,,,,,,,,,,,,,,,,,,,,,,,,,,,,,,,,,,,,,,,,,,,,,,,,,,,,,,13.006,0.646,-0.646,0,,,,,0.04332,0.00467,-0.00692,0,,,,,,,,,,,,,,,,,,,,,,,,,4434,69.95,-76.77,0,0.67,0.03,-0.04,0,0.71,0.04,-0.05,0,0.05,0.166,-0.198,0,[Fe/H],,,,,4.64,0.02,-0.02,0,2.95,5.66,-1.42,0,,,,,,,,,,,,,,,,,387.248,4.6545,-4.6545,2.55391,0.0308006,-0.0308006
Kepler-1537 b,Kepler-1537,b,1,1,1,Transit,0,1.4444538,2.33E-06,-2.33E-06,0,,,,,1.18,0.06,-0.09,0,0.105,0.005,-0.008,0,,,,,,,,,,,,,,,,,,,,,,,,,,,,,,,,,,,,,,,,,,,,,,,,,,,,,,,,,,,,,0.9748,0.046,-0.046,0,,,,,0.01388,0.00018,-0.00077,0,,,,,,,,,,,,,,,,,,,,,,,,,5079,106.9,-78.8,0,0.77,0.04,-0.04,0,0.81,0.04,-0.05,0,-0.08,0.159,-0.16,0,[Fe/H],,,,,4.58,0.03,-0.05,0,5.01,5.88,-2.95,0,,,,,,,,,,,,,,,,,517.292,5.852,-5.726,1.90453,0.021468,-0.021468
Kepler-1538 b,Kepler-1538,b,1,1,1,Transit,0,175.138819,0.002807,-0.002807,0,,,,,2.82,0.7,-0.31,0,0.252,0.062,-0.028,0,,,,,,,,,,,,,,,,,,,,,,,,,,,,,,,,,,,,,,,,,,,,,,,,,,,,,,,,,,,,,10.666,0.334,-0.334,0,,,,,0.0245,0.00045,-0.00149,0,,,,,,,,,,,,,,,,,,,,,,,,,5837,68.83,-71.61,0,1.03,0.26,-0.09,0,1.03,0.05,-0.06,0,0.02,0.137,-0.167,0,[Fe/H],,,,,4.42,0.07,-0.18,0,4.37,2.8,-2.57,0,,,,,,,,,,,,,,,,,1125.3,31.31,-29.7,0.860085,0.0238982,-0.0238982
Kepler-1539 b,Kepler-1539,b,1,1,1,Transit,0,133.3036741,0.0008843,-0.0008843,0,,,,,2.7,0.19,-0.15,0,0.241,0.017,-0.013,0,,,,,,,,,,,,,,,,,,,,,,,,,,,,,,,,,,,,,,,,,,,,,,,,,,,,,,,,,,,,,7.416,0.148,-0.148,0,,,,,0.031,0.0013,-0.0006,0,,,,,,,,,,,,,,,,,,,,,,,,,5176,55.53,-57.95,0,0.8,0.05,-0.04,0,0.84,0.04,-0.04,0,-0.01,0.156,-0.171,0,[Fe/H],,,,,4.57,0.03,-0.06,0,4.79,6.08,-2.87,0,,,,,,,,,,,,,,,,,748.326,16.622,-15.926,1.30801,0.0288306,-0.0288306
Kepler-1541 b,Kepler-1541,b,1,1,1,Transit,0,8.40691199,2.698E-05,-2.698E-05,0,,,,,1.16,0.1,-0.08,0,0.103,0.009,-0.007,0,,,,,,,,,,,,,,,,,,,,,,,,,,,,,,,,,,,,,,,,,,,,,,,,,,,,,,,,,,,,,1.8785,0.0814,-0.0814,0,,,,,0.01286,0.0006,-0.00046,0,,,,,,,,,,,,,,,,,,,,,,,,,5282,75.06,-78.58,0,0.81,0.06,-0.04,0,0.86,0.04,-0.04,0,-0.04,0.152,-0.164,0,[Fe/H],,,,,4.56,0.03,-0.07,0,4.47,6.15,-2.74,0,,,,,,,,,,,,,,,,,416.692,2.5355,-2.5355,2.37098,0.0144932,-0.0144932
Kepler-1543 b,Kepler-1543,b,1,1,1,Transit,0,6.96710269,3.285E-05,-3.285E-05,0,,,,,2.71,1.21,-0.51,0,0.242,0.108,-0.045,0,,,,,,,,,,,,,,,,,,,,,,,,,,,,,,,,,,,,,,,,,,,,,,,,,,,,,,,,,,,,,3.643,0.12,-0.12,0,,,,,0.01456,0.00015,-0.00076,0,,,,,,,,,,,,,,,,,,,,,,,,,6561,148.25,-171.68,0,1.65,0.74,-0.3,0,1.39,0.23,-0.14,0,0.07,0.137,-0.144,0,[Fe/H],,,,,4.14,0.14,-0.25,0,1.91,0.61,-0.443,0,,,,,,,,,,,,,,,,,921.784,13.905,-13.905,1.05618,0.0162381,-0.0162381
Kepler-1544 b,Kepler-1544,b,1,1,1,Transit,0,168.811174,0.001271,-0.001271,0,,,,,1.78,0.09,-0.07,0,0.159,0.008,-0.006,0,,,,,,,,,,,,,,,,,,,,,,,,,,,,,,,,,,,,,,,,,,,,,,,,,,,,,,,,,,,,,6.5,0.234,-0.234,0,,,,,0.02198,0.00096,-0.00072,0,,,,,,,,,,,,,,,,,,,,,,,,,4886,73.93,-56.64,0,0.74,0.02,-0.02,0,0.81,0.02,-0.03,0,0.02,0.113,-0.109,0,[Fe/H],,,,,4.61,0.01,-0.01,0,2.34,2.15,-0.872,0,,,,,,,,,,,,,,,,,335.09,1.666,-1.65,2.9554,0.0146572,-0.0146572
Kepler-1545 b,Kepler-1545,b,1,1,1,Transit,0,163.692349,0.001383,-0.001383,0,,,,,2.7,0.22,-0.18,0,0.241,0.02,-0.016,0,,,,,,,,,,,,,,,,,,,,,,,,,,,,,,,,,,,,,,,,,,,,,,,,,,,,,,,,,,,,,6.856,0.215,-0.215,0,,,,,0.0312,0.00171,-0.00096,0,,,,,,,,,,,,,,,,,,,,,,,,,5201,136.42,-84.36,0,0.8,0.05,-0.05,0,0.84,0.04,-0.05,0,-0.06,0.144,-0.165,0,[Fe/H],,,,,4.57,0.03,-0.06,0,4.47,5.7,-2.71,0,,,,,,,,,,,,,,,,,729.964,12.9055,-12.9055,1.34157,0.0240284,-0.0240284
Kepler-1546 b,Kepler-1546,b,1,1,1,Transit,0,19.5974971,0.0001407,-0.0001407,0,,,,,3.13,0.58,-0.34,0,0.279,0.052,-0.03,0,,,,,,,,,,,,,,,,,,,,,,,,,,,,,,,,,,,,,,,,,,,,,,,,,,,,,,,,,,,,,4.069,0.133,-0.133,0,,,,,0.03059,0.0004,-0.00156,0,,,,,,,,,,,,,,,,,,,,,,,,,5623,325.49,-260.22,0,0.93,0.17,-0.09,0,0.95,0.11,-0.07,0,0.01,0.144,-0.169,0,[Fe/H],,,,,4.48,0.07,-0.12,0,3.72,4.36,-2.04,0,,,,,,,,,,,,,,,,,931.956,22.966,-21.905,1.04496,0.0256174,-0.0256174
Kepler-1547 b,Kepler-1547,b,1,1,1,Transit,0,0.69297968,1.49E-06,-1.49E-06,0,,,,,0.9,0.28,-0.12,0,0.08,0.025,-0.011,0,,,,,,,,,,,,,,,,,,,,,,,,,,,,,,,,,,,,,,,,,,,,,,,,,,,,,,,,,,,,,1.082,0.0606,-0.0606,0,,,,,0.00733,0.00023,-0.00033,0,,,,,,,,,,,,,,,,,,,,,,,,,6078,94.46,-139.23,0,1.18,0.36,-0.14,0,1.12,0.1,-0.08,0,0.04,0.134,-0.151,0,[Fe/H],,,,,4.34,0.09,-0.19,0,3.39,1.39,-1.58,0,,,,,,,,,,,,,,,,,674.695,6.029,-5.924,1.45329,0.0130296,-0.0130296
Kepler-1548 b,Kepler-1548,b,1,1,1,Transit,0,124.828679,0.001524,-0.001524,0,,,,,2.64,0.54,-0.21,0,0.236,0.048,-0.019,0,,,,,,,,,,,,,,,,,,,,,,,,,,,,,,,,,,,,,,,,,,,,,,,,,,,,,,,,,,,,,6.334,0.221,-0.221,0,,,,,0.02492,0.00115,-0.0009,0,,,,,,,,,,,,,,,,,,,,,,,,,5706,63.43,-77.25,0,0.97,0.19,-0.07,0,0.99,0.04,-0.05,0,0.05,0.138,-0.157,0,[Fe/H],,,,,4.46,0.06,-0.15,0,4.37,3.8,-2.66,0,,,,,,,,,,,,,,,,,872.279,18.795,-18.031,1.1179,0.02401,-0.02401
Kepler-1549 b,Kepler-1549,b,1,1,1,Transit,0,214.886545,0.003111,-0.003111,0,,,,,2.57,0.22,-0.2,0,0.229,0.02,-0.018,0,,,,,,,,,,,,,,,,,,,,,,,,,,,,,,,,,,,,,,,,,,,,,,,,,,,,,,,,,,,,,10.11,0.316,-0.316,0,,,,,0.02833,0.00078,-0.00149,0,,,,,,,,,,,,,,,,,,,,,,,,,5324,103.58,-124.08,0,0.84,0.07,-0.05,0,0.88,0.04,-0.05,0,0.02,0.15,-0.16,0,[Fe/H],,,,,4.54,0.04,-0.08,0,4.79,6.7,-3,0,,,,,,,,,,,,,,,,,803.052,16.418,-15.785,1.21678,0.024772,-0.024772
Kepler-1550 b,Kepler-1550,b,1,1,1,Transit,0,225.582809,0.003846,-0.003846,0,,,,,3.02,0.71,-0.38,0,0.269,0.063,-0.034,0,,,,,,,,,,,,,,,,,,,,,,,,,,,,,,,,,,,,,,,,,,,,,,,,,,,,,,,,,,,,,11.181,0.39,-0.39,0,,,,,0.02534,0.00122,-0.00083,0,,,,,,,,,,,,,,,,,,,,,,,,,5991,161.09,-159.37,0,1.11,0.26,-0.14,0,1.07,0.1,-0.08,0,0.01,0.12,-0.184,0,[Fe/H],,,,,4.38,0.09,-0.15,0,3.55,2.22,-2,0,,,,,,,,,,,,,,,,,1179.01,33.51,-31.74,0.819653,0.0232857,-0.0232857
Kepler-1551 b,Kepler-1551,b,1,1,1,Transit,0,24.4973698,0.0002094,-0.0002094,0,,,,,2.66,0.91,-0.42,0,0.237,0.081,-0.037,0,,,,,,,,,,,,,,,,,,,,,,,,,,,,,,,,,,,,,,,,,,,,,,,,,,,,,,,,,,,,,5.081,0.215,-0.215,0,,,,,0.02048,0.00027,-0.00128,0,,,,,,,,,,,,,,,,,,,,,,,,,6136,242.35,-164.67,0,1.22,0.42,-0.18,0,1.14,0.17,-0.09,0,0.01,0.135,-0.17,0,[Fe/H],,,,,4.32,0.11,-0.2,0,2.88,1.66,-1.17,0,,,,,,,,,,,,,,,,,1463.72,53.045,-53.045,0.655339,0.0245353,-0.0245353
Kepler-1552 b,Kepler-1552,b,1,1,1,Transit,0,184.771853,0.001546,-0.001546,0,,,,,2.47,0.11,-0.1,0,0.22,0.01,-0.009,0,,,,,,,,,,,,,,,,,,,,,,,,,,,,,,,,,,,,,,,,,,,,,,,,,,,,,,,,,,,,,9.706,0.204,-0.204,0,,,,,0.02929,0.00097,-0.00089,0,,,,,,,,,,,,,,,,,,,,,,,,,5202,85.4,-75.4,0,0.78,0.02,-0.02,0,0.85,0.03,-0.04,0,-0.07,0.105,-0.108,0,[Fe/H],,,,,4.58,0.01,-0.01,0,3.31,2.23,-1.56,0,,,,,,,,,,,,,,,,,769.096,13.1565,-13.1565,1.27177,0.0220679,-0.0220679
Kepler-1553 b,Kepler-1553,b,1,1,1,Transit,0,4.24261881,2.781E-05,-2.781E-05,0,,,,,1.15,0.1,-0.09,0,0.103,0.009,-0.008,0,,,,,,,,,,,,,,,,,,,,,,,,,,,,,,,,,,,,,,,,,,,,,,,,,,,,,,,,,,,,,2.658,0.146,-0.146,0,,,,,0.01305,0.00066,-0.00055,0,,,,,,,,,,,,,,,,,,,,,,,,,5288,98.79,-66.74,0,0.81,0.06,-0.05,0,0.85,0.04,-0.05,0,-0.09,0.143,-0.17,0,[Fe/H],,,,,4.56,0.04,-0.07,0,4.57,6.17,-2.93,0,,,,,,,,,,,,,,,,,692.594,11.7265,-11.7265,1.41546,0.0242541,-0.0242541
Kepler-1554 b,Kepler-1554,b,1,1,1,Transit,0,198.088774,0.002456,-0.002456,0,,,,,2.9,0.23,-0.27,0,0.259,0.021,-0.024,0,,,,,,,,,,,,,,,,,,,,,,,,,,,,,,,,,,,,,,,,,,,,,,,,,,,,,,,,,,,,,8.121,0.302,-0.302,0,,,,,0.03281,0.00081,-0.00198,0,,,,,,,,,,,,,,,,,,,,,,,,,5297,102.5,-97.44,0,0.81,0.06,-0.06,0,0.84,0.05,-0.06,0,-0.1,0.166,-0.185,0,[Fe/H],,,,,4.56,0.04,-0.07,0,4.68,6.3,-3.03,0,,,,,,,,,,,,,,,,,946.847,31.643,-29.695,1.02811,0.0339241,-0.0339241
Kepler-1555 b,Kepler-1555,b,1,1,1,Transit,0,8.10501635,8.122E-05,-8.122E-05,0,,,,,1.61,0.46,-0.17,0,0.144,0.041,-0.015,0,,,,,,,,,,,,,,,,,,,,,,,,,,,,,,,,,,,,,,,,,,,,,,,,,,,,,,,,,,,,,4.443,0.207,-0.207,0,,,,,0.01408,0.00074,-0.00044,0,,,,,,,,,,,,,,,,,,,,,,,,,5866,71.46,-82.62,0,1.06,0.3,-0.1,0,1.04,0.06,-0.06,0,0.03,0.141,-0.174,0,[Fe/H],,,,,4.4,0.08,-0.2,0,4.37,2.51,-2.49,0,,,,,,,,,,,,,,,,,2013.27,122.23,-109.27,0.467086,0.027925,-0.027925
Kepler-1556 b,Kepler-1556,b,1,1,1,Transit,0,8.82713457,4.025E-05,-4.025E-05,0,,,,,1.96,0.4,-0.15,0,0.175,0.036,-0.013,0,,,,,,,,,,,,,,,,,,,,,,,,,,,,,,,,,,,,,,,,,,,,,,,,,,,,,,,,,,,,,2.086,0.105,-0.105,0,,,,,0.01865,0.00096,-0.00056,0,,,,,,,,,,,,,,,,,,,,,,,,,5608,69.12,-91.9,0,0.95,0.19,-0.07,0,0.97,0.05,-0.05,0,0.08,0.156,-0.156,0,[Fe/H],,,,,4.47,0.06,-0.15,0,4.9,4.94,-3.14,0,,,,,,,,,,,,,,,,,944.54,25.0215,-25.0215,1.03044,0.0278189,-0.0278189
Kepler-1557 b,Kepler-1557,b,1,1,1,Transit,0,3.74032496,2.165E-05,-2.165E-05,0,,,,,1.53,0.5,-0.21,0,0.136,0.045,-0.019,0,,,,,,,,,,,,,,,,,,,,,,,,,,,,,,,,,,,,,,,,,,,,,,,,,,,,,,,,,,,,,2.439,0.12,-0.12,0,,,,,0.012,0.00059,-0.00054,0,,,,,,,,,,,,,,,,,,,,,,,,,6099,112,-191.52,0,1.17,0.38,-0.15,0,1.11,0.14,-0.1,0,0.02,0.137,-0.173,0,[Fe/H],,,,,4.34,0.1,-0.19,0,3.31,1.5,-1.49,0,,,,,,,,,,,,,,,,,1380.16,45.525,-45.525,0.696106,0.0237039,-0.0237039
Kepler-1558 b,Kepler-1558,b,1,1,1,Transit,0,3.50470358,1.612E-05,-1.612E-05,0,,,,,0.68,0.06,-0.04,0,0.061,0.005,-0.004,0,,,,,,,,,,,,,,,,,,,,,,,,,,,,,,,,,,,,,,,,,,,,,,,,,,,,,,,,,,,,,2.01,0.11,-0.11,0,,,,,0.00844,0.00058,-0.00021,0,,,,,,,,,,,,,,,,,,,,,,,,,5101,59.21,-59.69,0,0.79,0.04,-0.04,0,0.83,0.04,-0.04,0,0,0.151,-0.157,0,[Fe/H],,,,,4.57,0.03,-0.05,0,4.9,5.92,-2.96,0,,,,,,,,,,,,,,,,,325.737,1.5315,-1.5315,3.04107,0.014325,-0.014325
Kepler-1559 b,Kepler-1559,b,1,1,1,Transit,0,0.97191543,3.79E-06,-3.79E-06,0,,,,,0.72,0.07,-0.05,0,0.064,0.006,-0.004,0,,,,,,,,,,,,,,,,,,,,,,,,,,,,,,,,,,,,,,,,,,,,,,,,,,,,,,,,,,,,,1.629,0.101,-0.101,0,,,,,0.00784,0.00042,-0.00034,0,,,,,,,,,,,,,,,,,,,,,,,,,5316,98.57,-97.87,0,0.82,0.06,-0.05,0,0.86,0.04,-0.05,0,-0.04,0.158,-0.167,0,[Fe/H],,,,,4.55,0.03,-0.08,0,4.27,6,-2.57,0,,,,,,,,,,,,,,,,,614.827,9.522,-9.522,1.59805,0.0249933,-0.0249933
Kepler-1560 b,Kepler-1560,b,1,1,1,Transit,0,3.03195744,1.306E-05,-1.306E-05,0,,,,,0.89,0.18,-0.09,0,0.079,0.016,-0.008,0,,,,,,,,,,,,,,,,,,,,,,,,,,,,,,,,,,,,,,,,,,,,,,,,,,,,,,,,,,,,,1.657,0.115,-0.115,0,,,,,0.00842,0.00044,-0.00036,0,,,,,,,,,,,,,,,,,,,,,,,,,5815,103.32,-136.29,0,1.02,0.2,-0.1,0,1.02,0.06,-0.06,0,0.04,0.141,-0.154,0,[Fe/H],,,,,4.43,0.07,-0.15,0,4.17,2.94,-2.37,0,,,,,,,,,,,,,,,,,502.497,4.266,-4.195,1.96128,0.016628,-0.016628
Kepler-1561 b,Kepler-1561,b,1,1,1,Transit,0,1.00520701,5.1E-06,-5.1E-06,0,,,,,1.09,0.26,-0.18,0,0.097,0.023,-0.016,0,,,,,,,,,,,,,,,,,,,,,,,,,,,,,,,,,,,,,,,,,,,,,,,,,,,,,,,,,,,,,1.62,0.124,-0.124,0,,,,,0.00945,0.00012,-0.00082,0,,,,,,,,,,,,,,,,,,,,,,,,,5957,196.63,-233.87,0,1.11,0.27,-0.15,0,1.07,0.12,-0.09,0,0.04,0.145,-0.16,0,[Fe/H],,,,,4.38,0.1,-0.17,0,3.39,2.49,-1.7,0,,,,,,,,,,,,,,,,,839.076,18.935,-18.131,1.16365,0.0261089,-0.0261089
Kepler-1562 b,Kepler-1562,b,1,1,1,Transit,0,64.2737752,0.0007141,-0.0007141,0,,,,,3.55,1,-0.42,0,0.317,0.089,-0.037,0,,,,,,,,,,,,,,,,,,,,,,,,,,,,,,,,,,,,,,,,,,,,,,,,,,,,,,,,,,,,,9.756,0.241,-0.241,0,,,,,0.03138,0.00018,-0.00198,0,,,,,,,,,,,,,,,,,,,,,,,,,5760,63.34,-73.97,0,1.05,0.29,-0.11,0,1.02,0.06,-0.05,0,0.11,0.147,-0.142,0,[Fe/H],,,,,4.41,0.09,-0.2,0,4.79,3.18,-2.85,0,,,,,,,,,,,,,,,,,2060.72,95.4,-95.4,0.456447,0.0222912,-0.0222912
Kepler-1563 b,Kepler-1563,b,1,1,1,Transit,0,3.43276598,2.976E-05,-2.976E-05,0,,,,,0.75,0.12,-0.08,0,0.067,0.011,-0.007,0,,,,,,,,,,,,,,,,,,,,,,,,,,,,,,,,,,,,,,,,,,,,,,,,,,,,,,,,,,,,,4.156,0.201,-0.201,0,,,,,0.00744,0.00026,-0.00044,0,,,,,,,,,,,,,,,,,,,,,,,,,5765,100.22,-106.69,0,0.99,0.15,-0.08,0,1,0.05,-0.05,0,0.02,0.143,-0.169,0,[Fe/H],,,,,4.45,0.06,-0.13,0,4.07,3.22,-2.34,0,,,,,,,,,,,,,,,,,616.697,,,,,
Kepler-1564 b,Kepler-1564,b,1,1,1,Transit,0,18.0540381,0.0001919,-0.0001919,0,,,,,1.47,0.19,-0.13,0,0.131,0.017,-0.012,0,,,,,,,,,,,,,,,,,,,,,,,,,,,,,,,,,,,,,,,,,,,,,,,,,,,,,,,,,,,,,4.409,0.18,-0.18,0,,,,,0.01498,0.00039,-0.00095,0,,,,,,,,,,,,,,,,,,,,,,,,,5528,77.11,-90.36,0,0.9,0.11,-0.05,0,0.93,0.04,-0.05,0,0.03,0.142,-0.159,0,[Fe/H],,,,,4.5,0.04,-0.12,0,4.57,5.76,-2.84,0,,,,,,,,,,,,,,,,,908.805,19.32,-18.546,1.07181,0.0227432,-0.0227432
Kepler-1565 b,Kepler-1565,b,1,1,1,Transit,0,1.53818844,6.86E-06,-6.86E-06,0,,,,,1.19,0.08,-0.12,0,0.106,0.007,-0.011,0,,,,,,,,,,,,,,,,,,,,,,,,,,,,,,,,,,,,,,,,,,,,,,,,,,,,,,,,,,,,,1.7022,0.0985,-0.0985,0,,,,,0.01489,0.00072,-0.00079,0,,,,,,,,,,,,,,,,,,,,,,,,,4940,81.88,-52.6,0,0.73,0.04,-0.06,0,0.76,0.04,-0.06,0,-0.16,0.161,-0.235,0,[Fe/H],,,,,4.6,0.04,-0.04,0,5.62,5.67,-3.36,0,,,,,,,,,,,,,,,,,629.93,11.596,-11.192,1.55935,0.0284853,-0.0284853
Kepler-1566 b,Kepler-1566,b,1,1,1,Transit,0,0.53991524,1.35E-06,-1.35E-06,0,,,,,0.79,0.08,-0.05,0,0.07,0.007,-0.004,0,,,,,,,,,,,,,,,,,,,,,,,,,,,,,,,,,,,,,,,,,,,,,,,,,,,,,,,,,,,,,1.139,0.0699,-0.0699,0,,,,,0.00924,0.0006,-0.00025,0,,,,,,,,,,,,,,,,,,,,,,,,,5254,97.81,-89.64,0,0.81,0.06,-0.05,0,0.84,0.04,-0.05,0,-0.07,0.144,-0.16,0,[Fe/H],,,,,4.56,0.04,-0.07,0,5.01,6.36,-3.26,0,,,,,,,,,,,,,,,,,466.586,3.6975,-3.6975,2.11442,0.0168558,-0.0168558
Kepler-1567 b,Kepler-1567,b,1,1,1,Transit,0,153.979578,0.001785,-0.001785,0,,,,,2.73,0.4,-0.23,0,0.244,0.036,-0.021,0,,,,,,,,,,,,,,,,,,,,,,,,,,,,,,,,,,,,,,,,,,,,,,,,,,,,,,,,,,,,,8.994,0.295,-0.295,0,,,,,0.02709,0.00154,-0.00082,0,,,,,,,,,,,,,,,,,,,,,,,,,5655,149.03,-167.77,0,0.93,0.13,-0.07,0,0.95,0.06,-0.06,0,-0.03,0.141,-0.16,0,[Fe/H],,,,,4.49,0.06,-0.11,0,4.17,4.4,-2.4,0,,,,,,,,,,,,,,,,,1206.11,45.35,-42.24,0.800777,0.0298623,-0.0298623
Kepler-1568 b,Kepler-1568,b,1,1,1,Transit,0,20.925392,0.0002521,-0.0002521,0,,,,,1.3,0.21,-0.15,0,0.116,0.019,-0.013,0,,,,,,,,,,,,,,,,,,,,,,,,,,,,,,,,,,,,,,,,,,,,,,,,,,,,,,,,,,,,,6.617,0.246,-0.246,0,,,,,0.01042,0.00055,-0.00034,0,,,,,,,,,,,,,,,,,,,,,,,,,5956,69.05,-55.35,0,1.19,0.18,-0.13,0,1.09,0.04,-0.04,0,0.09,0.082,-0.079,0,[Fe/H],,,,,4.32,0.1,-0.11,0,4.57,1.39,-2.09,0,,,,,,,,,,,,,,,,,916.313,14.346,-13.918,1.06256,0.0167026,-0.0167026
Kepler-1569 b,Kepler-1569,b,1,1,1,Transit,0,5.79180156,3.622E-05,-3.622E-05,0,,,,,1.68,0.73,-0.31,0,0.15,0.065,-0.028,0,,,,,,,,,,,,,,,,,,,,,,,,,,,,,,,,,,,,,,,,,,,,,,,,,,,,,,,,,,,,,3.273,0.151,-0.151,0,,,,,0.01051,0.00034,-0.00057,0,,,,,,,,,,,,,,,,,,,,,,,,,6319,179.66,-219.91,0,1.4,0.61,-0.25,0,1.25,0.21,-0.13,0,0.06,0.132,-0.139,0,[Fe/H],,,,,4.24,0.13,-0.25,0,2.45,0.997,-0.791,0,,,,,,,,,,,,,,,,,945.454,16.135,-16.135,1.02913,0.0179092,-0.0179092
Kepler-1570 b,Kepler-1570,b,1,1,1,Transit,0,26.548955,0.0003047,-0.0003047,0,,,,,1.07,0.19,-0.1,0,0.095,0.017,-0.009,0,,,,,,,,,,,,,,,,,,,,,,,,,,,,,,,,,,,,,,,,,,,,,,,,,,,,,,,,,,,,,7.979,0.255,-0.255,0,,,,,0.01094,0.00076,-0.00037,0,,,,,,,,,,,,,,,,,,,,,,,,,5550,289.64,-239.62,0,0.89,0.15,-0.08,0,0.92,0.09,-0.07,0,-0.04,0.146,-0.172,0,[Fe/H],,,,,4.5,0.06,-0.11,0,4.17,4.72,-2.45,0,,,,,,,,,,,,,,,,,918.995,14.239,-13.818,1.05951,0.0164813,-0.0164813
Kepler-1571 b,Kepler-1571,b,1,1,1,Transit,0,3.38555488,1.595E-05,-1.595E-05,0,,,,,1.52,0.68,-0.34,0,0.136,0.061,-0.03,0,,,,,,,,,,,,,,,,,,,,,,,,,,,,,,,,,,,,,,,,,,,,,,,,,,,,,,,,,,,,,1.914,0.115,-0.115,0,,,,,0.00996,0.00036,-0.00068,0,,,,,,,,,,,,,,,,,,,,,,,,,6297,339.05,-313.54,0,1.39,0.62,-0.3,0,1.23,0.25,-0.16,0,0.04,0.13,-0.161,0,[Fe/H],,,,,4.24,0.15,-0.25,0,2.34,1.45,-0.827,0,,,,,,,,,,,,,,,,,675.303,7.7825,-7.7825,1.45213,0.0169351,-0.0169351
Kepler-1572 b,Kepler-1572,b,1,1,1,Transit,0,5.49548621,2.92E-05,-2.92E-05,0,,,,,0.94,0.19,-0.08,0,0.084,0.017,-0.007,0,,,,,,,,,,,,,,,,,,,,,,,,,,,,,,,,,,,,,,,,,,,,,,,,,,,,,,,,,,,,,2.511,0.129,-0.129,0,,,,,0.00875,0.00054,-0.00033,0,,,,,,,,,,,,,,,,,,,,,,,,,5618,62.91,-70.62,0,0.95,0.19,-0.07,0,0.97,0.04,-0.04,0,0.08,0.138,-0.141,0,[Fe/H],,,,,4.47,0.06,-0.16,0,4.79,4.81,-3.02,0,,,,,,,,,,,,,,,,,946.602,12.8675,-12.8675,1.02757,0.0142509,-0.0142509
Kepler-1573 b,Kepler-1573,b,1,1,1,Transit,0,2.6157554,1.498E-05,-1.498E-05,0,,,,,1.2,0.23,-0.11,0,0.107,0.021,-0.01,0,,,,,,,,,,,,,,,,,,,,,,,,,,,,,,,,,,,,,,,,,,,,,,,,,,,,,,,,,,,,,2.639,0.143,-0.143,0,,,,,0.01095,0.00065,-0.00037,0,,,,,,,,,,,,,,,,,,,,,,,,,5808,84.07,-98.49,0,1,0.18,-0.08,0,1.01,0.05,-0.05,0,0.02,0.135,-0.163,0,[Fe/H],,,,,4.44,0.06,-0.14,0,4.07,2.96,-2.36,0,,,,,,,,,,,,,,,,,1455.36,57.65,-53.48,0.658501,0.0260247,-0.0260247
Kepler-1574 b,Kepler-1574,b,1,1,1,Transit,0,6.9424334,6.006E-05,-6.006E-05,0,,,,,1.29,0.28,-0.15,0,0.115,0.025,-0.013,0,,,,,,,,,,,,,,,,,,,,,,,,,,,,,,,,,,,,,,,,,,,,,,,,,,,,,,,,,,,,,3.39,0.185,-0.185,0,,,,,0.0113,0.00043,-0.00081,0,,,,,,,,,,,,,,,,,,,,,,,,,5892,85.09,-107.29,0,1.08,0.23,-0.1,0,1.06,0.06,-0.06,0,0.08,0.138,-0.153,0,[Fe/H],,,,,4.4,0.07,-0.15,0,3.8,2.41,-2.11,0,,,,,,,,,,,,,,,,,1384.16,51.03,-47.59,0.693832,0.0255343,-0.0255343
Kepler-1575 b,Kepler-1575,b,1,1,1,Transit,0,2.55314213,1.304E-05,-1.304E-05,0,,,,,1.31,0.2,-0.13,0,0.117,0.018,-0.012,0,,,,,,,,,,,,,,,,,,,,,,,,,,,,,,,,,,,,,,,,,,,,,,,,,,,,,,,,,,,,,1.858,0.108,-0.108,0,,,,,0.01343,0.00051,-0.00074,0,,,,,,,,,,,,,,,,,,,,,,,,,5667,140.13,-92.37,0,0.92,0.14,-0.07,0,0.95,0.06,-0.06,0,-0.07,0.155,-0.189,0,[Fe/H],,,,,4.49,0.06,-0.12,0,4.17,4.83,-2.49,0,,,,,,,,,,,,,,,,,1246.92,41.71,-39.14,0.773719,0.0257846,-0.0257846
Kepler-1576 b,Kepler-1576,b,1,1,1,Transit,0,6.98471973,5.94E-05,-5.94E-05,0,,,,,1.04,0.29,-0.13,0,0.093,0.026,-0.012,0,,,,,,,,,,,,,,,,,,,,,,,,,,,,,,,,,,,,,,,,,,,,,,,,,,,,,,,,,,,,,2.723,0.214,-0.214,0,,,,,0.00852,0.00055,-0.00056,0,,,,,,,,,,,,,,,,,,,,,,,,,5876,104.99,-147.58,0,1.06,0.28,-0.11,0,1.05,0.07,-0.07,0,0.05,0.147,-0.161,0,[Fe/H],,,,,4.4,0.08,-0.18,0,4.07,2.47,-2.3,0,,,,,,,,,,,,,,,,,460.91,2.749,-2.716,2.14073,0.0127662,-0.0127662
Kepler-1577 b,Kepler-1577,b,1,1,1,Transit,0,6.30560247,3.666E-05,-3.666E-05,0,,,,,1.13,0.05,-0.11,0,0.101,0.004,-0.01,0,,,,,,,,,,,,,,,,,,,,,,,,,,,,,,,,,,,,,,,,,,,,,,,,,,,,,,,,,,,,,2.468,0.129,-0.129,0,,,,,0.01384,0.00024,-0.0012,0,,,,,,,,,,,,,,,,,,,,,,,,,4862,84.27,-75.08,0,0.74,0.03,-0.03,0,0.78,0.04,-0.04,0,0,0.149,-0.164,0,[Fe/H],,,,,4.6,0.02,-0.04,0,4.27,6.06,-2.43,0,,,,,,,,,,,,,,,,,510.029,6.634,-6.469,1.93214,0.0249931,-0.0249931
Kepler-1578 b,Kepler-1578,b,1,1,1,Transit,0,1.45088691,6.95E-06,-6.95E-06,0,,,,,1.04,0.11,-0.11,0,0.093,0.01,-0.01,0,,,,,,,,,,,,,,,,,,,,,,,,,,,,,,,,,,,,,,,,,,,,,,,,,,,,,,,,,,,,,1.781,0.123,-0.123,0,,,,,0.01107,0.00039,-0.0007,0,,,,,,,,,,,,,,,,,,,,,,,,,5545,73.2,-74.33,0,0.86,0.09,-0.07,0,0.9,0.05,-0.07,0,-0.13,0.172,-0.2,0,[Fe/H],,,,,4.53,0.05,-0.09,0,4.27,5.5,-2.61,0,,,,,,,,,,,,,,,,,1064.05,40.22,-37.44,0.911685,0.0340138,-0.0340138
Kepler-1579 b,Kepler-1579,b,1,1,1,Transit,0,0.84990789,2.93E-06,-2.93E-06,0,,,,,0.84,0.06,-0.05,0,0.075,0.005,-0.004,0,,,,,,,,,,,,,,,,,,,,,,,,,,,,,,,,,,,,,,,,,,,,,,,,,,,,,,,,,,,,,1.0925,0.0886,-0.0886,0,,,,,0.01068,0.00069,-0.00041,0,,,,,,,,,,,,,,,,,,,,,,,,,4584,61.63,-74.2,0,0.7,0.02,-0.03,0,0.75,0.03,-0.04,0,0.11,0.134,-0.201,0,[Fe/H],,,,,4.63,0.01,-0.02,0,2.24,5,-0.884,0,,,,,,,,,,,,,,,,,,,,,,
Kepler-1580 b,Kepler-1580,b,1,1,1,Transit,0,56.6449279,0.0008525,-0.0008525,0,,,,,2.11,0.3,-0.31,0,0.188,0.027,-0.028,0,,,,,,,,,,,,,,,,,,,,,,,,,,,,,,,,,,,,,,,,,,,,,,,,,,,,,,,,,,,,,15.079,0.372,-0.372,0,,,,,0.00908,0.00029,-0.0004,0,,,,,,,,,,,,,,,,,,,,,,,,,6228,75.22,-81.47,0,2.15,0.3,-0.3,0,1.47,0.11,-0.11,0,0.12,0.099,-0.081,0,[Fe/H],,,,,3.94,0.1,-0.08,0,2.75,0.53,-0.48,0,,,,,,,,,,,,,,,,,1002.02,24.98,-23.804,0.969463,0.0241012,-0.0241012
Kepler-1581 b,Kepler-1581,b,1,1,1,Transit,0,6.28385491,4.246E-05,-4.246E-05,0,,,,,0.8,0.14,-0.09,0,0.071,0.012,-0.008,0,,,,,,,,,,,,,,,,,,,,,,,,,,,,,,,,,,,,,,,,,,,,,,,,,,,,,,,,,,,,,4.124,0.163,-0.163,0,,,,,0.00567,0.00027,-0.00022,0,,,,,,,,,,,,,,,,,,,,,,,,,6022,81.89,-66.79,0,1.23,0.2,-0.14,0,1.12,0.06,-0.04,0,0.07,0.084,-0.083,0,[Fe/H],,,,,4.31,0.1,-0.12,0,4.17,1.16,-1.8,0,,,,,,,,,,,,,,,,,493.175,5.817,-5.686,1.99907,0.023467,-0.023467
Kepler-1582 b,Kepler-1582,b,1,1,1,Transit,0,4.83817712,8.84E-05,-8.84E-05,0,,,,,1.49,0.17,-0.14,0,0.133,0.015,-0.012,0,,,,,,,,,,,,,,,,,,,,,,,,,,,,,,,,,,,,,,,,,,,,,,,,,,,,,,,,,,,,,1.26,0.132,-0.132,0,,,,,0.04473,0.00365,-0.0018,0,,,,,,,,,,,,,,,,,,,,,,,,,3208,24.62,-23.86,0,0.3,0.02,-0.03,0,0.28,0.03,-0.03,0,0.48,0.011,-0.026,0,[Fe/H],,,,,4.93,0.03,-0.02,0,7.76,4.71,-5.06,0,,,,,,,,,,,,,,,,,78.8906,0.4421,-0.4372,12.6475,0.0701111,-0.0701111
Kepler-1583 b,Kepler-1583,b,1,1,1,Transit,0,9.32807355,8.851E-05,-8.851E-05,0,,,,,0.6,0.09,-0.05,0,0.054,0.008,-0.004,0,,,,,,,,,,,,,,,,,,,,,,,,,,,,,,,,,,,,,,,,,,,,,,,,,,,,,,,,,,,,,3.936,0.25,-0.25,0,,,,,0.0059,0.00038,-0.00031,0,,,,,,,,,,,,,,,,,,,,,,,,,5645,83.87,-81.55,0,0.91,0.12,-0.07,0,0.94,0.05,-0.06,0,-0.07,0.149,-0.174,0,[Fe/H],,,,,4.49,0.05,-0.11,0,4.27,4.73,-2.56,0,,,,,,,,,,,,,,,,,403.933,2.925,-2.883,2.44685,0.0176635,-0.0176635
Kepler-1584 b,Kepler-1584,b,1,1,1,Transit,0,13.3997099,0.000157,-0.000157,0,,,,,1.61,0.4,-0.21,0,0.144,0.036,-0.019,0,,,,,,,,,,,,,,,,,,,,,,,,,,,,,,,,,,,,,,,,,,,,,,,,,,,,,,,,,,,,,3.532,0.24,-0.24,0,,,,,0.01251,0.00035,-0.001,0,,,,,,,,,,,,,,,,,,,,,,,,,6069,86.35,-93.46,0,1.13,0.28,-0.12,0,1.1,0.09,-0.07,0,0,0.14,-0.196,0,[Fe/H],,,,,4.37,0.08,-0.16,0,3.31,1.6,-1.6,0,,,,,,,,,,,,,,,,,1416.31,38.57,-36.62,0.677238,0.0185975,-0.0185975
Kepler-1585 b,Kepler-1585,b,1,1,1,Transit,0,3.5827463,1.739E-05,-1.739E-05,0,,,,,1.79,0.25,-0.16,0,0.16,0.022,-0.014,0,,,,,,,,,,,,,,,,,,,,,,,,,,,,,,,,,,,,,,,,,,,,,,,,,,,,,,,,,,,,,1.541,0.111,-0.111,0,,,,,0.0181,0.00093,-0.00098,0,,,,,,,,,,,,,,,,,,,,,,,,,5538,111.3,-154.22,0,0.91,0.12,-0.06,0,0.94,0.05,-0.05,0,0.08,0.144,-0.14,0,[Fe/H],,,,,4.5,0.05,-0.11,0,4.37,5.3,-2.64,0,,,,,,,,,,,,,,,,,944.465,33.906,-31.671,1.03152,0.0364264,-0.0364264
Kepler-1586 b,Kepler-1586,b,1,1,1,Transit,0,15.6049212,0.0001365,-0.0001365,0,,,,,1.52,0.65,-0.34,0,0.136,0.058,-0.03,0,,,,,,,,,,,,,,,,,,,,,,,,,,,,,,,,,,,,,,,,,,,,,,,,,,,,,,,,,,,,,4.521,0.182,-0.182,0,,,,,0.00847,0.00129,-0.00066,0,,,,,,,,,,,,,,,,,,,,,,,,,6681,268,-299.6,0,1.75,0.69,-0.37,0,1.45,0.23,-0.19,0,0.06,0.133,-0.152,0,[Fe/H],,,,,4.12,0.15,-0.23,0,1.7,0.751,-0.38,0,,,,,,,,,,,,,,,,,552.55,4.562,-4.489,1.78099,0.0147108,-0.0147108
Kepler-1587 b,Kepler-1587,b,1,1,1,Transit,0,9.4060467,0.0001376,-0.0001376,0,,,,,1.33,0.47,-0.24,0,0.119,0.042,-0.021,0,,,,,,,,,,,,,,,,,,,,,,,,,,,,,,,,,,,,,,,,,,,,,,,,,,,,,,,,,,,,,5.161,0.326,-0.326,0,,,,,0.00953,0.00317,-0.00129,0,,,,,,,,,,,,,,,,,,,,,,,,,5933,79.13,-77.98,0,1.22,0.19,-0.15,0,1.08,0.06,-0.04,0,0.07,0.09,-0.087,0,[Fe/H],,,,,4.3,0.11,-0.11,0,5.01,1.46,-1.9,0,,,,,,,,,,,,,,,,,1026.48,18.44,-17.81,0.945453,0.0170696,-0.0170696
Kepler-1588 b,Kepler-1588,b,1,1,1,Transit,0,7.84931739,9.456E-05,-9.456E-05,0,,,,,0.76,0.11,-0.07,0,0.068,0.01,-0.006,0,,,,,,,,,,,,,,,,,,,,,,,,,,,,,,,,,,,,,,,,,,,,,,,,,,,,,,,,,,,,,3.736,0.307,-0.307,0,,,,,0.00721,0.00064,-0.00028,0,,,,,,,,,,,,,,,,,,,,,,,,,5817,69.45,-56.87,0,0.99,0.12,-0.08,0,0.96,0.04,-0.05,0,-0.14,0.126,-0.13,0,[Fe/H],,,,,4.43,0.07,-0.1,0,5.5,2.61,-3.3,0,,,,,,,,,,,,,,,,,924.141,15.554,-15.554,1.05335,0.0180725,-0.0180725
Kepler-1589 b,Kepler-1589,b,1,1,1,Transit,0,0.99166527,7.84E-06,-7.84E-06,0,,,,,1.09,0.44,-0.17,0,0.097,0.039,-0.015,0,,,,,,,,,,,,,,,,,,,,,,,,,,,,,,,,,,,,,,,,,,,,,,,,,,,,,,,,,,,,,2.378,0.181,-0.181,0,,,,,0.00814,0.00042,-0.00049,0,,,,,,,,,,,,,,,,,,,,,,,,,6166,169.76,-232.41,0,1.25,0.5,-0.18,0,1.18,0.17,-0.11,0,0.08,0.149,-0.145,0,[Fe/H],,,,,4.32,0.1,-0.23,0,2.75,1.26,-1.11,0,,,,,,,,,,,,,,,,,1513.14,65.63,-60.48,0.633158,0.0272825,-0.0272825
Kepler-1590 b,Kepler-1590,b,1,1,1,Transit,0,7.61760804,4.334E-05,-4.334E-05,0,,,,,1.14,0.34,-0.15,0,0.102,0.03,-0.013,0,,,,,,,,,,,,,,,,,,,,,,,,,,,,,,,,,,,,,,,,,,,,,,,,,,,,,,,,,,,,,3.479,0.139,-0.139,0,,,,,0.00928,0.00042,-0.00042,0,,,,,,,,,,,,,,,,,,,,,,,,,6053,122.92,-137,0,1.16,0.34,-0.14,0,1.11,0.1,-0.07,0,0.03,0.134,-0.161,0,[Fe/H],,,,,4.35,0.09,-0.19,0,3.39,1.6,-1.62,0,,,,,,,,,,,,,,,,,771.152,10.82,-10.531,1.26804,0.0178146,-0.0178146
Kepler-1591 b,Kepler-1591,b,1,1,1,Transit,0,8.18504949,7.831E-05,-7.831E-05,0,,,,,1.27,0.41,-0.19,0,0.113,0.037,-0.017,0,,,,,,,,,,,,,,,,,,,,,,,,,,,,,,,,,,,,,,,,,,,,,,,,,,,,,,,,,,,,,4.214,0.335,-0.335,0,,,,,0.00956,0.00068,-0.00034,0,,,,,,,,,,,,,,,,,,,,,,,,,6082,168.06,-232.08,0,1.16,0.36,-0.17,0,1.1,0.13,-0.1,0,0.01,0.136,-0.175,0,[Fe/H],,,,,4.35,0.1,-0.19,0,3.24,2.04,-1.44,0,,,,,,,,,,,,,,,,,1419.58,49.98,-46.76,0.676306,0.0237963,-0.0237963
Kepler-1592 b,Kepler-1592,b,1,1,1,Transit,0,3.05710069,2.334E-05,-2.334E-05,0,,,,,1.54,0.7,-0.28,0,0.137,0.062,-0.025,0,,,,,,,,,,,,,,,,,,,,,,,,,,,,,,,,,,,,,,,,,,,,,,,,,,,,,,,,,,,,,3.523,0.17,-0.17,0,,,,,0.01128,0.00066,-0.00047,0,,,,,,,,,,,,,,,,,,,,,,,,,6213,223.89,-246.35,0,1.28,0.57,-0.23,0,1.18,0.2,-0.12,0,0.04,0.129,-0.167,0,[Fe/H],,,,,4.29,0.13,-0.25,0,2.69,1.32,-0.958,0,,,,,,,,,,,,,,,,,1639.47,70.14,-64.7,0.582108,0.0248515,-0.0248515
Kepler-1593 b,Kepler-1593,b,1,1,1,Transit,0,174.509835,0.001852,-0.001852,0,,,,,3.17,0.3,-0.28,0,0.283,0.027,-0.025,0,,,,,,,,,,,,,,,,,,,,,,,,,,,,,,,,,,,,,,,,,,,,,,,,,,,,,,,,,,,,,7.098,0.348,-0.348,0,,,,,0.03845,0.00154,-0.00215,0,,,,,,,,,,,,,,,,,,,,,,,,,4995,243.24,-219.42,0,0.77,0.07,-0.05,0,0.81,0.06,-0.05,0,0.02,0.17,-0.168,0,[Fe/H],,,,,4.59,0.03,-0.06,0,3.63,6.39,-2.01,0,,,,,,,,,,,,,,,,,638.249,13.378,-12.85,1.53886,0.031932,-0.031932
Kepler-1594 b,Kepler-1594,b,1,1,1,Transit,0,2.71603809,1.355E-05,-1.355E-05,0,,,,,1.06,0.26,-0.12,0,0.095,0.023,-0.011,0,,,,,,,,,,,,,,,,,,,,,,,,,,,,,,,,,,,,,,,,,,,,,,,,,,,,,,,,,,,,,1.859,0.123,-0.123,0,,,,,0.00942,0.00042,-0.00053,0,,,,,,,,,,,,,,,,,,,,,,,,,5946,94.8,-125.41,0,1.08,0.26,-0.11,0,1.06,0.07,-0.07,0,0.03,0.14,-0.167,0,[Fe/H],,,,,4.39,0.08,-0.17,0,3.89,2.01,-2.1,0,,,,,,,,,,,,,,,,,976.868,23.05,-22.029,0.995227,0.0234314,-0.0234314
Kepler-1595 b,Kepler-1595,b,1,1,1,Transit,0,4.56380468,3.24E-05,-3.24E-05,0,,,,,1.23,0.09,-0.1,0,0.11,0.008,-0.009,0,,,,,,,,,,,,,,,,,,,,,,,,,,,,,,,,,,,,,,,,,,,,,,,,,,,,,,,,,,,,,2.32,0.161,-0.161,0,,,,,0.01359,0.00063,-0.0009,0,,,,,,,,,,,,,,,,,,,,,,,,,5203,61.17,-66.07,0,0.8,0.05,-0.04,0,0.84,0.04,-0.04,0,-0.02,0.152,-0.166,0,[Fe/H],,,,,4.56,0.03,-0.06,0,4.68,6.19,-2.85,0,,,,,,,,,,,,,,,,,845.022,21.858,-20.802,1.15515,0.0296304,-0.0296304
Kepler-1596 b,Kepler-1596,b,1,1,1,Transit,0,66.373379,0.001476,-0.001476,0,,,,,1.9,0.25,-0.17,0,0.17,0.022,-0.015,0,,,,,,,,,,,,,,,,,,,,,,,,,,,,,,,,,,,,,,,,,,,,,,,,,,,,,,,,,,,,,11.181,0.5,-0.5,0,,,,,0.01894,0.00108,-0.0008,0,,,,,,,,,,,,,,,,,,,,,,,,,5706,76.54,-66.32,0,0.92,0.11,-0.07,0,0.95,0.05,-0.07,0,-0.11,0.162,-0.213,0,[Fe/H],,,,,4.49,0.05,-0.1,0,3.89,4.28,-2.23,0,,,,,,,,,,,,,,,,,2146.23,147.39,-129.98,0.435728,0.0294816,-0.0294816
Kepler-1597 b,Kepler-1597,b,1,1,1,Transit,0,2.94654179,3.471E-05,-3.471E-05,0,,,,,1.06,0.47,-0.17,0,0.095,0.042,-0.015,0,,,,,,,,,,,,,,,,,,,,,,,,,,,,,,,,,,,,,,,,,,,,,,,,,,,,,,,,,,,,,3.28,0.274,-0.274,0,,,,,0.00711,0.00036,-0.00038,0,,,,,,,,,,,,,,,,,,,,,,,,,6377,131.93,-114.19,0,1.39,0.61,-0.21,0,1.25,0.2,-0.11,0,0.02,0.125,-0.184,0,[Fe/H],,,,,4.24,0.11,-0.25,0,2.4,0.706,-0.766,0,,,,,,,,,,,,,,,,,1221.05,24.12,-23.22,0.790157,0.0157547,-0.0157547
Kepler-1598 b,Kepler-1598,b,1,1,1,Transit,0,4.34195123,2.827E-05,-2.827E-05,0,,,,,0.95,0.28,-0.1,0,0.085,0.025,-0.009,0,,,,,,,,,,,,,,,,,,,,,,,,,,,,,,,,,,,,,,,,,,,,,,,,,,,,,,,,,,,,,2.696,0.161,-0.161,0,,,,,0.00806,0.0005,-0.00027,0,,,,,,,,,,,,,,,,,,,,,,,,,5940,75,-88.75,0,1.09,0.31,-0.1,0,1.07,0.07,-0.06,0,0.04,0.145,-0.16,0,[Fe/H],,,,,4.39,0.08,-0.19,0,3.8,2.06,-2.06,0,,,,,,,,,,,,,,,,,619.862,7.2165,-7.2165,1.58453,0.0186378,-0.0186378
Kepler-1599 b,Kepler-1599,b,1,1,1,Transit,0,122.363553,0.008968,-0.008968,0,,,,,1.62,0.33,-0.23,0,0.145,0.029,-0.021,0,,,,,,,,,,,,,,,,,,,,,,,,,,,,,,,,,,,,,,,,,,,,,,,,,,,,,,,,,,,,,9.32,1.5,-1.5,0,,,,,0.01466,0.00131,-0.00174,0,,,,,,,,,,,,,,,,,,,,,,,,,5767,97.64,-125.25,0,0.99,0.18,-0.09,0,0.99,0.06,-0.05,0,0.02,0.133,-0.159,0,[Fe/H],,,,,4.45,0.06,-0.15,0,4.27,3.46,-2.5,0,,,,,,,,,,,,,,,,,1328.2,38.84,-36.72,0.724168,0.0212499,-0.0212499
Kepler-1600 b,Kepler-1600,b,1,1,1,Transit,0,386.370548,0.008591,-0.008591,0,,,,,3.13,0.28,-0.17,0,0.279,0.025,-0.015,0,,,,,,,,,,,,,,,,,,,,,,,,,,,,,,,,,,,,,,,,,,,,,,,,,,,,,,,,,,,,,10.95,0.41,-0.41,0,,,,,0.03481,0.00204,-0.00119,0,,,,,,,,,,,,,,,,,,,,,,,,,5214,66.69,-91.43,0,0.82,0.05,-0.04,0,0.86,0.04,-0.04,0,0.07,0.144,-0.146,0,[Fe/H],,,,,4.55,0.03,-0.07,0,4.68,6.44,-2.9,0,,,,,,,,,,,,,,,,,1030.81,34.2705,-34.2705,0.942406,0.0319722,-0.0319722
Kepler-1601 b,Kepler-1601,b,1,1,1,Transit,0,2.20921951,1.51E-05,-1.51E-05,0,,,,,0.82,0.24,-0.11,0,0.073,0.021,-0.01,0,,,,,,,,,,,,,,,,,,,,,,,,,,,,,,,,,,,,,,,,,,,,,,,,,,,,,,,,,,,,,2.73,0.181,-0.181,0,,,,,0.00739,0.00019,-0.00055,0,,,,,,,,,,,,,,,,,,,,,,,,,5869,90.84,-118.62,0,1.07,0.31,-0.12,0,1.04,0.07,-0.06,0,0.05,0.145,-0.154,0,[Fe/H],,,,,4.4,0.09,-0.2,0,4.27,2.48,-2.51,0,,,,,,,,,,,,,,,,,644.456,6.281,-6.163,1.52288,0.0148678,-0.0148678
Kepler-1602 b,Kepler-1602,b,1,1,1,Transit,0,11.17931605,7.504E-05,-7.504E-05,0,,,,,1.34,0.58,-0.23,0,0.12,0.052,-0.021,0,,,,,,,,,,,,,,,,,,,,,,,,,,,,,,,,,,,,,,,,,,,,,,,,,,,,,,,,,,,,,3.043,0.181,-0.181,0,,,,,0.00862,0.00057,-0.00034,0,,,,,,,,,,,,,,,,,,,,,,,,,6296,217.69,-152.7,0,1.36,0.58,-0.22,0,1.22,0.2,-0.11,0,0.02,0.119,-0.168,0,[Fe/H],,,,,4.25,0.12,-0.24,0,2.51,1.13,-0.85,0,,,,,,,,,,,,,,,,,629.804,5.564,-5.469,1.55899,0.013803,-0.013803
Kepler-1603 b,Kepler-1603,b,1,1,1,Transit,0,2.27163926,2.336E-05,-2.336E-05,0,,,,,1.29,0.47,-0.19,0,0.115,0.042,-0.017,0,,,,,,,,,,,,,,,,,,,,,,,,,,,,,,,,,,,,,,,,,,,,,,,,,,,,,,,,,,,,,4.043,0.227,-0.227,0,,,,,0.00873,0.0004,-0.00056,0,,,,,,,,,,,,,,,,,,,,,,,,,6241,116.66,-168.54,0,1.31,0.48,-0.18,0,1.21,0.15,-0.1,0,0.07,0.14,-0.141,0,[Fe/H],,,,,4.28,0.1,-0.21,0,2.82,0.863,-1.08,0,,,,,,,,,,,,,,,,,2712.58,248.97,-211.14,0.340536,0.0304646,-0.0304646
Kepler-1604 b,Kepler-1604,b,1,1,1,Transit,0,0.68368426,6.3E-07,-6.3E-07,0,,,,,1.41,0.19,-0.11,0,0.126,0.017,-0.01,0,,,,,,,,,,,,,,,,,,,,,,,,,,,,,,,,,,,,,,,,,,,,,,,,,,,,,,,,,,,,,0.9993,0.03,-0.03,0,,,,,0.01691,0.0022,-0.00117,0,,,,,,,,,,,,,,,,,,,,,,,,,4976,49.62,-51.36,0,0.76,0.03,-0.03,0,0.81,0.03,-0.04,0,0.02,0.151,-0.164,0,[Fe/H],,,,,4.59,0.02,-0.04,0,4.17,6.16,-2.45,0,,,,,,,,,,,,,,,,,541.189,6.329,-6.188,1.81912,0.0212059,-0.0212059
Kepler-1605 b,Kepler-1605,b,1,1,1,Transit,0,85.7565495,0.0006161,-0.0006161,0,,,,,1.08,0.09,-0.08,0,0.096,0.008,-0.007,0,,,,,,,,,,,,,,,,,,,,,,,,,,,,,,,,,,,,,,,,,,,,,,,,,,,,,,,,,,,,,5.802,0.195,-0.195,0,,,,,0.01185,0.00047,-0.00061,0,,,,,,,,,,,,,,,,,,,,,,,,,5280,56.11,-59.11,0,0.82,0.06,-0.05,0,0.86,0.04,-0.04,0,-0.01,0.15,-0.157,0,[Fe/H],,,,,4.55,0.03,-0.07,0,4.68,6.16,-2.91,0,,,,,,,,,,,,,,,,,546.23,6.6415,-6.6415,1.80209,0.0220895,-0.0220895
Kepler-1606 b,Kepler-1606,b,1,1,1,Transit,0,196.435224,0.003935,-0.003935,0,,,,,2.07,0.23,-0.15,0,0.185,0.021,-0.013,0,,,,,,,,,,,,,,,,,,,,,,,,,,,,,,,,,,,,,,,,,,,,,,,,,,,,,,,,,,,,,8.602,0.505,-0.505,0,,,,,0.02224,0.00155,-0.00094,0,,,,,,,,,,,,,,,,,,,,,,,,,5422,59.86,-63.5,0,0.86,0.08,-0.05,0,0.9,0.04,-0.04,0,0.01,0.144,-0.162,0,[Fe/H],,,,,4.53,0.04,-0.09,0,4.27,5.69,-2.67,0,,,,,,,,,,,,,,,,,831.287,18.466,-17.694,1.17453,0.0259568,-0.0259568
Kepler-1607 b,Kepler-1607,b,1,1,1,Transit,0,13.6473676,0.0002102,-0.0002102,0,,,,,0.92,0.33,-0.14,0,0.082,0.029,-0.012,0,,,,,,,,,,,,,,,,,,,,,,,,,,,,,,,,,,,,,,,,,,,,,,,,,,,,,,,,,,,,,7.769,0.361,-0.361,0,,,,,0.00725,0.00044,-0.0004,0,,,,,,,,,,,,,,,,,,,,,,,,,6116,118.51,-199.25,0,1.21,0.43,-0.18,0,1.14,0.14,-0.1,0,0.05,0.135,-0.146,0,[Fe/H],,,,,4.33,0.11,-0.22,0,3.16,1.37,-1.43,0,,,,,,,,,,,,,,,,,1286.1,38.86,-38.86,0.74942,0.0232929,-0.0232929
Kepler-1608 b,Kepler-1608,b,1,1,1,Transit,0,16.4735686,0.0001698,-0.0001698,0,,,,,1.73,0.16,-0.19,0,0.154,0.014,-0.017,0,,,,,,,,,,,,,,,,,,,,,,,,,,,,,,,,,,,,,,,,,,,,,,,,,,,,,,,,,,,,,4.231,0.329,-0.329,0,,,,,0.02185,0.00137,-0.00121,0,,,,,,,,,,,,,,,,,,,,,,,,,4992,119.01,-72.99,0,0.72,0.05,-0.07,0,0.75,0.05,-0.07,0,-0.24,0.201,-0.239,0,[Fe/H],,,,,4.61,0.05,-0.04,0,5.13,5.76,-3.24,0,,,,,,,,,,,,,,,,,,,,,,
Kepler-1609 b,Kepler-1609,b,1,1,1,Transit,0,114.34219,0.004097,-0.004097,0,,,,,2.22,0.9,-0.32,0,0.198,0.08,-0.029,0,,,,,,,,,,,,,,,,,,,,,,,,,,,,,,,,,,,,,,,,,,,,,,,,,,,,,,,,,,,,,13.001,0.825,-0.825,0,,,,,0.01582,0.00086,-0.00083,0,,,,,,,,,,,,,,,,,,,,,,,,,6132,88.96,-146.65,0,1.27,0.51,-0.17,0,1.18,0.16,-0.09,0,0.1,0.145,-0.126,0,[Fe/H],,,,,4.29,0.11,-0.23,0,3.02,1.08,-1.3,0,,,,,,,,,,,,,,,,,1826.04,100.88,-91.03,0.519126,0.0280792,-0.0280792
Kepler-1610 b,Kepler-1610,b,1,1,1,Transit,0,8.70181574,8.315E-05,-8.315E-05,0,,,,,1.61,0.19,-0.13,0,0.144,0.017,-0.012,0,,,,,,,,,,,,,,,,,,,,,,,,,,,,,,,,,,,,,,,,,,,,,,,,,,,,,,,,,,,,,3.019,0.193,-0.193,0,,,,,0.01662,0.00096,-0.00109,0,,,,,,,,,,,,,,,,,,,,,,,,,5383,61.72,-82.73,0,0.87,0.09,-0.04,0,0.91,0.04,-0.04,0,0.1,0.154,-0.145,0,[Fe/H],,,,,4.52,0.04,-0.1,0,4.68,6.3,-3.01,0,,,,,,,,,,,,,,,,,864.331,24.2205,-24.2205,1.1292,0.0321459,-0.0321459
Kepler-1611 b,Kepler-1611,b,1,1,1,Transit,0,5.1762429,5.826E-05,-5.826E-05,0,,,,,0.81,0.16,-0.07,0,0.072,0.014,-0.006,0,,,,,,,,,,,,,,,,,,,,,,,,,,,,,,,,,,,,,,,,,,,,,,,,,,,,,,,,,,,,,5.15,0.283,-0.283,0,,,,,0.00845,0.00058,-0.00031,0,,,,,,,,,,,,,,,,,,,,,,,,,5605,89.65,-122.47,0,0.93,0.17,-0.07,0,0.94,0.04,-0.05,0,0.01,0.135,-0.172,0,[Fe/H],,,,,4.49,0.06,-0.14,0,5.01,5.06,-3.23,0,,,,,,,,,,,,,,,,,908.444,,,,,
Kepler-1612 b,Kepler-1612,b,1,1,1,Transit,0,3.91795101,2.727E-05,-2.727E-05,0,,,,,1.03,0.18,-0.11,0,0.092,0.016,-0.01,0,,,,,,,,,,,,,,,,,,,,,,,,,,,,,,,,,,,,,,,,,,,,,,,,,,,,,,,,,,,,,2.586,0.171,-0.171,0,,,,,0.00989,0.00046,-0.00068,0,,,,,,,,,,,,,,,,,,,,,,,,,5643,104.98,-130.31,0,0.94,0.16,-0.07,0,0.96,0.05,-0.05,0,0.03,0.14,-0.166,0,[Fe/H],,,,,4.48,0.06,-0.14,0,4.57,4.12,-2.85,0,,,,,,,,,,,,,,,,,764.726,13.738,-13.269,1.27914,0.0229102,-0.0229102
Kepler-1613 b,Kepler-1613,b,1,1,1,Transit,0,1.5184299,0.0001991,-0.0001991,0,,,,,2.08,0.44,-0.51,0,0.186,0.039,-0.045,0,,,,,,,,,,,,,,,,,,,,,,,,,,,,,,,,,,,,,,,,,,,,,,,,,,,,,,,,,,,,,3.414,0.141,-0.141,0,,,,,0.01685,3E-05,-0.00367,0,,,,,,,,,,,,,,,,,,,,,,,,,6005,92.89,-111.57,0,1.12,0.24,-0.12,0,1.08,0.08,-0.07,0,0.01,0.152,-0.174,0,[Fe/H],,,,,4.37,0.09,-0.14,0,3.55,1.93,-1.79,0,,,,,,,,,,,,,,,,,1508.33,65.08,-60,0.634424,0.0272679,-0.0272679
Kepler-1614 b,Kepler-1614,b,1,1,1,Transit,0,3.9466141,3.022E-05,-3.022E-05,0,,,,,1.49,0.12,-0.15,0,0.133,0.011,-0.013,0,,,,,,,,,,,,,,,,,,,,,,,,,,,,,,,,,,,,,,,,,,,,,,,,,,,,,,,,,,,,,2.836,0.186,-0.186,0,,,,,0.01768,0.00085,-0.001,0,,,,,,,,,,,,,,,,,,,,,,,,,5121,50.38,-46.14,0,0.76,0.05,-0.07,0,0.79,0.05,-0.06,0,-0.17,0.173,-0.222,0,[Fe/H],,,,,4.58,0.04,-0.05,0,5.5,5.7,-3.4,0,,,,,,,,,,,,,,,,,1191.19,46.18,-42.91,0.811097,0.0311367,-0.0311367
Kepler-1615 b,Kepler-1615,b,1,1,1,Transit,0,47.3126192,0.0008593,-0.0008593,0,,,,,2.06,0.48,-0.58,0,0.184,0.043,-0.052,0,,,,,,,,,,,,,,,,,,,,,,,,,,,,,,,,,,,,,,,,,,,,,,,,,,,,,,,,,,,,,10.652,0.547,-0.547,0,,,,,0.01771,0,-0.00481,0,,,,,,,,,,,,,,,,,,,,,,,,,5865,85.98,-105.58,0,1.05,0.24,-0.09,0,1.04,0.06,-0.06,0,0.06,0.147,-0.159,0,[Fe/H],,,,,4.42,0.07,-0.16,0,3.89,2.33,-2.19,0,,,,,,,,,,,,,,,,,1393.83,39.15,-37.11,0.688644,0.019478,-0.019478
Kepler-1616 b,Kepler-1616,b,1,1,1,Transit,0,6.76284377,6.948E-05,-6.948E-05,0,,,,,1.02,0.47,-0.15,0,0.091,0.042,-0.013,0,,,,,,,,,,,,,,,,,,,,,,,,,,,,,,,,,,,,,,,,,,,,,,,,,,,,,,,,,,,,,5.872,0.24,-0.24,0,,,,,0.00696,0.00031,-0.00027,0,,,,,,,,,,,,,,,,,,,,,,,,,6266,93.46,-92.78,0,1.34,0.62,-0.19,0,1.21,0.19,-0.1,0,0.02,0.127,-0.159,0,[Fe/H],,,,,4.26,0.12,-0.26,0,2.75,0.818,-0.988,0,,,,,,,,,,,,,,,,,1137.81,17.53,-17.53,0.850017,0.0134384,-0.0134384
Kepler-1617 b,Kepler-1617,b,1,1,1,Transit,0,27.4785572,0.0005078,-0.0005078,0,,,,,1.2,0.37,-0.16,0,0.107,0.033,-0.014,0,,,,,,,,,,,,,,,,,,,,,,,,,,,,,,,,,,,,,,,,,,,,,,,,,,,,,,,,,,,,,8.305,0.423,-0.423,0,,,,,0.00881,0.00029,-0.00055,0,,,,,,,,,,,,,,,,,,,,,,,,,6167,84.79,-77.96,0,1.22,0.38,-0.15,0,1.15,0.13,-0.08,0,0.01,0.123,-0.165,0,[Fe/H],,,,,4.32,0.09,-0.2,0,3.02,1.13,-1.3,0,,,,,,,,,,,,,,,,,898.31,12.709,-12.709,1.08441,0.0156294,-0.0156294
Kepler-1618 b,Kepler-1618,b,1,1,1,Transit,0,6.10826019,8.991E-05,-8.991E-05,0,,,,,1.26,0.52,-0.24,0,0.112,0.046,-0.021,0,,,,,,,,,,,,,,,,,,,,,,,,,,,,,,,,,,,,,,,,,,,,,,,,,,,,,,,,,,,,,3.649,0.248,-0.248,0,,,,,0.00707,0.00025,-0.00055,0,,,,,,,,,,,,,,,,,,,,,,,,,6620,213.78,-143.89,0,1.65,0.68,-0.29,0,1.41,0.22,-0.15,0,0.04,0.13,-0.161,0,[Fe/H],,,,,4.15,0.13,-0.23,0,1.78,0.534,-0.4,0,,,,,,,,,,,,,,,,,1229.25,27.625,-27.625,0.784916,0.018138,-0.018138
Kepler-1619 b,Kepler-1619,b,1,1,1,Transit,0,23.6225913,0.000542,-0.000542,0,,,,,0.76,0.15,-0.08,0,0.068,0.013,-0.007,0,,,,,,,,,,,,,,,,,,,,,,,,,,,,,,,,,,,,,,,,,,,,,,,,,,,,,,,,,,,,,6.544,0.549,-0.549,0,,,,,0.0069,0.00048,-0.00038,0,,,,,,,,,,,,,,,,,,,,,,,,,5852,90.66,-80.99,0,1,0.19,-0.09,0,1,0.06,-0.07,0,-0.07,0.147,-0.22,0,[Fe/H],,,,,4.44,0.07,-0.14,0,4.27,3.06,-2.48,0,,,,,,,,,,,,,,,,,734.85,8.107,-7.935,1.332,0.0147412,-0.0147412
Kepler-1620 b,Kepler-1620,b,1,1,1,Transit,0,101.951829,0.001572,-0.001572,0,,,,,1.61,0.64,-0.27,0,0.144,0.057,-0.024,0,,,,,,,,,,,,,,,,,,,,,,,,,,,,,,,,,,,,,,,,,,,,,,,,,,,,,,,,,,,,,5.989,0.383,-0.383,0,,,,,0.0118,0.0005,-0.00097,0,,,,,,,,,,,,,,,,,,,,,,,,,6157,120.8,-167.55,0,1.23,0.48,-0.18,0,1.15,0.16,-0.1,0,0.03,0.134,-0.156,0,[Fe/H],,,,,4.31,0.11,-0.23,0,3.02,1.23,-1.22,0,,,,,,,,,,,,,,,,,895.069,,,,,
Kepler-1621 b,Kepler-1621,b,1,1,1,Transit,0,92.263714,0.002385,-0.002385,0,,,,,2.16,0.8,-0.37,0,0.193,0.071,-0.033,0,,,,,,,,,,,,,,,,,,,,,,,,,,,,,,,,,,,,,,,,,,,,,,,,,,,,,,,,,,,,,9.862,0.688,-0.688,0,,,,,0.01578,0.00092,-0.00089,0,,,,,,,,,,,,,,,,,,,,,,,,,6158,276.88,-219.74,0,1.24,0.46,-0.2,0,1.15,0.2,-0.11,0,0.03,0.133,-0.16,0,[Fe/H],,,,,4.31,0.12,-0.21,0,2.69,1.74,-1.04,0,,,,,,,,,,,,,,,,,1631.66,70.8,-65.23,0.584989,0.0253128,-0.0253128
Kepler-1622 b,Kepler-1622,b,1,1,1,Transit,0,10.8118737,0.0001009,-0.0001009,0,,,,,1.47,0.68,-0.27,0,0.131,0.061,-0.024,0,,,,,,,,,,,,,,,,,,,,,,,,,,,,,,,,,,,,,,,,,,,,,,,,,,,,,,,,,,,,,2.611,0.182,-0.182,0,,,,,0.00883,0.00042,-0.00056,0,,,,,,,,,,,,,,,,,,,,,,,,,6436,154.47,-172.76,0,1.5,0.69,-0.26,0,1.31,0.22,-0.13,0,0.04,0.133,-0.145,0,[Fe/H],,,,,4.2,0.13,-0.26,0,2.19,0.75,-0.607,0,,,,,,,,,,,,,,,,,796.477,9.151,-8.949,1.22675,0.0141576,-0.0141576
Kepler-1623 b,Kepler-1623,b,1,1,1,Transit,0,4.36128348,2.698E-05,-2.698E-05,0,,,,,1.31,0.31,-0.18,0,0.117,0.028,-0.016,0,,,,,,,,,,,,,,,,,,,,,,,,,,,,,,,,,,,,,,,,,,,,,,,,,,,,,,,,,,,,,2.058,0.153,-0.153,0,,,,,0.01236,0.00044,-0.00099,0,,,,,,,,,,,,,,,,,,,,,,,,,5772,140.28,-187.15,0,1,0.23,-0.11,0,1,0.07,-0.07,0,0.04,0.143,-0.171,0,[Fe/H],,,,,4.44,0.07,-0.18,0,4.27,3.37,-2.54,0,,,,,,,,,,,,,,,,,837.481,15.045,-14.531,1.16562,0.0209174,-0.0209174
Kepler-1624 b,Kepler-1624,b,1,1,1,Transit,0,3.29030452,4.56E-06,-4.56E-06,0,,,,,5.7,0.39,-0.46,0,0.509,0.035,-0.041,0,,,,,,,,,,,,,,,,,,,,,,,,,,,,,,,,,,,,,,,,,,,,,,,,,,,,,,,,,,,,,1.7505,0.0114,-0.0114,0,,,,,0.10992,0.00123,-0.00043,0,,,,,,,,,,,,,,,,,,,,,,,,,3636,58.98,-53.35,0,0.47,0.03,-0.04,0,0.5,0.03,-0.04,0,0.06,0.112,-0.118,0,[Fe/H],,,,,4.78,0.04,-0.03,0,4.47,5.74,-2.68,0,,,,,,,,,,,,,,,,,258.979,2.984,-2.918,3.83323,0.0436565,-0.0436565
Kepler-1625 b,Kepler-1625,b,1,1,1,Transit,0,287.378949,0.002983,-0.002983,0,,,,,6.06,0.87,-0.53,0,0.541,0.078,-0.047,0,,,,,,,,,,,,,,,,,,,,,,,,,,,,,,,,,,,,,,,,,,,,,,,,,,,,,,,,,,,,,18.886,0.202,-0.202,0,,,,,0.059,0.00121,-0.00059,0,,,,,,,,,,,,,,,,,,,,,,,,,5677,107.4,-162.14,0,0.94,0.13,-0.08,0,0.96,0.06,-0.06,0,0.01,0.134,-0.189,0,[Fe/H],,,,,4.48,0.06,-0.12,0,4.37,4.24,-2.65,0,,,,,,,,,,,,,,,,,2310.11,213.09,-180.49,0.40645,0.0358012,-0.0358012
Kepler-1626 b,Kepler-1626,b,1,1,1,Transit,0,4.13962966,2.851E-05,-2.851E-05,0,,,,,2.02,0.66,-0.43,0,0.18,0.059,-0.038,0,,,,,,,,,,,,,,,,,,,,,,,,,,,,,,,,,,,,,,,,,,,,,,,,,,,,,,,,,,,,,3.284,0.129,-0.129,0,,,,,0.00974,0.00044,-0.00044,0,,,,,,,,,,,,,,,,,,,,,,,,,6826,286.4,-316.8,0,1.85,0.6,-0.39,0,1.51,0.21,-0.2,0,0.04,0.127,-0.147,0,[Fe/H],,,,,4.08,0.15,-0.19,0,1.55,0.59,-0.31,0,,,,,,,,,,,,,,,,,1368.83,33.97,-32.39,0.702119,0.017563,-0.017563
Kepler-1627 b,Kepler-1627,b,1,1,1,Transit,0,7.20283653,8.773E-05,-8.773E-05,0,,,,,3.69,0.49,-0.41,0,0.329,0.044,-0.037,0,,,,,,,,,,,,,,,,,,,,,,,,,,,,,,,,,,,,,,,,,,,,,,,,,,,,,,,,,,,,,2.886,0.317,-0.317,0,,,,,0.04017,0.00331,-0.00318,0,,,,,,,,,,,,,,,,,,,,,,,,,5445,93.89,-121.15,0,0.84,0.09,-0.07,0,0.87,0.05,-0.06,0,-0.1,0.161,-0.177,0,[Fe/H],,,,,4.54,0.05,-0.1,0,4.68,6.36,-2.98,0,,,,,,,,,,,,,,,,,317.437,4.528,-4.404,3.12223,0.0439795,-0.0439795
Kepler-1628 b,Kepler-1628,b,1,1,1,Transit,0,76.378033,0.001833,-0.001833,0,,,,,6.43,0.94,-0.51,0,0.574,0.084,-0.045,0,,,,,,,,,,,,,,,,,,,,,,,,,,,,,,,,,,,,,,,,,,,,,,,,,,,,,,,,,,,,,4.952,0.159,-0.159,0,,,,,0.11319,0.01422,-0.00667,0,,,,,,,,,,,,,,,,,,,,,,,,,3724,65.64,-48.58,0,0.52,0.04,-0.03,0,0.55,0.04,-0.03,0,0.17,0.104,-0.107,0,[Fe/H],,,,,4.74,0.03,-0.03,0,5.13,5.69,-3.29,0,,,,,,,,,,,,,,,,,,,,,,
Kepler-1629 b,Kepler-1629,b,1,1,1,Transit,0,3.87595807,2.379E-05,-2.379E-05,0,,,,,0.77,0.15,-0.08,0,0.069,0.013,-0.007,0,,,,,,,,,,,,,,,,,,,,,,,,,,,,,,,,,,,,,,,,,,,,,,,,,,,,,,,,,,,,,2.226,0.175,-0.175,0,,,,,0.00699,0.00031,-0.00045,0,,,,,,,,,,,,,,,,,,,,,,,,,5776,68.39,-74.65,0,1.01,0.19,-0.08,0,1.01,0.05,-0.05,0,0.05,0.147,-0.156,0,[Fe/H],,,,,4.44,0.07,-0.14,0,4.27,3.2,-2.51,0,,,,,,,,,,,,,,,,,336.09,2.643,-2.604,2.94668,0.0230527,-0.0230527
Kepler-1630 b,Kepler-1630,b,1,1,1,Transit,0,509.997402,0.003256,-0.003256,0,,,,,2.19,0.2,-0.1,0,0.195,0.018,-0.009,0,,,,,,,,,,,,,,,,,,,,,,,,,,,,,,,,,,,,,,,,,,,,,,,,,,,,,,,,,,,,,8.481,0.165,-0.165,0,,,,,0.0317,0.00136,-0.00072,0,,,,,,,,,,,,,,,,,,,,,,,,,4736,97.3,-64.28,0,0.63,0.05,-0.02,0,0.66,0.05,-0.03,0,-0.46,0.225,-0.105,0,[Fe/H],,,,,4.66,0.03,-0.04,0,5.01,5.8,-3.13,0,,,,,,,,,,,,,,,,,331.213,2.18,-2.151,2.99043,0.0195894,-0.0195894
Kepler-1631 b,Kepler-1631,b,1,1,1,Transit,0,4.09513932,3.048E-05,-3.048E-05,0,,,,,1.35,0.2,-0.15,0,0.12,0.018,-0.013,0,,,,,,,,,,,,,,,,,,,,,,,,,,,,,,,,,,,,,,,,,,,,,,,,,,,,,,,,,,,,,1.929,0.173,-0.173,0,,,,,0.0132,0.00066,-0.0009,0,,,,,,,,,,,,,,,,,,,,,,,,,5679,101.54,-148.91,0,0.95,0.13,-0.08,0,0.97,0.05,-0.06,0,0.04,0.151,-0.17,0,[Fe/H],,,,,4.47,0.06,-0.12,0,4.17,3.92,-2.45,0,,,,,,,,,,,,,,,,,1305.99,54.96,-50.77,0.738012,0.0307138,-0.0307138
Kepler-1632 b,Kepler-1632,b,1,1,1,Transit,0,448.303558,0.004164,-0.004164,0,,,,,2.47,0.84,-0.35,0,0.22,0.075,-0.031,0,,,,,,,,,,,,,,,,,,,,,,,,,,,,,,,,,,,,,,,,,,,,,,,,,,,,,,,,,,,,,12.713,0.179,-0.179,0,,,,,0.01873,0.00061,-0.0003,0,,,,,,,,,,,,,,,,,,,,,,,,,6137,159.61,-176.47,0,1.19,0.4,-0.17,0,1.12,0.14,-0.1,0,0,0.131,-0.194,0,[Fe/H],,,,,4.33,0.11,-0.2,0,3.09,1.55,-1.35,0,,,,,,,,,,,,,,,,,716.76,6.705,-6.585,1.36634,0.0128362,-0.0128362
Kepler-1633 b,Kepler-1633,b,1,1,1,Transit,0,186.404271,0.005886,-0.005886,0,,,,,1.58,0.65,-0.25,0,0.141,0.058,-0.022,0,,,,,,,,,,,,,,,,,,,,,,,,,,,,,,,,,,,,,,,,,,,,,,,,,,,,,,,,,,,,,10.46,0.916,-0.916,0,,,,,0.01057,0.00063,-0.00077,0,,,,,,,,,,,,,,,,,,,,,,,,,6256,119.67,-118.36,0,1.32,0.54,-0.18,0,1.2,0.17,-0.09,0,0.02,0.128,-0.163,0,[Fe/H],,,,,4.27,0.11,-0.24,0,2.82,0.923,-1.03,0,,,,,,,,,,,,,,,,,1114.91,17.215,-17.215,0.86808,0.0137464,-0.0137464
Kepler-1634 b,Kepler-1634,b,1,1,1,Transit,0,374.876239,0.007107,-0.007107,0,,,,,3.19,0.52,-0.6,0,0.285,0.046,-0.054,0,,,,,,,,,,,,,,,,,,,,,,,,,,,,,,,,,,,,,,,,,,,,,,,,,,,,,,,,,,,,,11.328,0.265,-0.265,0,,,,,0.03326,0.00398,-0.00569,0,,,,,,,,,,,,,,,,,,,,,,,,,5474,149.64,-144.37,0,0.89,0.1,-0.06,0,0.92,0.05,-0.05,0,0.02,0.147,-0.162,0,[Fe/H],,,,,4.51,0.05,-0.1,0,4.47,5.7,-2.73,0,,,,,,,,,,,,,,,,,617.339,8.4325,-8.4325,1.5913,0.0219549,-0.0219549
Kepler-1635 b,Kepler-1635,b,1,1,1,Transit,0,469.63111,0.01246,-0.01246,0,,,,,3.64,0.33,-0.67,0,0.325,0.029,-0.06,0,,,,,,,,,,,,,,,,,,,,,,,,,,,,,,,,,,,,,,,,,,,,,,,,,,,,,,,,,,,,,13.556,0.556,-0.556,0,,,,,0.03873,0.00014,-0.00687,0,,,,,,,,,,,,,,,,,,,,,,,,,5347,51.14,-53.97,0,0.85,0.08,-0.04,0,0.89,0.04,-0.04,0,0.06,0.161,-0.158,0,[Fe/H],,,,,4.53,0.04,-0.09,0,4.9,6.25,-3.16,0,,,,,,,,,,,,,,,,,1069.45,39.9,-37.17,0.906922,0.0334141,-0.0334141
Kepler-1636 b,Kepler-1636,b,1,1,1,Transit,0,425.47785,0.01122,-0.01122,0,,,,,3.23,0.76,-0.35,0,0.288,0.068,-0.031,0,,,,,,,,,,,,,,,,,,,,,,,,,,,,,,,,,,,,,,,,,,,,,,,,,,,,,,,,,,,,,17.848,0.818,-0.818,0,,,,,0.02883,0.00166,-0.00073,0,,,,,,,,,,,,,,,,,,,,,,,,,5797,171.84,-166.58,0,1.02,0.23,-0.11,0,1.01,0.08,-0.06,0,0.03,0.13,-0.155,0,[Fe/H],,,,,4.43,0.08,-0.17,0,3.98,3.3,-2.27,0,,,,,,,,,,,,,,,,,1947.54,121.425,-121.425,0.484946,0.0312357,-0.0312357
Kepler-1637 b,Kepler-1637,b,1,1,1,Transit,0,6.10960324,6.485E-05,-6.485E-05,0,,,,,0.89,0.18,-0.09,0,0.079,0.016,-0.008,0,,,,,,,,,,,,,,,,,,,,,,,,,,,,,,,,,,,,,,,,,,,,,,,,,,,,,,,,,,,,,5.585,0.215,-0.215,0,,,,,0.00762,0.00012,-0.00051,0,,,,,,,,,,,,,,,,,,,,,,,,,5789,79.58,-94.94,0,1.02,0.2,-0.09,0,1.02,0.06,-0.05,0,0.07,0.153,-0.158,0,[Fe/H],,,,,4.43,0.06,-0.15,0,4.17,2.85,-2.38,0,,,,,,,,,,,,,,,,,567.187,,,,,
Kepler-1638 b,Kepler-1638,b,1,1,1,Transit,0,259.33683,0.01303,-0.01303,0,,,,,1.87,0.33,-0.22,0,0.167,0.029,-0.02,0,,,,,,,,,,,,,,,,,,,,,,,,,,,,,,,,,,,,,,,,,,,,,,,,,,,,,,,,,,,,,15.979,0.993,-0.993,0,,,,,0.0183,0.00039,-0.00156,0,,,,,,,,,,,,,,,,,,,,,,,,,5710,96.7,-111.43,0,0.95,0.17,-0.08,0,0.97,0.05,-0.06,0,-0.01,0.141,-0.188,0,[Fe/H],,,,,4.47,0.06,-0.14,0,4.37,4.19,-2.59,0,,,,,,,,,,,,,,,,,1525.52,50.91,-47.78,0.626933,0.0210332,-0.0210332
Kepler-1639 b,Kepler-1639,b,1,1,1,Transit,0,9.878482,0.002171,-0.002171,0,,,,,2.58,0.79,-0.34,0,0.23,0.07,-0.03,0,,,,,,,,,,,,,,,,,,,,,,,,,,,,,,,,,,,,,,,,,,,,,,,,,,,,,,,,,,,,,3.081,0.327,-0.327,0,,,,,0.02003,0.00179,-0.00116,0,,,,,,,,,,,,,,,,,,,,,,,,,6150,91.49,-82.94,0,1.18,0.34,-0.14,0,1.12,0.11,-0.08,0,-0.03,0.136,-0.184,0,[Fe/H],,,,,4.34,0.09,-0.18,0,3.16,1.21,-1.44,0,,,,,,,,,,,,,,,,,1031.31,19.55,-18.85,0.940878,0.0179161,-0.0179161
Kepler-1640 b,Kepler-1640,b,1,1,1,Transit,0,7.5844126,0.0003866,-0.0003866,0,,,,,4.82,2.48,-0.8,0,0.43,0.221,-0.071,0,,,,,,,,,,,,,,,,,,,,,,,,,,,,,,,,,,,,,,,,,,,,,,,,,,,,,,,,,,,,,3.81,0.159,-0.159,0,,,,,0.03087,0.00012,-0.00239,0,,,,,,,,,,,,,,,,,,,,,,,,,6324,102.05,-142.31,0,1.43,0.65,-0.21,0,1.27,0.21,-0.1,0,0.1,0.152,-0.132,0,[Fe/H],,,,,4.23,0.12,-0.26,0,2.4,0.734,-0.751,0,,,,,,,,,,,,,,,,,1859.78,,,,,
Kepler-1643 b,Kepler-1643,b,1,1,1,Transit,0,5.34264507,2.177E-05,-2.177E-05,0,,,,,2.3,0.25,-0.15,0,0.205,0.022,-0.013,0,,,,,,,,,,,,,,,,,,,,,,,,,,,,,,,,,,,,,,,,,,,,,,,,,,,,,,,,,,,,,2.401,0.102,-0.102,0,,,,,0.0236,0.0011,-0.00083,0,,,,,,,,,,,,,,,,,,,,,,,,,5508,58.66,-48.8,0,0.88,0.09,-0.05,0,0.92,0.04,-0.05,0,-0.01,0.137,-0.171,0,[Fe/H],,,,,4.52,0.04,-0.1,0,3.89,5.68,-2.32,0,,,,,,,,,,,,,,,,,341.774,2.593,-2.554,2.8972,0.0218635,-0.0218635
Kepler-1644 b,Kepler-1644,b,1,1,1,Transit,0,21.0907758,0.0001114,-0.0001114,0,,,,,1.88,0.52,-0.16,0,0.168,0.046,-0.014,0,,,,,,,,,,,,,,,,,,,,,,,,,,,,,,,,,,,,,,,,,,,,,,,,,,,,,,,,,,,,,4.629,0.142,-0.142,0,,,,,0.02013,0.00519,-0.00095,0,,,,,,,,,,,,,,,,,,,,,,,,,5499,66.43,-63.1,0,0.86,0.09,-0.06,0,0.89,0.05,-0.05,0,-0.1,0.167,-0.177,0,[Fe/H],,,,,4.53,0.04,-0.1,0,4.27,5.87,-2.61,0,,,,,,,,,,,,,,,,,629.27,,,,,
Kepler-1645 b,Kepler-1645,b,1,1,1,Transit,0,16.1779561,0.0001069,-0.0001069,0,,,,,1.78,0.43,-0.2,0,0.159,0.038,-0.018,0,,,,,,,,,,,,,,,,,,,,,,,,,,,,,,,,,,,,,,,,,,,,,,,,,,,,,,,,,,,,,5.269,0.167,-0.167,0,,,,,0.01619,0.00034,-0.00091,0,,,,,,,,,,,,,,,,,,,,,,,,,5812,119.73,-151.42,0,1.02,0.24,-0.1,0,1.02,0.06,-0.06,0,0.04,0.138,-0.158,0,[Fe/H],,,,,4.43,0.07,-0.17,0,4.17,3.06,-2.43,0,,,,,,,,,,,,,,,,,1202.47,29.92,-28.54,0.803145,0.0200529,-0.0200529
Kepler-1646 b,Kepler-1646,b,1,1,1,Transit,0,4.48558383,1.05E-05,-1.05E-05,0,,,,,1.23,0.28,-0.24,0,0.11,0.025,-0.021,0,,,,,,,,,,,,,,,,,,,,,,,,,,,,,,,,,,,,,,,,,,,,,,,,,,,,,,,,,,,,,0.8208,0.0945,-0.0945,0,,,,,0.04439,0.00411,-0.00165,0,,,,,,,,,,,,,,,,,,,,,,,,,3299,36.22,-41.07,0,0.26,0.05,-0.05,0,0.24,0.06,-0.06,0,0.04,0.127,-0.131,0,[Fe/H],,,,,5.01,0.07,-0.07,0,4.68,5.89,-2.87,0,,,,,,,,,,,,,,,,,127.591,0.621,-0.614,7.80885,0.0376299,-0.0376299
Kepler-1650 b,Kepler-1650,b,1,1,1,Transit,0,1.53818001,1.55E-06,-1.54E-06,0,,,,,0.96,0.11,-0.1,0,0.086,0.01,-0.009,0,,,,,,,,,,,,,,,,,,,,,,,,,,,,,,,,,,,,,0.01,0.15,-0.01,0,,,,,,,,,,,,,0.31,0.28,-0.21,0,,,,,,,,,,,,,0.02625,0.00094,-0.00053,0,,,,,,,,,,,,,,,,,,,,,,,,,3410,56,-46,0,0.33,0.04,-0.03,0,0.33,0.05,-0.04,0,-0.11,,,0,[Fe/H],-1.871,0.123,-0.107,0,,,,,,,,,8.73,1.67,-1.57,0,,,,,,,,,,,,,134.397,0.725,-0.717,7.41203,0.0396361,-0.0396361
Kepler-1652 b,Kepler-1652,b,1,1,1,Transit,0,38.09722,0.00021,-0.00021,0,0.1654,0.0042,-0.0075,0,1.6,0.18,-0.18,0,0.143,0.016,-0.016,0,,,,,,,,,,,,,,,,,,,,,,,,,,,,,,,,,,,,,,,,,0.81,0.16,-0.13,0,268,27,-20,0,89.993,0.004,-0.143,0,0.011,0.233,-0.011,0,0.0977,0.0063,-0.0063,0,3.24,0.12,-0.12,0,91,3.3,-3.5,0,0.0387,0.0016,-0.0018,0,,,,,,,,,,,,,,,,,,,,,,,,,3638,51,-51,0,0.38,0.04,-0.04,0,0.4,0.04,-0.05,0,-0.3,0.12,-0.12,0,[Fe/H],-1.638,0.093,-0.122,0,4.88,0.05,-0.04,0,3.2,0.7,-0.8,0,7.05,1.9,-0.98,0,,,,,31.18,1.56,-1.56,0,,,,,,,,,,
Kepler-1653 b,Kepler-1653,b,1,1,1,Transit,0,140.2524,0.003,-0.003,0,0.4706,0.0098,-0.0041,0,2.17,0.16,-0.23,0,0.194,0.014,-0.021,0,,,,,,,,,,,,,,,,,,,,,,,,,,,,,,,,,,,,,,,,,0.98,0.18,-0.1,0,284,25,-21,0,89.788,0.01,-0.053,0,0.52,0.13,-0.17,0,0.0665,0.008,-0.008,0,6.6,0.52,-0.52,0,146.7,4.2,-3.2,0,0.0286,0.0019,-0.0027,0,,,,,,,,,,,,,,,,,,,,,,,,,4807,100,-100,0,0.69,0.03,-0.02,0,0.72,0.04,-0.03,0,-0.18,0.1,-0.1,0,[Fe/H],-0.636,0.071,-0.066,0,4.62,0.02,-0.03,0,7.7,3.6,-4.6,0,2.16,0.18,-0.2,0,,,,,,,,,,,,,,,,,,
Kepler-1654 b,Kepler-1654,b,1,1,1,Transit,0,1047.8356,0.0018,-0.0019,0,2.026,0.037,-0.035,0,9.18,0.213,-0.191,0,0.819,0.019,-0.017,0,158.915,,,1,0.5,,,1,,,,,,,,,,,,,,,,,158.915,,,1,0.5,,,1,1.2,,,1,0.26,0.21,-0.11,0,0.3,0.02,-0.02,0,206,4,-4,0,89.982,0.012,-0.017,0,0.114,0.11,-0.079,0,0.5096,0.0047,-0.0045,0,22.992,0.084,-0.0936,0,370.3,2.2,-4.7,0,0.07138,0.00033,-0.00032,0,,,,,,,,,81,73,-71,0,2.7,3.2,-3.3,0,,,,,,,,,5597,95,-93,0,1.18,0.03,-0.02,0,1.01,0.06,-0.05,0,-0.088,0.097,-0.095,0,[Fe/H],0.09,0.04,-0.041,0,4.3,0.01,-0.01,0,5,,,-1,0.876,0.015,-0.033,0,2,,,1,,,,,,,,,568.117,3.878,-3.828,1.73131,0.0118485,-0.0118485
Kepler-1655 b,Kepler-1655,b,1,1,1,Transit,0,11.8728787,8.5E-06,-8.5E-06,0,0.103,0.001,-0.001,0,2.213,0.082,-0.082,0,0.197,0.007,-0.007,0,5,3.1,-2.8,0,0.01573,0.00975,-0.00881,0,,,,,,,,,,,,,,,,,5,3.1,-2.8,0,0.01573,0.00975,-0.00881,0,2.5,1.6,-1.4,0,,,,,155,7,-7,0,,,,,87.62,0.55,-0.55,0,0.85,0.13,-0.13,0,,,,,,,,,20.5,4.1,-4.1,0,0.01965,0.00069,-0.00069,0,,,,,,,,,-71,92,-92,0,1.47,0.88,-0.8,0,,,,,,,,,6148,71,-71,0,1.03,0.02,-0.02,0,1.03,0.04,-0.04,0,-0.24,0.05,-0.05,0,[Fe/H],,,,,4.36,0.1,-0.1,0,2.56,1.06,-1.06,0,1.3,0.06,-0.06,0,3.5,0.5,-0.5,0,13.6,1.4,-1.4,0,,,,,213.26,0.991,-0.982,4.66028,0.0215272,-0.0215272
Kepler-1656 b,Kepler-1656,b,1,1,1,Transit,0,31.578659,,,0,0.197,0.021,-0.021,0,5.02,0.53,-0.53,0,0.448,0.047,-0.047,0,48.6,4.2,-3.8,0,0.15291,0.01321,-0.01196,0,,,,,,,,,,,,,,,,,48.6,4.2,-3.8,0,0.15291,0.01321,-0.01196,0,2.13,0.87,-0.57,0,0.836,0.013,-0.012,0,,,,,651,51,-47,0,89.31,0.47,-0.51,0,0.083,0.065,-0.057,0,,,,,,,,,38.7,0.65,-0.63,0,0.04191,7E-05,-6E-05,0,,,,,,,,,53.9,6.7,-6.4,0,17.6,2.1,-1.7,0,,,,,,,,,5731,60,-60,0,1.1,0.13,-0.13,0,1.03,0.04,-0.04,0,0.19,0.04,-0.04,0,[Fe/H],,,,,4.37,0.1,-0.1,0,6.31,2.1,-2.9,0,,,,,2.8,1,-1,0,,,,,,,,,185.875,0.835,-0.827,5.35115,0.0238717,-0.0238717
Kepler-1658 b,Kepler-1658,b,1,1,1,Transit,0,3.84937278,8E-07,-8E-07,0,0.0544,0.0007,-0.0007,0,11.994,0.56,-0.56,0,1.07,0.05,-0.05,0,1868.8404,149.3801,-146.2018,0,5.88,0.47,-0.46,0,,,,,,,,,,,,,,,,,1868.8404,149.3801,-146.2018,0,5.88,0.47,-0.46,0,6.36,1.07,-0.91,0,0.0628,0.0197,-0.0185,0,,,,,,,,,76.52,0.58,-0.59,0,0.9471,0.0025,-0.0032,0,,,,,2.6,,,0,4.04,0.18,-0.17,0,0.0369,0.0008,-0.0007,0,0.006213,0.000371,-0.000375,0,,,,,-7.73,1.93,-3.37,0,580.83,43.13,-42.94,0,,,,,,,,,6216,78,-78,0,2.89,0.13,-0.11,0,1.45,0.06,-0.06,0,-0.18,0.1,-0.1,0,[m/H],,,,,3.67,0.03,-0.03,0,,,,,0.113,0.0063,-0.006,0,33.95,0.97,-0.97,0,,,,,,,,,788.238,17.434,-16.707,1.24059,0.0272507,-0.0272507
Kepler-1663 b,Kepler-1663,b,1,1,1,Transit,0,17.6046,,,0,,,,,3.304,,,0,0.295,,,0,,,,,,,,,,,,,,,,,,,,,,,,,,,,,,,,,,,,,,,,,,,,,,,,,,,,,,,,,,,,,,,,,,,,,,,,,,,,,,,,,,,,,,,,,,,,,,,,,3844,157,-157,0,0.63,0.02,-0.02,0,0.61,0.02,-0.02,0,,,,,,-1.109,0.089,-0.112,0,4.63,0.01,-0.01,0,,,,,3.4672,0.2054,-0.2054,0,,,,,,,,,,,,,337.926,3.407,-3.407,2.9307,0.0296083,-0.0296083
Kepler-1664 b,Kepler-1664,b,1,1,1,Transit,0,14.3868,,,0,,,,,3.033,,,0,0.271,,,0,,,,,,,,,,,,,,,,,,,,,,,,,,,,,,,,,,,,,,,,,,,,,,,,,,,,,,,,,,,,,,,,,,,,,,,,,,,,,,,,,,,,,,,,,,,,,,,,,5735.81,24.04,-24.04,0,,,,,,,,,0.37,0.022,-0.022,0,[M/H],,,,,,,,,,,,,,,,,,,,,,,,,,,,,626.691,,,,,
Kepler-1665 b,Kepler-1665,b,1,1,1,Transit,0,11.9548,,,0,,,,,2.839,,,0,0.253,,,0,,,,,,,,,,,,,,,,,,,,,,,,,,,,,,,,,,,,,,,,,,,,,,,,,,,,,,,,,,,,,,,,,,,,,,,,,,,,,,,,,,,,,,,,,,,,,,,,,5049.84,27.73,-27.73,0,0.78,,,0,0.84,,,0,-0.013,0.026,-0.026,0,[M/H],-0.45,,,0,4.58,,,0,,,,,2.5229,,,0,,,,,,,,,,,,,335.515,1.5665,-1.5665,2.9516,0.0138107,-0.0138107
Kepler-1667 b,Kepler-1667,b,1,1,1,Transit,0,83.5781,,,0,,,,,2.984,,,0,0.266,,,0,,,,,,,,,,,,,,,,,,,,,,,,,,,,,,,,,,,,,,,,,,,,,,,,,,,,,,,,,,,,,,,,,,,,,,,,,,,,,,,,,,,,,,,,,,,,,,,,,5941.54,26.58,-26.58,0,1.09,,,0,1.09,,,0,-0.26,0.025,-0.025,0,[M/H],0.123,,,0,4.4,,,0,,,,,1.1948,,,0,,,,,,,,,,,,,626.819,6.1205,-6.1205,1.56654,0.0154593,-0.0154593
Kepler-1668 b,Kepler-1668,b,1,1,1,Transit,0,15.434,,,0,,,,,4.348,,,0,0.388,,,0,,,,,,,,,,,,,,,,,,,,,,,,,,,,,,,,,,,,,,,,,,,,,,,,,,,,,,,,,,,,,,,,,,,,,,,,,,,,,,,,,,,,,,,,,,,,,,,,,5542,123,-123,0,1.02,,,0,0.98,,,0,,,,,,-0.056,,,0,4.41,,,0,,,,,1.312,,,0,,,,,,,,,,,,,1335.64,63.84,-58.36,0.721399,0.0339212,-0.0339212
Kepler-1669 b,Kepler-1669,b,1,1,1,Transit,0,9.51216,,,0,,,,,2.78,,,0,0.248,,,0,,,,,,,,,,,,,,,,,,,,,,,,,,,,,,,,,,,,,,,,,,,,,,,,,,,,,,,,,,,,,,,,,,,,,,,,,,,,,,,,,,,,,,,,,,,,,,,,,4303,122,-122,0,0.71,,,0,0.67,,,0,,,,,,-0.803,,,0,4.56,,,0,,,,,2.5935,,,0,,,,,,,,,,,,,543.444,10.777,-10.373,1.81232,0.0355176,-0.0355176
Kepler-1670 b,Kepler-1670,b,1,1,1,Transit,0,20.4998,,,0,,,,,3.356,,,0,0.299,,,0,,,,,,,,,,,,,,,,,,,,,,,,,,,,,,,,,,,,,,,,,,,,,,,,,,,,,,,,,,,,,,,,,,,,,,,,,,,,,,,,,,,,,,,,,,,,,,,,,5838,122,-122,0,1.52,,,0,1.05,,,0,,,,,,0.383,,,0,4.1,,,0,,,,,0.4225,,,0,,,,,,,,,,,,,2065.98,117.37,-105.64,0.454875,0.0255209,-0.0255209
Kepler-1671 b,Kepler-1671,b,1,1,1,Transit,0,4.16787,,,0,,,,,1.326,,,0,0.118,,,0,,,,,,,,,,,,,,,,,,,,,,,,,,,,,,,,,,,,,,,,,,,,,,,,,,,,,,,,,,,,,,,,,,,,,,,,,,,,,,,,,,,,,,,,,,,,,,,,,5135.55,121.59,-130.34,0,0.93,0.06,-0.06,0,0.87,0.13,-0.09,0,0.25,0.013,-0.013,0,[M/H],-0.266,0.012,-0.017,0,4.44,0.1,-0.08,0,,,,,1.519,0.3798,-0.3944,0,,,,,,,,,,,,,357.059,2.168,-2.143,2.77183,0.016781,-0.016781
Kepler-1672 b,Kepler-1672,b,1,1,1,Transit,0,150.878,,,0,,,,,2.97,,,0,0.265,,,0,,,,,,,,,,,,,,,,,,,,,,,,,,,,,,,,,,,,,,,,,,,,,,,,,,,,,,,,,,,,,,,,,,,,,,,,,,,,,,,,,,,,,,,,,,,,,,,,,6131.95,129.6,-113.8,0,1.09,0.05,-0.06,0,1.16,0.19,-0.13,0,-0.25,0.047,-0.047,0,[M/H],0.179,0.027,-0.019,0,4.43,0.09,-0.08,0,,,,,1.2684,0.3734,-0.2101,0,,,,,,,,,,,,,391.181,4.512,-4.411,2.52796,0.0289305,-0.0289305
Kepler-1673 b,Kepler-1673,b,1,1,1,Transit,0,33.7888,,,0,,,,,2.936,,,0,0.262,,,0,,,,,,,,,,,,,,,,,,,,,,,,,,,,,,,,,,,,,,,,,,,,,,,,,,,,,,,,,,,,,,,,,,,,,,,,,,,,,,,,,,,,,,,,,,,,,,,,,6014.95,28.29,-28.29,0,1.13,,,0,1.11,,,0,0.228,0.026,-0.026,0,[M/H],0.179,,,0,4.38,,,0,,,,,1.0798,,,0,,,,,,,,,,,,,727.187,6.8485,-6.8485,1.34629,0.012853,-0.012853
Kepler-1674 b,Kepler-1674,b,1,1,1,Transit,0,62.5611,,,0,,,,,3.206,,,0,0.286,,,0,,,,,,,,,,,,,,,,,,,,,,,,,,,,,,,,,,,,,,,,,,,,,,,,,,,,,,,,,,,,,,,,,,,,,,,,,,,,,,,,,,,,,,,,,,,,,,,,,5473.91,132.7,-132.7,0,0.88,,,0,0.96,,,0,0.056,0.014,-0.014,0,[M/H],-0.206,,,0,4.53,,,0,,,,,2.0046,,,0,,,,,,,,,,,,,1012.48,28.889,-28.889,0.959626,0.0279448,-0.0279448
Kepler-1675 b,Kepler-1675,b,1,1,1,Transit,0,63.0382,,,0,,,,,3.125,,,0,0.279,,,0,,,,,,,,,,,,,,,,,,,,,,,,,,,,,,,,,,,,,,,,,,,,,,,,,,,,,,,,,,,,,,,,,,,,,,,,,,,,,,,,,,,,,,,,,,,,,,,,,5853.19,19.54,-19.54,0,1.13,,,0,1.06,,,0,0.254,0.018,-0.018,0,[M/H],0.129,,,0,4.36,,,0,,,,,1.0394,,,0,,,,,,,,,,,,,651.117,5.841,-5.841,1.50698,0.0136734,-0.0136734
Kepler-1676 b,Kepler-1676,b,1,1,1,Transit,0,29.9221,,,0,,,,,3.377,,,0,0.301,,,0,,,,,,,,,,,,,,,,,,,,,,,,,,,,,,,,,,,,,,,,,,,,,,,,,,,,,,,,,,,,,,,,,,,,,,,,,,,,,,,,,,,,,,,,,,,,,,,,,5878.3,19.3,-19.3,0,1.06,0.05,-0.05,0,,,,,0.135,0.018,-0.018,0,[M/H],,,,,,,,,,,,,,,,,,,,,,,,,,,,,,,,,,
Kepler-1677 b,Kepler-1677,b,1,1,1,Transit,0,22.064,,,0,,,,,2.702,,,0,0.241,,,0,,,,,,,,,,,,,,,,,,,,,,,,,,,,,,,,,,,,,,,,,,,,,,,,,,,,,,,,,,,,,,,,,,,,,,,,,,,,,,,,,,,,,,,,,,,,,,,,,6013.72,33.11,-33.11,0,1.25,,,0,1.11,,,0,0.108,0.031,-0.031,0,[M/H],0.265,,,0,4.29,,,0,,,,,0.802,,,0,,,,,,,,,,,,,735.369,8.6405,-8.6405,1.33114,0.0158556,-0.0158556
Kepler-1678 b,Kepler-1678,b,1,1,1,Transit,0,147.974,,,0,,,,,3.304,,,0,0.295,,,0,,,,,,,,,,,,,,,,,,,,,,,,,,,,,,,,,,,,,,,,,,,,,,,,,,,,,,,,,,,,,,,,,,,,,,,,,,,,,,,,,,,,,,,,,,,,,,,,,5754,123,-123,0,0.83,,,0,1.03,,,0,,,,,,-0.162,,,0,4.61,,,0,,,,,2.4945,,,0,,,,,,,,,,,,,847.339,20.786,-19.83,1.15215,0.0280516,-0.0280516
Kepler-1679 b,Kepler-1679,b,1,1,1,Transit,0,9.75376,,,0,,,,,2.069,,,0,0.185,,,0,,,,,,,,,,,,,,,,,,,,,,,,,,,,,,,,,,,,,,,,,,,,,,,,,,,,,,,,,,,,,,,,,,,,,,,,,,,,,,,,,,,,,,,,,,,,,,,,,5501,122,-122,0,0.87,,,0,0.96,,,0,,,,,,-0.201,,,0,4.54,,,0,,,,,2.0328,,,0,,,,,,,,,,,,,909.28,34.628,-32.219,1.07224,0.0400728,-0.0400728
Kepler-1680 b,Kepler-1680,b,1,1,1,Transit,0,8.77424,,,0,,,,,1.36,,,0,0.121,,,0,,,,,,,,,,,,,,,,,,,,,,,,,,,,,,,,,,,,,,,,,,,,,,,,,,,,,,,,,,,,,,,,,,,,,,,,,,,,,,,,,,,,,,,,,,,,,,,,,5021,122,-122,0,0.72,,,0,0.83,,,0,,,,,,-0.524,,,0,4.64,,,0,,,,,3.1078,,,0,,,,,,,,,,,,,310.315,1.55,-1.535,3.19368,0.0158978,-0.0158978
Kepler-1681 b,Kepler-1681,b,1,1,1,Transit,0,69.8956,,,0,,,,,2.553,,,0,0.228,,,0,,,,,,,,,,,,,,,,,,,,,,,,,,,,,,,,,,,,,,,,,,,,,,,,,,,,,,,,,,,,,,,,,,,,,,,,,,,,,,,,,,,,,,,,,,,,,,,,,5756.4,67.99,-67.99,0,,,,,,,,,0.106,0.065,-0.065,0,[M/H],,,,,,,,,,,,,,,,,,,,,,,,,,,,,758.3,,,,,
Kepler-1682 b,Kepler-1682,b,1,1,1,Transit,0,14.8334,,,0,,,,,2.889,,,0,0.258,,,0,,,,,,,,,,,,,,,,,,,,,,,,,,,,,,,,,,,,,,,,,,,,,,,,,,,,,,,,,,,,,,,,,,,,,,,,,,,,,,,,,,,,,,,,,,,,,,,,,5619.12,224.88,-224.88,0,0.84,,,0,0.99,,,0,-0.048,0.211,-0.211,0,[M/H],-0.196,,,0,4.58,,,0,,,,,2.3356,,,0,,,,,,,,,,,,,1159.85,46.04,-46.04,0.834984,0.0338978,-0.0338978
Kepler-1683 b,Kepler-1683,b,1,1,1,Transit,0,15.0337,,,0,,,,,1.875,,,0,0.167,,,0,,,,,,,,,,,,,,,,,,,,,,,,,,,,,,,,,,,,,,,,,,,,,,,,,,,,,,,,,,,,,,,,,,,,,,,,,,,,,,,,,,,,,,,,,,,,,,,,,5429,122,-122,0,0.9,,,0,0.95,,,0,,,,,,-0.198,,,0,4.51,,,0,,,,,1.8352,,,0,,,,,,,,,,,,,733.143,14.14,-13.624,1.33575,0.0256203,-0.0256203
Kepler-1684 b,Kepler-1684,b,1,1,1,Transit,0,47.7055,,,0,,,,,2.871,,,0,0.256,,,0,,,,,,,,,,,,,,,,,,,,,,,,,,,,,,,,,,,,,,,,,,,,,,,,,,,,,,,,,,,,,,,,,,,,,,,,,,,,,,,,,,,,,,,,,,,,,,,,,4706.54,101.16,-101.16,0,0.67,,,0,0.75,,,0,0.127,0.014,-0.014,0,[M/H],-0.707,,,0,4.67,,,0,,,,,3.5672,,,0,,,,,,,,,,,,,621.996,12.5555,-12.5555,1.57966,0.0321935,-0.0321935
Kepler-1685 b,Kepler-1685,b,1,1,1,Transit,0,20.4905,,,0,,,,,2.577,,,0,0.23,,,0,,,,,,,,,,,,,,,,,,,,,,,,,,,,,,,,,,,,,,,,,,,,,,,,,,,,,,,,,,,,,,,,,,,,,,,,,,,,,,,,,,,,,,,,,,,,,,,,,5484,123,-123,0,0.84,,,0,0.96,,,0,,,,,,-0.245,,,0,4.58,,,0,,,,,2.321,,,0,,,,,,,,,,,,,1141.89,44.55,-41.37,0.848296,0.0326433,-0.0326433
Kepler-1686 b,Kepler-1686,b,1,1,1,Transit,0,9.30987,,,0,,,,,1.426,,,0,0.127,,,0,,,,,,,,,,,,,,,,,,,,,,,,,,,,,,,,,,,,,,,,,,,,,,,,,,,,,,,,,,,,,,,,,,,,,,,,,,,,,,,,,,,,,,,,,,,,,,,,,5714.96,119.69,-119.69,0,1.2,,,0,1.02,,,0,0.077,0.012,-0.012,0,[M/H],0.141,,,0,4.29,,,0,,,,,0.8332,,,0,,,,,,,,,,,,,729.823,7.53,-7.53,1.34139,0.0140302,-0.0140302
Kepler-1687 b,Kepler-1687,b,1,1,1,Transit,0,5.77954,,,0,,,,,1.656,,,0,0.148,,,0,,,,,,,,,,,,,,,,,,,,,,,,,,,,,,,,,,,,,,,,,,,,,,,,,,,,,,,,,,,,,,,,,,,,,,,,,,,,,,,,,,,,,,,,,,,,,,,,,4132,122,-122,0,0.73,,,0,0.65,,,0,,,,,,-0.859,,,0,4.53,,,0,,,,,2.3936,,,0,,,,,,,,,,,,,417.014,5.407,-5.273,2.36958,0.030471,-0.030471
Kepler-1688 b,Kepler-1688,b,1,1,1,Transit,0,5.62012,,,0,,,,,1.262,,,0,0.113,,,0,,,,,,,,,,,,,,,,,,,,,,,,,,,,,,,,,,,,,,,,,,,,,,,,,,,,,,,,,,,,,,,,,,,,,,,,,,,,,,,,,,,,,,,,,,,,,,,,,4632.11,44.21,-44.21,0,,,,,,,,,-0.046,0.042,-0.042,0,[M/H],,,,,,,,,,,,,,,,,,,,,,,,,,,,,,,,,,
Kepler-1689 b,Kepler-1689,b,1,1,1,Transit,0,8.483,,,0,,,,,0.947,,,0,0.084,,,0,,,,,,,,,,,,,,,,,,,,,,,,,,,,,,,,,,,,,,,,,,,,,,,,,,,,,,,,,,,,,,,,,,,,,,,,,,,,,,,,,,,,,,,,,,,,,,,,,5731.43,120.33,-132.73,0,1,0.05,-0.04,0,1.02,0.08,-0.17,0,-0.146,0.009,-0.009,0,[M/H],-0.016,0.012,-0.012,0,4.45,0.08,-0.08,0,,,,,1.4588,0.3559,-0.2768,0,,,,,,,,,,,,,294.122,1.753,-1.731,3.37116,0.0199863,-0.0199863
Kepler-1690 b,Kepler-1690,b,1,1,1,Transit,0,234.636,,,0,,,,,2.811,,,0,0.251,,,0,,,,,,,,,,,,,,,,,,,,,,,,,,,,,,,,,,,,,,,,,,,,,,,,,,,,,,,,,,,,,,,,,,,,,,,,,,,,,,,,,,,,,,,,,,,,,,,,,5404,122,-122,0,0.86,,,0,0.94,,,0,,,,,,-0.243,,,0,4.54,,,0,,,,,2.0666,,,0,,,,,,,,,,,,,703.789,9.481,-9.236,1.39218,0.0187497,-0.0187497
Kepler-1691 b,Kepler-1691,b,1,1,1,Transit,0,3.8482,,,0,,,,,1.835,,,0,0.164,,,0,,,,,,,,,,,,,,,,,,,,,,,,,,,,,,,,,,,,,,,,,,,,,,,,,,,,,,,,,,,,,,,,,,,,,,,,,,,,,,,,,,,,,,,,,,,,,,,,,6000,122,-122,0,1.13,,,0,1.11,,,0,,,,,,0.175,,,0,4.38,,,0,,,,,1.0802,,,0,,,,,,,,,,,,,1267.67,32.62,-31.06,0.760108,0.0196589,-0.0196589
Kepler-1692 b,Kepler-1692,b,1,1,1,Transit,0,5.95966,,,0,,,,,1.112,,,0,0.099,,,0,,,,,,,,,,,,,,,,,,,,,,,,,,,,,,,,,,,,,,,,,,,,,,,,,,,,,,,,,,,,,,,,,,,,,,,,,,,,,,,,,,,,,,,,,,,,,,,,,5146,122,-122,0,0.87,,,0,0.87,,,0,,,,,,-0.324,,,0,4.5,,,0,,,,,1.8877,,,0,,,,,,,,,,,,,591.019,6.926,-6.77,1.66328,0.019456,-0.019456
Kepler-1693 b,Kepler-1693,b,1,1,1,Transit,0,12.0999,,,0,,,,,1.289,,,0,0.115,,,0,,,,,,,,,,,,,,,,,,,,,,,,,,,,,,,,,,,,,,,,,,,,,,,,,,,,,,,,,,,,,,,,,,,,,,,,,,,,,,,,,,,,,,,,,,,,,,,,,5432.34,44.83,-44.83,0,0.88,,,0,0.95,,,0,0.026,0.043,-0.043,0,[M/H],-0.218,,,0,4.53,,,0,,,,,1.9768,,,0,,,,,,,,,,,,,760.065,13.5015,-13.5015,1.28713,0.0231895,-0.0231895
Kepler-1694 b,Kepler-1694,b,1,1,1,Transit,0,3.89526,,,0,,,,,1.18,,,0,0.105,,,0,,,,,,,,,,,,,,,,,,,,,,,,,,,,,,,,,,,,,,,,,,,,,,,,,,,,,,,,,,,,,,,,,,,,,,,,,,,,,,,,,,,,,,,,,,,,,,,,,4954,122,-122,0,0.76,,,0,0.82,,,0,,,,,,-0.508,,,0,4.59,,,0,,,,,2.6725,,,0,,,,,,,,,,,,,513.329,4.988,-4.896,1.91937,0.0186122,-0.0186122
Kepler-1695 b,Kepler-1695,b,1,1,1,Transit,0,4.7329,,,0,,,,,1.119,,,0,0.1,,,0,,,,,,,,,,,,,,,,,,,,,,,,,,,,,,,,,,,,,,,,,,,,,,,,,,,,,,,,,,,,,,,,,,,,,,,,,,,,,,,,,,,,,,,,,,,,,,,,,5473.19,123.22,-123.22,0,0.99,,,0,0.96,,,0,-0.035,0.013,-0.013,0,[M/H],-0.104,,,0,4.43,,,0,,,,,1.407,,,0,,,,,,,,,,,,,791.175,12.3105,-12.3105,1.23532,0.0195146,-0.0195146
Kepler-1696 b,Kepler-1696,b,1,1,1,Transit,0,65.9409,,,0,,,,,2.81,,,0,0.251,,,0,,,,,,,,,,,,,,,,,,,,,,,,,,,,,,,,,,,,,,,,,,,,,,,,,,,,,,,,,,,,,,,,,,,,,,,,,,,,,,,,,,,,,,,,,,,,,,,,,5712,122,-122,0,1.2,,,0,1.02,,,0,,,,,,0.139,,,0,4.29,,,0,,,,,0.8361,,,0,,,,,,,,,,,,,1506.36,71.83,-65.68,0.6364,0.0300068,-0.0300068
Kepler-1697 b,Kepler-1697,b,1,1,1,Transit,0,33.4969,,,0,,,,,1.26,,,0,0.112,,,0,,,,,,,,,,,,,,,,,,,,,,,,,,,,,,,,,,,,,,,,,,,,,,,,,,,,,,,,,,,,,,,,,,,,,,,,,,,,,,,,,,,,,,,,,,,,,,,,,4681.53,150.05,-129.91,0,0.77,0.06,-0.07,0,0.75,0.1,-0.09,0,0.034,0.032,-0.032,0,[M/H],-0.588,0.019,-0.023,0,4.54,0.12,-0.09,0,,,,,2.2859,0.8732,-0.5094,0,,,,,,,,,,,,,247.771,0.803,-0.797,4.00705,0.0129326,-0.0129326
Kepler-1698 b,Kepler-1698,b,1,1,1,Transit,0,1.2107,,,0,,,,,1.073,,,0,0.096,,,0,,,,,,,,,,,,,,,,,,,,,,,,,,,,,,,,,,,,,,,,,,,,,,,,,,,,,,,,,,,,,,,,,,,,,,,,,,,,,,,,,,,,,,,,,,,,,,,,,4975.03,129.64,-121.74,0,0.74,0.05,-0.05,0,0.82,0.11,-0.08,0,0.08,0.057,-0.057,0,[M/H],-0.518,0.019,-0.015,0,4.61,0.07,-0.1,0,,,,,2.8403,0.7975,-0.6794,0,,,,,,,,,,,,,222.345,1.199,-1.187,4.46876,0.0239474,-0.0239474
Kepler-1699 b,Kepler-1699,b,1,1,1,Transit,0,3.49082,,,0,,,,,1.567,,,0,0.14,,,0,,,,,,,,,,,,,,,,,,,,,,,,,,,,,,,,,,,,,,,,,,,,,,,,,,,,,,,,,,,,,,,,,,,,,,,,,,,,,,,,,,,,,,,,,,,,,,,,,5575.53,31.15,-31.15,0,,,,,,,,,0.225,0.029,-0.029,0,[M/H],,,,,,,,,,,,,,,,,,,,,,,,,,,,,818.759,,,,,
Kepler-17 b,Kepler-17,b,1,1,1,Transit,0,1.4857108,2E-07,-2E-07,0,0.02591,0.00037,-0.00036,0,14.68,0.22,-0.22,0,1.31,0.02,-0.02,0,778.65,34.96,-34.96,0,2.45,0.11,-0.11,0,,,,,,,,,,,,,,,,,778.65,34.96,-34.96,0,2.45,0.11,-0.11,0,1.35,0.08,-0.08,0,0.011,,,1,,,,,1570,200,-200,0,87.2,0.15,-0.15,0,0.268,0.014,-0.012,0,,,,,2.2764,0.00168,-0.00168,0,5.48,0.02,-0.02,0,0.13031,0.00022,-0.00018,0,0.0058,0.001,-0.001,0,,,,,,,,,419.5,13.3,-15.6,0,0,,,0,0,15,-15,0,5781,85,-85,0,1.01,,,0,1.04,,,0,0.26,0.1,-0.1,0,[M/H],0.012,,,0,4.45,,,0,,,,,1.4217,,,0,,,,,,,,,,,,,720.753,10.343,-10.343,1.35886,0.0197566,-0.0197566
Kepler-1700 b,Kepler-1700,b,1,1,1,Transit,0,234.239,,,0,,,,,2.901,,,0,0.259,,,0,,,,,,,,,,,,,,,,,,,,,,,,,,,,,,,,,,,,,,,,,,,,,,,,,,,,,,,,,,,,,,,,,,,,,,,,,,,,,,,,,,,,,,,,,,,,,,,,,6031,122,-122,0,1.09,,,0,1.12,,,0,,,,,,0.154,,,0,4.41,,,0,,,,,1.2069,,,0,,,,,,,,,,,,,717.597,8.675,-8.473,1.36476,0.0165231,-0.0165231
Kepler-1701 b,Kepler-1701,b,1,1,1,Transit,0,169.134,,,0,,,,,2.222,,,0,0.198,,,0,,,,,,,,,,,,,,,,,,,,,,,,,,,,,,,,,,,,,,,,,,,,,,,,,,,,,,,,,,,,,,,,,,,,,,,,,,,,,,,,,,,,,,,,,,,,,,,,,5146,25,-25,0,0.84,,,0,0.87,,,0,0.03,0.1,-0.1,0,[M/H],-0.351,,,0,4.53,,,0,,,,,2.0678,,,0,,,,,,,,,,,,,584.142,6.7525,-6.7525,1.68321,0.0196396,-0.0196396
Kepler-1702 b,Kepler-1702,b,1,1,1,Transit,0,18.5012,,,0,,,,,1.602,,,0,0.143,,,0,,,,,,,,,,,,,,,,,,,,,,,,,,,,,,,,,,,,,,,,,,,,,,,,,,,,,,,,,,,,,,,,,,,,,,,,,,,,,,,,,,,,,,,,,,,,,,,,,5093,122,-122,0,0.73,,,0,0.85,,,0,,,,,,-0.496,,,0,4.65,,,0,,,,,3.135,,,0,,,,,,,,,,,,,857.14,26.059,-24.591,1.13866,0.034186,-0.034186
Kepler-22 b,Kepler-22,b,1,1,1,Transit,0,289.8623,0.0016,-0.002,0,0.849,0.018,-0.017,0,2.38,0.13,-0.13,0,0.212,0.012,-0.012,0,36,,,1,0.113,,,1,,,,,,,,,,,,,,,,,36,,,1,0.113,,,1,14.7,,,1,0,,,0,,,,,262,,,0,89.764,0.025,-0.042,0,0.768,0.132,-0.078,0,,,,,7.415,0.067,-0.078,0,186.4,1.1,-1.6,0,0.0222,0.0012,-0.0011,0,,,,,,,,,,,,,,,,,,,,,,,,,5518,44,-44,0,0.98,0.02,-0.02,0,0.97,0.06,-0.06,0,-0.29,0.06,-0.06,0,[Fe/H],-0.102,0.021,-0.023,0,4.44,0.06,-0.06,0,,,,,1.458,0.03,-0.03,0,0.6,1,-1,0,,,,,,,,,194.642,0.927,-0.918,5.10883,0.024164,-0.024164
Kepler-39 b,Kepler-39,b,1,1,1,Transit,0,21.08721,3.7E-05,-3.7E-05,0,0.164,0.003,-0.003,0,13.9,1.01,-1.12,0,1.24,0.09,-0.1,0,6388.1,413.2,-381.4,0,20.1,1.3,-1.3,0,,,,,,,,,,,,,,,,,6388.1,413.2,-381.4,0,20.1,1.3,-1.3,0,13,3,-2.2,0,0.112,0.057,-0.057,0,,,,,897,29,-29,0,89.07,0.22,-0.22,0,0.36,0.05,-0.08,0,,,,,5.96,0.02,-0.02,0,24.92,1.9,-1.5,0,0.091,0.0006,-0.0008,0,,,,,,,,,99,22,-14,0,1257,64,-64,0,,,,,,,,,6350,100,-100,0,1.4,0.1,-0.1,0,1.29,0.06,-0.07,0,0.1,0.14,-0.14,0,[Fe/H],,,,,4.4,0.15,-0.15,0,2.1,0.8,-0.9,0,0.66,0.15,-0.11,0,16,2.5,-2.5,0,,,,,-0.06,0.04,-0.04,0,1057.41,18.44,-18.44,0.917064,0.0163615,-0.0163615
Kepler-4 b,Kepler-4,b,1,1,1,Transit,0,3.21346,0.00022,-0.00022,0,0.0456,0.0009,-0.0009,0,4.002,0.213,-0.213,0,0.357,0.019,-0.019,0,24.472,3.814,-3.814,0,0.077,0.012,-0.012,0,,,,,,,,,,,,,,,,,24.472,3.814,-3.814,0,0.077,0.012,-0.012,0,1.91,0.36,-0.47,0,0,,,0,,,,,1650,200,-200,0,89.76,0.24,-2.05,0,0.022,0.234,-0.022,0,0.087,,,0,,,,,6.47,0.26,-0.28,0,0.0247,0.00031,-0.0003,0,,,,,,,,,,,,,9.3,1.1,-1.9,0,,,,,,,,,5857,120,-120,0,1.49,0.07,-0.08,0,1.22,0.05,-0.09,0,0.17,0.06,-0.06,0,[Fe/H],0.354,0.111,-0.104,0,4.17,0.04,-0.04,0,4.5,1.5,-1.5,0,,,,,2.2,1,-1,0,,,,,-61,0.1,-0.1,0,487.916,5.898,-5.761,2.02093,0.0242994,-0.0242994
Kepler-40 b,Kepler-40,b,1,1,1,Transit,0,6.87349,0.00064,-0.00064,0,0.08,0.003,-0.003,0,13.11,0.45,-0.45,0,1.17,0.04,-0.04,0,699.2,127.1,-127.1,0,2.2,0.4,-0.4,0,,,,,,,,,,,,,,,,,699.2,127.1,-127.1,0,2.2,0.4,-0.4,0,1.68,0.53,-0.43,0,0,,,0,,,,,1620,30,-30,0,89.7,0.3,-0.1,0,0.045,0.011,-0.037,0,,,,,6.86,0.06,-0.06,0,8.11,0.06,-0.06,0,0.0565,0.0004,-0.0004,0,,,,,,,,,,,,,179,21,-21,0,,,,,,,,,6510,100,-100,0,2.13,0.06,-0.06,0,1.48,0.06,-0.06,0,0.1,0.15,-0.1,0,[Fe/H],,,,,3.94,0.32,-0.32,0,2.8,0.3,-0.3,0,0.213,0.005,-0.005,0,9,2,-2,0,,,,,6.57,0.02,-0.02,0,2305.01,131.34,-118.14,0.405118,0.022914,-0.022914
Kepler-408 b,Kepler-408,b,1,1,1,Transit,0,2.46502,,,0,,,,,0.82,0.03,-0.03,0,0.073,0.003,-0.003,0,5,,,1,0.01573,,,1,,,,,,,,,,,,,,,,,5,,,1,0.01573,,,1,,,,,,,,,,,,,,,,,,,,,0.92,0.01,-0.01,0,,,,,,,,,,,,,0.00614,,,0,,,,,,,,,,,,,,,,,,,,,,,,,6104,74,-74,0,1.23,0.03,-0.03,0,1.08,0.07,-0.07,0,-0.2,0.1,-0.1,0,[Fe/H],,,,,4.29,0.03,-0.03,0,6.68,,,0,0.82,0.01,-0.01,0,3.1,,,0,,,,,,,,,88.7832,0.2629,-0.2614,11.2346,0.0330065,-0.0330065
Kepler-409 b,Kepler-409,b,1,1,1,Transit,0,68.9584,,,0,,,,,1.19,0.03,-0.03,0,0.106,0.003,-0.003,0,22,,,1,0.06922,,,1,,,,,,,,,,,,,,,,,22,,,1,0.06922,,,1,,,,,,,,,,,,,,,,,,,,,0.9,0.01,-0.01,0,,,,,,,,,,,,,0.01222,,,0,,,,,,,,,,,,,,,,,,,,,,,,,5460,75,-75,0,0.89,0.02,-0.02,0,0.92,0.06,-0.06,0,0.08,0.1,-0.1,0,[Fe/H],,,,,4.5,0.03,-0.03,0,6.8,,,0,1.81,0,0,0,2,,,0,,,,,,,,,68.173,0.0996,-0.0993,14.6396,0.0212401,-0.0212401
Kepler-41 b,Kepler-41,b,1,1,1,Transit,0,1.8555582,5.2E-07,-5.2E-07,0,0.03101,0.0004,-0.0004,0,14.46,0.22,-0.22,0,1.29,0.02,-0.02,0,177.98,25.43,-25.43,0,0.56,0.08,-0.08,0,,,,,,,,,,,,,,,,,177.98,25.43,-25.43,0,0.56,0.08,-0.08,0,0.33,0.04,-0.04,0,0,,,0,,,,,1790,31,-31,0,82.51,0.09,-0.09,0,0.672,0.005,-0.005,0,,,,,2.4341,0.0046,-0.0046,0,5.159,0.023,-0.023,0,0.10265,0.00042,-0.00042,0,,,,,,,,,,,,,84,11,-11,0,,,,,,,,,5750,100,-100,0,1.29,0.02,-0.02,0,1.15,0.04,-0.04,0,0.38,0.11,-0.11,0,[Fe/H],,,,,4.28,0.01,-0.01,0,4.4,1.3,-1.1,0,0.754,0.01,-0.01,0,6,2,-2,0,,,,,-27.07,0.01,-0.01,0,1093.08,27,-27,0.886442,0.0224132,-0.0224132
Kepler-412 b,Kepler-412,b,1,1,1,Transit,0,1.7208604,3E-07,-3E-07,0,0.02897,0.00093,-0.00092,0,15.031,0.493,-0.516,0,1.341,0.044,-0.046,0,299.07803,39.72875,-6.03877,0,0.941,0.125,-0.019,0,,,,,,,,,,,,,,,,,299.07803,39.72875,-6.03877,0,0.941,0.125,-0.019,0,0.52,0.13,-0.04,0,,,,,,,,,1850,30,-30,0,80.559,0.084,-0.079,0,0.7942,0.0028,-0.0032,0,,,,,,,,,4.841,0.024,-0.023,0,0.10474,0.00054,-0.00077,0,0.0053,0.0021,-0.0024,0,,,,,,,,,142,11,-11,0,,,,,,,,,5750,90,-90,0,1.29,0.04,-0.04,0,1.17,0.09,-0.09,0,0.27,0.12,-0.12,0,[Fe/H],,,,,4.3,0.07,-0.07,0,,,,,,,,,,,,,,,,,,,,,1086.24,19.16,-19.16,0.891809,0.0161139,-0.0161139
Kepler-418 b,Kepler-418,b,1,1,1,Transit,0,86.67856,7E-05,-7E-05,0,,,,,13.45,1.79,-1.79,0,1.2,0.16,-0.16,0,349.6,,,1,1.1,,,1,,,,,,,,,,,,,,,,,349.6,,,1,1.1,,,1,,,,,0.2,0.11,-0.11,0,,,,,,,,,89.952,0.041,-0.041,0,0.23,,,1,,,,,10.224,0.042,-0.042,0,84.4,9.5,-9.5,0,0.1104,0.0035,-0.0035,0,,,,,,,,,4.35,0.41,-0.41,0,50,,,1,,,,,,,,,5820,100,-100,0,1.09,0.14,-0.14,0,0.98,0.08,-0.08,0,-0.05,0.1,-0.1,0,[M/H],,,,,4.35,0.1,-0.1,0,7,3,-4,0,1.51,0.68,-0.39,0,3.5,1,-1,0,,,,,-18.45,0.01,-0.01,0,1002.53,20.52,-19.718,0.969069,0.0198573,-0.0198573
Kepler-421 b,Kepler-421,b,1,1,1,Transit,0,704.1984,0.0016,-0.0016,0,1.219,0.089,-0.089,0,4.16,0.19,-0.16,0,0.371,0.017,-0.014,0,,,,,,,,,,,,,,,,,,,,,,,,,,,,,,,,,,,,,0.041,0.095,-0.034,0,,,,,185,9,-5,0,89.965,0.024,-0.031,0,0.21,0.17,-0.14,0,,,,,15.79,0.12,-0.1,0,346,16,-29,0,0.05008,0.00081,-0.00081,0,,,,,,,,,160,150,-120,0,,,,,,,,,,,,,5308,50,-50,0,0.76,0.03,-0.03,0,0.79,0.03,-0.03,0,-0.25,0.08,-0.08,0,[Fe/H],-0.398,0.061,-0.071,0,4.61,0.1,-0.1,0,4,0.8,-0.8,0,1.58,0.22,-0.37,0,0,0.5,-0.5,0,,,,,,,,,348.558,2.039,-2.015,2.84011,0.016556,-0.016556
Kepler-422 b,Kepler-422,b,1,1,1,Transit,0,7.8914483,5E-07,-5.1E-07,0,0.082,0.011,-0.01,0,12.89,1.23,-1.23,0,1.15,0.11,-0.11,0,136.66,41.32,-41.32,0,0.43,0.13,-0.13,0,,,,,,,,,,,,,,,,,136.66,41.32,-41.32,0,0.43,0.13,-0.13,0,0.38,0.11,-0.11,0,,,,,,,,,,,,,,,,,0.416,0.045,-0.045,0,,,,,,,,,,,,,0.0957,0.00048,-0.00055,0,,,,,,,,,,,,,40,11,-10,0,,,,,,,,,5972,84,-84,0,1.24,0.12,-0.12,0,1.15,0.06,-0.06,0,0.23,0.09,-0.09,0,[Fe/H],0.24,0.08,-0.1,0,4.31,0.07,-0.07,0,,,,,0.86,0.22,-0.22,0,2.2,1.3,-1.3,0,,,,,,,,,722.795,6.648,-6.529,1.35465,0.0125159,-0.0125159
Kepler-423 b,Kepler-423,b,1,1,1,Transit,0,2.6843285,7E-08,-7E-08,0,0.03585,0.00052,-0.00114,0,13.361,0.583,-0.583,0,1.192,0.052,-0.052,0,189.101,25.743,-25.743,0,0.595,0.081,-0.081,0,,,,,,,,,,,,,,,,,189.101,25.743,-25.743,0,0.595,0.081,-0.081,0,0.459,0.083,-0.083,0,0.019,0.028,-0.014,0,,,,,1605,120,-120,0,87.828,0.126,-0.126,0,0.3006,0.01,-0.01,0,1.5872,0.0062,-0.0062,0,2.722,0.0019,-0.0019,0,8.106,0.117,-0.259,0,0.12599,0.00024,-0.00024,0,,,,,,,,,120.26,77.01,-33.88,0,96.7,11.8,-11.8,0,,,,,,,,,5560,80,-80,0,0.95,0.04,-0.04,0,0.85,0.04,-0.04,0,-0.1,0.05,-0.05,0,[M/H],,,,,4.41,0.04,-0.04,0,11,2,-2,0,1.398,0.096,-0.096,0,2.5,0.5,-0.5,0,,,,,-3.04,0.01,-0.01,0,758.753,12.76,-12.76,1.28941,0.0219914,-0.0219914
Kepler-425 b,Kepler-425,b,1,1,1,Transit,0,3.79701816,1.9E-07,-1.9E-07,0,0.0464,0.0008,-0.0008,0,10.962,0.247,-0.247,0,0.978,0.022,-0.022,0,79.45,25.43,-25.43,0,0.25,0.08,-0.08,0,,,,,,,,,,,,,,,,,79.45,25.43,-25.43,0,0.25,0.08,-0.08,0,0.27,0.07,-0.07,0,0.33,,,1,,,,,1070,15,-15,0,87.02,0.08,-0.08,0,0.602,0.012,-0.012,0,,,,,2.353,0.006,-0.006,0,11.6,0.08,-0.08,0,0.1168,0.0008,-0.0008,0,,,,,,,,,,,,,34,10,-10,0,,,,,,,,,5170,70,-70,0,0.86,0.02,-0.02,0,0.93,0.05,-0.05,0,0.24,0.11,-0.11,0,[Fe/H],-0.323,0.031,-0.031,0,4.54,0.01,-0.01,0,5,4,-4,0,1.448,0.03,-0.03,0,3,1,-1,0,,,,,-45.4,0.01,-0.01,0,646.647,10.7805,-10.7805,1.51803,0.02558,-0.02558
Kepler-426 b,Kepler-426,b,1,1,1,Transit,0,3.21751883,1.9E-07,-1.9E-07,0,0.0414,0.001,-0.001,0,12.22,0.34,-0.34,0,1.09,0.03,-0.03,0,108.06,25.43,-25.43,0,0.34,0.08,-0.08,0,,,,,,,,,,,,,,,,,108.06,25.43,-25.43,0,0.34,0.08,-0.08,0,0.26,0.06,-0.06,0,0.18,,,1,,,,,1300,20,-20,0,85.74,0.06,-0.06,0,0.718,0.007,-0.007,0,,,,,2.191,0.01,-0.01,0,9.67,0.06,-0.06,0,0.1221,0.0013,-0.0013,0,,,,,,,,,,,,,50,10,-10,0,,,,,,,,,5725,90,-90,0,0.92,0.02,-0.02,0,0.91,0.06,-0.06,0,-0.21,0.08,-0.08,0,[Fe/H],-0.089,0.042,-0.042,0,4.47,0.01,-0.01,0,6,4,-4,0,1.17,0.023,-0.023,0,3,1,-1,0,,,,,-78.83,0.01,-0.01,0,843.695,13.668,-13.668,1.15656,0.019054,-0.019054
Kepler-427 b,Kepler-427,b,1,1,1,Transit,0,10.290994,1.1E-06,-1.1E-06,0,0.091,0.01,-0.01,0,13.79,2.35,-2.35,0,1.23,0.21,-0.21,0,92.17,28.6,-28.6,0,0.29,0.09,-0.09,0,,,,,,,,,,,,,,,,,92.17,28.6,-28.6,0,0.29,0.09,-0.09,0,0.16,0.14,-0.14,0,0.57,,,1,,,,,1100,70,-70,0,89.5,0.45,-0.45,0,0.09,0.07,-0.07,0,,,,,4.286,0.009,-0.009,0,14.2,2.1,-2.1,0,0.0913,0.0003,-0.0003,0,,,,,,,,,,,,,29.8,9.1,-9.1,0,,,,,,,,,5800,70,-70,0,1.35,0.2,-0.2,0,0.96,0.06,-0.06,0,-0.19,0.07,-0.07,0,[Fe/H],0.29,0.13,-0.13,0,4.14,0.12,-0.12,0,7,4,-4,0,0.4,0.2,-0.2,0,3,1,-1,0,,,,,-23.94,0.01,-0.01,0,1017.8,16.49,-15.98,0.953714,0.0155534,-0.0155534
Kepler-428 b,Kepler-428,b,1,1,1,Transit,0,3.52563254,1.5E-07,-1.5E-07,0,0.0433,0.0009,-0.0009,0,12.11,0.34,-0.34,0,1.08,0.03,-0.03,0,403.63,60.39,-60.39,0,1.27,0.19,-0.19,0,,,,,,,,,,,,,,,,,403.63,60.39,-60.39,0,1.27,0.19,-0.19,0,1.02,0.15,-0.15,0,0.22,,,1,,,,,1070,25,-25,0,89.36,0.43,-0.43,0,0.13,0.09,-0.09,0,,,,,2.614,0.007,-0.007,0,11.65,0.1,-0.1,0,0.1384,0.001,-0.001,0,,,,,,,,,,,,,188,26,-26,0,,,,,,,,,5150,100,-100,0,0.8,0.02,-0.02,0,0.87,0.05,-0.05,0,0.09,0.17,-0.17,0,[Fe/H],-0.39,0.05,-0.05,0,4.57,0.01,-0.01,0,5,4,-4,0,1.704,0.041,-0.041,0,2,2,-2,0,,,,,-21.3,0.02,-0.02,0,686.284,15.431,-15.431,1.42912,0.0324974,-0.0324974
Kepler-43 b,Kepler-43,b,1,1,1,Transit,0,3.0240949,6E-07,-6E-07,0,0.046,0.0026,-0.0025,0,13.664,0.729,-0.717,0,1.219,0.065,-0.064,0,1026.5909,82.6358,-82.6358,0,3.23,0.26,-0.26,0,,,,,,,,,,,,,,,,,1026.5909,82.6358,-82.6358,0,3.23,0.26,-0.26,0,5,7,-5,0,,,,,,,,,1620,40,-40,0,84.646,0.107,-0.091,0,0.6508,0.0071,-0.0087,0,,,,,,,,,6.975,0.047,-0.041,0,0.08628,0.00036,-0.00033,0,0.0011,0.004,-0.0037,0,,,,,,,,,375,13,-13,0,,,,,,,,,6041,143,-143,0,1.42,0.07,-0.07,0,1.32,0.09,-0.09,0,0.33,0.11,-0.11,0,[Fe/H],,,,,4.26,0.05,-0.05,0,,,,,,,,,,,,,,,,,,,,,1005.84,14.19,-14.19,0.965345,0.0139187,-0.0139187
Kepler-433 b,Kepler-433,b,1,1,1,Transit,0,5.33408384,1.1E-06,-1.1E-06,0,0.0679,0.0027,-0.0027,0,16.25,1.79,-1.79,0,1.45,0.16,-0.16,0,896.24,165.26,-165.26,0,2.82,0.52,-0.52,0,,,,,,,,,,,,,,,,,896.24,165.26,-165.26,0,2.82,0.52,-0.52,0,1.13,0.32,-0.32,0,0.119,0.079,-0.079,0,,,,,1776,87,-87,0,89.21,0.52,-0.9,0,0.082,0.081,-0.081,0,,,,,6.178,0.015,-0.015,0,6.44,0.62,-0.62,0,0.0659,0.00015,-0.00015,0,,,,,,,,,68,67,-36,0,259,44,-44,0,,,,,,,,,6360,140,-140,0,2.26,0.25,-0.25,0,1.46,0.17,-0.17,0,-0.01,0.2,-0.2,0,[Fe/H],0.88,0.11,-0.11,0,3.89,0.06,-0.06,0,2.67,0.91,-0.91,0,0.177,0.046,-0.046,0,11,1,-1,0,,,,,-1.28,0.05,-0.05,0,1878.31,77.94,-72.07,0.504328,0.0210647,-0.0210647
Kepler-434 b,Kepler-434,b,1,1,1,Transit,0,12.8747099,5E-06,-5E-06,0,0.1143,0.003,-0.003,0,12.67,2.91,-2.02,0,1.13,0.26,-0.18,0,908.96,111.24,-111.24,0,2.86,0.35,-0.35,0,,,,,,,,,,,,,,,,,908.96,111.24,-111.24,0,2.86,0.35,-0.35,0,2.4,1.3,-1.3,0,0.131,0.072,-0.072,0,,,,,1000,45,-45,0,86.46,0.38,-0.74,0,0.979,0.031,-0.031,0,,,,,2.288,0.045,-0.045,0,17.9,1.6,-1.6,0,0.0835,0.014,-0.008,0,,,,,,,,,82,33,-33,0,221,23,-23,0,,,,,,,,,5977,95,-95,0,1.38,0.13,-0.13,0,1.2,0.09,-0.09,0,0.25,0.14,-0.14,0,[Fe/H],0.33,0.11,-0.11,0,4.24,0.06,-0.06,0,4,1.7,-1.7,0,0.65,0.15,-0.15,0,3,1,-1,0,,,,,-51.16,0.03,-0.03,0,1222.54,32.43,-32.43,0.789585,0.0215202,-0.0215202
Kepler-435 b,Kepler-435,b,1,1,1,Transit,0,8.6001536,1.8E-06,-1.8E-06,0,0.0948,0.0018,-0.0018,0,22.31,2.02,-2.02,0,1.99,0.18,-0.18,0,266.97,47.67,-47.67,0,0.84,0.15,-0.15,0,,,,,,,,,,,,,,,,,266.97,47.67,-47.67,0,0.84,0.15,-0.15,0,0.131,0.037,-0.037,0,0.114,0.077,-0.077,0,,,,,1729,70,-70,0,85.51,0.52,-0.52,0,0.448,0.024,-0.024,0,,,,,9.003,0.059,-0.036,0,6.35,0.51,-0.51,0,0.06384,0.0002,-0.0002,0,,,,,,,,,104,36,-36,0,64,12,-12,0,,,,,,,,,6161,94,-94,0,3.21,0.3,-0.3,0,1.54,0.09,-0.09,0,-0.18,0.11,-0.11,0,[Fe/H],1.129,0.089,-0.089,0,3.61,0.05,-0.07,0,2.25,0.42,-0.42,0,0.066,0.015,-0.015,0,6,1,-1,0,,,,,-26.37,0.01,-0.01,0,1418.77,35.37,-35.37,0.676165,0.0174336,-0.0174336
Kepler-437 b,Kepler-437,b,1,1,1,Transit,0,66.65062,0.00033,-0.00032,0,0.288,0.066,-0.04,0,2.14,0.22,-0.17,0,0.19,0.02,-0.02,0,,,,,,,,,,,,,,,,,,,,,,,,,,,,,,,,,,,,,0.02,0.08,-0.02,-1,2.15,0.74,-0.88,0,,,,,89.9,0.1,-0.23,0,0.56,0.3,-0.31,0,,,,,5.59,0.21,-0.29,0,91,14,-12,0,0.0279,0.0021,-0.0042,0,,,,,,,,,,,,,,,,,,,,,,,,,4551,100,-100,0,0.68,0.03,-0.02,0,0.71,0.03,-0.03,0,0,0.1,-0.1,0,[Fe/H],-0.762,0.08,-0.059,0,4.63,0.01,-0.03,0,2.9,7.5,-0.3,0,3.18,0.25,-0.25,0,,,,,,,,,,,,,,,,,,
Kepler-438 b,Kepler-438,b,1,1,1,Transit,0,35.23319,0.00025,-0.00029,0,0.166,0.051,-0.042,0,1.12,0.16,-0.17,0,0.1,0.01,-0.02,0,,,,,,,,,,,,,,,,,,,,,,,,,,,,,,,,,,,,,0.03,0.1,-0.03,-1,1.4,0.67,-0.77,0,,,,,89.86,0.14,-0.32,0,0.9,0.08,-0.34,0,,,,,3.48,0.3,-0.41,0,73,26,-15,0,0.02,0.002,-0.0018,0,,,,,,,,,,,,,,,,,,,,,,,,,3748,112,-112,0,0.52,0.04,-0.06,0,0.54,0.04,-0.06,0,0.16,0.14,-0.14,0,[Fe/H],-1.357,0.142,-0.138,0,4.74,0.06,-0.03,0,4.4,0.8,-0.7,0,5.52,1.53,-0.77,0,,,,,,,,,,,,,,,,,,
Kepler-439 b,Kepler-439,b,1,1,1,Transit,0,178.1396,0.0016,-0.0018,0,0.563,0.165,-0.08,0,2.24,0.16,-0.45,0,0.2,0.01,-0.04,0,,,,,,,,,,,,,,,,,,,,,,,,,,,,,,,,,,,,,0.03,0.08,-0.03,-1,1.83,0.51,-0.62,0,,,,,89.95,0.05,-0.12,0,0.1,0.28,-0.1,0,,,,,9.59,0.3,-0.42,0,142,18,-15,0,0.02392,0.00099,-0.00111,0,,,,,,,,,,,,,,,,,,,,,,,,,5431,100,-100,0,0.87,0.08,-0.04,0,0.88,0.04,-0.04,0,0.02,0.1,-0.1,0,[Fe/H],-0.236,0.102,-0.063,0,4.51,0.04,-0.07,0,7.2,3.6,-3.9,0,1.89,0.3,-0.38,0,,,,,,,,,,,,,757.048,11.488,-11.155,1.29224,0.0196018,-0.0196018
Kepler-44 b,Kepler-44,b,1,1,1,Transit,0,3.2467293,3E-06,-3E-06,0,0.0446,0.0011,-0.0011,0,12.22,0.78,-0.78,0,1.09,0.07,-0.07,0,317.82,31.78,-31.78,0,1,0.1,-0.1,0,,,,,,,,,,,,,,,,,317.82,31.78,-31.78,0,1,0.1,-0.1,0,0.93,0.19,-0.17,0,0.066,,,1,,,,,1544,47,-47,0,84.96,0.5,-0.62,0,0.62,0.02,-0.02,0,,,,,3.124,0.014,-0.014,0,7.07,0.35,-0.37,0,0.0828,0.0008,-0.0008,0,,,,,,,,,,,,,125,11,-11,0,,,,,,,,,5800,100,-100,0,1.35,0.08,-0.08,0,1.12,0.08,-0.08,0,0.15,0.1,-0.1,0,[Fe/H],,,,,4.22,0.04,-0.04,0,5.8,2.4,-1.5,0,0.63,0.1,-0.1,0,4,2,-2,0,,,,,-35.89,0.01,-0.01,0,1188,32.645,-32.645,0.81357,0.0229378,-0.0229378
Kepler-440 b,Kepler-440,b,1,1,1,Transit,0,101.11141,0.00087,-0.00068,0,0.242,0.066,-0.041,0,1.86,0.24,-0.19,0,0.17,0.02,-0.02,0,,,,,,,,,,,,,,,,,,,,,,,,,,,,,,,,,,,,,0.34,0.12,-0.19,-1,1.2,0.46,-0.65,0,,,,,89.93,0.07,-0.18,0,0.09,0.27,-0.09,0,,,,,7.95,0.25,-0.21,0,99,10.2,-9.4,0,0.03038,0.00112,-0.00098,0,,,,,,,,,,,,,,,,,,,,,,,,,4134,154,-154,0,0.56,0.03,-0.05,0,0.57,0.04,-0.05,0,-0.3,0.15,-0.15,0,[Fe/H],-1.102,0.111,-0.142,0,4.71,0.05,-0.02,0,1.3,0.6,-0.2,0,4.76,1.03,-0.48,0,,,,,,,,,,,,,301.03,2.278,-2.278,3.29324,0.0249486,-0.0249486
Kepler-441 b,Kepler-441,b,1,1,1,Transit,0,207.2482,0.0022,-0.002,0,0.64,0.32,-0.13,0,1.64,0.22,-0.24,0,0.15,0.02,-0.02,0,,,,,,,,,,,,,,,,,,,,,,,,,,,,,,,,,,,,,0.1,0.11,-0.1,-1,0.21,0.11,-0.11,0,,,,,89.97,0.03,-0.07,0,0.25,0.3,-0.25,0,,,,,6.05,0.3,-0.32,0,260,83,-31,0,0.028,0.0017,-0.0014,0,,,,,,,,,,,,,,,,,,,,,,,,,4340,177,-177,0,0.55,0.04,-0.05,0,0.57,0.05,-0.05,0,-0.57,0.18,-0.18,0,[Fe/H],-1.051,0.154,-0.15,0,4.71,0.05,-0.02,0,1.9,0.5,-0.4,0,4.94,1.03,-0.66,0,,,,,,,,,,,,,268.003,1.8075,-1.8075,3.70258,0.0249732,-0.0249732
Kepler-442 b,Kepler-442,b,1,1,1,Transit,0,112.3053,0.0024,-0.0028,0,0.409,0.209,-0.06,0,1.34,0.11,-0.18,0,0.12,0.01,-0.02,0,,,,,,,,,,,,,,,,,,,,,,,,,,,,,,,,,,,,,0.04,0.08,-0.04,-1,0.66,0.23,-0.41,0,,,,,89.94,0.06,-0.12,0,0.22,0.29,-0.22,0,,,,,5.62,0.4,-0.52,0,146,80,-22,0,0.0211,0.0019,-0.0016,0,,,,,,,,,,,,,,,,,,,,,,,,,4402,100,-100,0,0.6,0.02,-0.02,0,0.61,0.03,-0.03,0,-0.37,0.1,-0.1,0,[Fe/H],-0.932,0.081,-0.064,0,4.67,0.02,-0.02,0,2.9,8.1,-0.2,0,4.01,0.37,-0.3,0,,,,,,,,,,,,,365.965,2.763,-2.724,2.70374,0.0203315,-0.0203315
Kepler-443 b,Kepler-443,b,1,1,1,Transit,0,177.6693,0.0031,-0.003,0,0.495,0.186,-0.075,0,2.33,0.19,-0.22,0,0.21,0.02,-0.02,0,,,,,,,,,,,,,,,,,,,,,,,,,,,,,,,,,,,,,0.11,0.15,-0.11,-1,0.86,0.29,-0.37,0,,,,,89.94,0.06,-0.13,0,0.26,0.32,-0.26,0,,,,,8.95,0.54,-0.59,0,151,39,-22,0,0.0304,0.0022,-0.0022,0,,,,,,,,,,,,,,,,,,,,,,,,,4723,100,-100,0,0.71,0.03,-0.02,0,0.74,0.03,-0.03,0,-0.01,0.1,-0.1,0,[Fe/H],-0.664,0.079,-0.058,0,4.61,0.02,-0.03,0,3.2,7.5,-0.4,0,2.96,0.24,-0.25,0,,,,,,,,,,,,,802.271,23.26,-22.007,1.21845,0.0348764,-0.0348764
Kepler-447 b,Kepler-447,b,1,1,1,Transit,0,7.79430132,1.82E-06,-1.82E-06,0,0.0769,0.0062,-0.0079,0,18.49,6.61,-6.28,0,1.65,0.59,-0.56,0,435.41,152.55,-146.2,0,1.37,0.48,-0.46,0,,,,,,,,,,,,,,,,,435.41,152.55,-146.2,0,1.37,0.48,-0.46,0,0.4,0.94,-0.32,0,0.123,0.037,-0.036,0,,,,,,,,,86.55,0.24,-0.32,0,1.076,0.112,-0.086,0,,,,,1.135,0.016,-0.016,0,20.41,0.36,-0.19,0,0.165,0.049,-0.048,0,,,,,,,,,98.3,1.1,-11,0,141,42,-42,0,,,,,,,,,5493,62,-62,0,1.05,0.19,-0.19,0,1,0.21,-0.21,0,0.07,0.05,-0.05,0,[Fe/H],,,,,4.4,0.1,-0.1,0,,,,,,,,,,,,,,,,,1.39,0.11,-0.11,0,268.041,1.848,-1.823,3.70206,0.0253585,-0.0253585
Kepler-45 b,Kepler-45,b,1,1,1,Transit,0,2.455239,4E-06,-4E-06,0,0.03,,,0,10.76,1.23,-1.23,0,0.96,0.11,-0.11,0,160.497,28.604,-28.604,0,0.505,0.09,-0.09,0,,,,,,,,,,,,,,,,,160.497,28.604,-28.604,0,0.505,0.09,-0.09,0,0.8,0.5,-0.5,0,0.11,0.1,-0.09,0,,,,,1000,20,-20,0,87,0.7,-0.7,0,0.6,0.2,-0.2,0,3.204,0.072,-0.072,0,,,,,10.6,1,-1,0,0.179,0.002,-0.002,0,,,,,,,,,230,68,-68,0,110,10,-10,0,,,,,,,,,3820,90,-90,0,0.55,0.11,-0.11,0,0.59,0.06,-0.06,0,0.28,0.14,-0.14,0,[Fe/H],,,,,4.7,0.2,-0.2,0,0.5,,,0,4,2,-2,0,,,,,,,,,,,,,381.949,6.3825,-6.3825,2.59039,0.0434038,-0.0434038
Kepler-452 b,Kepler-452,b,1,1,1,Transit,1,384.843,0.007,-0.012,0,1.046,0.019,-0.015,0,1.63,0.23,-0.2,0,0.145,0.021,-0.018,0,,,,,,,,,,,,,,,,,,,,,,,,,,,,,,,,,,,,,,,,,1.1,0.29,-0.22,0,265,15,-13,0,89.806,0.134,-0.049,0,0.69,0.16,-0.45,0,0.0199,0.0018,-0.0021,0,10.63,0.53,-0.6,0,,,,,0.0128,0.0013,-0.0006,0,,,,,,,,,,,,,,,,,,,,,,,,,5757,85,-85,0,1.11,0.15,-0.09,0,1.04,0.05,-0.05,0,0.21,0.09,-0.09,0,[Fe/H],,,,,4.32,0.09,-0.09,0,6,2,-2,0,0.84,0.4,-0.19,0,,,,,,,,,,,,,551.727,5.236,-5.141,1.78375,0.0169145,-0.0169145
Kepler-461 b,Kepler-461,b,1,1,1,Transit,0,8.31378306,7.66E-06,-7.66E-06,0,,,,,2.58,0.07,-0.06,0,0.23,0.006,-0.005,0,,,,,,,,,,,,,,,,,,,,,,,,,,,,,,,,,,,,,,,,,,,,,,,,,,,,,,,,,,,,,2.9927,0.0245,-0.0245,0,,,,,0.02592,0.00035,-0.00029,0,,,,,,,,,,,,,,,,,,,,,,,,,5634,43.2,-45.6,0,0.91,0.02,-0.02,0,0.98,0.02,-0.03,0,0.04,0.089,-0.092,0,[Fe/H],,,,,4.51,0.01,-0.02,0,2.51,1.36,-0.991,0,,,,,,,,,,,,,,,,,692.158,6.657,-6.535,1.41593,0.0136637,-0.0136637
Kepler-463 b,Kepler-463,b,1,1,1,Transit,0,8.98101683,3.16E-06,-3.16E-06,0,,,,,3.05,0.43,-0.3,0,0.272,0.038,-0.027,0,,,,,,,,,,,,,,,,,,,,,,,,,,,,,,,,,,,,,,,,,,,,,,,,,,,,,,,,,,,,,1.8737,0.0159,-0.0159,0,,,,,0.03101,2E-05,-0.00106,0,,,,,,,,,,,,,,,,,,,,,,,,,5661,105.05,-99.18,0,0.9,0.13,-0.08,0,0.87,0.05,-0.05,0,-0.28,0.124,-0.116,0,[Fe/H],,,,,4.47,0.08,-0.12,0,7.41,4.28,-4.88,0,,,,,,,,,,,,,,,,,394.804,3.53,-3.47,2.50425,0.0222847,-0.0222847
Kepler-464 b,Kepler-464,b,1,1,1,Transit,0,7.25696522,5.77E-06,-5.77E-06,0,,,,,3.3,0.16,-0.13,0,0.294,0.014,-0.012,0,,,,,,,,,,,,,,,,,,,,,,,,,,,,,,,,,,,,,,,,,,,,,,,,,,,,,,,,,,,,,4.8639,0.022,-0.022,0,,,,,0.01949,0.00028,-0.00011,0,,,,,,,,,,,,,,,,,,,,,,,,,5933,67.87,-54.45,0,1.59,0.07,-0.06,0,1.21,0.07,-0.08,0,0.19,0.074,-0.071,0,[Fe/H],,,,,4.11,0.02,-0.02,0,4.9,1.4,-0.78,0,,,,,,,,,,,,,,,,,667.604,9.721,-9.451,1.46931,0.0213427,-0.0213427
Kepler-465 b,Kepler-465,b,1,1,1,Transit,0,9.94067247,6.55E-06,-6.55E-06,0,,,,,2.95,0.25,-0.16,0,0.263,0.022,-0.014,0,,,,,,,,,,,,,,,,,,,,,,,,,,,,,,,,,,,,,,,,,,,,,,,,,,,,,,,,,,,,,3.9006,0.0174,-0.0174,0,,,,,0.02114,0.00017,-7E-05,0,,,,,,,,,,,,,,,,,,,,,,,,,6310,63.38,-60.38,0,1.29,0.11,-0.07,0,1.23,0.04,-0.03,0,0.09,0.082,-0.082,0,[Fe/H],,,,,4.31,0.04,-0.06,0,2.19,0.757,-0.678,0,,,,,,,,,,,,,,,,,553.077,6.997,-6.827,1.77944,0.0224224,-0.0224224
Kepler-467 b,Kepler-467,b,1,1,1,Transit,0,24.99324193,6.498E-05,-6.498E-05,0,,,,,2.25,0.3,-0.08,0,0.201,0.027,-0.007,0,,,,,,,,,,,,,,,,,,,,,,,,,,,,,,,,,,,,,,,,,,,,,,,,,,,,,,,,,,,,,5.9083,0.0711,-0.0711,0,,,,,0.0154,0.00194,-0.00039,0,,,,,,,,,,,,,,,,,,,,,,,,,5809,68.69,-60.25,0,1.37,0.04,-0.03,0,1.05,0.03,-0.03,0,0.06,0.072,-0.049,0,[Fe/H],,,,,4.18,0.02,-0.02,0,8.13,1.1,-1,0,,,,,,,,,,,,,,,,,466.265,5.109,-5.002,2.11608,0.0230773,-0.0230773
Kepler-468 b,Kepler-468,b,1,1,1,Transit,0,38.47875707,4.85E-06,-4.85E-06,0,,,,,13.34,0.32,-0.29,0,1.19,0.029,-0.026,0,,,,,,,,,,,,,,,,,,,,,,,,,,,,,,,,,,,,,,,,,,,,,,,,,,,,,,,,,,,,,5.05845,0.00346,-0.00346,0,,,,,0.14003,9E-05,-7E-05,0,,,,,,,,,,,,,,,,,,,,,,,,,5498,60.91,-68.06,0,0.87,0.02,-0.02,0,0.96,0.02,-0.03,0,0.1,0.086,-0.084,0,[Fe/H],,,,,4.54,0.01,-0.01,0,2,1.29,-0.725,0,,,,,,,,,,,,,,,,,442.871,2.999,-2.999,2.22914,0.0151772,-0.0151772
Kepler-470 b,Kepler-470,b,1,1,1,Transit,0,24.66919569,5.41E-06,-5.41E-06,0,,,,,14.44,5.83,-2.67,0,1.288,0.52,-0.238,0,,,,,,,,,,,,,,,,,,,,,,,,,,,,,,,,,,,,,,,,,,,,,,,,,,,,,,,,,,,,,6.9185,0.0105,-0.0105,0,,,,,0.07994,6E-05,-0.00019,0,,,,,,,,,,,,,,,,,,,,,,,,,6613,203.78,-197.49,0,1.66,0.67,-0.31,0,1.4,0.22,-0.16,0,0.04,0.124,-0.163,0,[Fe/H],,,,,4.14,0.13,-0.23,0,1.86,0.679,-0.427,0,,,,,,,,,,,,,,,,,929.811,11.143,-10.887,1.04666,0.0126435,-0.0126435
Kepler-471 b,Kepler-471,b,1,1,1,Transit,0,5.01423457,5.9E-07,-5.9E-07,0,,,,,14.96,5.42,-2.96,0,1.335,0.484,-0.264,0,,,,,,,,,,,,,,,,,,,,,,,,,,,,,,,,,,,,,,,,,,,,,,,,,,,,,,,,,,,,,4.61153,0.00297,-0.00297,0,,,,,0.07586,5E-05,-3E-05,0,,,,,,,,,,,,,,,,,,,,,,,,,6733,288.74,-288.8,0,1.8,0.65,-0.36,0,1.49,0.22,-0.18,0,0.07,0.144,-0.156,0,[Fe/H],,,,,4.1,0.14,-0.21,0,1.58,0.65,-0.346,0,,,,,,,,,,,,,,,,,1249.41,24.04,-23.18,0.771755,0.0150051,-0.0150051
Kepler-472 b,Kepler-472,b,1,1,1,Transit,0,4.17625551,1.84E-06,-1.84E-06,0,,,,,3.22,0.13,-0.28,0,0.287,0.012,-0.025,0,,,,,,,,,,,,,,,,,,,,,,,,,,,,,,,,,,,,,,,,,,,,,,,,,,,,,,,,,,,,,3.7012,0.0486,-0.0486,0,,,,,0.03757,0.00132,-0.00323,0,,,,,,,,,,,,,,,,,,,,,,,,,4996,82.76,-84.63,0,0.78,0.02,-0.01,0,0.85,0.03,-0.03,0,0.16,0.093,-0.098,0,[Fe/H],,,,,4.59,0.01,-0.01,0,2.69,1.94,-1.14,0,,,,,,,,,,,,,,,,,306.602,1.906,-1.906,3.23279,0.020123,-0.020123
Kepler-473 b,Kepler-473,b,1,1,1,Transit,0,14.55731705,1.399E-05,-1.399E-05,0,,,,,4.08,0.79,-0.67,0,0.364,0.07,-0.06,0,,,,,,,,,,,,,,,,,,,,,,,,,,,,,,,,,,,,,,,,,,,,,,,,,,,,,,,,,,,,,7.7724,0.0262,-0.0262,0,,,,,0.0284,0.0003,-0.0001,0,,,,,,,,,,,,,,,,,,,,,,,,,5816,74.23,-91.94,0,1.34,0.26,-0.22,0,1.06,0.07,-0.06,0,0.12,0.093,-0.084,0,[Fe/H],,,,,4.21,0.14,-0.13,0,6.92,1.6,-2,0,,,,,,,,,,,,,,,,,905.937,12.339,-12.017,1.07502,0.0147254,-0.0147254
Kepler-474 b,Kepler-474,b,1,1,1,Transit,0,5.66067294,3.73E-06,-3.73E-06,0,,,,,3.06,0.48,-0.37,0,0.273,0.043,-0.033,0,,,,,,,,,,,,,,,,,,,,,,,,,,,,,,,,,,,,,,,,,,,,,,,,,,,,,,,,,,,,,4.6722,0.035,-0.035,0,,,,,0.02591,7E-05,-0.001,0,,,,,,,,,,,,,,,,,,,,,,,,,5785,92.56,-97.56,0,1.08,0.17,-0.12,0,0.99,0.05,-0.05,0,-0.01,0.088,-0.127,0,[Fe/H],,,,,4.36,0.11,-0.11,0,6.76,2.09,-3.44,0,,,,,,,,,,,,,,,,,841.496,10.999,-10.999,1.15961,0.0154146,-0.0154146
Kepler-475 b,Kepler-475,b,1,1,1,Transit,0,3.10550819,1.04E-06,-1.04E-06,0,,,,,2.49,0.05,-0.18,0,0.222,0.004,-0.016,0,,,,,,,,,,,,,,,,,,,,,,,,,,,,,,,,,,,,,,,,,,,,,,,,,,,,,,,,,,,,,1.721,0.0207,-0.0207,0,,,,,0.02898,8E-05,-0.00204,0,,,,,,,,,,,,,,,,,,,,,,,,,5009,85,-77.64,0,0.79,0.02,-0.01,0,0.86,0.03,-0.03,0,0.21,0.081,-0.092,0,[Fe/H],,,,,4.58,0.01,-0.01,0,2.69,1.9,-1.19,0,,,,,,,,,,,,,,,,,280.069,1.173,-1.162,3.54165,0.0147713,-0.0147713
Kepler-476 b,Kepler-476,b,1,1,1,Transit,0,14.00640607,1.794E-05,-1.794E-05,0,,,,,3.08,0.51,-0.3,0,0.275,0.045,-0.027,0,,,,,,,,,,,,,,,,,,,,,,,,,,,,,,,,,,,,,,,,,,,,,,,,,,,,,,,,,,,,,4.6809,0.0407,-0.0407,0,,,,,0.02554,0.0022,-0.00062,0,,,,,,,,,,,,,,,,,,,,,,,,,5837,101.08,-99.97,0,1.09,0.16,-0.1,0,1.03,0.05,-0.04,0,0.04,0.09,-0.099,0,[Fe/H],,,,,4.38,0.09,-0.1,0,5.37,2.3,-2.8,0,,,,,,,,,,,,,,,,,813.535,,,,,
Kepler-478 b,Kepler-478,b,1,1,1,Transit,0,13.2217576,1.39E-05,-1.39E-05,0,,,,,2.71,0.09,-0.33,0,0.242,0.008,-0.029,0,,,,,,,,,,,,,,,,,,,,,,,,,,,,,,,,,,,,,,,,,,,,,,,,,,,,,,,,,,,,,2.9069,0.0459,-0.0459,0,,,,,0.03132,9E-05,-0.00371,0,,,,,,,,,,,,,,,,,,,,,,,,,5210,69.43,-70.31,0,0.8,0.03,-0.02,0,0.85,0.03,-0.04,0,-0.03,0.105,-0.107,0,[Fe/H],,,,,4.56,0.02,-0.03,0,4.9,3.19,-2.7,0,,,,,,,,,,,,,,,,,,,,,,
Kepler-479 b,Kepler-479,b,1,1,1,Transit,0,12.49341307,1.36E-05,-1.36E-05,0,,,,,2.12,0.09,-0.07,0,0.189,0.008,-0.006,0,,,,,,,,,,,,,,,,,,,,,,,,,,,,,,,,,,,,,,,,,,,,,,,,,,,,,,,,,,,,,2.2382,0.0329,-0.0329,0,,,,,0.02427,0.00076,-0.00036,0,,,,,,,,,,,,,,,,,,,,,,,,,5247,73.63,-57.4,0,0.81,0.03,-0.02,0,0.86,0.03,-0.04,0,-0.02,0.102,-0.107,0,[Fe/H],,,,,4.56,0.02,-0.03,0,4.27,3.11,-2.31,0,,,,,,,,,,,,,,,,,344.901,1.966,-1.966,2.87055,0.0164016,-0.0164016
Kepler-480 b,Kepler-480,b,1,1,1,Transit,0,4.9195838,4.9E-06,-4.9E-06,0,,,,,2.78,0.29,-0.21,0,0.248,0.026,-0.019,0,,,,,,,,,,,,,,,,,,,,,,,,,,,,,,,,,,,,,,,,,,,,,,,,,,,,,,,,,,,,,4.1876,0.026,-0.026,0,,,,,0.01909,0.00015,-0.00026,0,,,,,,,,,,,,,,,,,,,,,,,,,6322,71.6,-65,0,1.34,0.14,-0.1,0,1.25,0.05,-0.04,0,0.11,0.094,-0.091,0,[Fe/H],,,,,4.28,0.06,-0.07,0,2.34,0.669,-0.774,0,,,,,,,,,,,,,,,,,847.508,11.577,-11.274,1.15117,0.0157859,-0.0157859
Kepler-481 b,Kepler-481,b,1,1,1,Transit,0,10.06082567,1.522E-05,-1.522E-05,0,,,,,2.5,0.37,-0.29,0,0.223,0.033,-0.026,0,,,,,,,,,,,,,,,,,,,,,,,,,,,,,,,,,,,,,,,,,,,,,,,,,,,,,,,,,,,,,4.5782,0.042,-0.042,0,,,,,0.0209,2E-05,-0.00118,0,,,,,,,,,,,,,,,,,,,,,,,,,5802,73.64,-66.2,0,1.09,0.16,-0.11,0,1.01,0.04,-0.04,0,0.03,0.087,-0.091,0,[Fe/H],,,,,4.36,0.1,-0.11,0,6.17,1.93,-3.25,0,,,,,,,,,,,,,,,,,813.724,11.784,-11.784,1.20019,0.0176601,-0.0176601
Kepler-482 b,Kepler-482,b,1,1,1,Transit,0,56.35418576,9.371E-05,-9.371E-05,0,,,,,2.36,0.37,-0.14,0,0.211,0.033,-0.012,0,,,,,,,,,,,,,,,,,,,,,,,,,,,,,,,,,,,,,,,,,,,,,,,,,,,,,,,,,,,,,3.29,0.0553,-0.0553,0,,,,,0.03015,0.00458,-0.00131,0,,,,,,,,,,,,,,,,,,,,,,,,,4871,63.64,-61.54,0,0.72,0.03,-0.03,0,0.75,0.04,-0.04,0,-0.13,0.11,-0.118,0,[Fe/H],,,,,4.6,0.02,-0.03,0,6.03,5.43,-3.88,0,,,,,,,,,,,,,,,,,313.068,2.2585,-2.2585,3.16548,0.0228662,-0.0228662
Kepler-483 b,Kepler-483,b,1,1,1,Transit,0,30.229104,7.851E-05,-7.851E-05,0,,,,,3.21,0.68,-0.43,0,0.286,0.061,-0.038,0,,,,,,,,,,,,,,,,,,,,,,,,,,,,,,,,,,,,,,,,,,,,,,,,,,,,,,,,,,,,,6.4658,0.0695,-0.0695,0,,,,,0.01978,9E-05,-0.00063,0,,,,,,,,,,,,,,,,,,,,,,,,,6346,79.71,-73.37,0,1.47,0.31,-0.19,0,1.28,0.1,-0.07,0,0.09,0.091,-0.089,0,[Fe/H],,,,,4.21,0.1,-0.14,0,2.63,0.42,-0.794,0,,,,,,,,,,,,,,,,,860.355,10.183,-10.183,1.13351,0.0136521,-0.0136521
Kepler-484 b,Kepler-484,b,1,1,1,Transit,0,10.04556931,7.2E-06,-7.2E-06,0,,,,,2.28,0.07,-0.05,0,0.203,0.006,-0.004,0,,,,,,,,,,,,,,,,,,,,,,,,,,,,,,,,,,,,,,,,,,,,,,,,,,,,,,,,,,,,,3.1986,0.02,-0.02,0,,,,,0.02353,0.0004,-0.00017,0,,,,,,,,,,,,,,,,,,,,,,,,,5668,54.61,-48.74,0,0.87,0.02,-0.02,0,0.96,0.02,-0.03,0,-0.1,0.09,-0.085,0,[Fe/H],,,,,4.54,0.01,-0.01,0,1.48,0.654,-0.326,0,,,,,,,,,,,,,,,,,382.136,2.819,-2.779,2.58808,0.0190233,-0.0190233
Kepler-485 b,Kepler-485,b,1,1,1,Transit,0,3.2432598,1.8E-07,-1.8E-07,0,,,,,14.41,3.38,-1.63,0,1.286,0.302,-0.145,0,,,,,,,,,,,,,,,,,,,,,,,,,,,,,,,,,,,,,,,,,,,,,,,,,,,,,,,,,,,,,3.03598,0.00168,-0.00168,0,,,,,0.12128,8E-05,-2E-05,0,,,,,,,,,,,,,,,,,,,,,,,,,5958,105.05,-153.72,0,1.09,0.26,-0.12,0,1.07,0.08,-0.07,0,0.04,0.147,-0.161,0,[Fe/H],,,,,4.39,0.09,-0.16,0,3.72,2,-2.02,0,,,,,,,,,,,,,,,,,1140.95,26.315,-26.315,0.84784,0.0200574,-0.0200574
Kepler-486 b,Kepler-486,b,1,1,1,Transit,0,30.36044667,4.24E-06,-4.24E-06,0,,,,,11,0.4,-0.56,0,0.981,0.036,-0.05,0,,,,,,,,,,,,,,,,,,,,,,,,,,,,,,,,,,,,,,,,,,,,,,,,,,,,,,,,,,,,,6.0193,0.0122,-0.0122,0,,,,,0.1354,0.00027,-0.0004,0,,,,,,,,,,,,,,,,,,,,,,,,,4926,44.94,-45.25,0,0.75,0.03,-0.04,0,0.79,0.04,-0.04,0,-0.04,0.15,-0.166,0,[Fe/H],,,,,4.6,0.02,-0.04,0,4.47,6.15,-2.66,0,,,,,,,,,,,,,,,,,436.257,3.199,-3.155,2.2634,0.0165672,-0.0165672
Kepler-488 b,Kepler-488,b,1,1,1,Transit,0,3.12082923,3.8E-07,-3.8E-07,0,,,,,15.79,3.85,-1.51,0,1.409,0.343,-0.135,0,,,,,,,,,,,,,,,,,,,,,,,,,,,,,,,,,,,,,,,,,,,,,,,,,,,,,,,,,,,,,2.1799,0.0112,-0.0112,0,,,,,0.13342,0.00029,-0.00069,0,,,,,,,,,,,,,,,,,,,,,,,,,5970,97.43,-95.08,0,1.09,0.27,-0.1,0,1.07,0.07,-0.07,0,0.03,0.139,-0.172,0,[Fe/H],,,,,4.39,0.07,-0.17,0,3.47,2.02,-1.77,0,,,,,,,,,,,,,,,,,1145.28,29.9,-28.43,0.844473,0.0220621,-0.0220621
Kepler-489 b,Kepler-489,b,1,1,1,Transit,0,17.27629612,2.45E-06,-2.45E-06,0,,,,,7.72,0.17,-0.2,0,0.689,0.015,-0.018,0,,,,,,,,,,,,,,,,,,,,,,,,,,,,,,,,,,,,,,,,,,,,,,,,,,,,,,,,,,,,,3.94332,0.00412,-0.00412,0,,,,,0.0929,0.00016,-6E-05,0,,,,,,,,,,,,,,,,,,,,,,,,,5014,70.48,-58.34,0,0.76,0.02,-0.02,0,0.82,0.03,-0.03,0,0,0.105,-0.1,0,[Fe/H],,,,,4.59,0.01,-0.01,0,3.31,2.62,-1.56,0,,,,,,,,,,,,,,,,,369.645,2.297,-2.297,2.67648,0.0166848,-0.0166848
Kepler-490 b,Kepler-490,b,1,1,1,Transit,0,3.26869515,2.3E-07,-2.3E-07,0,,,,,11.65,3.29,-1.38,0,1.039,0.294,-0.123,0,,,,,,,,,,,,,,,,,,,,,,,,,,,,,,,,,,,,,,,,,,,,,,,,,,,,,,,,,,,,,3.45315,0.00292,-0.00292,0,,,,,0.09485,8E-05,-6E-05,0,,,,,,,,,,,,,,,,,,,,,,,,,6045,142.42,-126.76,0,1.12,0.32,-0.13,0,1.08,0.1,-0.07,0,-0.02,0.132,-0.177,0,[Fe/H],,,,,4.37,0.09,-0.18,0,3.47,1.8,-1.71,0,,,,,,,,,,,,,,,,,1523,64.625,-64.625,0.628408,0.027621,-0.027621
Kepler-491 b,Kepler-491,b,1,1,1,Transit,0,4.22538451,2.7E-07,-2.7E-07,0,,,,,8.92,0.8,-0.51,0,0.796,0.071,-0.045,0,,,,,,,,,,,,,,,,,,,,,,,,,,,,,,,,,,,,,,,,,,,,,,,,,,,,,,,,,,,,,2.81829,0.00187,-0.00187,0,,,,,0.07948,6E-05,-3E-05,0,,,,,,,,,,,,,,,,,,,,,,,,,5582,53.81,-61.11,0,1.03,0.09,-0.06,0,1.04,0.03,-0.03,0,0.37,0.049,-0.053,0,[Fe/H],,,,,4.42,0.05,-0.07,0,4.47,2.26,-2.43,0,,,,,,,,,,,,,,,,,630.785,6.431,-6.305,1.55653,0.0158836,-0.0158836
Kepler-492 b,Kepler-492,b,1,1,1,Transit,0,11.72012266,1.53E-06,-1.53E-06,0,,,,,9.59,1.2,-0.61,0,0.856,0.107,-0.054,0,,,,,,,,,,,,,,,,,,,,,,,,,,,,,,,,,,,,,,,,,,,,,,,,,,,,,,,,,,,,,2.9965,0.0166,-0.0166,0,,,,,0.09676,0.00054,-0.00068,0,,,,,,,,,,,,,,,,,,,,,,,,,5527,85.37,-124.59,0,0.91,0.11,-0.06,0,0.94,0.04,-0.05,0,0.07,0.15,-0.149,0,[Fe/H],,,,,4.5,0.05,-0.11,0,4.57,5.16,-2.88,0,,,,,,,,,,,,,,,,,587.91,7.191,-7.022,1.67234,0.0204034,-0.0204034
Kepler-493 b,Kepler-493,b,1,1,1,Transit,0,3.00387658,9.9E-07,-9.9E-07,0,,,,,15.13,5,-2.55,0,1.35,0.446,-0.227,0,,,,,,,,,,,,,,,,,,,,,,,,,,,,,,,,,,,,,,,,,,,,,,,,,,,,,,,,,,,,,3.2585,0.0133,-0.0133,0,,,,,0.08962,0.0004,-0.00025,0,,,,,,,,,,,,,,,,,,,,,,,,,6457,210.24,-229.75,0,1.54,0.51,-0.26,0,1.36,0.16,-0.14,0,0.11,0.153,-0.133,0,[Fe/H],,,,,4.19,0.12,-0.2,0,2,0.721,-0.533,0,,,,,,,,,,,,,,,,,1745.77,77.56,-71.33,0.545032,0.0241947,-0.0241947
Kepler-494 b,Kepler-494,b,1,1,1,Transit,0,8.02511821,2.27E-06,-2.27E-06,0,,,,,7.14,1.32,-1,0,0.637,0.118,-0.089,0,,,,,,,,,,,,,,,,,,,,,,,,,,,,,,,,,,,,,,,,,,,,,,,,,,,,,,,,,,,,,5.3189,0.0172,-0.0172,0,,,,,0.05225,0.00016,-0.00034,0,,,,,,,,,,,,,,,,,,,,,,,,,6007,105.19,-100.66,0,1.26,0.23,-0.18,0,1.1,0.07,-0.06,0,0.02,0.084,-0.099,0,[Fe/H],,,,,4.28,0.12,-0.12,0,4.79,1.41,-1.74,0,,,,,,,,,,,,,,,,,750.177,,,,,
Kepler-495 b,Kepler-495,b,1,1,1,Transit,0,3.41303622,6E-07,-6E-07,0,,,,,5.23,0.42,-0.34,0,0.467,0.037,-0.03,0,,,,,,,,,,,,,,,,,,,,,,,,,,,,,,,,,,,,,,,,,,,,,,,,,,,,,,,,,,,,,2.60753,0.00633,-0.00633,0,,,,,0.05834,0.00027,-8E-05,0,,,,,,,,,,,,,,,,,,,,,,,,,5346,128.17,-91.17,0,0.83,0.07,-0.05,0,0.86,0.04,-0.05,0,-0.07,0.153,-0.173,0,[Fe/H],,,,,4.55,0.04,-0.08,0,4.37,5.96,-2.7,0,,,,,,,,,,,,,,,,,658.924,8.899,-8.67,1.48896,0.0200775,-0.0200775
Kepler-496 b,Kepler-496,b,1,1,1,Transit,0,8.30864937,1.09E-05,-1.09E-05,0,,,,,2.32,0.19,-0.14,0,0.207,0.017,-0.012,0,,,,,,,,,,,,,,,,,,,,,,,,,,,,,,,,,,,,,,,,,,,,,,,,,,,,,,,,,,,,,3.221,0.0323,-0.0323,0,,,,,0.02637,0.00057,-0.00031,0,,,,,,,,,,,,,,,,,,,,,,,,,5293,81.95,-98.03,0,0.82,0.06,-0.05,0,0.86,0.04,-0.05,0,-0.03,0.149,-0.172,0,[Fe/H],,,,,4.55,0.04,-0.07,0,4.57,6.27,-2.8,0,,,,,,,,,,,,,,,,,605.274,8.821,-8.821,1.62366,0.023892,-0.023892
Kepler-497 b,Kepler-497,b,1,1,1,Transit,0,3.57320367,9.1E-07,-9.1E-07,0,,,,,6.04,1.58,-0.66,0,0.539,0.141,-0.059,0,,,,,,,,,,,,,,,,,,,,,,,,,,,,,,,,,,,,,,,,,,,,,,,,,,,,,,,,,,,,,2.8837,0.0121,-0.0121,0,,,,,0.05049,0.0005,-0.00025,0,,,,,,,,,,,,,,,,,,,,,,,,,5834,110.98,-141.15,0,1.11,0.29,-0.12,0,1.09,0.1,-0.06,0,0.24,0.113,-0.175,0,[Fe/H],,,,,4.39,0.08,-0.18,0,3.55,1.87,-1.94,0,,,,,,,,,,,,,,,,,1291.98,,,,,
Kepler-498 b,Kepler-498,b,1,1,1,Transit,0,9.61375356,1.173E-05,-1.173E-05,0,,,,,3.03,0.5,-0.34,0,0.27,0.045,-0.03,0,,,,,,,,,,,,,,,,,,,,,,,,,,,,,,,,,,,,,,,,,,,,,,,,,,,,,,,,,,,,,4.7305,0.0399,-0.0399,0,,,,,0.02857,0.00049,-0.00226,0,,,,,,,,,,,,,,,,,,,,,,,,,5744,144.47,-96.94,0,0.96,0.16,-0.08,0,0.98,0.06,-0.06,0,-0.04,0.145,-0.175,0,[Fe/H],,,,,4.47,0.06,-0.13,0,3.89,3.61,-2.2,0,,,,,,,,,,,,,,,,,938.844,15.993,-15.993,1.03644,0.018004,-0.018004
Kepler-499 b,Kepler-499,b,1,1,1,Transit,0,5.63252845,5.75E-06,-5.75E-06,0,,,,,2.17,0.25,-0.16,0,0.194,0.022,-0.014,0,,,,,,,,,,,,,,,,,,,,,,,,,,,,,,,,,,,,,,,,,,,,,,,,,,,,,,,,,,,,,2.153,0.0278,-0.0278,0,,,,,0.02397,0.00193,-0.00098,0,,,,,,,,,,,,,,,,,,,,,,,,,5312,140.65,-145.28,0,0.83,0.07,-0.05,0,0.87,0.05,-0.05,0,0,0.148,-0.173,0,[Fe/H],,,,,4.55,0.04,-0.08,0,4.57,6.34,-2.85,0,,,,,,,,,,,,,,,,,556.726,6.914,-6.749,1.76765,0.0218725,-0.0218725
Kepler-5 b,Kepler-5,b,1,1,1,Transit,0,3.5484657,7E-07,-7E-07,0,0.0538,0.0015,-0.0021,0,15.984,0.404,-0.572,0,1.426,0.036,-0.051,0,670.93913,21.29461,-27.33338,0,2.111,0.067,-0.086,0,,,,,,,,,,,,,,,,,670.93913,21.29461,-27.33338,0,2.111,0.067,-0.086,0,0.4,0.5,-0.5,0,,,,,,,,,1750,20,-20,0,89.14,0.44,-0.32,0,0.0968,0.035,-0.049,0,,,,,,,,,6.45,0.021,-0.025,0,0.07996,9E-05,-7E-05,0,0.00186,0.00051,-0.00053,0,,,,,,,,,227.5,2.8,-2.8,0,,,,,,,,,6297,60,-60,0,1.79,0.04,-0.06,0,1.37,0.04,-0.06,0,0.04,0.06,-0.06,0,[Fe/H],,,,,3.96,0.1,-0.1,0,,,,,,,,,,,,,,,,,,,,,899.777,16.774,-16.181,1.08294,0.0201913,-0.0201913
Kepler-500 b,Kepler-500,b,1,1,1,Transit,0,8.5083244,9.11E-06,-9.11E-06,0,,,,,2.58,0.25,-0.17,0,0.23,0.022,-0.015,0,,,,,,,,,,,,,,,,,,,,,,,,,,,,,,,,,,,,,,,,,,,,,,,,,,,,,,,,,,,,,3.5033,0.0298,-0.0298,0,,,,,0.02324,0.00044,-0.00018,0,,,,,,,,,,,,,,,,,,,,,,,,,5813,100.75,-97.3,0,1.03,0.1,-0.07,0,1.02,0.04,-0.04,0,0.03,0.092,-0.101,0,[Fe/H],,,,,4.42,0.06,-0.08,0,4.37,2.57,-2.29,0,,,,,,,,,,,,,,,,,807.48,12.123,-12.123,1.20983,0.0184482,-0.0184482
Kepler-501 b,Kepler-501,b,1,1,1,Transit,0,5.64067757,3.78E-06,-3.78E-06,0,,,,,4.3,0.69,-0.46,0,0.384,0.062,-0.041,0,,,,,,,,,,,,,,,,,,,,,,,,,,,,,,,,,,,,,,,,,,,,,,,,,,,,,,,,,,,,,2.9016,0.0359,-0.0359,0,,,,,0.03808,0.00028,-0.00191,0,,,,,,,,,,,,,,,,,,,,,,,,,5904,207.83,-126.78,0,1.04,0.17,-0.1,0,1.03,0.08,-0.06,0,-0.03,0.14,-0.171,0,[Fe/H],,,,,4.42,0.07,-0.11,0,3.31,2.65,-1.69,0,,,,,,,,,,,,,,,,,1125.24,27.06,-25.85,0.860396,0.0207232,-0.0207232
Kepler-502 b,Kepler-502,b,1,1,1,Transit,0,4.28686431,3.22E-06,-3.22E-06,0,,,,,4.77,1.46,-0.66,0,0.426,0.13,-0.059,0,,,,,,,,,,,,,,,,,,,,,,,,,,,,,,,,,,,,,,,,,,,,,,,,,,,,,,,,,,,,,4.4231,0.0661,-0.0661,0,,,,,0.03614,0.00025,-0.00187,0,,,,,,,,,,,,,,,,,,,,,,,,,6125,113.77,-154.49,0,1.22,0.37,-0.16,0,1.15,0.13,-0.09,0,0.05,0.138,-0.155,0,[Fe/H],,,,,4.33,0.1,-0.19,0,3.09,1.31,-1.34,0,,,,,,,,,,,,,,,,,1591.04,55.17,-51.65,0.599806,0.0209331,-0.0209331
Kepler-505 b,Kepler-505,b,1,1,1,Transit,0,27.52197994,3.295E-05,-3.295E-05,0,,,,,2.6,0.11,-0.09,0,0.232,0.01,-0.008,0,,,,,,,,,,,,,,,,,,,,,,,,,,,,,,,,,,,,,,,,,,,,,,,,,,,,,,,,,,,,,4.0704,0.0389,-0.0389,0,,,,,0.04501,0.00069,-0.00044,0,,,,,,,,,,,,,,,,,,,,,,,,,3931,48.32,-40.61,0,0.53,0.02,-0.02,0,0.55,0.02,-0.02,0,-0.19,0.089,-0.084,0,[Fe/H],,,,,4.73,0.02,-0.02,0,3.16,4.53,-1.59,0,,,,,,,,,,,,,,,,,283.41,1.792,-1.792,3.49969,0.0221407,-0.0221407
Kepler-506 b,Kepler-506,b,1,1,1,Transit,0,6.8834055,3.15E-06,-3.15E-06,0,,,,,2.73,0.06,-0.06,0,0.244,0.005,-0.005,0,,,,,,,,,,,,,,,,,,,,,,,,,,,,,,,,,,,,,,,,,,,,,,,,,,,,,,,,,,,,,2.0651,0.0126,-0.0126,0,,,,,0.0206,0.00019,-0.00013,0,,,,,,,,,,,,,,,,,,,,,,,,,6236,57.77,-58.08,0,1.19,0.02,-0.02,0,1.19,0.03,-0.03,0,0.09,0.081,-0.086,0,[Fe/H],,,,,4.36,0.01,-0.01,0,1.74,0.543,-0.407,0,,,,,,,,,,,,,,,,,228.439,1.353,-1.338,4.3488,0.0255924,-0.0255924
Kepler-507 b,Kepler-507,b,1,1,1,Transit,0,3.56809693,7.07E-06,-7.07E-06,0,,,,,1.3,0.24,-0.17,0,0.116,0.021,-0.015,0,,,,,,,,,,,,,,,,,,,,,,,,,,,,,,,,,,,,,,,,,,,,,,,,,,,,,,,,,,,,,3.2455,0.0482,-0.0482,0,,,,,0.0092,0.00024,-0.00017,0,,,,,,,,,,,,,,,,,,,,,,,,,6113,66.08,-67.92,0,1.32,0.24,-0.17,0,1.16,0.07,-0.05,0,0.06,0.081,-0.076,0,[Fe/H],,,,,4.26,0.11,-0.12,0,3.8,0.96,-1.26,0,,,,,,,,,,,,,,,,,391.644,3.246,-3.195,2.52462,0.0208355,-0.0208355
Kepler-508 b,Kepler-508,b,1,1,1,Transit,0,25.30889748,5.747E-05,-5.747E-05,0,,,,,1.64,0.26,-0.19,0,0.146,0.023,-0.017,0,,,,,,,,,,,,,,,,,,,,,,,,,,,,,,,,,,,,,,,,,,,,,,,,,,,,,,,,,,,,,5.6829,0.0578,-0.0578,0,,,,,0.01221,1E-05,-0.00077,0,,,,,,,,,,,,,,,,,,,,,,,,,6025,95.04,-99.94,0,1.25,0.2,-0.12,0,1.16,0.06,-0.05,0,0.18,0.091,-0.087,0,[Fe/H],,,,,4.3,0.09,-0.11,0,3.55,1.19,-1.58,0,,,,,,,,,,,,,,,,,324.618,2.548,-2.509,3.05187,0.0238153,-0.0238153
Kepler-509 b,Kepler-509,b,1,1,1,Transit,0,41.74600392,4.444E-05,-4.444E-05,0,,,,,2.49,0.06,-0.06,0,0.222,0.005,-0.005,0,,,,,,,,,,,,,,,,,,,,,,,,,,,,,,,,,,,,,,,,,,,,,,,,,,,,,,,,,,,,,4.6058,0.0289,-0.0289,0,,,,,0.01871,0.00025,-0.00015,0,,,,,,,,,,,,,,,,,,,,,,,,,6060,69.98,-63.4,0,1.2,0.03,-0.03,0,1.1,0.04,-0.04,0,0.01,0.083,-0.083,0,[Fe/H],,,,,4.32,0.01,-0.01,0,4.27,0.8,-0.76,0,,,,,,,,,,,,,,,,,332.443,3.781,-3.698,2.97963,0.033579,-0.033579
Kepler-510 b,Kepler-510,b,1,1,1,Transit,0,19.55659418,3.606E-05,-3.606E-05,0,,,,,2.47,0.23,-0.12,0,0.22,0.021,-0.011,0,,,,,,,,,,,,,,,,,,,,,,,,,,,,,,,,,,,,,,,,,,,,,,,,,,,,,,,,,,,,,8.0855,0.0615,-0.0615,0,,,,,0.01647,0.00136,-0.00061,0,,,,,,,,,,,,,,,,,,,,,,,,,5746,66.6,-58.76,0,1.41,0.06,-0.05,0,0.91,0.06,-0.05,0,-0.35,0.095,-0.079,0,[Fe/H],,,,,4.09,0.01,-0.01,0,10.47,2.3,-2.1,0,,,,,,,,,,,,,,,,,386.177,3.778,-3.707,2.56086,0.0249033,-0.0249033
Kepler-511 b,Kepler-511,b,1,1,1,Transit,0,296.637865,0.0004472,-0.0004472,0,,,,,6.35,1.4,-1.02,0,0.567,0.125,-0.091,0,,,,,,,,,,,,,,,,,,,,,,,,,,,,,,,,,,,,,,,,,,,,,,,,,,,,,,,,,,,,,16.2231,0.0546,-0.0546,0,,,,,0.04844,0.00016,-0.0003,0,,,,,,,,,,,,,,,,,,,,,,,,,5770,52.35,-56.66,0,1.2,0.32,-0.19,0,1,0.06,-0.06,0,0.01,0.071,-0.153,0,[Fe/H],,,,,4.28,0.14,-0.17,0,7.94,1.3,-1.99,0,,,,,,,,,,,,,,,,,651.999,10.462,-10.143,1.5052,0.0240477,-0.0240477
Kepler-512 b,Kepler-512,b,1,1,1,Transit,0,34.43587975,8.258E-05,-8.258E-05,0,,,,,2.69,0.49,-0.31,0,0.24,0.044,-0.028,0,,,,,,,,,,,,,,,,,,,,,,,,,,,,,,,,,,,,,,,,,,,,,,,,,,,,,,,,,,,,,5.8266,0.0645,-0.0645,0,,,,,0.01881,0.0004,-0.00026,0,,,,,,,,,,,,,,,,,,,,,,,,,5997,75.84,-67.77,0,1.3,0.24,-0.15,0,1.17,0.07,-0.05,0,0.22,0.082,-0.076,0,[Fe/H],,,,,4.28,0.1,-0.12,0,3.72,1,-1.5,0,,,,,,,,,,,,,,,,,467.375,4.888,-4.789,2.11098,0.0219826,-0.0219826
Kepler-513 b,Kepler-513,b,1,1,1,Transit,0,28.86235584,6.735E-05,-6.735E-05,0,,,,,2.2,0.31,-0.2,0,0.196,0.028,-0.018,0,,,,,,,,,,,,,,,,,,,,,,,,,,,,,,,,,,,,,,,,,,,,,,,,,,,,,,,,,,,,,5.2042,0.0644,-0.0644,0,,,,,0.01929,0.00056,-0.0003,0,,,,,,,,,,,,,,,,,,,,,,,,,5849,61.71,-55.43,0,1.06,0.15,-0.1,0,1.02,0.04,-0.04,0,-0.01,0.096,-0.112,0,[Fe/H],,,,,4.39,0.09,-0.11,0,5.5,1.9,-3.01,0,,,,,,,,,,,,,,,,,468.258,4.529,-4.443,2.10685,0.0203041,-0.0203041
Kepler-516 b,Kepler-516,b,1,1,1,Transit,0,24.85462415,2.819E-05,-2.819E-05,0,,,,,5.74,1.43,-1.16,0,0.512,0.128,-0.103,0,,,,,,,,,,,,,,,,,,,,,,,,,,,,,,,,,,,,,,,,,,,,,,,,,,,,,,,,,,,,,8.9587,0.0638,-0.0638,0,,,,,0.0261,6E-05,-0.00077,0,,,,,,,,,,,,,,,,,,,,,,,,,7099,172.5,-234.72,0,2.02,0.5,-0.41,0,1.62,0.18,-0.17,0,0.01,0.157,-0.159,0,[Fe/H],,,,,4.04,0.14,-0.15,0,1.32,0.28,-0.19,0,,,,,,,,,,,,,,,,,687.094,14.115,-13.567,1.42739,0.0290798,-0.0290798
Kepler-518 b,Kepler-518,b,1,1,1,Transit,0,8.51203588,4.5E-06,-4.5E-06,0,,,,,2.11,0.05,-0.05,0,0.188,0.004,-0.004,0,,,,,,,,,,,,,,,,,,,,,,,,,,,,,,,,,,,,,,,,,,,,,,,,,,,,,,,,,,,,,2.1916,0.0158,-0.0158,0,,,,,0.022,0.0003,-0.00011,0,,,,,,,,,,,,,,,,,,,,,,,,,5842,57.63,-51.77,0,0.88,0.02,-0.02,0,0.96,0.02,-0.02,0,-0.23,0.079,-0.083,0,[Fe/H],,,,,4.53,0.01,-0.01,0,1.35,0.47,-0.24,0,,,,,,,,,,,,,,,,,337.901,2.922,-2.874,2.9308,0.0251919,-0.0251919
Kepler-521 b,Kepler-521,b,1,1,1,Transit,0,22.20813214,4.013E-05,-4.013E-05,0,,,,,3.18,0.31,-0.23,0,0.284,0.028,-0.021,0,,,,,,,,,,,,,,,,,,,,,,,,,,,,,,,,,,,,,,,,,,,,,,,,,,,,,,,,,,,,,7.3225,0.0418,-0.0418,0,,,,,0.01997,0.00022,-0.00016,0,,,,,,,,,,,,,,,,,,,,,,,,,6406,90.67,-86.67,0,1.46,0.14,-0.11,0,1.34,0.06,-0.06,0,0.25,0.078,-0.084,0,[Fe/H],,,,,4.24,0.05,-0.07,0,1.78,0.632,-0.499,0,,,,,,,,,,,,,,,,,830.638,14.349,-13.879,1.17542,0.0202956,-0.0202956
Kepler-522 b,Kepler-522,b,1,1,1,Transit,0,38.58422849,4.568E-05,-4.568E-05,0,,,,,6.91,1.5,-1.21,0,0.616,0.134,-0.108,0,,,,,,,,,,,,,,,,,,,,,,,,,,,,,,,,,,,,,,,,,,,,,,,,,,,,,,,,,,,,,10.3683,0.031,-0.031,0,,,,,0.0323,0.00023,-7E-05,0,,,,,,,,,,,,,,,,,,,,,,,,,6392,72.53,-64.51,0,1.98,0.43,-0.35,0,1.54,0.14,-0.11,0,0.41,0.038,-0.039,0,[Fe/H],,,,,4.04,0.13,-0.13,0,1.7,0.23,-0.25,0,,,,,,,,,,,,,,,,,639.239,10.417,-10.093,1.53586,0.0249015,-0.0249015
Kepler-523 b,Kepler-523,b,1,1,1,Transit,0,5.83598311,4.66E-06,-4.66E-06,0,,,,,1.96,0.08,-0.06,0,0.175,0.007,-0.005,0,,,,,,,,,,,,,,,,,,,,,,,,,,,,,,,,,,,,,,,,,,,,,,,,,,,,,,,,,,,,,2.0601,0.0276,-0.0276,0,,,,,0.02111,0.00066,-0.00025,0,,,,,,,,,,,,,,,,,,,,,,,,,5515,51.74,-48.73,0,0.86,0.02,-0.03,0,0.93,0.03,-0.03,0,-0.03,0.095,-0.109,0,[Fe/H],,,,,4.54,0.01,-0.02,0,2.45,1.76,-1.02,0,,,,,,,,,,,,,,,,,253.295,1.633,-1.613,3.91923,0.0251049,-0.0251049
Kepler-525 b,Kepler-525,b,1,1,1,Transit,0,18.68404933,5.589E-05,-5.589E-05,0,,,,,2.63,0.38,-0.52,0,0.235,0.034,-0.046,0,,,,,,,,,,,,,,,,,,,,,,,,,,,,,,,,,,,,,,,,,,,,,,,,,,,,,,,,,,,,,6.907,0.115,-0.115,0,,,,,0.02094,0.00058,-0.00245,0,,,,,,,,,,,,,,,,,,,,,,,,,5573,77.72,-79.46,0,1.15,0.16,-0.18,0,0.95,0.04,-0.04,0,0.11,0.085,-0.082,0,[Fe/H],,,,,4.29,0.15,-0.1,0,10.47,2.2,-4.47,0,,,,,,,,,,,,,,,,,992.852,15.738,-15.263,0.978491,0.0156037,-0.0156037
Kepler-526 b,Kepler-526,b,1,1,1,Transit,0,5.45849832,9.07E-06,-9.07E-06,0,,,,,1.99,0.16,-0.17,0,0.178,0.014,-0.015,0,,,,,,,,,,,,,,,,,,,,,,,,,,,,,,,,,,,,,,,,,,,,,,,,,,,,,,,,,,,,,4.0346,0.0395,-0.0395,0,,,,,0.01583,0.00087,-0.00108,0,,,,,,,,,,,,,,,,,,,,,,,,,5894,80.86,-84.44,0,1.14,0.07,-0.06,0,1.15,0.04,-0.04,0,0.34,0.07,-0.069,0,[Fe/H],,,,,4.38,0.04,-0.05,0,2.14,1.31,-0.832,0,,,,,,,,,,,,,,,,,666.146,8.142,-7.952,1.4725,0.0179947,-0.0179947
Kepler-527 b,Kepler-527,b,1,1,1,Transit,0,13.28535633,2.409E-05,-2.409E-05,0,,,,,2.84,1.35,-0.46,0,0.253,0.12,-0.041,0,,,,,,,,,,,,,,,,,,,,,,,,,,,,,,,,,,,,,,,,,,,,,,,,,,,,,,,,,,,,,6.1801,0.0486,-0.0486,0,,,,,0.01808,0.00029,-0.00016,0,,,,,,,,,,,,,,,,,,,,,,,,,6388,115.33,-136.67,0,1.45,0.69,-0.24,0,1.28,0.22,-0.12,0,0.03,0.122,-0.16,0,[Fe/H],,,,,4.22,0.12,-0.26,0,2.4,0.727,-0.685,0,,,,,,,,,,,,,,,,,750.04,7.677,-7.526,1.30442,0.0134099,-0.0134099
Kepler-528 b,Kepler-528,b,1,1,1,Transit,0,19.78297415,6.532E-05,-6.532E-05,0,,,,,2.08,0.29,-0.19,0,0.186,0.026,-0.017,0,,,,,,,,,,,,,,,,,,,,,,,,,,,,,,,,,,,,,,,,,,,,,,,,,,,,,,,,,,,,,5.4661,0.0781,-0.0781,0,,,,,0.01789,0.00049,-0.00023,0,,,,,,,,,,,,,,,,,,,,,,,,,5807,96.43,-81.11,0,1.06,0.15,-0.1,0,1.01,0.04,-0.04,0,0.02,0.09,-0.098,0,[Fe/H],,,,,4.39,0.09,-0.1,0,5.5,2.3,-2.97,0,,,,,,,,,,,,,,,,,784.23,9.736,-9.736,1.24639,0.0157095,-0.0157095
Kepler-531 b,Kepler-531,b,1,1,1,Transit,0,29.88485741,3.246E-05,-3.246E-05,0,,,,,2.78,0.08,-0.19,0,0.248,0.007,-0.017,0,,,,,,,,,,,,,,,,,,,,,,,,,,,,,,,,,,,,,,,,,,,,,,,,,,,,,,,,,,,,,4.5608,0.0386,-0.0386,0,,,,,0.0339,3E-05,-0.00203,0,,,,,,,,,,,,,,,,,,,,,,,,,4893,47.74,-49.34,0,0.75,0.02,-0.02,0,0.78,0.03,-0.03,0,-0.03,0.103,-0.106,0,[Fe/H],,,,,4.58,0.03,-0.03,0,7.76,4.65,-4.9,0,,,,,,,,,,,,,,,,,252.762,0.822,-0.816,3.92736,0.0127196,-0.0127196
Kepler-532 b,Kepler-532,b,1,1,1,Transit,0,12.92491623,1.23E-05,-1.23E-05,0,,,,,2.57,0.21,-0.14,0,0.229,0.019,-0.012,0,,,,,,,,,,,,,,,,,,,,,,,,,,,,,,,,,,,,,,,,,,,,,,,,,,,,,,,,,,,,,2.6225,0.0307,-0.0307,0,,,,,0.02976,0.00229,-0.00148,0,,,,,,,,,,,,,,,,,,,,,,,,,5192,82.8,-82.15,0,0.79,0.02,-0.02,0,0.87,0.03,-0.03,0,0,0.107,-0.105,0,[Fe/H],,,,,4.58,0.01,-0.01,0,2,1.35,-0.621,0,,,,,,,,,,,,,,,,,312.798,1.951,-1.928,3.16817,0.0196719,-0.0196719
Kepler-533 b,Kepler-533,b,1,1,1,Transit,0,28.51120525,2.321E-05,-2.321E-05,0,,,,,3.38,0.08,-0.32,0,0.302,0.007,-0.029,0,,,,,,,,,,,,,,,,,,,,,,,,,,,,,,,,,,,,,,,,,,,,,,,,,,,,,,,,,,,,,4.5784,0.0528,-0.0528,0,,,,,0.04318,0.00068,-0.00397,0,,,,,,,,,,,,,,,,,,,,,,,,,4758,53.5,-40.01,0,0.72,0.01,-0.02,0,0.78,0.02,-0.03,0,0.01,0.104,-0.101,0,[Fe/H],,,,,4.61,0.01,-0.01,0,3.24,2.75,-1.53,0,,,,,,,,,,,,,,,,,302.955,1.4395,-1.4395,3.27194,0.0155683,-0.0155683
Kepler-534 b,Kepler-534,b,1,1,1,Transit,0,15.95994513,2.216E-05,-2.216E-05,0,,,,,2.24,0.08,-0.07,0,0.2,0.007,-0.006,0,,,,,,,,,,,,,,,,,,,,,,,,,,,,,,,,,,,,,,,,,,,,,,,,,,,,,,,,,,,,,4.3653,0.0358,-0.0358,0,,,,,0.02126,0.00037,-0.00022,0,,,,,,,,,,,,,,,,,,,,,,,,,5884,73.37,-76.49,0,0.98,0.03,-0.03,0,1.05,0.03,-0.03,0,0.01,0.08,-0.081,0,[Fe/H],,,,,4.48,0.02,-0.02,0,1.58,0.664,-0.329,0,,,,,,,,,,,,,,,,,570.659,11.599,-11.155,1.72438,0.0346572,-0.0346572
Kepler-535 b,Kepler-535,b,1,1,1,Transit,0,4.90332155,4.54E-06,-4.54E-06,0,,,,,2.36,0.33,-0.21,0,0.211,0.029,-0.019,0,,,,,,,,,,,,,,,,,,,,,,,,,,,,,,,,,,,,,,,,,,,,,,,,,,,,,,,,,,,,,2.8699,0.025,-0.025,0,,,,,0.01696,0.00026,-0.00019,0,,,,,,,,,,,,,,,,,,,,,,,,,6123,74.81,-69.56,0,1.27,0.18,-0.11,0,1.18,0.06,-0.04,0,0.13,0.082,-0.075,0,[Fe/H],,,,,4.3,0.08,-0.1,0,3.24,0.857,-1.28,0,,,,,,,,,,,,,,,,,685.599,5.968,-5.868,1.42973,0.0124949,-0.0124949
Kepler-536 b,Kepler-536,b,1,1,1,Transit,0,1.8270823,4.4E-07,-4.4E-07,0,,,,,3.1,0.38,-0.22,0,0.277,0.034,-0.02,0,,,,,,,,,,,,,,,,,,,,,,,,,,,,,,,,,,,,,,,,,,,,,,,,,,,,,,,,,,,,,1.95666,0.00805,-0.00805,0,,,,,0.03199,0.00022,-0.00014,0,,,,,,,,,,,,,,,,,,,,,,,,,5524,91.48,-143.16,0,0.89,0.11,-0.06,0,0.92,0.05,-0.06,0,0,0.147,-0.178,0,[Fe/H],,,,,4.51,0.05,-0.11,0,4.79,5.61,-3.04,0,,,,,,,,,,,,,,,,,462.322,15.184,-15.184,2.13772,0.0703921,-0.0703921
Kepler-537 b,Kepler-537,b,1,1,1,Transit,0,3.24755522,5.26E-06,-5.26E-06,0,,,,,1.41,0.06,-0.04,0,0.126,0.005,-0.004,0,,,,,,,,,,,,,,,,,,,,,,,,,,,,,,,,,,,,,,,,,,,,,,,,,,,,,,,,,,,,,2.4836,0.0415,-0.0415,0,,,,,0.01312,0.00044,-0.00018,0,,,,,,,,,,,,,,,,,,,,,,,,,5763,62.32,-50.52,0,0.99,0.03,-0.03,0,1.07,0.03,-0.03,0,0.23,0.062,-0.057,0,[Fe/H],,,,,4.47,0.02,-0.02,0,1.45,0.712,-0.329,0,,,,,,,,,,,,,,,,,439.4,2.398,-2.372,2.24693,0.01226,-0.01226
Kepler-540 b,Kepler-540,b,1,1,1,Transit,0,172.7049784,0.0005356,-0.0005356,0,,,,,2.71,0.38,-0.26,0,0.242,0.034,-0.023,0,,,,,,,,,,,,,,,,,,,,,,,,,,,,,,,,,,,,,,,,,,,,,,,,,,,,,,,,,,,,,11.2793,0.075,-0.075,0,,,,,0.02294,0.00039,-0.00028,0,,,,,,,,,,,,,,,,,,,,,,,,,5946,77.07,-63.84,0,1.08,0.15,-0.1,0,1.02,0.06,-0.05,0,-0.1,0.111,-0.124,0,[Fe/H],,,,,4.38,0.09,-0.11,0,4.9,1.83,-2.7,0,,,,,,,,,,,,,,,,,390.374,3.992,-3.914,2.53306,0.0257423,-0.0257423
Kepler-541 b,Kepler-541,b,1,1,1,Transit,0,5.08005848,1.338E-05,-1.338E-05,0,,,,,3.36,0.58,-0.56,0,0.3,0.052,-0.05,0,,,,,,,,,,,,,,,,,,,,,,,,,,,,,,,,,,,,,,,,,,,,,,,,,,,,,,,,,,,,,5.2587,0.0675,-0.0675,0,,,,,0.01474,0.00106,-0.00071,0,,,,,,,,,,,,,,,,,,,,,,,,,6166,102.75,-99.75,0,2.06,0.32,-0.33,0,1.41,0.12,-0.16,0,0.07,0.104,-0.057,0,[Fe/H],,,,,3.96,0.11,-0.09,0,3.09,1.09,-0.61,0,,,,,,,,,,,,,,,,,1060.68,16.64,-16.14,0.914114,0.0144535,-0.0144535
Kepler-542 b,Kepler-542,b,1,1,1,Transit,0,13.14497566,3.491E-05,-3.491E-05,0,,,,,1.57,0.1,-0.11,0,0.14,0.009,-0.01,0,,,,,,,,,,,,,,,,,,,,,,,,,,,,,,,,,,,,,,,,,,,,,,,,,,,,,,,,,,,,,3.5964,0.0708,-0.0708,0,,,,,0.01647,7E-05,-0.00082,0,,,,,,,,,,,,,,,,,,,,,,,,,5526,76.12,-59.55,0,0.9,0.06,-0.04,0,0.93,0.04,-0.04,0,0.02,0.102,-0.102,0,[Fe/H],,,,,4.5,0.04,-0.06,0,4.57,3.67,-2.66,0,,,,,,,,,,,,,,,,,436.016,3.23,-3.184,2.2647,0.0167436,-0.0167436
Kepler-543 b,Kepler-543,b,1,1,1,Transit,0,13.89961966,1.102E-05,-1.102E-05,0,,,,,2.5,0.12,-0.26,0,0.223,0.011,-0.023,0,,,,,,,,,,,,,,,,,,,,,,,,,,,,,,,,,,,,,,,,,,,,,,,,,,,,,,,,,,,,,3.5633,0.0539,-0.0539,0,,,,,0.03351,9E-05,-0.00336,0,,,,,,,,,,,,,,,,,,,,,,,,,4671,85.64,-76.72,0,0.67,0.03,-0.03,0,0.7,0.05,-0.04,0,-0.19,0.148,-0.109,0,[Fe/H],,,,,4.63,0.02,-0.02,0,5.75,6.3,-4.27,0,,,,,,,,,,,,,,,,,221.802,1.036,-1.027,4.4797,0.0208061,-0.0208061
Kepler-544 b,Kepler-544,b,1,1,1,Transit,0,21.41616926,8.095E-05,-8.095E-05,0,,,,,2.12,0.19,-0.14,0,0.189,0.017,-0.012,0,,,,,,,,,,,,,,,,,,,,,,,,,,,,,,,,,,,,,,,,,,,,,,,,,,,,,,,,,,,,,7.089,0.102,-0.102,0,,,,,0.01625,0.00043,-0.00034,0,,,,,,,,,,,,,,,,,,,,,,,,,6206,68.1,-58.72,0,1.22,0.11,-0.08,0,1.16,0.04,-0.04,0,0.02,0.078,-0.077,0,[Fe/H],,,,,4.33,0.05,-0.07,0,2.63,0.959,-0.944,0,,,,,,,,,,,,,,,,,963.18,13.6765,-13.6765,1.00953,0.0146277,-0.0146277
Kepler-545 b,Kepler-545,b,1,1,1,Transit,0,13.24934059,2.104E-05,-2.104E-05,0,,,,,2.69,0.3,-0.21,0,0.24,0.027,-0.019,0,,,,,,,,,,,,,,,,,,,,,,,,,,,,,,,,,,,,,,,,,,,,,,,,,,,,,,,,,,,,,4.4634,0.0534,-0.0534,0,,,,,0.02342,0.0004,-0.00064,0,,,,,,,,,,,,,,,,,,,,,,,,,5882,77.41,-64.41,0,1.07,0.12,-0.08,0,1.04,0.04,-0.04,0,0.03,0.09,-0.089,0,[Fe/H],,,,,4.39,0.07,-0.09,0,4.47,1.92,-2.27,0,,,,,,,,,,,,,,,,,818.001,12.451,-12.09,1.19383,0.0181972,-0.0181972
Kepler-546 b,Kepler-546,b,1,1,1,Transit,0,4.14702026,8.8E-07,-8.8E-07,0,,,,,7,1.93,-0.77,0,0.624,0.172,-0.069,0,,,,,,,,,,,,,,,,,,,,,,,,,,,,,,,,,,,,,,,,,,,,,,,,,,,,,,,,,,,,,2.8969,0.0114,-0.0114,0,,,,,0.05644,0.0005,-0.00012,0,,,,,,,,,,,,,,,,,,,,,,,,,5967,92.74,-130.13,0,1.15,0.32,-0.13,0,1.11,0.11,-0.07,0,0.14,0.156,-0.153,0,[Fe/H],,,,,4.36,0.09,-0.18,0,3.31,1.62,-1.6,0,,,,,,,,,,,,,,,,,1019.65,17.84,-17.25,0.951973,0.0167454,-0.0167454
Kepler-547 b,Kepler-547,b,1,1,1,Transit,0,6.01038429,1.57E-06,-1.57E-06,0,,,,,4,0.13,-0.31,0,0.357,0.012,-0.028,0,,,,,,,,,,,,,,,,,,,,,,,,,,,,,,,,,,,,,,,,,,,,,,,,,,,,,,,,,,,,,2.2243,0.0272,-0.0272,0,,,,,0.0499,0.00015,-0.00294,0,,,,,,,,,,,,,,,,,,,,,,,,,4828,40.1,-46.81,0,0.73,0.02,-0.04,0,0.78,0.03,-0.04,0,0.01,0.161,-0.179,0,[Fe/H],,,,,4.61,0.02,-0.03,0,2.88,6.53,-1.42,0,,,,,,,,,,,,,,,,,378.972,3.978,-3.896,2.61015,0.0272043,-0.0272043
Kepler-548 b,Kepler-548,b,1,1,1,Transit,0,4.45419434,3.8E-07,-3.8E-07,0,,,,,11.99,2.19,-1.1,0,1.07,0.195,-0.098,0,,,,,,,,,,,,,,,,,,,,,,,,,,,,,,,,,,,,,,,,,,,,,,,,,,,,,,,,,,,,,2.3198,0.0132,-0.0132,0,,,,,0.12221,0.00047,-0.00095,0,,,,,,,,,,,,,,,,,,,,,,,,,5535,265.27,-230.38,0,0.9,0.16,-0.08,0,0.93,0.09,-0.07,0,0,0.135,-0.169,0,[Fe/H],,,,,4.5,0.06,-0.13,0,4.37,5.08,-2.66,0,,,,,,,,,,,,,,,,,751.776,13.0105,-13.0105,1.3018,0.0228393,-0.0228393
Kepler-550 b,Kepler-550,b,1,1,1,Transit,0,8.60010411,4.25E-06,-4.25E-06,0,,,,,4.42,0.34,-0.27,0,0.394,0.03,-0.024,0,,,,,,,,,,,,,,,,,,,,,,,,,,,,,,,,,,,,,,,,,,,,,,,,,,,,,,,,,,,,,4.0251,0.0157,-0.0157,0,,,,,0.04866,0.00042,-0.00015,0,,,,,,,,,,,,,,,,,,,,,,,,,5322,98.03,-122.84,0,0.83,0.06,-0.05,0,0.87,0.04,-0.05,0,-0.02,0.152,-0.176,0,[Fe/H],,,,,4.55,0.04,-0.07,0,4.68,6.11,-2.88,0,,,,,,,,,,,,,,,,,531.944,4.874,-4.787,1.85114,0.0169403,-0.0169403
Kepler-551 b,Kepler-551,b,1,1,1,Transit,0,12.3764661,1.298E-05,-1.298E-05,0,,,,,2.73,0.25,-0.15,0,0.244,0.022,-0.013,0,,,,,,,,,,,,,,,,,,,,,,,,,,,,,,,,,,,,,,,,,,,,,,,,,,,,,,,,,,,,,2.7534,0.0472,-0.0472,0,,,,,0.04025,0.00331,-0.00188,0,,,,,,,,,,,,,,,,,,,,,,,,,4286,37.81,-34.92,0,0.63,0.02,-0.02,0,0.65,0.03,-0.03,0,-0.09,0.113,-0.094,0,[Fe/H],,,,,4.66,0.01,-0.01,0,3.8,4.77,-2.1,0,,,,,,,,,,,,,,,,,311.175,2.107,-2.08,3.18486,0.0214582,-0.0214582
Kepler-552 b,Kepler-552,b,1,1,1,Transit,0,5.26341577,2.9E-06,-2.9E-06,0,,,,,3.95,0.82,-0.57,0,0.352,0.073,-0.051,0,,,,,,,,,,,,,,,,,,,,,,,,,,,,,,,,,,,,,,,,,,,,,,,,,,,,,,,,,,,,,2.1778,0.0647,-0.0647,0,,,,,0.03453,1E-05,-0.00371,0,,,,,,,,,,,,,,,,,,,,,,,,,5863,103.85,-100.72,0,1.04,0.22,-0.1,0,1.03,0.06,-0.06,0,0.01,0.131,-0.171,0,[Fe/H],,,,,4.42,0.07,-0.16,0,3.89,2.9,-2.15,0,,,,,,,,,,,,,,,,,843.689,11.8035,-11.8035,1.1565,0.0164559,-0.0164559
Kepler-554 b,Kepler-554,b,1,1,1,Transit,0,1.90220856,4.1E-07,-4.1E-07,0,,,,,4.29,0.27,-0.21,0,0.383,0.024,-0.019,0,,,,,,,,,,,,,,,,,,,,,,,,,,,,,,,,,,,,,,,,,,,,,,,,,,,,,,,,,,,,,2.20773,0.0069,-0.0069,0,,,,,0.04349,0.0003,-9E-05,0,,,,,,,,,,,,,,,,,,,,,,,,,5447,76.54,-66.56,0,0.92,0.06,-0.04,0,0.93,0.04,-0.03,0,0.14,0.098,-0.095,0,[Fe/H],,,,,4.49,0.05,-0.06,0,5.62,3.95,-3.44,0,,,,,,,,,,,,,,,,,690.525,8.712,-8.502,1.41947,0.0179129,-0.0179129
Kepler-555 b,Kepler-555,b,1,1,1,Transit,0,16.21775407,2.89E-05,-2.89E-05,0,,,,,2.83,0.56,-0.29,0,0.252,0.05,-0.026,0,,,,,,,,,,,,,,,,,,,,,,,,,,,,,,,,,,,,,,,,,,,,,,,,,,,,,,,,,,,,,4.9296,0.0507,-0.0507,0,,,,,0.02547,0.00038,-0.00043,0,,,,,,,,,,,,,,,,,,,,,,,,,5894,117.98,-162.81,0,1.04,0.21,-0.1,0,1.03,0.07,-0.07,0,0,0.14,-0.173,0,[Fe/H],,,,,4.42,0.07,-0.15,0,3.89,2.6,-2.2,0,,,,,,,,,,,,,,,,,973.121,18.276,-17.626,0.998927,0.01881,-0.01881
Kepler-556 b,Kepler-556,b,1,1,1,Transit,0,11.72292176,2.381E-05,-2.381E-05,0,,,,,2.24,0.2,-0.12,0,0.2,0.018,-0.011,0,,,,,,,,,,,,,,,,,,,,,,,,,,,,,,,,,,,,,,,,,,,,,,,,,,,,,,,,,,,,,4.175,0.0522,-0.0522,0,,,,,0.02083,0.00054,-0.00034,0,,,,,,,,,,,,,,,,,,,,,,,,,5740,57.53,-49.06,0,0.98,0.08,-0.05,0,1,0.03,-0.04,0,0.03,0.101,-0.101,0,[Fe/H],,,,,4.46,0.04,-0.07,0,4.17,2.77,-2.22,0,,,,,,,,,,,,,,,,,674.598,9.132,-9.132,1.45375,0.0199124,-0.0199124
Kepler-557 b,Kepler-557,b,1,1,1,Transit,0,3.70598955,4.87E-06,-4.87E-06,0,,,,,2.67,0.8,-0.38,0,0.238,0.071,-0.034,0,,,,,,,,,,,,,,,,,,,,,,,,,,,,,,,,,,,,,,,,,,,,,,,,,,,,,,,,,,,,,5.1039,0.0461,-0.0461,0,,,,,0.02125,0.0001,-0.00053,0,,,,,,,,,,,,,,,,,,,,,,,,,6068,151.79,-199.33,0,1.16,0.35,-0.16,0,1.11,0.12,-0.09,0,0.02,0.129,-0.16,0,[Fe/H],,,,,4.35,0.1,-0.19,0,3.24,1.85,-1.45,0,,,,,,,,,,,,,,,,,2097.12,119.115,-119.115,0.448711,0.0264023,-0.0264023
Kepler-558 b,Kepler-558,b,1,1,1,Transit,0,29.00790538,8.906E-05,-8.906E-05,0,,,,,2.37,0.17,-0.14,0,0.211,0.015,-0.012,0,,,,,,,,,,,,,,,,,,,,,,,,,,,,,,,,,,,,,,,,,,,,,,,,,,,,,,,,,,,,,4.8259,0.0893,-0.0893,0,,,,,0.02688,0.00103,-0.0005,0,,,,,,,,,,,,,,,,,,,,,,,,,5242,93.27,-66.35,0,0.81,0.05,-0.05,0,0.85,0.04,-0.05,0,-0.06,0.147,-0.17,0,[Fe/H],,,,,4.56,0.03,-0.06,0,4.47,6.27,-2.72,0,,,,,,,,,,,,,,,,,661.876,10.066,-9.773,1.48227,0.0224692,-0.0224692
Kepler-559 b,Kepler-559,b,1,1,1,Transit,0,17.58752333,2.056E-05,-2.056E-05,0,,,,,3.61,0.64,-0.36,0,0.322,0.057,-0.032,0,,,,,,,,,,,,,,,,,,,,,,,,,,,,,,,,,,,,,,,,,,,,,,,,,,,,,,,,,,,,,4.3821,0.0435,-0.0435,0,,,,,0.03472,0.00039,-0.00075,0,,,,,,,,,,,,,,,,,,,,,,,,,5630,200.63,-197.22,0,0.95,0.17,-0.09,0,0.96,0.07,-0.06,0,0.03,0.136,-0.152,0,[Fe/H],,,,,4.47,0.07,-0.13,0,4.37,4,-2.63,0,,,,,,,,,,,,,,,,,776.708,14.957,-14.411,1.25918,0.0241466,-0.0241466
Kepler-562 b,Kepler-562,b,1,1,1,Transit,0,18.00931444,9.9E-06,-9.9E-06,0,,,,,5.21,0.64,-0.4,0,0.465,0.057,-0.036,0,,,,,,,,,,,,,,,,,,,,,,,,,,,,,,,,,,,,,,,,,,,,,,,,,,,,,,,,,,,,,4.9713,0.0514,-0.0514,0,,,,,0.05343,1E-05,-0.00177,0,,,,,,,,,,,,,,,,,,,,,,,,,5575,83.81,-85.33,0,0.9,0.11,-0.06,0,0.93,0.05,-0.05,0,-0.04,0.154,-0.181,0,[Fe/H],,,,,4.5,0.05,-0.11,0,4.57,4.94,-2.83,0,,,,,,,,,,,,,,,,,992.769,22.951,-21.958,0.978727,0.022606,-0.022606
Kepler-563 b,Kepler-563,b,1,1,1,Transit,0,22.18432708,2.5E-05,-2.5E-05,0,,,,,3.09,0.17,-0.2,0,0.276,0.015,-0.018,0,,,,,,,,,,,,,,,,,,,,,,,,,,,,,,,,,,,,,,,,,,,,,,,,,,,,,,,,,,,,,3.0563,0.0343,-0.0343,0,,,,,0.03724,0.00097,-0.00044,0,,,,,,,,,,,,,,,,,,,,,,,,,5066,80,-61.96,0,0.77,0.04,-0.05,0,0.8,0.04,-0.05,0,-0.08,0.146,-0.184,0,[Fe/H],,,,,4.58,0.03,-0.05,0,5.37,5.93,-3.3,0,,,,,,,,,,,,,,,,,565.207,7.512,-7.512,1.7407,0.0233348,-0.0233348
Kepler-564 b,Kepler-564,b,1,1,1,Transit,0,3.75083228,1.22E-06,-1.22E-06,0,,,,,4.63,0.66,-0.36,0,0.413,0.059,-0.032,0,,,,,,,,,,,,,,,,,,,,,,,,,,,,,,,,,,,,,,,,,,,,,,,,,,,,,,,,,,,,,1.95913,0.00995,-0.00995,0,,,,,0.04564,0.00036,-0.00018,0,,,,,,,,,,,,,,,,,,,,,,,,,5626,144.83,-126.35,0,0.92,0.13,-0.07,0,0.95,0.06,-0.06,0,-0.01,0.141,-0.178,0,[Fe/H],,,,,4.49,0.06,-0.11,0,4.27,4.52,-2.6,0,,,,,,,,,,,,,,,,,863.037,14.8155,-14.8155,1.13016,0.0197351,-0.0197351
Kepler-565 b,Kepler-565,b,1,1,1,Transit,0,4.24374723,2.93E-06,-2.93E-06,0,,,,,3.64,0.51,-0.27,0,0.325,0.045,-0.024,0,,,,,,,,,,,,,,,,,,,,,,,,,,,,,,,,,,,,,,,,,,,,,,,,,,,,,,,,,,,,,3.368,0.0189,-0.0189,0,,,,,0.03514,0.00044,-0.0001,0,,,,,,,,,,,,,,,,,,,,,,,,,5735,80.65,-75.3,0,0.95,0.13,-0.07,0,0.98,0.04,-0.06,0,-0.02,0.14,-0.173,0,[Fe/H],,,,,4.47,0.05,-0.12,0,4.07,3.64,-2.38,0,,,,,,,,,,,,,,,,,,,,,,
Kepler-566 b,Kepler-566,b,1,1,1,Transit,0,18.42794624,4.23E-05,-4.23E-05,0,,,,,2.15,0.13,-0.13,0,0.192,0.012,-0.012,0,,,,,,,,,,,,,,,,,,,,,,,,,,,,,,,,,,,,,,,,,,,,,,,,,,,,,,,,,,,,,2.8702,0.0621,-0.0621,0,,,,,0.02461,0.00079,-0.00068,0,,,,,,,,,,,,,,,,,,,,,,,,,5132,59.73,-80.24,0,0.79,0.04,-0.04,0,0.83,0.04,-0.05,0,-0.01,0.162,-0.173,0,[Fe/H],,,,,4.57,0.03,-0.05,0,4.57,6.27,-2.7,0,,,,,,,,,,,,,,,,,564.277,8.5675,-8.5675,1.74373,0.0266994,-0.0266994
Kepler-567 b,Kepler-567,b,1,1,1,Transit,0,16.54297375,4.149E-05,-4.149E-05,0,,,,,2.25,0.15,-0.12,0,0.201,0.013,-0.011,0,,,,,,,,,,,,,,,,,,,,,,,,,,,,,,,,,,,,,,,,,,,,,,,,,,,,,,,,,,,,,3.8725,0.0766,-0.0766,0,,,,,0.02551,0.00084,-0.00065,0,,,,,,,,,,,,,,,,,,,,,,,,,5148,106.09,-92.59,0,0.79,0.04,-0.04,0,0.84,0.04,-0.04,0,0,0.142,-0.152,0,[Fe/H],,,,,4.57,0.03,-0.05,0,4.68,5.65,-3,0,,,,,,,,,,,,,,,,,558.81,6.355,-6.216,1.76087,0.0199757,-0.0199757
Kepler-568 b,Kepler-568,b,1,1,1,Transit,0,11.02347475,7.66E-06,-7.66E-06,0,,,,,2.26,0.08,-0.08,0,0.202,0.007,-0.007,0,,,,,,,,,,,,,,,,,,,,,,,,,,,,,,,,,,,,,,,,,,,,,,,,,,,,,,,,,,,,,1.421,0.0201,-0.0201,0,,,,,0.03866,0.00072,-0.00055,0,,,,,,,,,,,,,,,,,,,,,,,,,3768,40.66,-39.79,0,0.53,0.02,-0.02,0,0.55,0.02,-0.02,0,0.11,0.077,-0.076,0,[Fe/H],,,,,4.73,0.01,-0.01,0,5.89,5.62,-3.63,0,,,,,,,,,,,,,,,,,130.645,0.497,-0.494,7.62554,0.0288227,-0.0288227
Kepler-569 b,Kepler-569,b,1,1,1,Transit,0,34.18890521,6.016E-05,-6.016E-05,0,,,,,3.16,0.22,-0.17,0,0.282,0.02,-0.015,0,,,,,,,,,,,,,,,,,,,,,,,,,,,,,,,,,,,,,,,,,,,,,,,,,,,,,,,,,,,,,5.3184,0.0634,-0.0634,0,,,,,0.03055,0.00041,-0.00058,0,,,,,,,,,,,,,,,,,,,,,,,,,5616,66.28,-55.02,0,0.93,0.07,-0.05,0,0.95,0.03,-0.04,0,0.01,0.103,-0.1,0,[Fe/H],,,,,4.48,0.05,-0.07,0,4.9,3.32,-2.78,0,,,,,,,,,,,,,,,,,638.301,7.173,-7.017,1.53789,0.017282,-0.017282
Kepler-570 b,Kepler-570,b,1,1,1,Transit,0,4.301662,3.1E-06,-3.1E-06,0,,,,,2.45,0.34,-0.15,0,0.219,0.03,-0.013,0,,,,,,,,,,,,,,,,,,,,,,,,,,,,,,,,,,,,,,,,,,,,,,,,,,,,,,,,,,,,,2.0699,0.0217,-0.0217,0,,,,,0.02499,0.00048,-0.00033,0,,,,,,,,,,,,,,,,,,,,,,,,,5496,71.37,-88.25,0,0.9,0.12,-0.06,0,0.93,0.04,-0.04,0,0.06,0.14,-0.159,0,[Fe/H],,,,,4.5,0.05,-0.12,0,5.01,6.18,-3.22,0,,,,,,,,,,,,,,,,,568.148,5.2825,-5.2825,1.7313,0.0162421,-0.0162421
Kepler-571 b,Kepler-571,b,1,1,1,Transit,0,4.79859939,5.4E-06,-5.4E-06,0,,,,,2.64,0.32,-0.17,0,0.236,0.029,-0.015,0,,,,,,,,,,,,,,,,,,,,,,,,,,,,,,,,,,,,,,,,,,,,,,,,,,,,,,,,,,,,,2.9979,0.0316,-0.0316,0,,,,,0.02694,0.00034,-0.00055,0,,,,,,,,,,,,,,,,,,,,,,,,,5527,75.23,-79.46,0,0.9,0.11,-0.05,0,0.93,0.04,-0.04,0,0.01,0.137,-0.162,0,[Fe/H],,,,,4.51,0.05,-0.11,0,4.68,5.37,-2.96,0,,,,,,,,,,,,,,,,,723.875,9.971,-9.708,1.35273,0.0186343,-0.0186343
Kepler-572 b,Kepler-572,b,1,1,1,Transit,0,17.20523483,2.222E-05,-2.222E-05,0,,,,,2.58,0.18,-0.17,0,0.23,0.016,-0.015,0,,,,,,,,,,,,,,,,,,,,,,,,,,,,,,,,,,,,,,,,,,,,,,,,,,,,,,,,,,,,,3.6211,0.038,-0.038,0,,,,,0.03024,0.00053,-0.00053,0,,,,,,,,,,,,,,,,,,,,,,,,,5212,89.47,-77.65,0,0.79,0.05,-0.05,0,0.83,0.04,-0.05,0,-0.1,0.155,-0.191,0,[Fe/H],,,,,4.57,0.04,-0.06,0,4.68,5.96,-2.95,0,,,,,,,,,,,,,,,,,504.667,4.871,-4.871,1.95276,0.01898,-0.01898
Kepler-573 b,Kepler-573,b,1,1,1,Transit,0,22.18329658,4.593E-05,-4.593E-05,0,,,,,2.79,0.36,-0.23,0,0.249,0.032,-0.021,0,,,,,,,,,,,,,,,,,,,,,,,,,,,,,,,,,,,,,,,,,,,,,,,,,,,,,,,,,,,,,5.0606,0.0537,-0.0537,0,,,,,0.02542,0.00048,-0.0003,0,,,,,,,,,,,,,,,,,,,,,,,,,5746,59.48,-51.43,0,1.02,0.13,-0.08,0,0.99,0.03,-0.04,0,0.02,0.098,-0.099,0,[Fe/H],,,,,4.41,0.08,-0.1,0,5.89,2.49,-3.35,0,,,,,,,,,,,,,,,,,771.471,10.1285,-10.1285,1.26745,0.0168886,-0.0168886
Kepler-574 b,Kepler-574,b,1,1,1,Transit,0,7.65880414,1.346E-05,-1.346E-05,0,,,,,2.39,0.33,-0.16,0,0.213,0.029,-0.014,0,,,,,,,,,,,,,,,,,,,,,,,,,,,,,,,,,,,,,,,,,,,,,,,,,,,,,,,,,,,,,3.0576,0.0446,-0.0446,0,,,,,0.02407,0.0006,-0.00033,0,,,,,,,,,,,,,,,,,,,,,,,,,5612,116.01,-108.4,0,0.91,0.12,-0.06,0,0.95,0.05,-0.05,0,-0.01,0.137,-0.164,0,[Fe/H],,,,,4.5,0.05,-0.11,0,4.17,4.68,-2.53,0,,,,,,,,,,,,,,,,,682.896,8.1815,-8.1815,1.43559,0.0174101,-0.0174101
Kepler-575 b,Kepler-575,b,1,1,1,Transit,0,9.37891944,2.371E-05,-2.371E-05,0,,,,,2.39,0.52,-0.21,0,0.213,0.046,-0.019,0,,,,,,,,,,,,,,,,,,,,,,,,,,,,,,,,,,,,,,,,,,,,,,,,,,,,,,,,,,,,,3.3044,0.0612,-0.0612,0,,,,,0.02304,0.00399,-0.00068,0,,,,,,,,,,,,,,,,,,,,,,,,,5710,114.7,-145.72,0,0.95,0.12,-0.08,0,0.97,0.06,-0.06,0,0,0.137,-0.173,0,[Fe/H],,,,,4.47,0.06,-0.11,0,3.98,3.82,-2.2,0,,,,,,,,,,,,,,,,,853.977,14.787,-14.301,1.14235,0.0197888,-0.0197888
Kepler-576 b,Kepler-576,b,1,1,1,Transit,0,29.91136794,9.909E-05,-9.909E-05,0,,,,,3.27,0.84,-0.39,0,0.292,0.075,-0.035,0,,,,,,,,,,,,,,,,,,,,,,,,,,,,,,,,,,,,,,,,,,,,,,,,,,,,,,,,,,,,,6.836,0.101,-0.101,0,,,,,0.03053,0.00163,-0.00254,0,,,,,,,,,,,,,,,,,,,,,,,,,5672,95.54,-141.61,0,0.97,0.24,-0.08,0,0.99,0.05,-0.06,0,0.09,0.15,-0.152,0,[Fe/H],,,,,4.46,0.06,-0.19,0,4.47,4.18,-2.71,0,,,,,,,,,,,,,,,,,617.55,11.337,-10.943,1.59119,0.0289777,-0.0289777
Kepler-577 b,Kepler-577,b,1,1,1,Transit,0,25.69578251,6.32E-05,-6.32E-05,0,,,,,2.55,0.38,-0.15,0,0.227,0.034,-0.013,0,,,,,,,,,,,,,,,,,,,,,,,,,,,,,,,,,,,,,,,,,,,,,,,,,,,,,,,,,,,,,3.9289,0.0807,-0.0807,0,,,,,0.03206,0.00462,-0.00084,0,,,,,,,,,,,,,,,,,,,,,,,,,4984,52.11,-41.61,0,0.73,0.03,-0.04,0,0.78,0.04,-0.04,0,-0.14,0.129,-0.15,0,[Fe/H],,,,,4.61,0.03,-0.03,0,3.8,4.97,-2.26,0,,,,,,,,,,,,,,,,,524.247,7.561,-7.352,1.87916,0.0269184,-0.0269184
Kepler-578 b,Kepler-578,b,1,1,1,Transit,0,1.6168837,1.23E-06,-1.23E-06,0,,,,,2,0.18,-0.22,0,0.178,0.016,-0.02,0,,,,,,,,,,,,,,,,,,,,,,,,,,,,,,,,,,,,,,,,,,,,,,,,,,,,,,,,,,,,,1.5845,0.0225,-0.0225,0,,,,,0.02183,0.00071,-0.00205,0,,,,,,,,,,,,,,,,,,,,,,,,,5334,117.14,-106.87,0,0.83,0.07,-0.05,0,0.87,0.04,-0.05,0,-0.03,0.151,-0.18,0,[Fe/H],,,,,4.54,0.04,-0.08,0,4.68,5.89,-3.03,0,,,,,,,,,,,,,,,,,541.432,6.91,-6.741,1.81837,0.0231057,-0.0231057
Kepler-579 b,Kepler-579,b,1,1,1,Transit,0,9.66857723,1.92E-05,-1.92E-05,0,,,,,2,0.35,-0.18,0,0.178,0.031,-0.016,0,,,,,,,,,,,,,,,,,,,,,,,,,,,,,,,,,,,,,,,,,,,,,,,,,,,,,,,,,,,,,2.3709,0.0613,-0.0613,0,,,,,0.01866,0.00053,-0.00048,0,,,,,,,,,,,,,,,,,,,,,,,,,5636,135.41,-185.6,0,0.96,0.16,-0.08,0,0.99,0.06,-0.06,0,0.13,0.149,-0.144,0,[Fe/H],,,,,4.47,0.06,-0.14,0,4.07,4.09,-2.44,0,,,,,,,,,,,,,,,,,530.765,5.11,-5.014,1.85536,0.0178326,-0.0178326
Kepler-580 b,Kepler-580,b,1,1,1,Transit,0,8.22241966,9.79E-06,-9.79E-06,0,,,,,2.57,0.29,-0.13,0,0.229,0.026,-0.012,0,,,,,,,,,,,,,,,,,,,,,,,,,,,,,,,,,,,,,,,,,,,,,,,,,,,,,,,,,,,,,2.7045,0.0489,-0.0489,0,,,,,0.0373,0.00412,-0.00136,0,,,,,,,,,,,,,,,,,,,,,,,,,4298,49.14,-38.09,0,0.64,0.02,-0.02,0,0.67,0.03,-0.03,0,-0.06,0.113,-0.09,0,[Fe/H],,,,,4.66,0.01,-0.01,0,3.47,4.22,-1.79,0,,,,,,,,,,,,,,,,,323.899,2.575,-2.536,3.05869,0.0241748,-0.0241748
Kepler-581 b,Kepler-581,b,1,1,1,Transit,0,40.6069821,0.0001744,-0.0001744,0,,,,,2.63,0.56,-0.29,0,0.235,0.05,-0.026,0,,,,,,,,,,,,,,,,,,,,,,,,,,,,,,,,,,,,,,,,,,,,,,,,,,,,,,,,,,,,,5.719,0.111,-0.111,0,,,,,0.02388,0.00085,-0.0004,0,,,,,,,,,,,,,,,,,,,,,,,,,5772,199.71,-191.78,0,1,0.21,-0.11,0,1,0.08,-0.07,0,0.03,0.13,-0.154,0,[Fe/H],,,,,4.44,0.08,-0.15,0,4.07,3.55,-2.32,0,,,,,,,,,,,,,,,,,703.758,13.732,-13.225,1.39278,0.0269959,-0.0269959
Kepler-582 b,Kepler-582,b,1,1,1,Transit,0,18.49235668,2.487E-05,-2.487E-05,0,,,,,3.68,0.55,-0.34,0,0.328,0.049,-0.03,0,,,,,,,,,,,,,,,,,,,,,,,,,,,,,,,,,,,,,,,,,,,,,,,,,,,,,,,,,,,,,3.5297,0.0429,-0.0429,0,,,,,0.037,0.00066,-0.0006,0,,,,,,,,,,,,,,,,,,,,,,,,,5564,218.22,-211.72,0,0.91,0.13,-0.08,0,0.93,0.07,-0.07,0,0.01,0.14,-0.165,0,[Fe/H],,,,,4.49,0.06,-0.11,0,4.47,4.74,-2.74,0,,,,,,,,,,,,,,,,,613.179,9.115,-8.857,1.60244,0.0237135,-0.0237135
Kepler-583 b,Kepler-583,b,1,1,1,Transit,0,6.5100253,1.381E-05,-1.381E-05,0,,,,,2.28,0.29,-0.15,0,0.203,0.026,-0.013,0,,,,,,,,,,,,,,,,,,,,,,,,,,,,,,,,,,,,,,,,,,,,,,,,,,,,,,,,,,,,,3.3302,0.0537,-0.0537,0,,,,,0.02292,0.00071,-0.00039,0,,,,,,,,,,,,,,,,,,,,,,,,,5523,76.28,-106.08,0,0.91,0.11,-0.06,0,0.94,0.04,-0.04,0,0.07,0.149,-0.148,0,[Fe/H],,,,,4.5,0.05,-0.12,0,4.47,5.65,-2.74,0,,,,,,,,,,,,,,,,,867.271,13.354,-12.961,1.12431,0.0173592,-0.0173592
Kepler-584 b,Kepler-584,b,1,1,1,Transit,0,35.1810304,9.392E-05,-9.392E-05,0,,,,,4.21,1.59,-0.56,0,0.376,0.142,-0.05,0,,,,,,,,,,,,,,,,,,,,,,,,,,,,,,,,,,,,,,,,,,,,,,,,,,,,,,,,,,,,,7.373,0.105,-0.105,0,,,,,0.03113,0.00207,-0.00156,0,,,,,,,,,,,,,,,,,,,,,,,,,6195,110.21,-104.28,0,1.24,0.46,-0.15,0,1.17,0.15,-0.09,0,0.02,0.135,-0.161,0,[Fe/H],,,,,4.31,0.1,-0.22,0,2.88,0.98,-1.16,0,,,,,,,,,,,,,,,,,1848.84,79.45,-73.28,0.5118,0.0221779,-0.0221779
Kepler-585 b,Kepler-585,b,1,1,1,Transit,0,2.75235975,1.42E-06,-1.42E-06,0,,,,,2.83,0.55,-0.27,0,0.252,0.049,-0.024,0,,,,,,,,,,,,,,,,,,,,,,,,,,,,,,,,,,,,,,,,,,,,,,,,,,,,,,,,,,,,,2.1154,0.0317,-0.0317,0,,,,,0.02848,0.00013,-0.002,0,,,,,,,,,,,,,,,,,,,,,,,,,5593,85.61,-77.08,0,0.93,0.18,-0.06,0,0.96,0.06,-0.05,0,0.03,0.15,-0.137,0,[Fe/H],,,,,4.49,0.05,-0.16,0,3.63,5.34,-1.92,0,,,,,,,,,,,,,,,,,585.187,5.537,-5.537,1.68005,0.0160476,-0.0160476
Kepler-586 b,Kepler-586,b,1,1,1,Transit,0,2.10472218,9.2E-07,-9.2E-07,0,,,,,2.79,0.36,-0.2,0,0.249,0.032,-0.018,0,,,,,,,,,,,,,,,,,,,,,,,,,,,,,,,,,,,,,,,,,,,,,,,,,,,,,,,,,,,,,1.7575,0.0127,-0.0127,0,,,,,0.02777,0.00047,-0.00017,0,,,,,,,,,,,,,,,,,,,,,,,,,5575,149.33,-103.88,0,0.92,0.12,-0.07,0,0.94,0.05,-0.05,0,0,0.142,-0.167,0,[Fe/H],,,,,4.5,0.05,-0.11,0,4.17,4.83,-2.48,0,,,,,,,,,,,,,,,,,693.766,10.3935,-10.3935,1.41284,0.0214272,-0.0214272
Kepler-587 b,Kepler-587,b,1,1,1,Transit,0,10.94027841,2.949E-05,-2.949E-05,0,,,,,2.23,0.64,-0.17,0,0.199,0.057,-0.015,0,,,,,,,,,,,,,,,,,,,,,,,,,,,,,,,,,,,,,,,,,,,,,,,,,,,,,,,,,,,,,2.2868,0.0718,-0.0718,0,,,,,0.02265,0.00575,-0.00059,0,,,,,,,,,,,,,,,,,,,,,,,,,5549,77.03,-70.06,0,0.89,0.12,-0.06,0,0.92,0.04,-0.05,0,-0.05,0.144,-0.184,0,[Fe/H],,,,,4.51,0.05,-0.13,0,4.79,5.83,-3.08,0,,,,,,,,,,,,,,,,,787.894,12.11,-11.755,1.24051,0.0190745,-0.0190745
Kepler-588 b,Kepler-588,b,1,1,1,Transit,0,4.22162536,4.75E-06,-4.75E-06,0,,,,,2.63,0.5,-0.22,0,0.235,0.045,-0.02,0,,,,,,,,,,,,,,,,,,,,,,,,,,,,,,,,,,,,,,,,,,,,,,,,,,,,,,,,,,,,,2.8959,0.0302,-0.0302,0,,,,,0.02403,0.00052,-0.00017,0,,,,,,,,,,,,,,,,,,,,,,,,,5835,73.84,-83.13,0,1,0.19,-0.08,0,1.01,0.05,-0.07,0,0,0.139,-0.198,0,[Fe/H],,,,,4.44,0.06,-0.14,0,4.07,2.97,-2.4,0,,,,,,,,,,,,,,,,,1209.4,28.12,-26.9,0.798084,0.0186634,-0.0186634
Kepler-589 b,Kepler-589,b,1,1,1,Transit,0,16.54964934,4.571E-05,-4.571E-05,0,,,,,2.27,0.18,-0.12,0,0.203,0.016,-0.011,0,,,,,,,,,,,,,,,,,,,,,,,,,,,,,,,,,,,,,,,,,,,,,,,,,,,,,,,,,,,,,4.0043,0.0843,-0.0843,0,,,,,0.02518,0.00089,-0.00046,0,,,,,,,,,,,,,,,,,,,,,,,,,5296,61.13,-62.17,0,0.83,0.06,-0.04,0,0.88,0.03,-0.04,0,0.01,0.143,-0.142,0,[Fe/H],,,,,4.55,0.03,-0.07,0,4.47,6.17,-2.76,0,,,,,,,,,,,,,,,,,612.803,7.885,-7.692,1.60316,0.0205817,-0.0205817
Kepler-590 b,Kepler-590,b,1,1,1,Transit,0,5.85296257,4.74E-06,-4.74E-06,0,,,,,4.02,1.09,-0.5,0,0.359,0.097,-0.045,0,,,,,,,,,,,,,,,,,,,,,,,,,,,,,,,,,,,,,,,,,,,,,,,,,,,,,,,,,,,,,4.6003,0.0321,-0.0321,0,,,,,0.03175,0.00018,-0.00064,0,,,,,,,,,,,,,,,,,,,,,,,,,6000,107.67,-147.47,0,1.15,0.31,-0.14,0,1.1,0.09,-0.08,0,0.07,0.14,-0.144,0,[Fe/H],,,,,4.35,0.1,-0.17,0,3.55,1.72,-1.77,0,,,,,,,,,,,,,,,,,1421.81,33.53,-33.53,0.674647,0.0164562,-0.0164562
Kepler-591 b,Kepler-591,b,1,1,1,Transit,0,81.1694299,0.0003199,-0.0003199,0,,,,,3.39,0.55,-0.25,0,0.302,0.049,-0.022,0,,,,,,,,,,,,,,,,,,,,,,,,,,,,,,,,,,,,,,,,,,,,,,,,,,,,,,,,,,,,,7.709,0.105,-0.105,0,,,,,0.03311,0.00282,-0.00103,0,,,,,,,,,,,,,,,,,,,,,,,,,5677,66.16,-71.43,0,0.94,0.13,-0.06,0,0.97,0.04,-0.04,0,0.01,0.13,-0.157,0,[Fe/H],,,,,4.48,0.05,-0.11,0,4.17,4.07,-2.49,0,,,,,,,,,,,,,,,,,785.137,11.113,-11.113,1.24492,0.0178904,-0.0178904
Kepler-592 b,Kepler-592,b,1,1,1,Transit,0,2.82019241,3.79E-06,-3.79E-06,0,,,,,2.39,0.58,-0.25,0,0.213,0.052,-0.022,0,,,,,,,,,,,,,,,,,,,,,,,,,,,,,,,,,,,,,,,,,,,,,,,,,,,,,,,,,,,,,2.5077,0.0401,-0.0401,0,,,,,0.02055,0.00017,-0.0008,0,,,,,,,,,,,,,,,,,,,,,,,,,5913,83.3,-74.23,0,1.04,0.25,-0.1,0,1.04,0.06,-0.07,0,-0.03,0.144,-0.193,0,[Fe/H],,,,,4.42,0.07,-0.17,0,3.89,2.58,-2.12,0,,,,,,,,,,,,,,,,,1153.13,25.44,-24.38,0.838437,0.018592,-0.018592
Kepler-593 b,Kepler-593,b,1,1,1,Transit,0,21.21708973,5.927E-05,-5.927E-05,0,,,,,2.87,0.69,-0.29,0,0.256,0.062,-0.026,0,,,,,,,,,,,,,,,,,,,,,,,,,,,,,,,,,,,,,,,,,,,,,,,,,,,,,,,,,,,,,5.3643,0.0763,-0.0763,0,,,,,0.02364,0.00048,-0.00044,0,,,,,,,,,,,,,,,,,,,,,,,,,5967,96.47,-113.06,0,1.1,0.26,-0.11,0,1.08,0.08,-0.07,0,0.04,0.142,-0.156,0,[Fe/H],,,,,4.39,0.07,-0.16,0,3.63,1.83,-1.91,0,,,,,,,,,,,,,,,,,973.76,16.541,-16.541,0.998262,0.0173095,-0.0173095
Kepler-594 b,Kepler-594,b,1,1,1,Transit,0,13.64618192,3.489E-05,-3.489E-05,0,,,,,2.18,0.22,-0.15,0,0.194,0.02,-0.013,0,,,,,,,,,,,,,,,,,,,,,,,,,,,,,,,,,,,,,,,,,,,,,,,,,,,,,,,,,,,,,3.374,0.0691,-0.0691,0,,,,,0.02334,0.00073,-0.00053,0,,,,,,,,,,,,,,,,,,,,,,,,,5485,80.49,-94,0,0.87,0.08,-0.06,0,0.91,0.04,-0.05,0,-0.03,0.144,-0.171,0,[Fe/H],,,,,4.52,0.04,-0.09,0,4.27,5.46,-2.6,0,,,,,,,,,,,,,,,,,769.2,13.469,-13.469,1.27147,0.022588,-0.022588
Kepler-596 b,Kepler-596,b,1,1,1,Transit,0,21.30022655,4.193E-05,-4.193E-05,0,,,,,3.46,1.63,-0.47,0,0.309,0.145,-0.042,0,,,,,,,,,,,,,,,,,,,,,,,,,,,,,,,,,,,,,,,,,,,,,,,,,,,,,,,,,,,,,4.0882,0.0503,-0.0503,0,,,,,0.02396,0.00054,-0.00031,0,,,,,,,,,,,,,,,,,,,,,,,,,6267,109.7,-108.73,0,1.32,0.62,-0.18,0,1.21,0.19,-0.1,0,0.03,0.129,-0.153,0,[Fe/H],,,,,4.27,0.1,-0.27,0,2.69,0.865,-1,0,,,,,,,,,,,,,,,,,1023.85,23.59,-22.56,0.948053,0.021837,-0.021837
Kepler-597 b,Kepler-597,b,1,1,1,Transit,0,13.02365861,2.728E-05,-2.728E-05,0,,,,,2.37,0.33,-0.13,0,0.211,0.029,-0.012,0,,,,,,,,,,,,,,,,,,,,,,,,,,,,,,,,,,,,,,,,,,,,,,,,,,,,,,,,,,,,,3.9714,0.0566,-0.0566,0,,,,,0.0234,0.00283,-0.00061,0,,,,,,,,,,,,,,,,,,,,,,,,,5683,69.29,-59.31,0,0.95,0.06,-0.05,0,0.97,0.04,-0.04,0,-0.01,0.097,-0.102,0,[Fe/H],,,,,4.47,0.04,-0.06,0,4.27,2.83,-2.32,0,,,,,,,,,,,,,,,,,663.418,9.072,-9.072,1.47879,0.0204535,-0.0204535
Kepler-599 b,Kepler-599,b,1,1,1,Transit,0,15.65562652,3.161E-05,-3.161E-05,0,,,,,2.84,0.15,-0.32,0,0.253,0.013,-0.029,0,,,,,,,,,,,,,,,,,,,,,,,,,,,,,,,,,,,,,,,,,,,,,,,,,,,,,,,,,,,,,4.1075,0.0737,-0.0737,0,,,,,0.03252,0.0004,-0.00344,0,,,,,,,,,,,,,,,,,,,,,,,,,5127,78.75,-90.28,0,0.79,0.04,-0.04,0,0.83,0.04,-0.04,0,-0.02,0.14,-0.148,0,[Fe/H],,,,,4.57,0.03,-0.06,0,5.01,6.2,-3.1,0,,,,,,,,,,,,,,,,,558.517,7.166,-6.99,1.76184,0.0225165,-0.0225165
Kepler-6 b,Kepler-6,b,1,1,1,Transit,0,3.2346996,4E-07,-4E-07,0,0.04852,0.00074,-0.00133,0,14.617,0.202,-0.37,0,1.304,0.018,-0.033,0,212.31044,12.07754,-11.12405,0,0.668,0.038,-0.035,0,,,,,,,,,,,,,,,,,212.31044,12.07754,-11.12405,0,0.668,0.038,-0.035,0,0.4,0.06,-0.04,0,,,,,,,,,1460,10,-10,0,88.93,0.19,-0.17,0,0.141,0.022,-0.025,0,,,,,,,,,7.503,0.022,-0.022,0,0.09424,0.00012,-0.00011,0,0.00111,0.00048,-0.00053,0,,,,,,,,,80.9,2.6,-2.6,0,,,,,,,,,5647,44,-44,0,1.39,0.02,-0.03,0,1.21,0.04,-0.04,0,0.34,0.04,-0.04,0,[Fe/H],,,,,4.24,0.01,-0.01,0,,,,,,,,,,,,,,,,,,,,,587.039,5.071,-4.986,1.67465,0.014482,-0.014482
Kepler-600 b,Kepler-600,b,1,1,1,Transit,0,23.67517607,5.668E-05,-5.668E-05,0,,,,,2.9,0.21,-0.39,0,0.259,0.019,-0.035,0,,,,,,,,,,,,,,,,,,,,,,,,,,,,,,,,,,,,,,,,,,,,,,,,,,,,,,,,,,,,,4.612,0.111,-0.111,0,,,,,0.03291,0.00013,-0.00379,0,,,,,,,,,,,,,,,,,,,,,,,,,5279,104.56,-92.37,0,0.81,0.06,-0.06,0,0.84,0.05,-0.05,0,-0.09,0.159,-0.18,0,[Fe/H],,,,,4.56,0.04,-0.07,0,4.57,6.05,-2.88,0,,,,,,,,,,,,,,,,,619.723,7.671,-7.488,1.58493,0.0195849,-0.0195849
Kepler-601 b,Kepler-601,b,1,1,1,Transit,0,5.37886844,7.27E-06,-7.27E-06,0,,,,,1.9,0.27,-0.18,0,0.17,0.024,-0.016,0,,,,,,,,,,,,,,,,,,,,,,,,,,,,,,,,,,,,,,,,,,,,,,,,,,,,,,,,,,,,,2.7154,0.0397,-0.0397,0,,,,,0.02231,0.00313,-0.00196,0,,,,,,,,,,,,,,,,,,,,,,,,,5160,61.57,-46.75,0,0.79,0.02,-0.02,0,0.85,0.03,-0.03,0,-0.02,0.096,-0.103,0,[Fe/H],,,,,4.57,0.01,-0.02,0,4.07,2.83,-2.01,0,,,,,,,,,,,,,,,,,414.825,2.4175,-2.4175,2.38178,0.0139461,-0.0139461
Kepler-602 b,Kepler-602,b,1,1,1,Transit,0,15.28469497,6.919E-05,-6.919E-05,0,,,,,2.09,0.65,-0.32,0,0.186,0.058,-0.029,0,,,,,,,,,,,,,,,,,,,,,,,,,,,,,,,,,,,,,,,,,,,,,,,,,,,,,,,,,,,,,5.901,0.106,-0.106,0,,,,,0.01699,0.0004,-0.00036,0,,,,,,,,,,,,,,,,,,,,,,,,,6062,218.54,-238.63,0,1.13,0.35,-0.17,0,1.08,0.14,-0.1,0,-0.02,0.147,-0.187,0,[Fe/H],,,,,4.37,0.11,-0.19,0,3.16,2.06,-1.45,0,,,,,,,,,,,,,,,,,1159.31,26.995,-26.995,0.83421,0.0199217,-0.0199217
Kepler-604 b,Kepler-604,b,1,1,1,Transit,0,25.85501786,9.434E-05,-9.434E-05,0,,,,,2.59,0.49,-0.27,0,0.231,0.044,-0.024,0,,,,,,,,,,,,,,,,,,,,,,,,,,,,,,,,,,,,,,,,,,,,,,,,,,,,,,,,,,,,,3.9263,0.0835,-0.0835,0,,,,,0.02301,0.00092,-0.00033,0,,,,,,,,,,,,,,,,,,,,,,,,,5890,174.4,-159.73,0,1.03,0.19,-0.11,0,1.02,0.08,-0.07,0,-0.02,0.142,-0.182,0,[Fe/H],,,,,4.42,0.07,-0.14,0,3.72,2.76,-1.95,0,,,,,,,,,,,,,,,,,1026.49,21.22,-20.4,0.945646,0.0195946,-0.0195946
Kepler-606 b,Kepler-606,b,1,1,1,Transit,0,24.31575992,7.998E-05,-7.998E-05,0,,,,,3.31,1.27,-0.51,0,0.295,0.113,-0.045,0,,,,,,,,,,,,,,,,,,,,,,,,,,,,,,,,,,,,,,,,,,,,,,,,,,,,,,,,,,,,,4.1383,0.083,-0.083,0,,,,,0.02473,0.00244,-0.00096,0,,,,,,,,,,,,,,,,,,,,,,,,,6161,194.78,-227.56,0,1.22,0.45,-0.18,0,1.13,0.17,-0.1,0,0.01,0.133,-0.175,0,[Fe/H],,,,,4.32,0.11,-0.22,0,2.88,1.67,-1.1,0,,,,,,,,,,,,,,,,,1215.11,39.75,-37.36,0.794696,0.0258973,-0.0258973
Kepler-607 b,Kepler-607,b,1,1,1,Transit,0,0.6381632,1.68E-06,-1.68E-06,0,,,,,0.87,0.06,-0.07,0,0.078,0.005,-0.006,0,,,,,,,,,,,,,,,,,,,,,,,,,,,,,,,,,,,,,,,,,,,,,,,,,,,,,,,,,,,,,1.1839,0.0803,-0.0803,0,,,,,0.01018,0.00047,-0.00055,0,,,,,,,,,,,,,,,,,,,,,,,,,5196,94.48,-118.36,0,0.8,0.05,-0.04,0,0.84,0.04,-0.04,0,-0.02,0.146,-0.158,0,[Fe/H],,,,,4.56,0.03,-0.06,0,4.9,6.04,-2.98,0,,,,,,,,,,,,,,,,,519.122,5.407,-5.407,1.89763,0.0199124,-0.0199124
Kepler-608 b,Kepler-608,b,1,1,1,Transit,0,6.41251504,5.42E-06,-5.42E-06,0,,,,,3.64,0.72,-0.44,0,0.325,0.064,-0.039,0,,,,,,,,,,,,,,,,,,,,,,,,,,,,,,,,,,,,,,,,,,,,,,,,,,,,,,,,,,,,,5.3087,0.0578,-0.0578,0,,,,,0.03329,0.0003,-0.0015,0,,,,,,,,,,,,,,,,,,,,,,,,,5820,226.58,-187.94,0,1.01,0.2,-0.11,0,1,0.09,-0.07,0,-0.02,0.142,-0.172,0,[Fe/H],,,,,4.43,0.08,-0.14,0,3.8,3.26,-2.03,0,,,,,,,,,,,,,,,,,946.683,17.4735,-17.4735,1.02775,0.0193443,-0.0193443
Kepler-609 b,Kepler-609,b,1,1,1,Transit,0,6.52121067,8.64E-06,-8.64E-06,0,,,,,3.35,1.07,-0.44,0,0.299,0.095,-0.039,0,,,,,,,,,,,,,,,,,,,,,,,,,,,,,,,,,,,,,,,,,,,,,,,,,,,,,,,,,,,,,2.8091,0.0356,-0.0356,0,,,,,0.02651,0.00218,-0.00081,0,,,,,,,,,,,,,,,,,,,,,,,,,5971,125.14,-171.1,0,1.14,0.35,-0.14,0,1.09,0.09,-0.08,0,0.06,0.143,-0.155,0,[Fe/H],,,,,4.36,0.1,-0.21,0,3.72,2.09,-1.93,0,,,,,,,,,,,,,,,,,1065.82,28.09,-26.7,0.909846,0.0239196,-0.0239196
Kepler-61 b,Kepler-61,b,1,1,1,Transit,0,59.87756,0.0002,-0.0002,0,,,,,2.15,0.13,-0.13,0,0.192,0.012,-0.012,0,,,,,,,,,,,,,,,,,,,,,,,,,,,,,,,,,,,,,0.25,,,1,,,,,273,13,-13,0,89.8,,,-1,0.29,,,1,,,,,4.845,0.077,-0.077,0,90.6,3.4,-3.4,0,0.03301,0.00085,-0.00085,0,,,,,,,,,,,,,,,,,,,,,,,,,4017,68,-150,0,0.62,0.02,-0.05,0,0.64,0.04,-0.04,0,0.03,0.14,-0.14,0,[Fe/H],,,,,,,,,1,,,-1,,,,,,,,,,,,,,,,,335.079,5,-4.858,2.95651,0.0435556,-0.0435556
Kepler-611 b,Kepler-611,b,1,1,1,Transit,0,2.4370333,5.03E-06,-5.03E-06,0,,,,,1.65,0.51,-0.15,0,0.147,0.045,-0.013,0,,,,,,,,,,,,,,,,,,,,,,,,,,,,,,,,,,,,,,,,,,,,,,,,,,,,,,,,,,,,,3.201,0.0532,-0.0532,0,,,,,0.01498,0.00294,-0.00037,0,,,,,,,,,,,,,,,,,,,,,,,,,5761,64.93,-69.42,0,1.01,0.24,-0.09,0,1.01,0.05,-0.05,0,0.06,0.155,-0.165,0,[Fe/H],,,,,4.43,0.07,-0.17,0,4.47,3.33,-2.63,0,,,,,,,,,,,,,,,,,1395.56,39.44,-37.36,0.687736,0.0195654,-0.0195654
Kepler-612 b,Kepler-612,b,1,1,1,Transit,0,3.72215641,3.76E-06,-3.76E-06,0,,,,,2.84,0.66,-0.27,0,0.253,0.059,-0.024,0,,,,,,,,,,,,,,,,,,,,,,,,,,,,,,,,,,,,,,,,,,,,,,,,,,,,,,,,,,,,,1.9911,0.0349,-0.0349,0,,,,,0.02731,0.00412,-0.00138,0,,,,,,,,,,,,,,,,,,,,,,,,,5693,92.7,-129.13,0,0.96,0.17,-0.08,0,0.98,0.05,-0.05,0,0.04,0.137,-0.155,0,[Fe/H],,,,,4.46,0.06,-0.14,0,4.47,4.22,-2.7,0,,,,,,,,,,,,,,,,,1445.53,51.77,-48.37,0.663178,0.0237732,-0.0237732
Kepler-613 b,Kepler-613,b,1,1,1,Transit,0,15.77979614,4.258E-05,-4.258E-05,0,,,,,2.29,0.4,-0.17,0,0.204,0.036,-0.015,0,,,,,,,,,,,,,,,,,,,,,,,,,,,,,,,,,,,,,,,,,,,,,,,,,,,,,,,,,,,,,4.0334,0.0729,-0.0729,0,,,,,0.02204,0.00083,-0.00026,0,,,,,,,,,,,,,,,,,,,,,,,,,5723,68.68,-67.42,0,0.96,0.17,-0.07,0,0.98,0.05,-0.05,0,-0.01,0.139,-0.183,0,[Fe/H],,,,,4.47,0.05,-0.14,0,4.27,3.94,-2.54,0,,,,,,,,,,,,,,,,,861.494,13.654,-13.242,1.13204,0.017981,-0.017981
Kepler-614 b,Kepler-614,b,1,1,1,Transit,0,14.03491514,2.597E-05,-2.597E-05,0,,,,,2.39,0.2,-0.17,0,0.213,0.018,-0.015,0,,,,,,,,,,,,,,,,,,,,,,,,,,,,,,,,,,,,,,,,,,,,,,,,,,,,,,,,,,,,,3.5795,0.0567,-0.0567,0,,,,,0.02741,0.00028,-0.00099,0,,,,,,,,,,,,,,,,,,,,,,,,,5268,186.36,-125.95,0,0.81,0.07,-0.05,0,0.85,0.05,-0.05,0,-0.07,0.15,-0.169,0,[Fe/H],,,,,4.55,0.04,-0.07,0,4.79,5.83,-2.96,0,,,,,,,,,,,,,,,,,527.995,5.8805,-5.8805,1.86534,0.0209328,-0.0209328
Kepler-615 b,Kepler-615,b,1,1,1,Transit,0,10.35584657,1.854E-05,-1.854E-05,0,,,,,1.74,0.09,-0.1,0,0.155,0.008,-0.009,0,,,,,,,,,,,,,,,,,,,,,,,,,,,,,,,,,,,,,,,,,,,,,,,,,,,,,,,,,,,,,2.8121,0.0448,-0.0448,0,,,,,0.02308,0.00076,-0.00047,0,,,,,,,,,,,,,,,,,,,,,,,,,4655,41.24,-43.29,0,0.69,0.03,-0.04,0,0.73,0.04,-0.04,0,-0.07,0.164,-0.164,0,[Fe/H],,,,,4.62,0.02,-0.03,0,3.72,6.26,-2.08,0,,,,,,,,,,,,,,,,,,,,,,
Kepler-617 b,Kepler-617,b,1,1,1,Transit,0,1.68269615,1.11E-06,-1.11E-06,0,,,,,1.32,0.07,-0.07,0,0.118,0.006,-0.006,0,,,,,,,,,,,,,,,,,,,,,,,,,,,,,,,,,,,,,,,,,,,,,,,,,,,,,,,,,,,,,1.38,0.0212,-0.0212,0,,,,,0.02476,0.00063,-0.00032,0,,,,,,,,,,,,,,,,,,,,,,,,,3712,33.92,-33.35,0,0.48,0.02,-0.03,0,0.51,0.02,-0.03,0,-0.07,0.077,-0.082,0,[Fe/H],,,,,4.77,0.02,-0.02,0,3.98,5.48,-2.27,0,,,,,,,,,,,,,,,,,173.354,0.95,-0.95,5.73985,0.0313792,-0.0313792
Kepler-618 b,Kepler-618,b,1,1,1,Transit,0,3.59576964,8.82E-06,-8.82E-06,0,,,,,2.6,0.78,-0.41,0,0.232,0.07,-0.037,0,,,,,,,,,,,,,,,,,,,,,,,,,,,,,,,,,,,,,,,,,,,,,,,,,,,,,,,,,,,,,3.3249,0.043,-0.043,0,,,,,0.02162,0.00013,-0.00261,0,,,,,,,,,,,,,,,,,,,,,,,,,5860,67.09,-79.66,0,1.08,0.33,-0.11,0,1.05,0.07,-0.05,0,0.08,0.154,-0.147,0,[Fe/H],,,,,4.39,0.09,-0.21,0,4.27,2,-2.48,0,,,,,,,,,,,,,,,,,1221.96,32.13,-32.13,0.789644,0.0213502,-0.0213502
Kepler-620 b,Kepler-620,b,1,1,1,Transit,0,12.91375431,4.951E-05,-4.951E-05,0,,,,,3.32,1.22,-0.7,0,0.296,0.109,-0.062,0,,,,,,,,,,,,,,,,,,,,,,,,,,,,,,,,,,,,,,,,,,,,,,,,,,,,,,,,,,,,,6.042,0.146,-0.146,0,,,,,0.02516,0.00017,-0.00422,0,,,,,,,,,,,,,,,,,,,,,,,,,6155,120.88,-147.72,0,1.22,0.45,-0.16,0,1.15,0.15,-0.08,0,0.03,0.141,-0.157,0,[Fe/H],,,,,4.33,0.1,-0.22,0,3.02,1.16,-1.27,0,,,,,,,,,,,,,,,,,1355.28,46.28,-46.28,0.709144,0.0249992,-0.0249992
Kepler-621 b,Kepler-621,b,1,1,1,Transit,0,2.62811375,1.77E-06,-1.77E-06,0,,,,,2.3,0.07,-0.19,0,0.205,0.006,-0.017,0,,,,,,,,,,,,,,,,,,,,,,,,,,,,,,,,,,,,,,,,,,,,,,,,,,,,,,,,,,,,,1.8548,0.0247,-0.0247,0,,,,,0.03107,0.00012,-0.00234,0,,,,,,,,,,,,,,,,,,,,,,,,,4521,73.87,-51.47,0,0.68,0.02,-0.02,0,0.72,0.02,-0.03,0,-0.02,0.111,-0.102,0,[Fe/H],,,,,4.63,0.01,-0.02,0,3.63,5.26,-1.91,0,,,,,,,,,,,,,,,,,,,,,,
Kepler-622 b,Kepler-622,b,1,1,1,Transit,0,14.28226676,2.663E-05,-2.663E-05,0,,,,,2.13,0.28,-0.16,0,0.19,0.025,-0.014,0,,,,,,,,,,,,,,,,,,,,,,,,,,,,,,,,,,,,,,,,,,,,,,,,,,,,,,,,,,,,,2.7398,0.0709,-0.0709,0,,,,,0.03202,0.00407,-0.00222,0,,,,,,,,,,,,,,,,,,,,,,,,,4201,46.67,-36.96,0,0.61,0.02,-0.02,0,0.64,0.03,-0.03,0,-0.09,0.095,-0.092,0,[Fe/H],,,,,4.67,0.02,-0.02,0,3.47,4.81,-1.85,0,,,,,,,,,,,,,,,,,284.761,1.676,-1.656,3.48291,0.0203921,-0.0203921
Kepler-623 b,Kepler-623,b,1,1,1,Transit,0,9.07097734,1.283E-05,-1.283E-05,0,,,,,3.01,0.34,-0.21,0,0.269,0.03,-0.019,0,,,,,,,,,,,,,,,,,,,,,,,,,,,,,,,,,,,,,,,,,,,,,,,,,,,,,,,,,,,,,2.7085,0.043,-0.043,0,,,,,0.03179,0.00075,-0.00061,0,,,,,,,,,,,,,,,,,,,,,,,,,5443,103.28,-85.59,0,0.86,0.1,-0.06,0,0.9,0.04,-0.05,0,-0.03,0.15,-0.175,0,[Fe/H],,,,,4.53,0.04,-0.1,0,4.47,6.05,-2.77,0,,,,,,,,,,,,,,,,,737.702,15.079,-14.497,1.32734,0.0269572,-0.0269572
Kepler-624 b,Kepler-624,b,1,1,1,Transit,0,14.58649607,2.876E-05,-2.876E-05,0,,,,,2.31,0.33,-0.24,0,0.206,0.029,-0.021,0,,,,,,,,,,,,,,,,,,,,,,,,,,,,,,,,,,,,,,,,,,,,,,,,,,,,,,,,,,,,,4.0393,0.0561,-0.0561,0,,,,,0.01848,0.00019,-0.00064,0,,,,,,,,,,,,,,,,,,,,,,,,,6117,70.67,-63.28,0,1.18,0.17,-0.11,0,1.1,0.05,-0.06,0,-0.06,0.104,-0.114,0,[Fe/H],,,,,4.33,0.08,-0.1,0,3.72,1.23,-1.68,0,,,,,,,,,,,,,,,,,748.188,11.8425,-11.8425,1.3081,0.0209896,-0.0209896
Kepler-626 b,Kepler-626,b,1,1,1,Transit,0,14.48585199,2.363E-05,-2.363E-05,0,,,,,2.29,0.28,-0.2,0,0.204,0.025,-0.018,0,,,,,,,,,,,,,,,,,,,,,,,,,,,,,,,,,,,,,,,,,,,,,,,,,,,,,,,,,,,,,2.7143,0.0457,-0.0457,0,,,,,0.01974,0.00057,-0.00026,0,,,,,,,,,,,,,,,,,,,,,,,,,5813,93.83,-94.62,0,1.05,0.12,-0.09,0,1.01,0.05,-0.04,0,0.01,0.092,-0.104,0,[Fe/H],,,,,4.4,0.08,-0.09,0,5.37,2.27,-2.96,0,,,,,,,,,,,,,,,,,635.643,6.5075,-6.5075,1.54443,0.015984,-0.015984
Kepler-627 b,Kepler-627,b,1,1,1,Transit,0,40.6994443,0.0001783,-0.0001783,0,,,,,3.73,1.6,-0.82,0,0.333,0.143,-0.073,0,,,,,,,,,,,,,,,,,,,,,,,,,,,,,,,,,,,,,,,,,,,,,,,,,,,,,,,,,,,,,7.208,0.116,-0.116,0,,,,,0.0226,9E-05,-0.00284,0,,,,,,,,,,,,,,,,,,,,,,,,,6424,160.13,-213.39,0,1.49,0.64,-0.27,0,1.3,0.21,-0.14,0,0.05,0.126,-0.142,0,[Fe/H],,,,,4.21,0.13,-0.25,0,2.24,0.816,-0.62,0,,,,,,,,,,,,,,,,,984.307,16.3345,-16.3345,0.987298,0.0167264,-0.0167264
Kepler-628 b,Kepler-628,b,1,1,1,Transit,0,15.4580567,2.95E-06,-2.95E-06,0,,,,,8.4,1.63,-1.41,0,0.749,0.145,-0.126,0,,,,,,,,,,,,,,,,,,,,,,,,,,,,,,,,,,,,,,,,,,,,,,,,,,,,,,,,,,,,,8.79607,0.00504,-0.00504,0,,,,,0.05981,5E-05,-3E-05,0,,,,,,,,,,,,,,,,,,,,,,,,,5721,47.04,-51.36,0,1.28,0.25,-0.21,0,1,0.05,-0.04,0,0.04,0.073,-0.089,0,[Fe/H],,,,,4.22,0.14,-0.13,0,8.71,1.3,-1.6,0,,,,,,,,,,,,,,,,,897.901,13.701,-13.302,1.08501,0.0166175,-0.0166175
Kepler-629 b,Kepler-629,b,1,1,1,Transit,0,7.2385854,1.18E-05,-1.18E-05,0,,,,,1.38,0.06,-0.04,0,0.123,0.005,-0.004,0,,,,,,,,,,,,,,,,,,,,,,,,,,,,,,,,,,,,,,,,,,,,,,,,,,,,,,,,,,,,,3.1069,0.0432,-0.0432,0,,,,,0.01495,0.00051,-0.00026,0,,,,,,,,,,,,,,,,,,,,,,,,,5444,71.98,-60.2,0,0.84,0.02,-0.02,0,0.93,0.03,-0.03,0,0.01,0.093,-0.104,0,[Fe/H],,,,,4.55,0.01,-0.01,0,1.91,1.13,-0.611,0,,,,,,,,,,,,,,,,,372.05,1.954,-1.933,2.65893,0.013937,-0.013937
Kepler-63 b,Kepler-63,b,1,1,1,Transit,0,9.4341505,1E-06,-1E-06,0,0.08,0.002,-0.002,0,6.11,0.2,-0.2,0,0.545,0.018,-0.018,0,120,,,1,0.378,,,1,,,,,,,,,,,,,,,,,120,,,1,0.378,,,1,3,,,1,0.45,,,1,,,,,,,,,87.806,0.018,-0.019,0,0.732,0.003,-0.003,0,,,,,2.903,0.003,-0.003,0,19.12,0.08,-0.08,0,0.0622,0.001,-0.001,0,,,,,,,,,,,,,,,,,-110,22,-14,0,145,9,-14,0,5576,50,-50,0,0.9,0.03,-0.02,0,0.98,0.04,-0.04,0,0.05,0.08,-0.08,0,[Fe/H],-0.157,0.045,-0.038,0,4.52,0.02,-0.02,0,0.21,0.045,-0.045,0,1.895,0.125,-0.117,0,5.6,0.8,-0.8,0,,,,,,,,,194.033,0.959,-0.949,5.12497,0.0251567,-0.0251567
Kepler-630 b,Kepler-630,b,1,1,1,Transit,0,161.4743937,0.0009011,-0.0009011,0,,,,,3.18,0.34,-0.34,0,0.284,0.03,-0.03,0,,,,,,,,,,,,,,,,,,,,,,,,,,,,,,,,,,,,,,,,,,,,,,,,,,,,,,,,,,,,,10.598,0.21,-0.21,0,,,,,0.02796,0.0003,-0.00213,0,,,,,,,,,,,,,,,,,,,,,,,,,5829,97.42,-98.87,0,1.04,0.11,-0.08,0,1.02,0.04,-0.04,0,0.03,0.093,-0.095,0,[Fe/H],,,,,4.42,0.06,-0.09,0,4.47,2.39,-2.43,0,,,,,,,,,,,,,,,,,839.784,12.0185,-12.0185,1.16214,0.0169094,-0.0169094
Kepler-631 b,Kepler-631,b,1,1,1,Transit,0,17.97979059,3.77E-05,-3.77E-05,0,,,,,2.9,0.32,-0.23,0,0.259,0.029,-0.021,0,,,,,,,,,,,,,,,,,,,,,,,,,,,,,,,,,,,,,,,,,,,,,,,,,,,,,,,,,,,,,5.6021,0.0551,-0.0551,0,,,,,0.02014,0.00034,-0.00028,0,,,,,,,,,,,,,,,,,,,,,,,,,6185,85.62,-75.47,0,1.33,0.14,-0.1,0,1.24,0.05,-0.05,0,0.23,0.083,-0.079,0,[Fe/H],,,,,4.28,0.06,-0.08,0,2.51,0.83,-0.912,0,,,,,,,,,,,,,,,,,761.966,10.7895,-10.7895,1.28382,0.0184397,-0.0184397
Kepler-632 b,Kepler-632,b,1,1,1,Transit,0,30.99660733,4.756E-05,-4.756E-05,0,,,,,2.21,0.33,-0.08,0,0.197,0.029,-0.007,0,,,,,,,,,,,,,,,,,,,,,,,,,,,,,,,,,,,,,,,,,,,,,,,,,,,,,,,,,,,,,2.7959,0.0438,-0.0438,0,,,,,0.02419,0.00357,-0.00066,0,,,,,,,,,,,,,,,,,,,,,,,,,5322,89.61,-82.67,0,0.84,0.02,-0.02,0,0.91,0.03,-0.03,0,0.11,0.09,-0.091,0,[Fe/H],,,,,4.55,0.02,-0.02,0,3.02,2.24,-1.43,0,,,,,,,,,,,,,,,,,,,,,,
Kepler-633 b,Kepler-633,b,1,1,1,Transit,0,8.50340718,2.68E-05,-2.68E-05,0,,,,,1.63,0.31,-0.21,0,0.145,0.028,-0.019,0,,,,,,,,,,,,,,,,,,,,,,,,,,,,,,,,,,,,,,,,,,,,,,,,,,,,,,,,,,,,,2.8346,0.0829,-0.0829,0,,,,,0.01287,0.00036,-0.00041,0,,,,,,,,,,,,,,,,,,,,,,,,,5899,86.22,-91.57,0,1.15,0.21,-0.14,0,1.02,0.06,-0.06,0,-0.05,0.104,-0.126,0,[Fe/H],,,,,4.32,0.12,-0.12,0,6.03,1.6,-2.34,0,,,,,,,,,,,,,,,,,680.54,,,,,
Kepler-634 b,Kepler-634,b,1,1,1,Transit,0,5.16950177,1.029E-05,-1.029E-05,0,,,,,1.89,0.3,-0.25,0,0.169,0.027,-0.022,0,,,,,,,,,,,,,,,,,,,,,,,,,,,,,,,,,,,,,,,,,,,,,,,,,,,,,,,,,,,,,4.507,0.0482,-0.0482,0,,,,,0.01354,0.00027,-0.00021,0,,,,,,,,,,,,,,,,,,,,,,,,,6075,86.22,-77.53,0,1.24,0.19,-0.16,0,1.03,0.09,-0.07,0,-0.18,0.132,-0.129,0,[Fe/H],,,,,4.26,0.12,-0.1,0,5.37,1.6,-1.58,0,,,,,,,,,,,,,,,,,888.027,12.022,-12.022,1.09734,0.0151282,-0.0151282
Kepler-635 b,Kepler-635,b,1,1,1,Transit,0,23.44971004,7.672E-05,-7.672E-05,0,,,,,2.64,0.36,-0.27,0,0.236,0.032,-0.024,0,,,,,,,,,,,,,,,,,,,,,,,,,,,,,,,,,,,,,,,,,,,,,,,,,,,,,,,,,,,,,8.6525,0.0822,-0.0822,0,,,,,0.01619,0.00048,-0.00017,0,,,,,,,,,,,,,,,,,,,,,,,,,6174,70.4,-82.75,0,1.51,0.2,-0.15,0,1.33,0.06,-0.05,0,0.41,0.037,-0.038,0,[Fe/H],,,,,4.2,0.08,-0.09,0,2.34,0.45,-0.626,0,,,,,,,,,,,,,,,,,1141.08,23.9,-22.94,0.847678,0.0178469,-0.0178469
Kepler-637 b,Kepler-637,b,1,1,1,Transit,0,23.20584623,5.368E-05,-5.368E-05,0,,,,,4.75,0.51,-0.56,0,0.424,0.045,-0.05,0,,,,,,,,,,,,,,,,,,,,,,,,,,,,,,,,,,,,,,,,,,,,,,,,,,,,,,,,,,,,,4.2998,0.0554,-0.0554,0,,,,,0.01727,0.00039,-0.00029,0,,,,,,,,,,,,,,,,,,,,,,,,,6096,46.96,-44.44,0,2.56,0.27,-0.3,0,1.64,0.07,-0.1,0,0.38,0.052,-0.053,0,[Fe/H],,,,,3.84,0.08,-0.07,0,2.19,0.34,-0.25,0,,,,,,,,,,,,,,,,,786.091,9.603,-9.378,1.24337,0.015241,-0.015241
Kepler-638 b,Kepler-638,b,1,1,1,Transit,0,6.07972888,1.513E-05,-1.513E-05,0,,,,,1.83,0.56,-0.31,0,0.163,0.05,-0.028,0,,,,,,,,,,,,,,,,,,,,,,,,,,,,,,,,,,,,,,,,,,,,,,,,,,,,,,,,,,,,,7.3431,0.0761,-0.0761,0,,,,,0.01828,0.00015,-0.00243,0,,,,,,,,,,,,,,,,,,,,,,,,,5382,50.1,-59.39,0,0.93,0.29,-0.09,0,0.88,0.04,-0.04,0,0.04,0.105,-0.123,0,[Fe/H],,,,,4.43,0.11,-0.2,0,11.75,2.4,-7.41,0,,,,,,,,,,,,,,,,,991.214,15.856,-15.376,0.980073,0.0157739,-0.0157739
Kepler-639 b,Kepler-639,b,1,1,1,Transit,0,10.21420496,2.131E-05,-2.131E-05,0,,,,,2.38,0.55,-0.34,0,0.212,0.049,-0.03,0,,,,,,,,,,,,,,,,,,,,,,,,,,,,,,,,,,,,,,,,,,,,,,,,,,,,,,,,,,,,,5.8558,0.0659,-0.0659,0,,,,,0.01673,0.00207,-0.00056,0,,,,,,,,,,,,,,,,,,,,,,,,,5896,76.96,-59.62,0,1.29,0.26,-0.18,0,1.14,0.09,-0.06,0,0.23,0.078,-0.073,0,[Fe/H],,,,,4.27,0.12,-0.13,0,4.37,1.16,-1.7,0,,,,,,,,,,,,,,,,,850.242,11.318,-11.029,1.1474,0.0153377,-0.0153377
Kepler-640 b,Kepler-640,b,1,1,1,Transit,0,22.24813967,3.515E-05,-3.515E-05,0,,,,,2.56,0.08,-0.22,0,0.228,0.007,-0.02,0,,,,,,,,,,,,,,,,,,,,,,,,,,,,,,,,,,,,,,,,,,,,,,,,,,,,,,,,,,,,,3.9565,0.0704,-0.0704,0,,,,,0.02523,5E-05,-0.00207,0,,,,,,,,,,,,,,,,,,,,,,,,,5653,72.44,-62.83,0,0.94,0.03,-0.03,0,1.01,0.03,-0.03,0,0.15,0.078,-0.084,0,[Fe/H],,,,,4.5,0.02,-0.02,0,2.09,1.45,-0.759,0,,,,,,,,,,,,,,,,,557.787,4.8095,-4.8095,1.76402,0.0153409,-0.0153409
Kepler-641 b,Kepler-641,b,1,1,1,Transit,0,9.48961571,2.398E-05,-2.398E-05,0,,,,,1.85,0.31,-0.25,0,0.165,0.028,-0.022,0,,,,,,,,,,,,,,,,,,,,,,,,,,,,,,,,,,,,,,,,,,,,,,,,,,,,,,,,,,,,,3.5282,0.0578,-0.0578,0,,,,,0.01533,5E-05,-0.0007,0,,,,,,,,,,,,,,,,,,,,,,,,,5713,81.57,-83.52,0,1.13,0.19,-0.14,0,1.02,0.05,-0.04,0,0.15,0.094,-0.091,0,[Fe/H],,,,,4.33,0.12,-0.12,0,7.08,2.4,-3.55,0,,,,,,,,,,,,,,,,,969.918,15.6765,-15.6765,1.00232,0.0165355,-0.0165355
Kepler-642 b,Kepler-642,b,1,1,1,Transit,0,4.41745855,6.6E-06,-6.6E-06,0,,,,,2.9,1.3,-0.56,0,0.259,0.116,-0.05,0,,,,,,,,,,,,,,,,,,,,,,,,,,,,,,,,,,,,,,,,,,,,,,,,,,,,,,,,,,,,,2.9563,0.0403,-0.0403,0,,,,,0.01581,0.00039,-0.00024,0,,,,,,,,,,,,,,,,,,,,,,,,,6570,133.26,-201.09,0,1.66,0.74,-0.32,0,1.4,0.23,-0.16,0,0.06,0.13,-0.138,0,[Fe/H],,,,,4.14,0.15,-0.25,0,1.95,0.62,-0.454,0,,,,,,,,,,,,,,,,,781.582,8.592,-8.411,1.25067,0.0138111,-0.0138111
Kepler-643 b,Kepler-643,b,1,1,1,Transit,0,16.33889626,1.826E-05,-1.826E-05,0,,,,,10.16,0.35,-0.27,0,0.906,0.031,-0.024,0,,,,,,,,,,,,,,,,,,,,,,,,,,,,,,,,,,,,,,,,,,,,,,,,,,,,,,,,,,,,,9.3575,0.0358,-0.0358,0,,,,,0.03741,0.00041,-0.00021,0,,,,,,,,,,,,,,,,,,,,,,,,,4908,45.26,-47.77,0,2.52,0.08,-0.07,0,1,0.07,-0.04,0,0.13,0.078,-0.111,0,[Fe/H],,,,,3.64,0.01,-0.01,0,12.02,1.8,-2.3,0,,,,,,,,,,,,,,,,,1063.58,17.525,-17.525,0.91145,0.0153714,-0.0153714
Kepler-644 b,Kepler-644,b,1,1,1,Transit,0,3.1739171,4.23E-06,-4.23E-06,0,,,,,3.15,1.16,-0.61,0,0.281,0.103,-0.054,0,,,,,,,,,,,,,,,,,,,,,,,,,,,,,,,,,,,,,,,,,,,,,,,,,,,,,,,,,,,,,3.5066,0.0386,-0.0386,0,,,,,0.01635,0.00037,-0.00023,0,,,,,,,,,,,,,,,,,,,,,,,,,6747,156.03,-238.58,0,1.81,0.67,-0.35,0,1.49,0.22,-0.17,0,0.08,0.14,-0.149,0,[Fe/H],,,,,4.09,0.14,-0.21,0,1.62,0.52,-0.32,0,,,,,,,,,,,,,,,,,1318.05,36.985,-36.985,0.730368,0.0211123,-0.0211123
Kepler-645 b,Kepler-645,b,1,1,1,Transit,0,3.27582262,4.77E-06,-4.77E-06,0,,,,,2.1,0.63,-0.28,0,0.187,0.056,-0.025,0,,,,,,,,,,,,,,,,,,,,,,,,,,,,,,,,,,,,,,,,,,,,,,,,,,,,,,,,,,,,,2.9721,0.0387,-0.0387,0,,,,,0.01569,0.00038,-0.00021,0,,,,,,,,,,,,,,,,,,,,,,,,,6170,144.24,-162.1,0,1.21,0.36,-0.16,0,1.13,0.14,-0.09,0,-0.01,0.127,-0.189,0,[Fe/H],,,,,4.33,0.1,-0.19,0,2.95,1.47,-1.22,0,,,,,,,,,,,,,,,,,1173.57,21.235,-21.235,0.823311,0.0153006,-0.0153006
Kepler-646 b,Kepler-646,b,1,1,1,Transit,0,15.87364565,4.3E-05,-4.3E-05,0,,,,,1.99,0.37,-0.19,0,0.178,0.033,-0.017,0,,,,,,,,,,,,,,,,,,,,,,,,,,,,,,,,,,,,,,,,,,,,,,,,,,,,,,,,,,,,,3.6124,0.0742,-0.0742,0,,,,,0.01995,0.00232,-0.00077,0,,,,,,,,,,,,,,,,,,,,,,,,,5634,117.96,-139.42,0,0.91,0.13,-0.08,0,0.93,0.06,-0.06,0,-0.07,0.162,-0.192,0,[Fe/H],,,,,4.49,0.06,-0.12,0,4.57,4.74,-2.78,0,,,,,,,,,,,,,,,,,451.794,3.1815,-3.1815,2.18456,0.0154703,-0.0154703
Kepler-648 b,Kepler-648,b,1,1,1,Transit,0,17.4211749,2.066E-05,-2.066E-05,0,,,,,3.22,0.12,-0.24,0,0.287,0.011,-0.021,0,,,,,,,,,,,,,,,,,,,,,,,,,,,,,,,,,,,,,,,,,,,,,,,,,,,,,,,,,,,,,5.0323,0.0704,-0.0704,0,,,,,0.02996,0.00045,-0.00198,0,,,,,,,,,,,,,,,,,,,,,,,,,5741,54.98,-51.62,0,0.98,0.03,-0.03,0,1.05,0.03,-0.03,0,0.21,0.071,-0.076,0,[Fe/H],,,,,4.48,0.02,-0.02,0,1.82,1.12,-0.581,0,,,,,,,,,,,,,,,,,636.03,7.848,-7.848,1.54355,0.0192524,-0.0192524
Kepler-649 b,Kepler-649,b,1,1,1,Transit,0,29.90722674,5.373E-05,-5.373E-05,0,,,,,2.26,0.14,-0.12,0,0.202,0.012,-0.011,0,,,,,,,,,,,,,,,,,,,,,,,,,,,,,,,,,,,,,,,,,,,,,,,,,,,,,,,,,,,,,4.812,0.0427,-0.0427,0,,,,,0.0223,0.00041,-0.00024,0,,,,,,,,,,,,,,,,,,,,,,,,,5871,62.24,-54.67,0,0.94,0.06,-0.05,0,0.97,0.04,-0.05,0,-0.17,0.112,-0.122,0,[Fe/H],,,,,4.48,0.03,-0.05,0,2.95,2.27,-1.37,0,,,,,,,,,,,,,,,,,513.748,4.503,-4.427,1.91768,0.0167877,-0.0167877
Kepler-650 b,Kepler-650,b,1,1,1,Transit,0,3.03214559,3.31E-06,-3.31E-06,0,,,,,2.96,0.51,-0.45,0,0.264,0.045,-0.04,0,,,,,,,,,,,,,,,,,,,,,,,,,,,,,,,,,,,,,,,,,,,,,,,,,,,,,,,,,,,,,3.6764,0.0349,-0.0349,0,,,,,0.02031,0.00035,-0.00016,0,,,,,,,,,,,,,,,,,,,,,,,,,5849,64.94,-77.61,0,1.35,0.23,-0.21,0,1.08,0.08,-0.05,0,0.13,0.092,-0.084,0,[Fe/H],,,,,4.21,0.13,-0.12,0,6.46,1,-1.86,0,,,,,,,,,,,,,,,,,884.378,,,,,
Kepler-651 b,Kepler-651,b,1,1,1,Transit,0,21.38521506,3.88E-05,-3.88E-05,0,,,,,2.37,0.22,-0.14,0,0.211,0.02,-0.012,0,,,,,,,,,,,,,,,,,,,,,,,,,,,,,,,,,,,,,,,,,,,,,,,,,,,,,,,,,,,,,4.0311,0.0593,-0.0593,0,,,,,0.02486,0.00202,-0.00118,0,,,,,,,,,,,,,,,,,,,,,,,,,5522,64.16,-54.3,0,0.87,0.04,-0.03,0,0.92,0.03,-0.04,0,-0.04,0.107,-0.115,0,[Fe/H],,,,,4.53,0.03,-0.04,0,3.55,2.9,-1.87,0,,,,,,,,,,,,,,,,,509.408,3.5355,-3.5355,1.93419,0.0135214,-0.0135214
Kepler-652 b,Kepler-652,b,1,1,1,Transit,0,4.18200253,1.72E-06,-1.72E-06,0,,,,,2.49,0.06,-0.05,0,0.222,0.005,-0.004,0,,,,,,,,,,,,,,,,,,,,,,,,,,,,,,,,,,,,,,,,,,,,,,,,,,,,,,,,,,,,,2.2165,0.0121,-0.0121,0,,,,,0.02639,0.00032,-0.00017,0,,,,,,,,,,,,,,,,,,,,,,,,,5490,43.22,-40.88,0,0.88,0.02,-0.01,0,0.97,0.02,-0.02,0,0.17,0.056,-0.068,0,[Fe/H],,,,,4.54,0.01,-0.01,0,1.48,0.724,-0.367,0,,,,,,,,,,,,,,,,,394.55,2.154,-2.131,2.50564,0.0136595,-0.0136595
Kepler-654 b,Kepler-654,b,1,1,1,Transit,0,13.72465129,5.006E-05,-5.006E-05,0,,,,,2.07,0.37,-0.26,0,0.185,0.033,-0.023,0,,,,,,,,,,,,,,,,,,,,,,,,,,,,,,,,,,,,,,,,,,,,,,,,,,,,,,,,,,,,,6.9296,0.0869,-0.0869,0,,,,,0.01683,0.00148,-0.00129,0,,,,,,,,,,,,,,,,,,,,,,,,,5865,93.8,-89.45,0,1.11,0.17,-0.11,0,1.04,0.05,-0.04,0,0.04,0.094,-0.09,0,[Fe/H],,,,,4.36,0.09,-0.11,0,5.37,1.94,-2.69,0,,,,,,,,,,,,,,,,,974.124,15.821,-15.331,0.997899,0.016287,-0.016287
Kepler-655 b,Kepler-655,b,1,1,1,Transit,0,46.4063358,0.0001651,-0.0001651,0,,,,,2.71,0.41,-0.27,0,0.242,0.037,-0.024,0,,,,,,,,,,,,,,,,,,,,,,,,,,,,,,,,,,,,,,,,,,,,,,,,,,,,,,,,,,,,,6.9941,0.0868,-0.0868,0,,,,,0.02001,0.00054,-0.00032,0,,,,,,,,,,,,,,,,,,,,,,,,,6170,72.99,-62.57,0,1.24,0.18,-0.12,0,1.15,0.06,-0.05,0,0,0.092,-0.103,0,[Fe/H],,,,,4.31,0.08,-0.1,0,3.39,0.947,-1.37,0,,,,,,,,,,,,,,,,,752.562,9.1025,-9.1025,1.30007,0.0159493,-0.0159493
Kepler-656 b,Kepler-656,b,1,1,1,Transit,0,1.26025909,6.6E-07,-6.6E-07,0,,,,,3.12,0.21,-0.34,0,0.278,0.019,-0.03,0,,,,,,,,,,,,,,,,,,,,,,,,,,,,,,,,,,,,,,,,,,,,,,,,,,,,,,,,,,,,,1.8742,0.0157,-0.0157,0,,,,,0.03531,4E-05,-0.00311,0,,,,,,,,,,,,,,,,,,,,,,,,,5281,63.29,-58.78,0,0.82,0.05,-0.05,0,0.86,0.04,-0.04,0,-0.04,0.15,-0.172,0,[Fe/H],,,,,4.56,0.03,-0.07,0,4.37,6.03,-2.65,0,,,,,,,,,,,,,,,,,890.352,20.856,-20.856,1.09472,0.0261008,-0.0261008
Kepler-657 b,Kepler-657,b,1,1,1,Transit,0,24.54350418,6.435E-05,-6.435E-05,0,,,,,3.52,0.69,-0.32,0,0.314,0.062,-0.029,0,,,,,,,,,,,,,,,,,,,,,,,,,,,,,,,,,,,,,,,,,,,,,,,,,,,,,,,,,,,,,7.3096,0.0714,-0.0714,0,,,,,0.03185,0.00066,-0.00029,0,,,,,,,,,,,,,,,,,,,,,,,,,5808,88.65,-121.47,0,1.01,0.2,-0.09,0,1.01,0.06,-0.06,0,0.03,0.138,-0.158,0,[Fe/H],,,,,4.44,0.07,-0.15,0,4.17,2.94,-2.43,0,,,,,,,,,,,,,,,,,1691.88,79.05,-72.41,0.562187,0.0262564,-0.0262564
Kepler-658 b,Kepler-658,b,1,1,1,Transit,0,1.28707676,1.19E-06,-1.19E-06,0,,,,,1.63,0.06,-0.06,0,0.145,0.005,-0.005,0,,,,,,,,,,,,,,,,,,,,,,,,,,,,,,,,,,,,,,,,,,,,,,,,,,,,,,,,,,,,,1.5086,0.0261,-0.0261,0,,,,,0.02549,0.00057,-0.00026,0,,,,,,,,,,,,,,,,,,,,,,,,,4103,39.35,-37.36,0,0.6,0.02,-0.02,0,0.63,0.02,-0.03,0,-0.04,0.092,-0.104,0,[Fe/H],,,,,4.68,0.01,-0.01,0,3.09,4.2,-1.5,0,,,,,,,,,,,,,,,,,388.384,5.092,-4.965,2.54642,0.0330781,-0.0330781
Kepler-659 b,Kepler-659,b,1,1,1,Transit,0,17.671796,5.558E-05,-5.558E-05,0,,,,,2.5,0.33,-0.23,0,0.223,0.029,-0.021,0,,,,,,,,,,,,,,,,,,,,,,,,,,,,,,,,,,,,,,,,,,,,,,,,,,,,,,,,,,,,,3.2554,0.0848,-0.0848,0,,,,,0.03061,0.00398,-0.00242,0,,,,,,,,,,,,,,,,,,,,,,,,,4870,49.22,-56.1,0,0.74,0.03,-0.04,0,0.79,0.03,-0.04,0,0.02,0.158,-0.178,0,[Fe/H],,,,,4.6,0.02,-0.04,0,3.24,6.01,-1.7,0,,,,,,,,,,,,,,,,,722.64,15.132,-14.535,1.35546,0.0281812,-0.0281812
Kepler-66 b,Kepler-66,b,1,1,1,Transit,0,17.815815,7.5E-05,-7.5E-05,0,0.1352,0.0017,-0.0017,0,2.8,0.16,-0.16,0,0.25,0.014,-0.014,0,,,,,,,,,,,,,,,,,,,,,,,,,,,,,,,,,,,,,,,,,,,,,,,,,,,,,0.56,0.26,-0.26,0,,,,,,,,,30.3,1,-1,0,0.02646,0.00097,-0.00097,0,,,,,,,,,,,,,,,,,,,,,,,,,5962,79,-79,0,0.97,0.04,-0.04,0,1.04,0.04,-0.04,0,-0.2,0.1,-0.1,0,[M/H],,,,,4.48,0.02,-0.02,0,1,0.17,-0.17,0,1.62,0.21,-0.21,0,,,,,,,,,,,,,1202.96,37.295,-37.295,0.802988,0.0255583,-0.0255583
Kepler-660 b,Kepler-660,b,1,1,1,Transit,0,9.27358194,1.178E-05,-1.178E-05,0,,,,,2.57,0.11,-0.17,0,0.229,0.01,-0.015,0,,,,,,,,,,,,,,,,,,,,,,,,,,,,,,,,,,,,,,,,,,,,,,,,,,,,,,,,,,,,,3.3004,0.0398,-0.0398,0,,,,,0.03311,0.00065,-0.00061,0,,,,,,,,,,,,,,,,,,,,,,,,,4779,44.67,-49.24,0,0.71,0.03,-0.04,0,0.75,0.04,-0.05,0,-0.07,0.149,-0.182,0,[Fe/H],,,,,4.61,0.03,-0.03,0,4.57,6,-2.72,0,,,,,,,,,,,,,,,,,568.431,9.063,-8.788,1.73079,0.0274101,-0.0274101
Kepler-661 b,Kepler-661,b,1,1,1,Transit,0,6.02930132,5.36E-06,-5.36E-06,0,,,,,3.07,0.12,-0.21,0,0.274,0.011,-0.019,0,,,,,,,,,,,,,,,,,,,,,,,,,,,,,,,,,,,,,,,,,,,,,,,,,,,,,,,,,,,,,1.5798,0.032,-0.032,0,,,,,0.04151,0.00056,-0.00166,0,,,,,,,,,,,,,,,,,,,,,,,,,4483,56.76,-57.11,0,0.67,0.03,-0.04,0,0.7,0.03,-0.04,0,-0.05,0.164,-0.154,0,[Fe/H],,,,,4.64,0.02,-0.03,0,4.27,5.92,-2.46,0,,,,,,,,,,,,,,,,,534.788,10.055,-9.697,1.84175,0.0342594,-0.0342594
Kepler-662 b,Kepler-662,b,1,1,1,Transit,0,21.67697486,6.711E-05,-6.711E-05,0,,,,,2.18,0.11,-0.12,0,0.194,0.01,-0.011,0,,,,,,,,,,,,,,,,,,,,,,,,,,,,,,,,,,,,,,,,,,,,,,,,,,,,,,,,,,,,,3.1263,0.0853,-0.0853,0,,,,,0.02683,0.00103,-0.00052,0,,,,,,,,,,,,,,,,,,,,,,,,,4897,52.49,-59.98,0,0.74,0.03,-0.04,0,0.79,0.04,-0.04,0,-0.03,0.157,-0.171,0,[Fe/H],,,,,4.6,0.02,-0.04,0,3.63,6.3,-2.03,0,,,,,,,,,,,,,,,,,815.637,21.6475,-21.6475,1.19793,0.032275,-0.032275
Kepler-663 b,Kepler-663,b,1,1,1,Transit,0,4.99678284,1.448E-05,-1.448E-05,0,,,,,2.6,0.2,-0.16,0,0.232,0.018,-0.014,0,,,,,,,,,,,,,,,,,,,,,,,,,,,,,,,,,,,,,,,,,,,,,,,,,,,,,,,,,,,,,2.09,0.0765,-0.0765,0,,,,,0.02918,0.00114,-0.00085,0,,,,,,,,,,,,,,,,,,,,,,,,,5264,90.56,-127.67,0,0.82,0.06,-0.04,0,0.86,0.04,-0.04,0,0.03,0.147,-0.165,0,[Fe/H],,,,,4.55,0.03,-0.07,0,4.57,6,-2.83,0,,,,,,,,,,,,,,,,,1063.09,35.35,-33.18,0.91283,0.0300537,-0.0300537
Kepler-664 b,Kepler-664,b,1,1,1,Transit,0,2.52559332,3.67E-06,-3.67E-06,0,,,,,2.66,0.68,-0.25,0,0.237,0.061,-0.022,0,,,,,,,,,,,,,,,,,,,,,,,,,,,,,,,,,,,,,,,,,,,,,,,,,,,,,,,,,,,,,1.5882,0.0395,-0.0395,0,,,,,0.02369,0.00055,-0.00052,0,,,,,,,,,,,,,,,,,,,,,,,,,5754,73.56,-86.08,0,1.02,0.26,-0.1,0,1.01,0.06,-0.05,0,0.07,0.146,-0.15,0,[Fe/H],,,,,4.43,0.08,-0.18,0,4.68,3.12,-2.89,0,,,,,,,,,,,,,,,,,1210.12,43.1,-40.28,0.797882,0.0282415,-0.0282415
Kepler-665 b,Kepler-665,b,1,1,1,Transit,0,16.01310205,4.308E-05,-4.308E-05,0,,,,,2.6,0.15,-0.15,0,0.232,0.013,-0.013,0,,,,,,,,,,,,,,,,,,,,,,,,,,,,,,,,,,,,,,,,,,,,,,,,,,,,,,,,,,,,,3.0654,0.0766,-0.0766,0,,,,,0.03169,0.00126,-0.00084,0,,,,,,,,,,,,,,,,,,,,,,,,,4913,93.83,-86.97,0,0.74,0.03,-0.04,0,0.79,0.04,-0.04,0,-0.03,0.146,-0.168,0,[Fe/H],,,,,4.6,0.02,-0.04,0,4.68,6.06,-2.75,0,,,,,,,,,,,,,,,,,612.838,12.066,-11.616,1.60366,0.0312759,-0.0312759
Kepler-666 b,Kepler-666,b,1,1,1,Transit,0,4.49876092,1.769E-05,-1.769E-05,0,,,,,2.4,0.58,-0.28,0,0.214,0.052,-0.025,0,,,,,,,,,,,,,,,,,,,,,,,,,,,,,,,,,,,,,,,,,,,,,,,,,,,,,,,,,,,,,3.8308,0.0997,-0.0997,0,,,,,0.02088,0.00086,-0.0003,0,,,,,,,,,,,,,,,,,,,,,,,,,5887,164.92,-179.03,0,1.05,0.25,-0.12,0,1.03,0.09,-0.08,0,0.01,0.136,-0.173,0,[Fe/H],,,,,4.41,0.09,-0.17,0,3.8,2.73,-2.08,0,,,,,,,,,,,,,,,,,1508.71,59.33,-55.07,0.634662,0.0249126,-0.0249126
Kepler-667 b,Kepler-667,b,1,1,1,Transit,0,41.43962808,8.183E-05,-8.183E-05,0,,,,,4.73,0.39,-0.28,0,0.422,0.035,-0.025,0,,,,,,,,,,,,,,,,,,,,,,,,,,,,,,,,,,,,,,,,,,,,,,,,,,,,,,,,,,,,,10.6468,0.0961,-0.0961,0,,,,,0.05018,0.00014,-0.00129,0,,,,,,,,,,,,,,,,,,,,,,,,,5327,53.04,-70.39,0,0.87,0.07,-0.05,0,0.91,0.04,-0.04,0,0.15,0.152,-0.158,0,[Fe/H],,,,,4.53,0.04,-0.09,0,4.68,6.24,-2.99,0,,,,,,,,,,,,,,,,,2302.45,154.27,-136.4,0.405112,0.0267871,-0.0267871
Kepler-668 b,Kepler-668,b,1,1,1,Transit,0,8.35390639,1.695E-05,-1.695E-05,0,,,,,2.7,0.23,-0.18,0,0.241,0.021,-0.016,0,,,,,,,,,,,,,,,,,,,,,,,,,,,,,,,,,,,,,,,,,,,,,,,,,,,,,,,,,,,,,2.2712,0.0536,-0.0536,0,,,,,0.02974,0.00108,-0.00046,0,,,,,,,,,,,,,,,,,,,,,,,,,5352,60.59,-60.88,0,0.82,0.06,-0.05,0,0.87,0.04,-0.05,0,-0.06,0.151,-0.171,0,[Fe/H],,,,,4.55,0.03,-0.07,0,3.89,6,-2.36,0,,,,,,,,,,,,,,,,,784.618,17.068,-16.369,1.24609,0.0269422,-0.0269422
Kepler-669 b,Kepler-669,b,1,1,1,Transit,0,4.12554687,3.1E-06,-3.1E-06,0,,,,,4.83,1.28,-0.55,0,0.431,0.114,-0.049,0,,,,,,,,,,,,,,,,,,,,,,,,,,,,,,,,,,,,,,,,,,,,,,,,,,,,,,,,,,,,,3.1389,0.0329,-0.0329,0,,,,,0.03699,0.00013,-0.00089,0,,,,,,,,,,,,,,,,,,,,,,,,,6038,97.84,-109.18,0,1.2,0.32,-0.13,0,1.15,0.1,-0.07,0,0.14,0.147,-0.143,0,[Fe/H],,,,,4.34,0.09,-0.18,0,3.16,1.3,-1.55,0,,,,,,,,,,,,,,,,,2063.41,147.43,-129.4,0.454876,0.0318013,-0.0318013
Kepler-67 b,Kepler-67,b,1,1,1,Transit,0,15.7259,0.00011,-0.00011,0,0.1171,0.0015,-0.0015,0,2.94,0.16,-0.16,0,0.262,0.014,-0.014,0,,,,,,,,,,,,,,,,,,,,,,,,,,,,,,,,,,,,,,,,,,,,,,,,,,,,,0.37,0.21,-0.21,0,,,,,,,,,32.4,1.1,-1.1,0,0.03451,0.0013,-0.0013,0,,,,,,,,,,,,,,,,,,,,,,,,,5331,63,-63,0,0.78,0.03,-0.03,0,0.86,0.03,-0.03,0,-0.2,0.1,-0.1,0,[M/H],,,,,4.59,0.02,-0.02,0,1,0.17,-0.17,0,2.66,0.24,-0.24,0,,,,,,,,,,,,,1131.19,70.63,-62.92,0.857968,0.0507943,-0.0507943
Kepler-670 b,Kepler-670,b,1,1,1,Transit,0,2.81650485,1.5E-07,-1.5E-07,0,,,,,13.18,2.94,-1.21,0,1.176,0.262,-0.108,0,,,,,,,,,,,,,,,,,,,,,,,,,,,,,,,,,,,,,,,,,,,,,,,,,,,,,,,,,,,,,2.50522,0.00179,-0.00179,0,,,,,0.1217,8E-05,-5E-05,0,,,,,,,,,,,,,,,,,,,,,,,,,5709,89.42,-134.39,0,0.99,0.22,-0.09,0,0.99,0.05,-0.06,0,0.07,0.139,-0.149,0,[Fe/H],,,,,4.44,0.07,-0.17,0,4.79,3.69,-2.94,0,,,,,,,,,,,,,,,,,939.744,18.25,-17.58,1.03558,0.0201268,-0.0201268
Kepler-671 b,Kepler-671,b,1,1,1,Transit,0,4.28095859,6.48E-06,-6.48E-06,0,,,,,2.69,0.49,-0.2,0,0.24,0.044,-0.018,0,,,,,,,,,,,,,,,,,,,,,,,,,,,,,,,,,,,,,,,,,,,,,,,,,,,,,,,,,,,,,2.8753,0.0466,-0.0466,0,,,,,0.02573,0.00048,-0.00065,0,,,,,,,,,,,,,,,,,,,,,,,,,5624,74.83,-91.38,0,0.95,0.17,-0.07,0,0.97,0.05,-0.04,0,0.08,0.145,-0.137,0,[Fe/H],,,,,4.47,0.05,-0.15,0,4.47,4.89,-2.8,0,,,,,,,,,,,,,,,,,1168.26,43.81,-40.8,0.827859,0.0307354,-0.0307354
Kepler-672 b,Kepler-672,b,1,1,1,Transit,0,38.3774623,0.0001555,-0.0001555,0,,,,,2.5,0.32,-0.18,0,0.223,0.029,-0.016,0,,,,,,,,,,,,,,,,,,,,,,,,,,,,,,,,,,,,,,,,,,,,,,,,,,,,,,,,,,,,,5.55,0.11,-0.11,0,,,,,0.02546,0.00082,-0.00052,0,,,,,,,,,,,,,,,,,,,,,,,,,5627,75.47,-79.72,0,0.92,0.11,-0.06,0,0.95,0.04,-0.05,0,-0.01,0.149,-0.185,0,[Fe/H],,,,,4.5,0.05,-0.11,0,4.07,4.56,-2.41,0,,,,,,,,,,,,,,,,,1033.93,21.795,-21.795,0.938519,0.0202319,-0.0202319
Kepler-673 b,Kepler-673,b,1,1,1,Transit,0,3.72873109,9.3E-07,-9.3E-07,0,,,,,6.54,0.53,-0.48,0,0.583,0.047,-0.043,0,,,,,,,,,,,,,,,,,,,,,,,,,,,,,,,,,,,,,,,,,,,,,,,,,,,,,,,,,,,,,2.6734,0.0316,-0.0316,0,,,,,0.07077,9E-05,-0.00258,0,,,,,,,,,,,,,,,,,,,,,,,,,5355,60.4,-71.68,0,0.84,0.07,-0.05,0,0.88,0.04,-0.05,0,0,0.149,-0.171,0,[Fe/H],,,,,4.54,0.04,-0.09,0,4.47,6.32,-2.76,0,,,,,,,,,,,,,,,,,918.21,22.254,-21.242,1.06061,0.0255909,-0.0255909
Kepler-674 b,Kepler-674,b,1,1,1,Transit,0,2.24338185,2.72E-06,-2.72E-06,0,,,,,1.69,0.1,-0.07,0,0.151,0.009,-0.006,0,,,,,,,,,,,,,,,,,,,,,,,,,,,,,,,,,,,,,,,,,,,,,,,,,,,,,,,,,,,,,1.0205,0.042,-0.042,0,,,,,0.02677,0.00108,-0.00034,0,,,,,,,,,,,,,,,,,,,,,,,,,4192,40.95,-42.83,0,0.57,0.03,-0.02,0,0.6,0.04,-0.04,0,-0.27,0.143,-0.138,0,[Fe/H],,,,,4.69,0.01,-0.02,0,3.31,5.36,-1.74,0,,,,,,,,,,,,,,,,,342.254,3.293,-3.232,2.89322,0.0276378,-0.0276378
Kepler-675 b,Kepler-675,b,1,1,1,Transit,0,2.33743801,2.07E-06,-2.07E-06,0,,,,,2.44,0.24,-0.16,0,0.218,0.021,-0.014,0,,,,,,,,,,,,,,,,,,,,,,,,,,,,,,,,,,,,,,,,,,,,,,,,,,,,,,,,,,,,,2.014,0.0261,-0.0261,0,,,,,0.02993,0.00271,-0.00096,0,,,,,,,,,,,,,,,,,,,,,,,,,4945,69.87,-70.99,0,0.75,0.03,-0.04,0,0.79,0.04,-0.04,0,-0.05,0.147,-0.177,0,[Fe/H],,,,,4.6,0.03,-0.04,0,4.68,6.06,-2.76,0,,,,,,,,,,,,,,,,,665.68,13.6185,-13.6185,1.47401,0.030488,-0.030488
Kepler-676 b,Kepler-676,b,1,1,1,Transit,0,11.59822172,1.399E-05,-1.399E-05,0,,,,,3.04,0.14,-0.34,0,0.271,0.012,-0.03,0,,,,,,,,,,,,,,,,,,,,,,,,,,,,,,,,,,,,,,,,,,,,,,,,,,,,,,,,,,,,,2.6256,0.0835,-0.0835,0,,,,,0.05732,0.00068,-0.00561,0,,,,,,,,,,,,,,,,,,,,,,,,,3701,39.31,-40.14,0,0.49,0.02,-0.03,0,0.51,0.02,-0.03,0,-0.02,0.087,-0.087,0,[Fe/H],,,,,4.77,0.03,-0.02,0,4.27,5.85,-2.52,0,,,,,,,,,,,,,,,,,295.196,2.8065,-2.8065,3.3591,0.0319614,-0.0319614
Kepler-677 b,Kepler-677,b,1,1,1,Transit,0,6.57531678,3.69E-06,-3.69E-06,0,,,,,5.38,1.17,-0.42,0,0.48,0.104,-0.037,0,,,,,,,,,,,,,,,,,,,,,,,,,,,,,,,,,,,,,,,,,,,,,,,,,,,,,,,,,,,,,4.2837,0.0191,-0.0191,0,,,,,0.04978,0.00046,-0.00015,0,,,,,,,,,,,,,,,,,,,,,,,,,5723,68.82,-87.95,0,0.99,0.21,-0.08,0,1,0.05,-0.05,0,0.06,0.143,-0.163,0,[Fe/H],,,,,4.45,0.06,-0.16,0,4.57,3.8,-2.8,0,,,,,,,,,,,,,,,,,1954.08,109.21,-98.45,0.48221,0.0265846,-0.0265846
Kepler-678 b,Kepler-678,b,1,1,1,Transit,0,7.27503724,4.27E-06,-4.27E-06,0,,,,,5.14,0.66,-0.35,0,0.459,0.059,-0.031,0,,,,,,,,,,,,,,,,,,,,,,,,,,,,,,,,,,,,,,,,,,,,,,,,,,,,,,,,,,,,,7.5206,0.0458,-0.0458,0,,,,,0.05184,3E-05,-0.00139,0,,,,,,,,,,,,,,,,,,,,,,,,,5520,72.95,-108.11,0,0.91,0.12,-0.06,0,0.94,0.04,-0.05,0,0.07,0.157,-0.15,0,[Fe/H],,,,,4.5,0.05,-0.12,0,4.47,5.63,-2.81,0,,,,,,,,,,,,,,,,,1826.15,85.25,-78.1,0.518784,0.0243035,-0.0243035
Kepler-679 b,Kepler-679,b,1,1,1,Transit,0,12.39358604,3.829E-05,-3.829E-05,0,,,,,3.01,0.32,-0.39,0,0.269,0.029,-0.035,0,,,,,,,,,,,,,,,,,,,,,,,,,,,,,,,,,,,,,,,,,,,,,,,,,,,,,,,,,,,,,3.7222,0.0776,-0.0776,0,,,,,0.03271,0.00189,-0.0035,0,,,,,,,,,,,,,,,,,,,,,,,,,5403,97.13,-105.75,0,0.84,0.07,-0.06,0,0.87,0.05,-0.05,0,-0.09,0.161,-0.185,0,[Fe/H],,,,,4.54,0.04,-0.09,0,4.47,6.27,-2.9,0,,,,,,,,,,,,,,,,,922.244,25.397,-24.094,1.05616,0.0288557,-0.0288557
Kepler-680 b,Kepler-680,b,1,1,1,Transit,0,3.68992629,9.43E-06,-9.43E-06,0,,,,,2.42,0.82,-0.25,0,0.216,0.073,-0.022,0,,,,,,,,,,,,,,,,,,,,,,,,,,,,,,,,,,,,,,,,,,,,,,,,,,,,,,,,,,,,,2.6286,0.0702,-0.0702,0,,,,,0.01962,0.00072,-0.00035,0,,,,,,,,,,,,,,,,,,,,,,,,,5890,77.37,-99.2,0,1.11,0.38,-0.11,0,1.08,0.1,-0.06,0,0.13,0.152,-0.146,0,[Fe/H],,,,,4.38,0.08,-0.22,0,3.72,1.93,-2.01,0,,,,,,,,,,,,,,,,,1492.48,54.79,-51.12,0.641207,0.0235912,-0.0235912
Kepler-681 b,Kepler-681,b,1,1,1,Transit,0,26.39435646,6.078E-05,-6.078E-05,0,,,,,3.08,0.16,-0.16,0,0.275,0.014,-0.014,0,,,,,,,,,,,,,,,,,,,,,,,,,,,,,,,,,,,,,,,,,,,,,,,,,,,,,,,,,,,,,3.4785,0.0626,-0.0626,0,,,,,0.0374,0.00115,-0.00052,0,,,,,,,,,,,,,,,,,,,,,,,,,5021,63.8,-62.09,0,0.76,0.03,-0.04,0,0.8,0.04,-0.05,0,-0.04,0.151,-0.164,0,[Fe/H],,,,,4.58,0.03,-0.04,0,5.01,5.63,-2.95,0,,,,,,,,,,,,,,,,,686.923,11.227,-10.878,1.42719,0.0232418,-0.0232418
Kepler-682 b,Kepler-682,b,1,1,1,Transit,0,12.61190667,6.46E-06,-6.46E-06,0,,,,,7.37,0.77,-0.5,0,0.658,0.069,-0.045,0,,,,,,,,,,,,,,,,,,,,,,,,,,,,,,,,,,,,,,,,,,,,,,,,,,,,,,,,,,,,,5.1636,0.0535,-0.0535,0,,,,,0.07636,0.00065,-0.00131,0,,,,,,,,,,,,,,,,,,,,,,,,,5559,84.63,-82.16,0,0.89,0.09,-0.06,0,0.92,0.04,-0.05,0,-0.05,0.143,-0.172,0,[Fe/H],,,,,4.51,0.04,-0.1,0,3.98,5.18,-2.34,0,,,,,,,,,,,,,,,,,1979.25,104.85,-95,0.475647,0.0249403,-0.0249403
Kepler-683 b,Kepler-683,b,1,1,1,Transit,0,2.53918318,5.11E-06,-5.11E-06,0,,,,,1.97,0.34,-0.17,0,0.176,0.03,-0.015,0,,,,,,,,,,,,,,,,,,,,,,,,,,,,,,,,,,,,,,,,,,,,,,,,,,,,,,,,,,,,,2.383,0.0527,-0.0527,0,,,,,0.01886,0.00063,-0.00027,0,,,,,,,,,,,,,,,,,,,,,,,,,5703,140.91,-149.37,0,0.95,0.16,-0.08,0,0.96,0.06,-0.06,0,-0.03,0.144,-0.181,0,[Fe/H],,,,,4.47,0.06,-0.13,0,4.37,4.19,-2.56,0,,,,,,,,,,,,,,,,,1023.07,30.1905,-30.1905,0.949519,0.0285979,-0.0285979
Kepler-684 b,Kepler-684,b,1,1,1,Transit,0,6.77030201,8.86E-06,-8.86E-06,0,,,,,3.36,0.3,-0.3,0,0.3,0.027,-0.027,0,,,,,,,,,,,,,,,,,,,,,,,,,,,,,,,,,,,,,,,,,,,,,,,,,,,,,,,,,,,,,1.9398,0.0457,-0.0457,0,,,,,0.03595,0.00026,-0.00139,0,,,,,,,,,,,,,,,,,,,,,,,,,5493,123.67,-118.74,0,0.86,0.08,-0.07,0,0.89,0.06,-0.06,0,-0.11,0.161,-0.194,0,[Fe/H],,,,,4.53,0.05,-0.09,0,4.37,5.68,-2.73,0,,,,,,,,,,,,,,,,,1731.27,89.345,-89.345,0.549575,0.0290613,-0.0290613
Kepler-685 b,Kepler-685,b,1,1,1,Transit,0,1.6255222,1.5E-07,-1.5E-07,0,,,,,10.58,3.06,-1.19,0,0.944,0.273,-0.106,0,,,,,,,,,,,,,,,,,,,,,,,,,,,,,,,,,,,,,,,,,,,,,,,,,,,,,,,,,,,,,2.38785,0.00377,-0.00377,0,,,,,0.08438,0.00015,-9E-05,0,,,,,,,,,,,,,,,,,,,,,,,,,5963,94.44,-126.15,0,1.16,0.34,-0.13,0,1.11,0.11,-0.07,0,0.15,0.145,-0.154,0,[Fe/H],,,,,4.36,0.09,-0.19,0,3.39,1.6,-1.76,0,,,,,,,,,,,,,,,,,938.715,30.934,-30.934,1.038,0.0347893,-0.0347893
Kepler-686 b,Kepler-686,b,1,1,1,Transit,0,1.59474546,1.1E-07,-1.1E-07,0,,,,,12.15,1.97,-1.01,0,1.084,0.176,-0.09,0,,,,,,,,,,,,,,,,,,,,,,,,,,,,,,,,,,,,,,,,,,,,,,,,,,,,,,,,,,,,,1.9561,0.0106,-0.0106,0,,,,,0.12069,0.00045,-0.0006,0,,,,,,,,,,,,,,,,,,,,,,,,,5649,155.14,-112.79,0,0.92,0.15,-0.08,0,0.94,0.06,-0.06,0,-0.07,0.152,-0.184,0,[Fe/H],,,,,4.49,0.06,-0.13,0,4.47,4.47,-2.74,0,,,,,,,,,,,,,,,,,1490.94,67.81,-62.26,0.642082,0.0290264,-0.0290264
Kepler-687 b,Kepler-687,b,1,1,1,Transit,0,20.50586978,2.828E-05,-2.828E-05,0,,,,,3.52,0.16,-0.2,0,0.314,0.014,-0.018,0,,,,,,,,,,,,,,,,,,,,,,,,,,,,,,,,,,,,,,,,,,,,,,,,,,,,,,,,,,,,,4.0602,0.0465,-0.0465,0,,,,,0.04357,0.0009,-0.00095,0,,,,,,,,,,,,,,,,,,,,,,,,,4841,93,-63.99,0,0.73,0.03,-0.04,0,0.77,0.04,-0.04,0,-0.04,0.144,-0.16,0,[Fe/H],,,,,4.6,0.03,-0.04,0,5.5,5.78,-3.3,0,,,,,,,,,,,,,,,,,633.66,11.676,-11.267,1.54984,0.0283444,-0.0283444
Kepler-688 b,Kepler-688,b,1,1,1,Transit,0,3.89593684,8E-07,-8E-07,0,,,,,9.76,1.76,-0.97,0,0.871,0.157,-0.087,0,,,,,,,,,,,,,,,,,,,,,,,,,,,,,,,,,,,,,,,,,,,,,,,,,,,,,,,,,,,,,2.3389,0.0314,-0.0314,0,,,,,0.09287,0.00071,-0.00213,0,,,,,,,,,,,,,,,,,,,,,,,,,5715,152.52,-199.21,0,0.96,0.17,-0.09,0,0.98,0.07,-0.07,0,0.02,0.133,-0.167,0,[Fe/H],,,,,4.47,0.06,-0.14,0,4.27,3.92,-2.54,0,,,,,,,,,,,,,,,,,1357.75,61.62,-56.58,0.709307,0.0317448,-0.0317448
Kepler-689 b,Kepler-689,b,1,1,1,Transit,0,22.36656079,9.811E-05,-9.811E-05,0,,,,,2.89,0.35,-0.23,0,0.258,0.031,-0.021,0,,,,,,,,,,,,,,,,,,,,,,,,,,,,,,,,,,,,,,,,,,,,,,,,,,,,,,,,,,,,,5.151,0.11,-0.11,0,,,,,0.0299,0.00104,-0.00076,0,,,,,,,,,,,,,,,,,,,,,,,,,5518,122.7,-162.69,0,0.88,0.1,-0.07,0,0.91,0.05,-0.06,0,-0.01,0.144,-0.184,0,[Fe/H],,,,,4.51,0.05,-0.1,0,4.57,5.13,-2.88,0,,,,,,,,,,,,,,,,,1131.73,50.56,-46.47,0.856861,0.0375051,-0.0375051
Kepler-690 b,Kepler-690,b,1,1,1,Transit,0,7.74809437,7.63E-06,-7.63E-06,0,,,,,5.95,1.83,-0.75,0,0.531,0.163,-0.067,0,,,,,,,,,,,,,,,,,,,,,,,,,,,,,,,,,,,,,,,,,,,,,,,,,,,,,,,,,,,,,3.5631,0.0391,-0.0391,0,,,,,0.04716,0.00014,-0.00119,0,,,,,,,,,,,,,,,,,,,,,,,,,5913,87.61,-115.89,0,1.16,0.36,-0.14,0,1.11,0.1,-0.06,0,0.19,0.134,-0.152,0,[Fe/H],,,,,4.35,0.1,-0.2,0,3.55,1.96,-1.88,0,,,,,,,,,,,,,,,,,1665.31,116.04,-102.07,0.57419,0.0382302,-0.0382302
Kepler-691 b,Kepler-691,b,1,1,1,Transit,0,8.114379,1.125E-05,-1.125E-05,0,,,,,2.09,0.09,-0.09,0,0.186,0.008,-0.008,0,,,,,,,,,,,,,,,,,,,,,,,,,,,,,,,,,,,,,,,,,,,,,,,,,,,,,,,,,,,,,2.258,0.046,-0.046,0,,,,,0.03767,0.00113,-0.00041,0,,,,,,,,,,,,,,,,,,,,,,,,,3715,37.37,-36.77,0,0.5,0.02,-0.02,0,0.53,0.02,-0.02,0,0.04,0.08,-0.077,0,[Fe/H],,,,,4.76,0.02,-0.02,0,3.98,5.61,-2.24,0,,,,,,,,,,,,,,,,,279.115,3.434,-3.353,3.55464,0.0432221,-0.0432221
Kepler-692 b,Kepler-692,b,1,1,1,Transit,0,21.81293494,7.14E-05,-7.14E-05,0,,,,,3.11,0.37,-0.23,0,0.277,0.033,-0.021,0,,,,,,,,,,,,,,,,,,,,,,,,,,,,,,,,,,,,,,,,,,,,,,,,,,,,,,,,,,,,,4.3891,0.0882,-0.0882,0,,,,,0.03323,0.00125,-0.00053,0,,,,,,,,,,,,,,,,,,,,,,,,,5440,157.76,-162,0,0.86,0.1,-0.06,0,0.9,0.05,-0.05,0,-0.01,0.14,-0.172,0,[Fe/H],,,,,4.53,0.04,-0.1,0,4.68,6,-2.94,0,,,,,,,,,,,,,,,,,991.336,34.354,-32.163,0.981381,0.0335366,-0.0335366
Kepler-694 b,Kepler-694,b,1,1,1,Transit,0,6.36584161,8.1E-06,-8.1E-06,0,,,,,2.8,0.52,-0.22,0,0.25,0.046,-0.02,0,,,,,,,,,,,,,,,,,,,,,,,,,,,,,,,,,,,,,,,,,,,,,,,,,,,,,,,,,,,,,2.9697,0.0502,-0.0502,0,,,,,0.02731,0.00313,-0.00076,0,,,,,,,,,,,,,,,,,,,,,,,,,5700,110.52,-116.69,0,0.95,0.14,-0.07,0,0.97,0.05,-0.06,0,0,0.134,-0.166,0,[Fe/H],,,,,4.47,0.05,-0.12,0,4.07,3.85,-2.37,0,,,,,,,,,,,,,,,,,1023.06,30.36,-28.68,0.949366,0.0279691,-0.0279691
Kepler-695 b,Kepler-695,b,1,1,1,Transit,0,3.04033042,3E-07,-3E-07,0,,,,,9.21,0.71,-0.56,0,0.822,0.063,-0.05,0,,,,,,,,,,,,,,,,,,,,,,,,,,,,,,,,,,,,,,,,,,,,,,,,,,,,,,,,,,,,,1.8394,0.0138,-0.0138,0,,,,,0.10615,0.00038,-0.00121,0,,,,,,,,,,,,,,,,,,,,,,,,,5181,199.46,-197.86,0,0.8,0.06,-0.05,0,0.84,0.05,-0.05,0,-0.01,0.149,-0.162,0,[Fe/H],,,,,4.57,0.04,-0.06,0,4.47,6.17,-2.71,0,,,,,,,,,,,,,,,,,842.947,21.529,-20.501,1.15848,0.0293276,-0.0293276
Kepler-696 b,Kepler-696,b,1,1,1,Transit,0,4.19042557,1.6E-06,-1.6E-06,0,,,,,6.14,1.63,-0.7,0,0.548,0.145,-0.062,0,,,,,,,,,,,,,,,,,,,,,,,,,,,,,,,,,,,,,,,,,,,,,,,,,,,,,,,,,,,,,2.8403,0.0164,-0.0164,0,,,,,0.05157,0.0003,-0.0004,0,,,,,,,,,,,,,,,,,,,,,,,,,5903,106.82,-160.15,0,1.08,0.29,-0.12,0,1.06,0.08,-0.07,0,0.07,0.148,-0.167,0,[Fe/H],,,,,4.39,0.09,-0.18,0,3.98,2.27,-2.22,0,,,,,,,,,,,,,,,,,1416.44,55.635,-55.635,0.67813,0.0274813,-0.0274813
Kepler-697 b,Kepler-697,b,1,1,1,Transit,0,3.70987065,3.05E-06,-3.05E-06,0,,,,,4.13,0.55,-0.31,0,0.368,0.049,-0.028,0,,,,,,,,,,,,,,,,,,,,,,,,,,,,,,,,,,,,,,,,,,,,,,,,,,,,,,,,,,,,,3.1,0.0254,-0.0254,0,,,,,0.0426,0.00057,-0.00033,0,,,,,,,,,,,,,,,,,,,,,,,,,5513,113.01,-134.25,0,0.88,0.12,-0.07,0,0.92,0.05,-0.06,0,-0.01,0.137,-0.19,0,[Fe/H],,,,,4.52,0.05,-0.12,0,4.37,5.6,-2.65,0,,,,,,,,,,,,,,,,,1277.33,49.55,-46.03,0.754456,0.0290522,-0.0290522
Kepler-698 b,Kepler-698,b,1,1,1,Transit,0,16.32976218,3.512E-05,-3.512E-05,0,,,,,3.68,0.45,-0.45,0,0.328,0.04,-0.04,0,,,,,,,,,,,,,,,,,,,,,,,,,,,,,,,,,,,,,,,,,,,,,,,,,,,,,,,,,,,,,6.373,0.123,-0.123,0,,,,,0.03701,0.00015,-0.00358,0,,,,,,,,,,,,,,,,,,,,,,,,,5612,128.36,-116.05,0,0.91,0.11,-0.07,0,0.94,0.05,-0.06,0,-0.03,0.142,-0.181,0,[Fe/H],,,,,4.5,0.05,-0.11,0,4.27,4.42,-2.6,0,,,,,,,,,,,,,,,,,1995.57,107,-96.84,0.471886,0.0250063,-0.0250063
Kepler-699 b,Kepler-699,b,1,1,1,Transit,0,27.80756293,5.29E-06,-5.29E-06,0,,,,,14.11,1.39,-1.21,0,1.259,0.124,-0.108,0,,,,,,,,,,,,,,,,,,,,,,,,,,,,,,,,,,,,,,,,,,,,,,,,,,,,,,,,,,,,,4.2058,0.0109,-0.0109,0,,,,,0.16738,0.00035,-0.00033,0,,,,,,,,,,,,,,,,,,,,,,,,,5330,112.77,-71.24,0,0.78,0.08,-0.07,0,0.81,0.06,-0.07,0,-0.26,0.181,-0.232,0,[Fe/H],,,,,4.58,0.05,-0.07,0,4.57,6.27,-3.05,0,,,,,,,,,,,,,,,,,2089.7,175.59,-150.75,0.452196,0.0362907,-0.0362907
Kepler-7 b,Kepler-7,b,1,1,1,Transit,0,4.8854892,9E-07,-9E-07,0,0.06067,0.00059,-0.00059,0,18.181,0.146,-0.146,0,1.622,0.013,-0.013,0,140.16303,13.66669,-13.34886,0,0.441,0.043,-0.042,0,,,,,,,,,,,,,,,,,140.16303,13.66669,-13.34886,0,0.441,0.043,-0.042,0,0.14,0.02,-0.02,0,,,,,,,,,1630,10,-10,0,85.161,0.055,-0.054,0,0.5599,0.0045,-0.0046,0,,,,,,,,,6.637,0.021,-0.021,0,0.08294,0.00011,-0.00011,0,0.0039,0.0011,-0.0011,0,,,,,,,,,42.9,3.5,-3.5,0,,,,,,,,,5933,44,-44,0,1.97,0.01,-0.01,0,1.36,0.03,-0.03,0,0.11,0.03,-0.03,0,[Fe/H],,,,,3.98,0.1,-0.1,0,,,,,,,,,,,,,,,,,,,,,922.562,20.605,-19.739,1.05545,0.0235131,-0.0235131
Kepler-700 b,Kepler-700,b,1,1,1,Transit,0,80.8720639,0.0001727,-0.0001727,0,,,,,5.99,0.91,-0.5,0,0.534,0.081,-0.045,0,,,,,,,,,,,,,,,,,,,,,,,,,,,,,,,,,,,,,,,,,,,,,,,,,,,,,,,,,,,,,11.114,0.131,-0.131,0,,,,,0.05673,1E-05,-0.00192,0,,,,,,,,,,,,,,,,,,,,,,,,,5692,77.65,-115.63,0,0.96,0.15,-0.07,0,0.98,0.04,-0.05,0,0.04,0.135,-0.153,0,[Fe/H],,,,,4.47,0.06,-0.13,0,4.37,4.03,-2.63,0,,,,,,,,,,,,,,,,,1491.76,60.51,-56.05,0.641631,0.025986,-0.025986
Kepler-701 b,Kepler-701,b,1,1,1,Transit,0,10.35533177,2.064E-05,-2.064E-05,0,,,,,2.84,0.22,-0.45,0,0.253,0.02,-0.04,0,,,,,,,,,,,,,,,,,,,,,,,,,,,,,,,,,,,,,,,,,,,,,,,,,,,,,,,,,,,,,3.4276,0.0671,-0.0671,0,,,,,0.03078,0.00037,-0.00453,0,,,,,,,,,,,,,,,,,,,,,,,,,5343,73.58,-88.55,0,0.84,0.07,-0.05,0,0.88,0.04,-0.05,0,0,0.149,-0.172,0,[Fe/H],,,,,4.54,0.04,-0.08,0,4.47,6.2,-2.74,0,,,,,,,,,,,,,,,,,774.152,13.379,-12.941,1.26317,0.0217877,-0.0217877
Kepler-702 b,Kepler-702,b,1,1,1,Transit,0,10.52629406,1.9E-06,-1.9E-06,0,,,,,9.17,0.84,-0.58,0,0.818,0.075,-0.052,0,,,,,,,,,,,,,,,,,,,,,,,,,,,,,,,,,,,,,,,,,,,,,,,,,,,,,,,,,,,,,2.5212,0.0271,-0.0271,0,,,,,0.09819,0.00065,-0.00159,0,,,,,,,,,,,,,,,,,,,,,,,,,5419,122.25,-143.8,0,0.86,0.08,-0.05,0,0.9,0.05,-0.05,0,0,0.143,-0.161,0,[Fe/H],,,,,4.53,0.04,-0.08,0,4.47,5.65,-2.78,0,,,,,,,,,,,,,,,,,992.071,29.1865,-29.1865,0.980145,0.029402,-0.029402
Kepler-703 b,Kepler-703,b,1,1,1,Transit,0,4.58352176,1.73E-06,-1.73E-06,0,,,,,8.2,3.71,-1.39,0,0.732,0.331,-0.124,0,,,,,,,,,,,,,,,,,,,,,,,,,,,,,,,,,,,,,,,,,,,,,,,,,,,,,,,,,,,,,2.715,0.0164,-0.0164,0,,,,,0.05941,0.00057,-0.00032,0,,,,,,,,,,,,,,,,,,,,,,,,,6185,197.61,-248.39,0,1.27,0.57,-0.21,0,1.18,0.2,-0.12,0,0.05,0.139,-0.147,0,[Fe/H],,,,,4.29,0.13,-0.25,0,2.69,1.3,-0.938,0,,,,,,,,,,,,,,,,,1156.83,48.89,-45.14,0.837436,0.0347899,-0.0347899
Kepler-704 b,Kepler-704,b,1,1,1,Transit,0,3.76182115,1.161E-05,-1.161E-05,0,,,,,2.61,0.6,-0.43,0,0.233,0.054,-0.038,0,,,,,,,,,,,,,,,,,,,,,,,,,,,,,,,,,,,,,,,,,,,,,,,,,,,,,,,,,,,,,3.3906,0.0906,-0.0906,0,,,,,0.02499,0.00102,-0.00358,0,,,,,,,,,,,,,,,,,,,,,,,,,5616,77.94,-102.76,0,0.96,0.22,-0.08,0,0.97,0.04,-0.05,0,0.09,0.142,-0.135,0,[Fe/H],,,,,4.46,0.06,-0.18,0,5.13,4.6,-3.36,0,,,,,,,,,,,,,,,,,1228.83,45.68,-42.57,0.785395,0.0289821,-0.0289821
Kepler-705 b,Kepler-705,b,1,1,1,Transit,0,56.0560538,0.0002486,-0.0002486,0,,,,,2.11,0.1,-0.08,0,0.188,0.009,-0.007,0,,,,,,,,,,,,,,,,,,,,,,,,,,,,,,,,,,,,,,,,,,,,,,,,,,,,,,,,,,,,,4.595,0.113,-0.113,0,,,,,0.03825,0.0015,-0.00069,0,,,,,,,,,,,,,,,,,,,,,,,,,3722,29.96,-32.88,0,0.51,0.01,-0.02,0,0.53,0.02,-0.02,0,0.07,0.073,-0.069,0,[Fe/H],,,,,4.75,0.01,-0.01,0,3.89,5.21,-2.16,0,,,,,,,,,,,,,,,,,276.881,3.858,-3.755,3.58381,0.0492697,-0.0492697
Kepler-706 b,Kepler-706,b,1,1,1,Transit,0,41.40831347,6.96E-06,-6.96E-06,0,,,,,13.17,1.19,-0.88,0,1.175,0.106,-0.079,0,,,,,,,,,,,,,,,,,,,,,,,,,,,,,,,,,,,,,,,,,,,,,,,,,,,,,,,,,,,,,5.023,0.0133,-0.0133,0,,,,,0.14357,0.00029,-0.00038,0,,,,,,,,,,,,,,,,,,,,,,,,,5394,78.15,-107.67,0,0.84,0.08,-0.06,0,0.87,0.04,-0.05,0,-0.06,0.155,-0.173,0,[Fe/H],,,,,4.54,0.04,-0.09,0,4.79,5.98,-3.04,0,,,,,,,,,,,,,,,,,886.667,19.634,-19.634,1.09949,0.0247734,-0.0247734
Kepler-707 b,Kepler-707,b,1,1,1,Transit,0,2.23749275,4.68E-06,-4.68E-06,0,,,,,1.33,0.09,-0.1,0,0.119,0.008,-0.009,0,,,,,,,,,,,,,,,,,,,,,,,,,,,,,,,,,,,,,,,,,,,,,,,,,,,,,,,,,,,,,1.8241,0.0525,-0.0525,0,,,,,0.01635,0.00066,-0.00037,0,,,,,,,,,,,,,,,,,,,,,,,,,5099,81.84,-69.76,0,0.76,0.04,-0.06,0,0.8,0.04,-0.05,0,-0.12,0.159,-0.201,0,[Fe/H],,,,,4.58,0.04,-0.05,0,4.9,5.84,-3,0,,,,,,,,,,,,,,,,,591.776,7.052,-6.892,1.66115,0.0197571,-0.0197571
Kepler-708 b,Kepler-708,b,1,1,1,Transit,0,3.16789194,3.84E-06,-3.84E-06,0,,,,,2.93,0.64,-0.28,0,0.261,0.057,-0.025,0,,,,,,,,,,,,,,,,,,,,,,,,,,,,,,,,,,,,,,,,,,,,,,,,,,,,,,,,,,,,,2.1875,0.0342,-0.0342,0,,,,,0.02792,0.00021,-0.00089,0,,,,,,,,,,,,,,,,,,,,,,,,,5692,138.46,-151.78,0,0.96,0.21,-0.09,0,0.97,0.06,-0.06,0,0.01,0.128,-0.175,0,[Fe/H],,,,,4.47,0.07,-0.17,0,4.37,4.26,-2.65,0,,,,,,,,,,,,,,,,,1394.22,58.435,-58.435,0.689524,0.0297855,-0.0297855
Kepler-709 b,Kepler-709,b,1,1,1,Transit,0,16.08524954,2.644E-05,-2.644E-05,0,,,,,2.92,0.18,-0.19,0,0.261,0.016,-0.017,0,,,,,,,,,,,,,,,,,,,,,,,,,,,,,,,,,,,,,,,,,,,,,,,,,,,,,,,,,,,,,3.5655,0.0597,-0.0597,0,,,,,0.03533,0.00103,-0.00053,0,,,,,,,,,,,,,,,,,,,,,,,,,5071,83.59,-83.42,0,0.77,0.04,-0.05,0,0.8,0.04,-0.05,0,-0.08,0.161,-0.184,0,[Fe/H],,,,,4.58,0.03,-0.05,0,4.9,6.02,-2.99,0,,,,,,,,,,,,,,,,,664.843,11.739,-11.739,1.47578,0.0263493,-0.0263493
Kepler-710 b,Kepler-710,b,1,1,1,Transit,0,4.34728553,8.34E-06,-8.34E-06,0,,,,,1.88,0.24,-0.15,0,0.168,0.021,-0.013,0,,,,,,,,,,,,,,,,,,,,,,,,,,,,,,,,,,,,,,,,,,,,,,,,,,,,,,,,,,,,,2.0739,0.0495,-0.0495,0,,,,,0.01944,0.00051,-0.00044,0,,,,,,,,,,,,,,,,,,,,,,,,,5611,156.89,-127.02,0,0.91,0.12,-0.07,0,0.94,0.06,-0.06,0,-0.04,0.144,-0.192,0,[Fe/H],,,,,4.5,0.05,-0.11,0,4.17,4.62,-2.49,0,,,,,,,,,,,,,,,,,1448.34,43.61,-43.61,0.661901,0.0206218,-0.0206218
Kepler-711 b,Kepler-711,b,1,1,1,Transit,0,23.58914398,6.647E-05,-6.647E-05,0,,,,,3.41,0.34,-0.63,0,0.304,0.03,-0.056,0,,,,,,,,,,,,,,,,,,,,,,,,,,,,,,,,,,,,,,,,,,,,,,,,,,,,,,,,,,,,,4.7592,0.0976,-0.0976,0,,,,,0.03895,0,-0.00668,0,,,,,,,,,,,,,,,,,,,,,,,,,5222,236.98,-219.6,0,0.8,0.08,-0.06,0,0.84,0.06,-0.06,0,-0.04,0.158,-0.176,0,[Fe/H],,,,,4.56,0.04,-0.07,0,4.37,6.13,-2.68,0,,,,,,,,,,,,,,,,,624.575,11.327,-10.937,1.57292,0.0283102,-0.0283102
Kepler-713 b,Kepler-713,b,1,1,1,Transit,0,7.411141,1.344E-05,-1.344E-05,0,,,,,2.48,0.5,-0.29,0,0.221,0.045,-0.026,0,,,,,,,,,,,,,,,,,,,,,,,,,,,,,,,,,,,,,,,,,,,,,,,,,,,,,,,,,,,,,2.4852,0.047,-0.047,0,,,,,0.0232,0.00075,-0.00026,0,,,,,,,,,,,,,,,,,,,,,,,,,5785,265.49,-233.97,0,0.99,0.2,-0.12,0,0.98,0.11,-0.08,0,-0.03,0.148,-0.181,0,[Fe/H],,,,,4.44,0.09,-0.13,0,3.8,3.73,-2.1,0,,,,,,,,,,,,,,,,,1089.87,32.81,-30.98,0.889572,0.0266248,-0.0266248
Kepler-714 b,Kepler-714,b,1,1,1,Transit,0,8.09888799,2.19E-06,-2.19E-06,0,,,,,9.67,2.49,-1.01,0,0.863,0.222,-0.09,0,,,,,,,,,,,,,,,,,,,,,,,,,,,,,,,,,,,,,,,,,,,,,,,,,,,,,,,,,,,,,4.21479,0.00987,-0.00987,0,,,,,0.07906,0.00024,-0.00016,0,,,,,,,,,,,,,,,,,,,,,,,,,5995,106.7,-117.06,0,1.12,0.29,-0.12,0,1.09,0.08,-0.07,0,0.04,0.139,-0.157,0,[Fe/H],,,,,4.37,0.08,-0.18,0,3.55,1.77,-1.81,0,,,,,,,,,,,,,,,,,2083.37,98.44,-90.11,0.4506,0.0215784,-0.0215784
Kepler-715 b,Kepler-715,b,1,1,1,Transit,0,10.00652995,1.932E-05,-1.932E-05,0,,,,,3.75,0.83,-0.5,0,0.335,0.074,-0.045,0,,,,,,,,,,,,,,,,,,,,,,,,,,,,,,,,,,,,,,,,,,,,,,,,,,,,,,,,,,,,,5.218,0.0889,-0.0889,0,,,,,0.03268,0.00079,-0.00317,0,,,,,,,,,,,,,,,,,,,,,,,,,5871,99.55,-97.1,0,1.04,0.23,-0.1,0,1.04,0.06,-0.06,0,0.02,0.125,-0.164,0,[Fe/H],,,,,4.42,0.07,-0.16,0,3.98,2.6,-2.27,0,,,,,,,,,,,,,,,,,1327.44,48.96,-45.66,0.724763,0.0266344,-0.0266344
Kepler-717 b,Kepler-717,b,1,1,1,Transit,0,4.40840023,1.493E-05,-1.493E-05,0,,,,,2.42,0.25,-0.35,0,0.216,0.022,-0.031,0,,,,,,,,,,,,,,,,,,,,,,,,,,,,,,,,,,,,,,,,,,,,,,,,,,,,,,,,,,,,,4.933,0.12,-0.12,0,,,,,0.02605,2E-05,-0.00324,0,,,,,,,,,,,,,,,,,,,,,,,,,5485,120.85,-81.84,0,0.85,0.09,-0.06,0,0.88,0.05,-0.05,0,-0.12,0.155,-0.174,0,[Fe/H],,,,,4.53,0.05,-0.1,0,4.37,5.47,-2.72,0,,,,,,,,,,,,,,,,,2805.48,310.635,-310.635,0.326221,0.0380733,-0.0380733
Kepler-718 b,Kepler-718,b,1,1,1,Transit,0,2.0523499,1.5E-07,-1.5E-07,0,,,,,16.56,6.97,-3.12,0,1.477,0.622,-0.278,0,,,,,,,,,,,,,,,,,,,,,,,,,,,,,,,,,,,,,,,,,,,,,,,,,,,,,,,,,,,,,2.0801,0.0117,-0.0117,0,,,,,0.11659,0.00049,-0.00068,0,,,,,,,,,,,,,,,,,,,,,,,,,6191,307.31,-307.12,0,1.3,0.55,-0.24,0,1.18,0.23,-0.14,0,0.06,0.135,-0.135,0,[Fe/H],,,,,4.28,0.14,-0.23,0,2.57,1.84,-0.876,0,,,,,,,,,,,,,,,,,1302.33,48.46,-45.16,0.740122,0.0273503,-0.0273503
Kepler-719 b,Kepler-719,b,1,1,1,Transit,0,5.00731778,1.25E-06,-1.25E-06,0,,,,,8.52,1.83,-0.9,0,0.76,0.163,-0.08,0,,,,,,,,,,,,,,,,,,,,,,,,,,,,,,,,,,,,,,,,,,,,,,,,,,,,,,,,,,,,,4.2223,0.0132,-0.0132,0,,,,,0.08011,0.00019,-0.00035,0,,,,,,,,,,,,,,,,,,,,,,,,,5777,199.43,-220.79,0,0.98,0.21,-0.1,0,0.99,0.08,-0.07,0,-0.02,0.135,-0.176,0,[Fe/H],,,,,4.45,0.07,-0.15,0,3.98,3.54,-2.23,0,,,,,,,,,,,,,,,,,2497.51,269.1,-222.42,0.372623,0.0377498,-0.0377498
Kepler-720 b,Kepler-720,b,1,1,1,Transit,0,4.70832654,7.3E-07,-7.3E-07,0,,,,,8.41,1.61,-0.8,0,0.75,0.144,-0.071,0,,,,,,,,,,,,,,,,,,,,,,,,,,,,,,,,,,,,,,,,,,,,,,,,,,,,,,,,,,,,,3.17455,0.00505,-0.00505,0,,,,,0.084,0.00017,-9E-05,0,,,,,,,,,,,,,,,,,,,,,,,,,5618,328.49,-250.53,0,0.92,0.18,-0.09,0,0.95,0.11,-0.07,0,0,0.144,-0.177,0,[Fe/H],,,,,4.49,0.07,-0.12,0,3.63,3.8,-1.94,0,,,,,,,,,,,,,,,,,1065.37,37.63,-35.18,0.91115,0.0317886,-0.0317886
Kepler-721 b,Kepler-721,b,1,1,1,Transit,0,5.39202539,6.77E-06,-6.77E-06,0,,,,,2.64,0.14,-0.14,0,0.236,0.012,-0.012,0,,,,,,,,,,,,,,,,,,,,,,,,,,,,,,,,,,,,,,,,,,,,,,,,,,,,,,,,,,,,,2.981,0.0374,-0.0374,0,,,,,0.03147,0.00064,-0.00068,0,,,,,,,,,,,,,,,,,,,,,,,,,5075,53.6,-56.09,0,0.78,0.04,-0.04,0,0.82,0.04,-0.04,0,-0.01,0.156,-0.155,0,[Fe/H],,,,,4.58,0.03,-0.05,0,4.9,5.87,-2.98,0,,,,,,,,,,,,,,,,,926.598,35.076,-32.65,1.0515,0.039102,-0.039102
Kepler-723 b,Kepler-723,b,1,1,1,Transit,0,4.08227507,2.3E-07,-2.3E-07,0,,,,,12.19,1.58,-0.79,0,1.088,0.141,-0.07,0,,,,,,,,,,,,,,,,,,,,,,,,,,,,,,,,,,,,,,,,,,,,,,,,,,,,,,,,,,,,,3.23796,0.00197,-0.00197,0,,,,,0.1247,9E-05,-4E-05,0,,,,,,,,,,,,,,,,,,,,,,,,,5539,75.49,-85.21,0,0.89,0.12,-0.06,0,0.92,0.04,-0.05,0,0,0.136,-0.178,0,[Fe/H],,,,,4.51,0.05,-0.12,0,4.57,5.7,-2.87,0,,,,,,,,,,,,,,,,,1071.8,,,,,
Kepler-724 b,Kepler-724,b,1,1,1,Transit,0,3.31494634,1.72E-06,-1.72E-06,0,,,,,3.29,0.4,-0.23,0,0.294,0.036,-0.021,0,,,,,,,,,,,,,,,,,,,,,,,,,,,,,,,,,,,,,,,,,,,,,,,,,,,,,,,,,,,,,1.7069,0.0226,-0.0226,0,,,,,0.03524,0.00079,-0.00051,0,,,,,,,,,,,,,,,,,,,,,,,,,5437,176.17,-122.72,0,0.86,0.1,-0.06,0,0.9,0.06,-0.05,0,-0.02,0.136,-0.174,0,[Fe/H],,,,,4.53,0.04,-0.1,0,4.37,6.06,-2.67,0,,,,,,,,,,,,,,,,,853.119,20.172,-20.172,1.14399,0.0274916,-0.0274916
Kepler-725 b,Kepler-725,b,1,1,1,Transit,0,39.64317811,1.11E-05,-1.11E-05,0,,,,,10.63,0.85,-0.59,0,0.948,0.076,-0.053,0,,,,,,,,,,,,,,,,,,,,,,,,,,,,,,,,,,,,,,,,,,,,,,,,,,,,,,,,,,,,,6.4663,0.0109,-0.0109,0,,,,,0.11563,0.00027,-0.00013,0,,,,,,,,,,,,,,,,,,,,,,,,,5363,59.19,-62.84,0,0.84,0.07,-0.05,0,0.88,0.04,-0.04,0,-0.01,0.143,-0.166,0,[Fe/H],,,,,4.54,0.04,-0.08,0,4.37,6.03,-2.72,0,,,,,,,,,,,,,,,,,758.469,13.877,-13.396,1.28991,0.0235192,-0.0235192
Kepler-726 b,Kepler-726,b,1,1,1,Transit,0,21.80451088,4.512E-05,-4.512E-05,0,,,,,3.26,0.32,-0.35,0,0.291,0.029,-0.031,0,,,,,,,,,,,,,,,,,,,,,,,,,,,,,,,,,,,,,,,,,,,,,,,,,,,,,,,,,,,,,3.3931,0.0684,-0.0684,0,,,,,0.03461,9E-05,-0.00266,0,,,,,,,,,,,,,,,,,,,,,,,,,5452,122.89,-94.31,0,0.85,0.08,-0.07,0,0.88,0.05,-0.05,0,-0.09,0.157,-0.17,0,[Fe/H],,,,,4.53,0.05,-0.09,0,4.47,5.72,-2.78,0,,,,,,,,,,,,,,,,,762.081,14.252,-13.748,1.28374,0.0239165,-0.0239165
Kepler-727 b,Kepler-727,b,1,1,1,Transit,0,5.15448442,8.58E-06,-8.58E-06,0,,,,,2.53,0.35,-0.31,0,0.226,0.031,-0.028,0,,,,,,,,,,,,,,,,,,,,,,,,,,,,,,,,,,,,,,,,,,,,,,,,,,,,,,,,,,,,,2.8866,0.0477,-0.0477,0,,,,,0.02745,0.0023,-0.00259,0,,,,,,,,,,,,,,,,,,,,,,,,,5441,107.87,-157.44,0,0.86,0.1,-0.06,0,0.89,0.05,-0.06,0,-0.01,0.146,-0.188,0,[Fe/H],,,,,4.53,0.04,-0.1,0,4.79,6.2,-3.02,0,,,,,,,,,,,,,,,,,831.842,20.073,-20.073,1.17409,0.0287712,-0.0287712
Kepler-728 b,Kepler-728,b,1,1,1,Transit,0,5.74347727,7.17E-06,-7.17E-06,0,,,,,3.34,0.45,-0.26,0,0.298,0.04,-0.023,0,,,,,,,,,,,,,,,,,,,,,,,,,,,,,,,,,,,,,,,,,,,,,,,,,,,,,,,,,,,,,3.4527,0.0377,-0.0377,0,,,,,0.03321,0.00064,-0.00028,0,,,,,,,,,,,,,,,,,,,,,,,,,5660,133.1,-108.4,0,0.93,0.12,-0.07,0,0.95,0.06,-0.06,0,-0.03,0.143,-0.186,0,[Fe/H],,,,,4.49,0.05,-0.11,0,4.07,3.96,-2.37,0,,,,,,,,,,,,,,,,,1765.23,92.88,-84.2,0.537709,0.0277383,-0.0277383
Kepler-729 b,Kepler-729,b,1,1,1,Transit,0,3.16635371,2.42E-06,-2.42E-06,0,,,,,3.58,0.42,-0.25,0,0.319,0.037,-0.022,0,,,,,,,,,,,,,,,,,,,,,,,,,,,,,,,,,,,,,,,,,,,,,,,,,,,,,,,,,,,,,3.3039,0.023,-0.023,0,,,,,0.03638,0.00052,-0.00019,0,,,,,,,,,,,,,,,,,,,,,,,,,5633,71.02,-56.34,0,0.91,0.11,-0.06,0,0.94,0.04,-0.06,0,-0.05,0.137,-0.195,0,[Fe/H],,,,,4.5,0.05,-0.11,0,4.27,4.9,-2.59,0,,,,,,,,,,,,,,,,,1921.15,108.94,-98.07,0.4911,0.0274095,-0.0274095
Kepler-731 b,Kepler-731,b,1,1,1,Transit,0,3.85560355,2.9E-07,-2.9E-07,0,,,,,13.88,3.18,-1.52,0,1.238,0.284,-0.136,0,,,,,,,,,,,,,,,,,,,,,,,,,,,,,,,,,,,,,,,,,,,,,,,,,,,,,,,,,,,,,3.20969,0.00218,-0.00218,0,,,,,0.12025,8E-05,-5E-05,0,,,,,,,,,,,,,,,,,,,,,,,,,5849,200.38,-139.51,0,1.06,0.24,-0.12,0,1.03,0.09,-0.06,0,0.04,0.132,-0.154,0,[Fe/H],,,,,4.41,0.08,-0.17,0,3.8,3.08,-2.05,0,,,,,,,,,,,,,,,,,1257.16,50.52,-46.82,0.767755,0.0305173,-0.0305173
Kepler-733 b,Kepler-733,b,1,1,1,Transit,0,20.83424726,5.682E-05,-5.682E-05,0,,,,,2.82,0.46,-0.19,0,0.252,0.041,-0.017,0,,,,,,,,,,,,,,,,,,,,,,,,,,,,,,,,,,,,,,,,,,,,,,,,,,,,,,,,,,,,,4.0748,0.0792,-0.0792,0,,,,,0.02989,0.00409,-0.00092,0,,,,,,,,,,,,,,,,,,,,,,,,,5418,89.83,-94.34,0,0.86,0.08,-0.05,0,0.9,0.04,-0.05,0,0.01,0.14,-0.16,0,[Fe/H],,,,,4.53,0.04,-0.09,0,4.27,6.04,-2.6,0,,,,,,,,,,,,,,,,,916.706,21.4755,-21.4755,1.06253,0.0253506,-0.0253506
Kepler-734 b,Kepler-734,b,1,1,1,Transit,0,6.10485286,2.89E-06,-2.89E-06,0,,,,,3.56,0.14,-0.13,0,0.318,0.012,-0.012,0,,,,,,,,,,,,,,,,,,,,,,,,,,,,,,,,,,,,,,,,,,,,,,,,,,,,,,,,,,,,,4.676,0.0142,-0.0142,0,,,,,0.04224,0.0003,-0.00014,0,,,,,,,,,,,,,,,,,,,,,,,,,5326,51.69,-44.6,0,0.78,0.03,-0.03,0,0.85,0.03,-0.04,0,-0.17,0.11,-0.11,0,[Fe/H],,,,,4.59,0.02,-0.02,0,2.34,2.08,-1.03,0,,,,,,,,,,,,,,,,,1157.21,26.01,-24.92,0.835647,0.0188637,-0.0188637
Kepler-735 b,Kepler-735,b,1,1,1,Transit,0,11.51516988,1.516E-05,-1.516E-05,0,,,,,2.95,0.16,-0.12,0,0.263,0.014,-0.011,0,,,,,,,,,,,,,,,,,,,,,,,,,,,,,,,,,,,,,,,,,,,,,,,,,,,,,,,,,,,,,2.0189,0.0374,-0.0374,0,,,,,0.03398,0.00083,-0.00081,0,,,,,,,,,,,,,,,,,,,,,,,,,5107,42.91,-45.51,0,0.8,0.04,-0.03,0,0.85,0.03,-0.04,0,0.07,0.144,-0.153,0,[Fe/H],,,,,4.57,0.02,-0.05,0,4.37,6.1,-2.57,0,,,,,,,,,,,,,,,,,695.059,14.459,-13.892,1.41042,0.0291105,-0.0291105
Kepler-736 b,Kepler-736,b,1,1,1,Transit,0,3.60147201,5.43E-06,-5.43E-06,0,,,,,2.93,0.17,-0.53,0,0.261,0.015,-0.047,0,,,,,,,,,,,,,,,,,,,,,,,,,,,,,,,,,,,,,,,,,,,,,,,,,,,,,,,,,,,,,2.522,0.0575,-0.0575,0,,,,,0.03281,0.00043,-0.00571,0,,,,,,,,,,,,,,,,,,,,,,,,,5217,50.31,-50.86,0,0.81,0.05,-0.04,0,0.86,0.04,-0.05,0,0.03,0.174,-0.184,0,[Fe/H],,,,,4.56,0.03,-0.06,0,4.27,5.83,-2.56,0,,,,,,,,,,,,,,,,,1005.43,33.9,-31.786,0.966426,0.03222,-0.03222
Kepler-737 b,Kepler-737,b,1,1,1,Transit,0,28.59915399,5.673E-05,-5.673E-05,0,,,,,1.96,0.11,-0.11,0,0.175,0.01,-0.01,0,,,,,,,,,,,,,,,,,,,,,,,,,,,,,,,,,,,,,,,,,,,,,,,,,,,,,,,,,,,,,3.6632,0.0557,-0.0557,0,,,,,0.03745,0.0006,-0.00075,0,,,,,,,,,,,,,,,,,,,,,,,,,3813,40.13,-38.49,0,0.48,0.03,-0.02,0,0.51,0.03,-0.03,0,-0.24,0.087,-0.081,0,[Fe/H],,,,,4.77,0.02,-0.02,0,3.89,5.68,-2.2,0,,,,,,,,,,,,,,,,,205.118,1.1585,-1.1585,4.84652,0.027326,-0.027326
Kepler-738 b,Kepler-738,b,1,1,1,Transit,0,24.58721573,8.802E-05,-8.802E-05,0,,,,,2.5,0.2,-0.17,0,0.223,0.018,-0.015,0,,,,,,,,,,,,,,,,,,,,,,,,,,,,,,,,,,,,,,,,,,,,,,,,,,,,,,,,,,,,,3.8669,0.0938,-0.0938,0,,,,,0.02823,0.00098,-0.00066,0,,,,,,,,,,,,,,,,,,,,,,,,,5327,66.34,-61.93,0,0.82,0.06,-0.05,0,0.86,0.04,-0.05,0,-0.09,0.146,-0.172,0,[Fe/H],,,,,4.55,0.04,-0.07,0,4.57,6.05,-2.92,0,,,,,,,,,,,,,,,,,1113.65,37.505,-37.505,0.869616,0.029996,-0.029996
Kepler-739 b,Kepler-739,b,1,1,1,Transit,0,12.53248465,2.295E-05,-2.295E-05,0,,,,,3.32,0.49,-0.29,0,0.296,0.044,-0.026,0,,,,,,,,,,,,,,,,,,,,,,,,,,,,,,,,,,,,,,,,,,,,,,,,,,,,,,,,,,,,,4.0098,0.0569,-0.0569,0,,,,,0.03416,0.00256,-0.00148,0,,,,,,,,,,,,,,,,,,,,,,,,,5601,89.95,-87.84,0,0.9,0.11,-0.07,0,0.93,0.05,-0.06,0,-0.08,0.159,-0.19,0,[Fe/H],,,,,4.51,0.05,-0.11,0,4.27,5.11,-2.6,0,,,,,,,,,,,,,,,,,1370.65,51.11,-47.63,0.700983,0.0260698,-0.0260698
Kepler-74 b,Kepler-74,b,1,1,1,Transit,0,7.340711,6E-06,-6E-06,0,0.0781,0.0007,-0.0007,0,10.76,0.22,-0.22,0,0.96,0.02,-0.02,0,200.22,38.14,-38.14,0,0.63,0.12,-0.12,0,,,,,,,,,,,,,,,,,200.22,38.14,-38.14,0,0.63,0.12,-0.12,0,0.88,0.18,-0.18,0,0,,,0,,,,,1078,19,-19,0,87.46,0.07,-0.07,0,0.685,0.011,-0.011,0,,,,,3.082,0.011,-0.011,0,15.47,0.18,-0.18,0,0.0912,0.0009,-0.0009,0,,,,,,,,,,,,,59,11,-11,0,,,,,,,,,6000,100,-100,0,1.12,0.04,-0.04,0,1.18,0.04,-0.04,0,0.42,0.11,-0.11,0,[Fe/H],,,,,4.44,0.01,-0.01,0,0.8,0.9,-0.5,0,1.3,0.05,-0.04,0,5,1,-1,0,,,,,19.37,0.01,-0.01,0,1177.55,28.485,-28.485,0.820793,0.0203756,-0.0203756
Kepler-740 b,Kepler-740,b,1,1,1,Transit,0,3.58410122,1.99E-06,-1.99E-06,0,,,,,4.57,0.53,-0.27,0,0.408,0.047,-0.024,0,,,,,,,,,,,,,,,,,,,,,,,,,,,,,,,,,,,,,,,,,,,,,,,,,,,,,,,,,,,,,2.7445,0.0215,-0.0215,0,,,,,0.04833,0.00079,-0.00027,0,,,,,,,,,,,,,,,,,,,,,,,,,5438,62.55,-80.55,0,0.87,0.1,-0.05,0,0.91,0.04,-0.04,0,0.03,0.135,-0.163,0,[Fe/H],,,,,4.52,0.04,-0.11,0,4.79,6.59,-3.01,0,,,,,,,,,,,,,,,,,1442.02,66.935,-66.935,0.664861,0.0319353,-0.0319353
Kepler-741 b,Kepler-741,b,1,1,1,Transit,0,7.03902374,1.488E-05,-1.488E-05,0,,,,,2.97,1.01,-0.35,0,0.265,0.09,-0.031,0,,,,,,,,,,,,,,,,,,,,,,,,,,,,,,,,,,,,,,,,,,,,,,,,,,,,,,,,,,,,,3.8898,0.0514,-0.0514,0,,,,,0.02203,0.00052,-0.0002,0,,,,,,,,,,,,,,,,,,,,,,,,,6129,80.64,-111.81,0,1.24,0.42,-0.15,0,1.16,0.13,-0.08,0,0.07,0.137,-0.135,0,[Fe/H],,,,,4.31,0.09,-0.21,0,3.16,1.06,-1.4,0,,,,,,,,,,,,,,,,,1661.87,77.76,-71.24,0.572806,0.0267739,-0.0267739
Kepler-742 b,Kepler-742,b,1,1,1,Transit,0,8.36086824,6.31E-06,-6.31E-06,0,,,,,3.24,0.11,-0.17,0,0.289,0.01,-0.015,0,,,,,,,,,,,,,,,,,,,,,,,,,,,,,,,,,,,,,,,,,,,,,,,,,,,,,,,,,,,,,2.7016,0.0278,-0.0278,0,,,,,0.04212,0.00036,-0.00151,0,,,,,,,,,,,,,,,,,,,,,,,,,4642,41.76,-44.03,0,0.71,0.02,-0.03,0,0.76,0.03,-0.04,0,0.07,0.157,-0.183,0,[Fe/H],,,,,4.62,0.01,-0.03,0,2.57,5.58,-1.1,0,,,,,,,,,,,,,,,,,489.253,6.325,-6.168,2.0154,0.0258967,-0.0258967
Kepler-744 b,Kepler-744,b,1,1,1,Transit,0,12.06222443,2.649E-05,-2.649E-05,0,,,,,1.62,0.12,-0.09,0,0.145,0.011,-0.008,0,,,,,,,,,,,,,,,,,,,,,,,,,,,,,,,,,,,,,,,,,,,,,,,,,,,,,,,,,,,,,2.1007,0.0542,-0.0542,0,,,,,0.0161,0.00042,-0.00044,0,,,,,,,,,,,,,,,,,,,,,,,,,5594,84.04,-77.39,0,0.93,0.06,-0.05,0,0.94,0.04,-0.04,0,0,0.103,-0.106,0,[Fe/H],,,,,4.48,0.05,-0.07,0,5.13,3.6,-2.91,0,,,,,,,,,,,,,,,,,449.964,4.768,-4.768,2.19381,0.0233702,-0.0233702
Kepler-745 b,Kepler-745,b,1,1,1,Transit,0,9.93143556,5.945E-05,-5.945E-05,0,,,,,2.16,0.58,-0.22,0,0.193,0.052,-0.02,0,,,,,,,,,,,,,,,,,,,,,,,,,,,,,,,,,,,,,,,,,,,,,,,,,,,,,,,,,,,,,5.659,0.139,-0.139,0,,,,,0.01922,0.00072,-0.0005,0,,,,,,,,,,,,,,,,,,,,,,,,,5849,106.52,-158.12,0,1.04,0.28,-0.1,0,1.04,0.07,-0.07,0,0.06,0.132,-0.158,0,[Fe/H],,,,,4.42,0.07,-0.19,0,4.07,2.72,-2.3,0,,,,,,,,,,,,,,,,,1780.38,77.445,-77.445,0.533539,0.0242155,-0.0242155
Kepler-746 b,Kepler-746,b,1,1,1,Transit,0,3.48159251,1.115E-05,-1.115E-05,0,,,,,1.11,0.13,-0.09,0,0.099,0.012,-0.008,0,,,,,,,,,,,,,,,,,,,,,,,,,,,,,,,,,,,,,,,,,,,,,,,,,,,,,,,,,,,,,1.8389,0.0809,-0.0809,0,,,,,0.01084,0.00044,-0.00044,0,,,,,,,,,,,,,,,,,,,,,,,,,5418,87.09,-89.83,0,0.93,0.1,-0.07,0,0.91,0.04,-0.03,0,0.09,0.096,-0.093,0,[Fe/H],,,,,4.46,0.08,-0.09,0,8.71,4.14,-5.82,0,,,,,,,,,,,,,,,,,,,,,,
Kepler-747 b,Kepler-747,b,1,1,1,Transit,0,35.61760587,5.345E-05,-5.345E-05,0,,,,,5.27,0.29,-0.28,0,0.47,0.026,-0.025,0,,,,,,,,,,,,,,,,,,,,,,,,,,,,,,,,,,,,,,,,,,,,,,,,,,,,,,,,,,,,,8.4208,0.0405,-0.0405,0,,,,,0.0618,0.00054,-0.00029,0,,,,,,,,,,,,,,,,,,,,,,,,,5096,70.39,-92.77,0,0.78,0.04,-0.04,0,0.82,0.04,-0.05,0,-0.03,0.166,-0.168,0,[Fe/H],,,,,4.58,0.03,-0.05,0,4.79,6.38,-2.91,0,,,,,,,,,,,,,,,,,3347.16,430.74,-346.35,0.263333,0.0340869,-0.0340869
Kepler-748 b,Kepler-748,b,1,1,1,Transit,0,7.40742793,3.434E-05,-3.434E-05,0,,,,,2.52,0.65,-0.29,0,0.225,0.058,-0.026,0,,,,,,,,,,,,,,,,,,,,,,,,,,,,,,,,,,,,,,,,,,,,,,,,,,,,,,,,,,,,,3.5804,0.0961,-0.0961,0,,,,,0.02121,0.00076,-0.00061,0,,,,,,,,,,,,,,,,,,,,,,,,,5934,95.16,-141.93,0,1.1,0.28,-0.12,0,1.07,0.09,-0.07,0,0.08,0.142,-0.165,0,[Fe/H],,,,,4.38,0.09,-0.17,0,3.72,1.99,-2,0,,,,,,,,,,,,,,,,,1705.99,78.585,-78.585,0.558363,0.0267471,-0.0267471
Kepler-749 b,Kepler-749,b,1,1,1,Transit,0,17.31716585,4.602E-05,-4.602E-05,0,,,,,3.1,0.23,-0.26,0,0.277,0.021,-0.023,0,,,,,,,,,,,,,,,,,,,,,,,,,,,,,,,,,,,,,,,,,,,,,,,,,,,,,,,,,,,,,3.1599,0.0778,-0.0778,0,,,,,0.03837,0.0003,-0.00156,0,,,,,,,,,,,,,,,,,,,,,,,,,5009,218.03,-165.4,0,0.75,0.06,-0.06,0,0.79,0.06,-0.05,0,-0.11,0.167,-0.19,0,[Fe/H],,,,,4.59,0.03,-0.05,0,4.57,5.92,-2.81,0,,,,,,,,,,,,,,,,,721.027,23.3115,-23.3115,1.3602,0.0444348,-0.0444348
Kepler-75 b,Kepler-75,b,1,1,1,Transit,0,8.8849116,3.4E-06,-3.4E-06,0,0.0818,0.0012,-0.0012,0,11.77,0.34,-0.34,0,1.05,0.03,-0.03,0,3209.9,127.1,-127.1,0,10.1,0.4,-0.4,0,,,,,,,,,,,,,,,,,3209.9,127.1,-127.1,0,10.1,0.4,-0.4,0,11,0.8,-0.9,0,0.57,0.01,-0.01,0,,,,,767,16,-16,0,89.12,0.51,-0.64,0,0.13,0.09,-0.08,0,,,,,2.0778,0.0084,-0.0084,0,19.77,0.38,-0.45,0,0.1212,0.0009,-0.0007,0,,,,,,,,,63.5,1.7,-1.7,0,1287,25,-25,0,,,,,,,,,5200,100,-100,0,0.89,0.02,-0.02,0,0.91,0.04,-0.04,0,0.3,0.12,-0.12,0,[Fe/H],,,,,4.5,0.02,-0.02,0,6.2,3.5,-2.8,0,1.85,0.11,-0.12,0,3.5,1.5,-1.5,0,,,,,-64.18,0.06,-0.06,0,835.356,18.761,-17.968,1.16891,0.026104,-0.026104
Kepler-751 b,Kepler-751,b,1,1,1,Transit,0,17.44490636,4.2E-05,-4.2E-05,0,,,,,2.46,0.23,-0.18,0,0.219,0.021,-0.016,0,,,,,,,,,,,,,,,,,,,,,,,,,,,,,,,,,,,,,,,,,,,,,,,,,,,,,,,,,,,,,4.0988,0.0685,-0.0685,0,,,,,0.02661,0.00055,-0.00057,0,,,,,,,,,,,,,,,,,,,,,,,,,5387,131.81,-138.29,0,0.84,0.08,-0.06,0,0.87,0.05,-0.06,0,-0.06,0.156,-0.183,0,[Fe/H],,,,,4.54,0.04,-0.08,0,4.47,6.1,-2.78,0,,,,,,,,,,,,,,,,,760.43,13.98,-13.493,1.28666,0.0235682,-0.0235682
Kepler-752 b,Kepler-752,b,1,1,1,Transit,0,18.82747265,8.811E-05,-8.811E-05,0,,,,,2.81,0.26,-0.21,0,0.251,0.023,-0.019,0,,,,,,,,,,,,,,,,,,,,,,,,,,,,,,,,,,,,,,,,,,,,,,,,,,,,,,,,,,,,,4.732,0.114,-0.114,0,,,,,0.03109,0.00096,-0.00092,0,,,,,,,,,,,,,,,,,,,,,,,,,5373,161.73,-107.25,0,0.83,0.07,-0.06,0,0.87,0.05,-0.06,0,-0.08,0.164,-0.174,0,[Fe/H],,,,,4.54,0.04,-0.08,0,4.07,5.97,-2.41,0,,,,,,,,,,,,,,,,,1232.29,49.91,-46.24,0.783987,0.0313686,-0.0313686
Kepler-753 b,Kepler-753,b,1,1,1,Transit,0,5.74772501,8.38E-06,-8.38E-06,0,,,,,1.91,0.25,-0.09,0,0.17,0.022,-0.008,0,,,,,,,,,,,,,,,,,,,,,,,,,,,,,,,,,,,,,,,,,,,,,,,,,,,,,,,,,,,,,1.8222,0.0392,-0.0392,0,,,,,0.0267,0.00347,-0.0009,0,,,,,,,,,,,,,,,,,,,,,,,,,4346,51.36,-39.68,0,0.65,0.02,-0.02,0,0.68,0.03,-0.03,0,-0.03,0.12,-0.093,0,[Fe/H],,,,,4.65,0.01,-0.02,0,3.63,5.57,-2.02,0,,,,,,,,,,,,,,,,,274.767,1.753,-1.731,3.61071,0.0228964,-0.0228964
Kepler-754 b,Kepler-754,b,1,1,1,Transit,0,14.5596237,0.0002013,-0.0002013,0,,,,,2.01,0.48,-0.26,0,0.179,0.043,-0.023,0,,,,,,,,,,,,,,,,,,,,,,,,,,,,,,,,,,,,,,,,,,,,,,,,,,,,,,,,,,,,,5.76,0.29,-0.29,0,,,,,0.0167,0.00036,-0.0012,0,,,,,,,,,,,,,,,,,,,,,,,,,5935,126.07,-181.97,0,1.08,0.26,-0.12,0,1.06,0.08,-0.08,0,0.05,0.13,-0.161,0,[Fe/H],,,,,4.39,0.09,-0.16,0,3.8,2.28,-2.08,0,,,,,,,,,,,,,,,,,1770.27,84.735,-84.735,0.537199,0.0267761,-0.0267761
Kepler-756 b,Kepler-756,b,1,1,1,Transit,0,1.22486632,3.84E-06,-3.84E-06,0,,,,,1.12,0.09,-0.1,0,0.1,0.008,-0.009,0,,,,,,,,,,,,,,,,,,,,,,,,,,,,,,,,,,,,,,,,,,,,,,,,,,,,,,,,,,,,,1.7027,0.0792,-0.0792,0,,,,,0.01319,0.00057,-0.0004,0,,,,,,,,,,,,,,,,,,,,,,,,,5282,97.87,-62.48,0,0.79,0.06,-0.07,0,0.82,0.06,-0.06,0,-0.19,0.18,-0.211,0,[Fe/H],,,,,4.57,0.05,-0.06,0,4.47,6.32,-2.83,0,,,,,,,,,,,,,,,,,,,,,,
Kepler-757 b,Kepler-757,b,1,1,1,Transit,0,1.02267882,2.44E-06,-2.44E-06,0,,,,,1.36,0.46,-0.22,0,0.121,0.041,-0.02,0,,,,,,,,,,,,,,,,,,,,,,,,,,,,,,,,,,,,,,,,,,,,,,,,,,,,,,,,,,,,,1.3395,0.074,-0.074,0,,,,,0.01078,0.00055,-0.00033,0,,,,,,,,,,,,,,,,,,,,,,,,,6014,221.13,-288.93,0,1.13,0.38,-0.18,0,1.08,0.14,-0.11,0,0.02,0.129,-0.164,0,[Fe/H],,,,,4.37,0.12,-0.2,0,3.31,2.21,-1.57,0,,,,,,,,,,,,,,,,,1068.68,36.7,-34.39,0.908228,0.0308404,-0.0308404
Kepler-759 b,Kepler-759,b,1,1,1,Transit,0,41.805985,0.0002082,-0.0002082,0,,,,,2.27,0.49,-0.24,0,0.203,0.044,-0.021,0,,,,,,,,,,,,,,,,,,,,,,,,,,,,,,,,,,,,,,,,,,,,,,,,,,,,,,,,,,,,,6.132,0.124,-0.124,0,,,,,0.02038,9E-05,-0.00104,0,,,,,,,,,,,,,,,,,,,,,,,,,5860,94.6,-133.91,0,1.04,0.22,-0.09,0,1.04,0.06,-0.06,0,0.06,0.144,-0.161,0,[Fe/H],,,,,4.42,0.07,-0.15,0,3.89,2.58,-2.16,0,,,,,,,,,,,,,,,,,1073.48,,,,,
Kepler-761 b,Kepler-761,b,1,1,1,Transit,0,10.12804789,2.905E-05,-2.905E-05,0,,,,,2.03,0.25,-0.17,0,0.181,0.022,-0.015,0,,,,,,,,,,,,,,,,,,,,,,,,,,,,,,,,,,,,,,,,,,,,,,,,,,,,,,,,,,,,,3.3632,0.0597,-0.0597,0,,,,,0.02036,0.00049,-0.0004,0,,,,,,,,,,,,,,,,,,,,,,,,,5706,130.9,-104.39,0,0.93,0.11,-0.07,0,0.95,0.06,-0.06,0,-0.09,0.146,-0.191,0,[Fe/H],,,,,4.48,0.06,-0.1,0,4.07,4.17,-2.39,0,,,,,,,,,,,,,,,,,830.707,12.6345,-12.6345,1.1751,0.018168,-0.018168
Kepler-762 b,Kepler-762,b,1,1,1,Transit,0,3.7705521,9.4E-07,-9.4E-07,0,,,,,12.68,2.64,-1.26,0,1.131,0.236,-0.112,0,,,,,,,,,,,,,,,,,,,,,,,,,,,,,,,,,,,,,,,,,,,,,,,,,,,,,,,,,,,,,3.8277,0.00606,-0.00606,0,,,,,0.10847,0.00029,-0.00026,0,,,,,,,,,,,,,,,,,,,,,,,,,5944,98.94,-123.9,0,1.08,0.23,-0.11,0,1.06,0.07,-0.06,0,0.02,0.139,-0.162,0,[Fe/H],,,,,4.4,0.07,-0.15,0,3.8,2.18,-2.04,0,,,,,,,,,,,,,,,,,1898.26,118.01,-105.22,0.4976,0.0302621,-0.0302621
Kepler-763 b,Kepler-763,b,1,1,1,Transit,0,1.19655156,3.56E-06,-3.56E-06,0,,,,,1.22,0.09,-0.08,0,0.109,0.008,-0.007,0,,,,,,,,,,,,,,,,,,,,,,,,,,,,,,,,,,,,,,,,,,,,,,,,,,,,,,,,,,,,,1.1901,0.079,-0.079,0,,,,,0.01406,0.00076,-0.00063,0,,,,,,,,,,,,,,,,,,,,,,,,,5166,75.73,-93.71,0,0.8,0.05,-0.04,0,0.84,0.04,-0.04,0,0.01,0.133,-0.155,0,[Fe/H],,,,,4.57,0.03,-0.06,0,4.79,6.05,-2.9,0,,,,,,,,,,,,,,,,,962.459,30.184,-28.432,1.01093,0.0313761,-0.0313761
Kepler-764 b,Kepler-764,b,1,1,1,Transit,0,7.33683936,3.735E-05,-3.735E-05,0,,,,,1.64,0.2,-0.13,0,0.146,0.018,-0.012,0,,,,,,,,,,,,,,,,,,,,,,,,,,,,,,,,,,,,,,,,,,,,,,,,,,,,,,,,,,,,,3.512,0.113,-0.113,0,,,,,0.01719,0.00088,-0.00051,0,,,,,,,,,,,,,,,,,,,,,,,,,5557,132.83,-102.61,0,0.89,0.1,-0.07,0,0.92,0.05,-0.05,0,-0.06,0.145,-0.181,0,[Fe/H],,,,,4.51,0.05,-0.1,0,4.17,4.87,-2.52,0,,,,,,,,,,,,,,,,,1047.84,27.81,-26.44,0.926132,0.024503,-0.024503
Kepler-765 b,Kepler-765,b,1,1,1,Transit,0,27.6655226,0.0001297,-0.0001297,0,,,,,2.43,0.53,-0.22,0,0.217,0.047,-0.02,0,,,,,,,,,,,,,,,,,,,,,,,,,,,,,,,,,,,,,,,,,,,,,,,,,,,,,,,,,,,,,6.508,0.105,-0.105,0,,,,,0.02066,0.00055,-0.00043,0,,,,,,,,,,,,,,,,,,,,,,,,,5901,81.23,-89.97,0,1.06,0.23,-0.1,0,1.05,0.06,-0.06,0,0.04,0.145,-0.154,0,[Fe/H],,,,,4.41,0.07,-0.16,0,3.72,2.24,-2.02,0,,,,,,,,,,,,,,,,,1076.28,18.01,-17.44,0.900302,0.015183,-0.015183
Kepler-766 b,Kepler-766,b,1,1,1,Transit,0,6.10027804,1.64E-05,-1.64E-05,0,,,,,3.39,0.93,-0.4,0,0.302,0.083,-0.036,0,,,,,,,,,,,,,,,,,,,,,,,,,,,,,,,,,,,,,,,,,,,,,,,,,,,,,,,,,,,,,4.7487,0.0741,-0.0741,0,,,,,0.02735,0.00064,-0.00043,0,,,,,,,,,,,,,,,,,,,,,,,,,5992,95.54,-140.96,0,1.15,0.31,-0.13,0,1.1,0.09,-0.07,0,0.09,0.148,-0.147,0,[Fe/H],,,,,4.36,0.09,-0.18,0,3.63,1.79,-1.91,0,,,,,,,,,,,,,,,,,2297.62,268.86,-218.85,0.409475,0.0440606,-0.0440606
Kepler-767 b,Kepler-767,b,1,1,1,Transit,0,161.5280101,0.0003086,-0.0003086,0,,,,,6.64,0.86,-0.55,0,0.592,0.077,-0.049,0,,,,,,,,,,,,,,,,,,,,,,,,,,,,,,,,,,,,,,,,,,,,,,,,,,,,,,,,,,,,,3.6935,0.0594,-0.0594,0,,,,,0.06497,0.00151,-0.00059,0,,,,,,,,,,,,,,,,,,,,,,,,,5694,163.45,-124.14,0,0.94,0.12,-0.08,0,0.96,0.06,-0.06,0,-0.05,0.143,-0.198,0,[Fe/H],,,,,4.48,0.06,-0.11,0,4.07,3.6,-2.37,0,,,,,,,,,,,,,,,,,2251.03,158.51,-139.3,0.416048,0.0286462,-0.0286462
Kepler-768 b,Kepler-768,b,1,1,1,Transit,0,11.3910025,7.499E-05,-7.499E-05,0,,,,,1.79,0.2,-0.13,0,0.16,0.018,-0.012,0,,,,,,,,,,,,,,,,,,,,,,,,,,,,,,,,,,,,,,,,,,,,,,,,,,,,,,,,,,,,,2.297,0.197,-0.197,0,,,,,0.02095,0.00187,-0.0009,0,,,,,,,,,,,,,,,,,,,,,,,,,5108,177.47,-165.03,0,0.78,0.05,-0.05,0,0.82,0.05,-0.05,0,-0.03,0.153,-0.168,0,[Fe/H],,,,,4.58,0.03,-0.06,0,4.57,6.1,-2.78,0,,,,,,,,,,,,,,,,,784.56,19.731,-18.802,1.24681,0.0310391,-0.0310391
Kepler-77 b,Kepler-77,b,1,1,1,Transit,0,3.57878087,2.3E-07,-2.3E-07,0,0.04501,0.00063,-0.00063,0,10.761,0.179,-0.179,0,0.96,0.016,-0.016,0,136.661,10.17,-10.17,0,0.43,0.032,-0.032,0,,,,,,,,,,,,,,,,,136.661,10.17,-10.17,0,0.43,0.032,-0.032,0,0.603,0.055,-0.055,0,0,,,0,,,,,1440,100,-120,0,88,0.11,-0.11,0,0.341,0.017,-0.017,0,0.9849,0.0051,-0.0051,0,2.93376,0.00336,-0.00336,0,9.764,0.055,-0.055,0,0.09924,0.00026,-0.00026,0,,,,,,,,,,,,,59.2,4.3,-4.3,0,,,,,,,,,5520,60,-60,0,0.99,0.02,-0.02,0,0.95,0.04,-0.04,0,0.2,0.05,-0.05,0,[M/H],,,,,4.42,0.01,-0.01,0,7.5,2,-2,0,1.365,0.023,-0.023,0,1.5,1,-1,0,,,,,-24.76,0,0,0,639.411,7.055,-7.055,1.53518,0.0171248,-0.0171248
Kepler-771 b,Kepler-771,b,1,1,1,Transit,0,8.73485836,4.732E-05,-4.732E-05,0,,,,,1.82,0.31,-0.21,0,0.162,0.028,-0.019,0,,,,,,,,,,,,,,,,,,,,,,,,,,,,,,,,,,,,,,,,,,,,,,,,,,,,,,,,,,,,,4.444,0.132,-0.132,0,,,,,0.01595,0.00044,-0.00062,0,,,,,,,,,,,,,,,,,,,,,,,,,5906,145.88,-193.81,0,1.05,0.18,-0.11,0,1.03,0.08,-0.07,0,0.01,0.135,-0.169,0,[Fe/H],,,,,4.42,0.08,-0.13,0,3.72,2.46,-1.99,0,,,,,,,,,,,,,,,,,1393.85,46,-43.19,0.688804,0.0227725,-0.0227725
Kepler-772 b,Kepler-772,b,1,1,1,Transit,0,12.99207337,5.428E-05,-5.428E-05,0,,,,,1.82,0.37,-0.24,0,0.162,0.033,-0.021,0,,,,,,,,,,,,,,,,,,,,,,,,,,,,,,,,,,,,,,,,,,,,,,,,,,,,,,,,,,,,,5.9838,0.0962,-0.0962,0,,,,,0.01483,0.00053,-0.00024,0,,,,,,,,,,,,,,,,,,,,,,,,,5714,67.61,-85.03,0,1.11,0.22,-0.15,0,0.98,0.04,-0.04,0,0.03,0.081,-0.096,0,[Fe/H],,,,,4.33,0.12,-0.14,0,8.13,2,-3.37,0,,,,,,,,,,,,,,,,,1130.21,24.22,-24.22,0.856267,0.0188116,-0.0188116
Kepler-773 b,Kepler-773,b,1,1,1,Transit,0,3.74910006,7.14E-06,-7.14E-06,0,,,,,1.43,0.09,-0.07,0,0.128,0.008,-0.006,0,,,,,,,,,,,,,,,,,,,,,,,,,,,,,,,,,,,,,,,,,,,,,,,,,,,,,,,,,,,,,1.8438,0.0541,-0.0541,0,,,,,0.0125,0.00038,-0.00026,0,,,,,,,,,,,,,,,,,,,,,,,,,5850,76.73,-65.3,0,1.01,0.05,-0.04,0,1.04,0.04,-0.03,0,0.05,0.088,-0.086,0,[Fe/H],,,,,4.45,0.03,-0.04,0,2.82,1.83,-1.2,0,,,,,,,,,,,,,,,,,547.026,4.308,-4.242,1.79924,0.0141785,-0.0141785
Kepler-774 b,Kepler-774,b,1,1,1,Transit,0,11.0895723,4.373E-05,-4.373E-05,0,,,,,3.17,0.46,-0.54,0,0.283,0.041,-0.048,0,,,,,,,,,,,,,,,,,,,,,,,,,,,,,,,,,,,,,,,,,,,,,,,,,,,,,,,,,,,,,6.3412,0.0871,-0.0871,0,,,,,0.01153,0.00038,-0.00012,0,,,,,,,,,,,,,,,,,,,,,,,,,6403,86.23,-76.7,0,2.42,0.34,-0.41,0,1.57,0.11,-0.14,0,0.04,0.076,-0.043,0,[Fe/H],,,,,3.87,0.12,-0.09,0,2.14,0.47,-0.38,0,,,,,,,,,,,,,,,,,917.804,18.846,-18.115,1.06113,0.0217645,-0.0217645
Kepler-775 b,Kepler-775,b,1,1,1,Transit,0,0.97486893,8E-07,-8E-07,0,,,,,1.19,0.04,-0.04,0,0.106,0.004,-0.004,0,,,,,,,,,,,,,,,,,,,,,,,,,,,,,,,,,,,,,,,,,,,,,,,,,,,,,,,,,,,,,1.5975,0.021,-0.021,0,,,,,0.01308,0.00025,-0.00024,0,,,,,,,,,,,,,,,,,,,,,,,,,5468,67.97,-70.49,0,0.84,0.02,-0.02,0,0.92,0.03,-0.03,0,-0.04,0.103,-0.1,0,[Fe/H],,,,,4.56,0.01,-0.01,0,1.86,1,-0.568,0,,,,,,,,,,,,,,,,,398.676,2.143,-2.12,2.47942,0.0133115,-0.0133115
Kepler-776 b,Kepler-776,b,1,1,1,Transit,0,4.89718784,1.969E-05,-1.969E-05,0,,,,,1.28,0.11,-0.07,0,0.114,0.01,-0.006,0,,,,,,,,,,,,,,,,,,,,,,,,,,,,,,,,,,,,,,,,,,,,,,,,,,,,,,,,,,,,,1.799,0.1,-0.1,0,,,,,0.0149,0.00108,-0.00049,0,,,,,,,,,,,,,,,,,,,,,,,,,5071,57.15,-86.62,0,0.78,0.04,-0.04,0,0.83,0.04,-0.04,0,0.05,0.157,-0.164,0,[Fe/H],,,,,4.58,0.02,-0.05,0,4.37,6.03,-2.62,0,,,,,,,,,,,,,,,,,727.904,14.068,-13.553,1.34537,0.0258611,-0.0258611
Kepler-777 b,Kepler-777,b,1,1,1,Transit,0,5.72812599,2.019E-05,-2.019E-05,0,,,,,1.47,0.08,-0.08,0,0.131,0.007,-0.007,0,,,,,,,,,,,,,,,,,,,,,,,,,,,,,,,,,,,,,,,,,,,,,,,,,,,,,,,,,,,,,1.9804,0.0888,-0.0888,0,,,,,0.02421,0.00088,-0.00103,0,,,,,,,,,,,,,,,,,,,,,,,,,4043,36.21,-34.4,0,0.56,0.02,-0.02,0,0.58,0.02,-0.03,0,-0.17,0.091,-0.111,0,[Fe/H],,,,,4.71,0.01,-0.01,0,3.16,4.64,-1.56,0,,,,,,,,,,,,,,,,,443.106,7.012,-6.801,2.2286,0.034903,-0.034903
Kepler-778 b,Kepler-778,b,1,1,1,Transit,0,3.75574426,1.083E-05,-1.083E-05,0,,,,,1.68,0.1,-0.13,0,0.15,0.009,-0.012,0,,,,,,,,,,,,,,,,,,,,,,,,,,,,,,,,,,,,,,,,,,,,,,,,,,,,,,,,,,,,,2.2971,0.0719,-0.0719,0,,,,,0.01998,0.00045,-0.00085,0,,,,,,,,,,,,,,,,,,,,,,,,,5102,71.96,-62.12,0,0.77,0.04,-0.05,0,0.81,0.04,-0.05,0,-0.09,0.147,-0.186,0,[Fe/H],,,,,4.58,0.03,-0.05,0,5.25,5.79,-3.24,0,,,,,,,,,,,,,,,,,938.168,27.828,-26.296,1.03769,0.0304965,-0.0304965
Kepler-780 b,Kepler-780,b,1,1,1,Transit,0,0.67737516,1.25E-06,-1.25E-06,0,,,,,0.89,0.09,-0.06,0,0.079,0.008,-0.005,0,,,,,,,,,,,,,,,,,,,,,,,,,,,,,,,,,,,,,,,,,,,,,,,,,,,,,,,,,,,,,1.8243,0.0464,-0.0464,0,,,,,0.00809,0.00028,-0.00023,0,,,,,,,,,,,,,,,,,,,,,,,,,5769,62.55,-57.06,0,1.02,0.1,-0.06,0,1.01,0.03,-0.03,0,0.05,0.089,-0.092,0,[Fe/H],,,,,4.42,0.06,-0.08,0,4.9,2.57,-2.68,0,,,,,,,,,,,,,,,,,557.652,,,,,
Kepler-781 b,Kepler-781,b,1,1,1,Transit,0,13.2140732,3.577E-05,-3.577E-05,0,,,,,2.89,0.49,-0.24,0,0.258,0.044,-0.021,0,,,,,,,,,,,,,,,,,,,,,,,,,,,,,,,,,,,,,,,,,,,,,,,,,,,,,,,,,,,,,3.4241,0.0868,-0.0868,0,,,,,0.03435,0.0054,-0.00142,0,,,,,,,,,,,,,,,,,,,,,,,,,5162,64.88,-64.49,0,0.78,0.04,-0.06,0,0.81,0.04,-0.05,0,-0.1,0.151,-0.199,0,[Fe/H],,,,,4.58,0.03,-0.06,0,4.9,6.1,-3.01,0,,,,,,,,,,,,,,,,,1064.47,40.52,-37.7,0.911324,0.0342312,-0.0342312
Kepler-782 b,Kepler-782,b,1,1,1,Transit,0,158.6853308,0.0004373,-0.0004373,0,,,,,3.21,0.47,-0.3,0,0.286,0.042,-0.027,0,,,,,,,,,,,,,,,,,,,,,,,,,,,,,,,,,,,,,,,,,,,,,,,,,,,,,,,,,,,,,11.677,0.109,-0.109,0,,,,,0.0288,0.00206,-0.00099,0,,,,,,,,,,,,,,,,,,,,,,,,,5867,70.1,-61.94,0,1.01,0.13,-0.09,0,0.98,0.05,-0.05,0,-0.14,0.127,-0.125,0,[Fe/H],,,,,4.42,0.08,-0.1,0,5.25,2.6,-3.02,0,,,,,,,,,,,,,,,,,446.844,5.816,-5.671,2.20945,0.028544,-0.028544
Kepler-784 b,Kepler-784,b,1,1,1,Transit,0,31.5922646,0.0006809,-0.0006809,0,,,,,1.58,0.34,-0.32,0,0.141,0.03,-0.029,0,,,,,,,,,,,,,,,,,,,,,,,,,,,,,,,,,,,,,,,,,,,,,,,,,,,,,,,,,,,,,13.84,0.512,-0.512,0,,,,,0.01147,0.00032,-0.0007,0,,,,,,,,,,,,,,,,,,,,,,,,,5674,74.62,-83.91,0,1.32,0.28,-0.26,0,1,0.07,-0.05,0,0.07,0.088,-0.062,0,[Fe/H],,,,,4.19,0.17,-0.14,0,9.12,1.9,-2.09,0,,,,,,,,,,,,,,,,,1303.72,21.12,-20.47,0.738217,0.0121402,-0.0121402
Kepler-785 b,Kepler-785,b,1,1,1,Transit,0,1.97376093,1E-07,-1E-07,0,,,,,13.02,0.44,-0.53,0,1.162,0.039,-0.047,0,,,,,,,,,,,,,,,,,,,,,,,,,,,,,,,,,,,,,,,,,,,,,,,,,,,,,,,,,,,,,1.82916,0.0074,-0.0074,0,,,,,0.16741,0.00041,-0.00059,0,,,,,,,,,,,,,,,,,,,,,,,,,4739,115.49,-69.98,0,0.71,0.02,-0.03,0,0.77,0.03,-0.04,0,-0.02,0.131,-0.133,0,[Fe/H],,,,,4.62,0.02,-0.02,0,2.82,4.7,-1.29,0,,,,,,,,,,,,,,,,,642.051,16.232,-16.232,1.53004,0.0390453,-0.0390453
Kepler-786 b,Kepler-786,b,1,1,1,Transit,0,53.5293487,0.0002571,-0.0002571,0,,,,,2.43,0.12,-0.07,0,0.217,0.011,-0.006,0,,,,,,,,,,,,,,,,,,,,,,,,,,,,,,,,,,,,,,,,,,,,,,,,,,,,,,,,,,,,,5.577,0.121,-0.121,0,,,,,0.03025,0.00132,-0.00074,0,,,,,,,,,,,,,,,,,,,,,,,,,4838,59.77,-45.6,0,0.74,0.01,-0.01,0,0.81,0.02,-0.03,0,0.09,0.106,-0.103,0,[Fe/H],,,,,4.61,0.01,-0.01,0,2.51,2.14,-0.96,0,,,,,,,,,,,,,,,,,485.318,6.317,-6.317,2.0321,0.0266139,-0.0266139
Kepler-787 b,Kepler-787,b,1,1,1,Transit,0,0.9283105,2.2E-06,-2.2E-06,0,,,,,1.28,0.06,-0.07,0,0.114,0.005,-0.006,0,,,,,,,,,,,,,,,,,,,,,,,,,,,,,,,,,,,,,,,,,,,,,,,,,,,,,,,,,,,,,1.3,0.0593,-0.0593,0,,,,,0.01864,0.00072,-0.00082,0,,,,,,,,,,,,,,,,,,,,,,,,,4248,40.9,-33.57,0,0.62,0.02,-0.02,0,0.65,0.03,-0.02,0,-0.09,0.105,-0.081,0,[Fe/H],,,,,4.67,0.01,-0.01,0,3.39,4.09,-1.78,0,,,,,,,,,,,,,,,,,503.568,9.2435,-9.2435,1.95791,0.036163,-0.036163
Kepler-788 b,Kepler-788,b,1,1,1,Transit,0,8.39846269,5.719E-05,-5.719E-05,0,,,,,2.55,0.9,-0.4,0,0.227,0.08,-0.036,0,,,,,,,,,,,,,,,,,,,,,,,,,,,,,,,,,,,,,,,,,,,,,,,,,,,,,,,,,,,,,6.488,0.156,-0.156,0,,,,,0.0192,0.00278,-0.00134,0,,,,,,,,,,,,,,,,,,,,,,,,,6159,129.54,-186.01,0,1.23,0.39,-0.17,0,1.16,0.13,-0.1,0,0.05,0.126,-0.155,0,[Fe/H],,,,,4.32,0.1,-0.19,0,3.02,1.21,-1.3,0,,,,,,,,,,,,,,,,,1775.8,99.915,-99.915,0.534883,0.030901,-0.030901
Kepler-789 b,Kepler-789,b,1,1,1,Transit,0,8.63847725,3.071E-05,-3.071E-05,0,,,,,2.12,0.42,-0.23,0,0.189,0.037,-0.021,0,,,,,,,,,,,,,,,,,,,,,,,,,,,,,,,,,,,,,,,,,,,,,,,,,,,,,,,,,,,,,5.4301,0.0832,-0.0832,0,,,,,0.01946,0.0005,-0.00037,0,,,,,,,,,,,,,,,,,,,,,,,,,5870,204.63,-120.74,0,1.02,0.2,-0.11,0,1.01,0.09,-0.07,0,-0.06,0.138,-0.199,0,[Fe/H],,,,,4.42,0.08,-0.13,0,3.72,3.3,-2,0,,,,,,,,,,,,,,,,,1480.16,45.67,-43.06,0.647406,0.0200758,-0.0200758
Kepler-790 b,Kepler-790,b,1,1,1,Transit,0,13.73469807,4.026E-05,-4.026E-05,0,,,,,2.18,0.17,-0.14,0,0.194,0.015,-0.012,0,,,,,,,,,,,,,,,,,,,,,,,,,,,,,,,,,,,,,,,,,,,,,,,,,,,,,,,,,,,,,2.3574,0.0849,-0.0849,0,,,,,0.02542,0.00105,-0.00075,0,,,,,,,,,,,,,,,,,,,,,,,,,5208,139.26,-114.14,0,0.8,0.05,-0.05,0,0.84,0.04,-0.05,0,-0.05,0.141,-0.165,0,[Fe/H],,,,,4.56,0.03,-0.06,0,4.9,5.92,-3.07,0,,,,,,,,,,,,,,,,,703.168,11.302,-10.955,1.39356,0.0223332,-0.0223332
Kepler-791 b,Kepler-791,b,1,1,1,Transit,0,14.5539759,0.0001002,-0.0001002,0,,,,,3.05,1.32,-0.7,0,0.272,0.118,-0.062,0,,,,,,,,,,,,,,,,,,,,,,,,,,,,,,,,,,,,,,,,,,,,,,,,,,,,,,,,,,,,,6.254,0.239,-0.239,0,,,,,0.01931,0.00216,-0.00294,0,,,,,,,,,,,,,,,,,,,,,,,,,6383,218.04,-160.88,0,1.47,0.61,-0.25,0,1.3,0.21,-0.12,0,0.06,0.135,-0.142,0,[Fe/H],,,,,4.21,0.12,-0.24,0,2.24,0.85,-0.668,0,,,,,,,,,,,,,,,,,1266.34,40.275,-40.275,0.761688,0.0248976,-0.0248976
Kepler-792 b,Kepler-792,b,1,1,1,Transit,0,11.30119217,6.491E-05,-6.491E-05,0,,,,,1.96,0.49,-0.23,0,0.175,0.044,-0.021,0,,,,,,,,,,,,,,,,,,,,,,,,,,,,,,,,,,,,,,,,,,,,,,,,,,,,,,,,,,,,,3.98,0.127,-0.127,0,,,,,0.01611,0.00067,-0.0006,0,,,,,,,,,,,,,,,,,,,,,,,,,5971,136.24,-175.96,0,1.12,0.28,-0.13,0,1.09,0.09,-0.07,0,0.08,0.144,-0.146,0,[Fe/H],,,,,4.38,0.08,-0.17,0,3.39,2.04,-1.71,0,,,,,,,,,,,,,,,,,1425.47,54.065,-54.065,0.673536,0.0263719,-0.0263719
Kepler-793 b,Kepler-793,b,1,1,1,Transit,0,4.24153639,2.259E-05,-2.259E-05,0,,,,,1.37,0.28,-0.16,0,0.122,0.025,-0.014,0,,,,,,,,,,,,,,,,,,,,,,,,,,,,,,,,,,,,,,,,,,,,,,,,,,,,,,,,,,,,,3.115,0.15,-0.15,0,,,,,0.01323,0.00044,-0.00066,0,,,,,,,,,,,,,,,,,,,,,,,,,5745,145.41,-198.84,0,0.97,0.2,-0.1,0,0.98,0.07,-0.07,0,0,0.134,-0.186,0,[Fe/H],,,,,4.46,0.07,-0.15,0,4.27,3.6,-2.5,0,,,,,,,,,,,,,,,,,985.699,44.701,-41.046,0.988411,0.0436787,-0.0436787
Kepler-794 b,Kepler-794,b,1,1,1,Transit,0,11.13125132,3.571E-05,-3.571E-05,0,,,,,2.11,0.52,-0.34,0,0.188,0.046,-0.03,0,,,,,,,,,,,,,,,,,,,,,,,,,,,,,,,,,,,,,,,,,,,,,,,,,,,,,,,,,,,,,4.1751,0.0738,-0.0738,0,,,,,0.01353,0.0004,-0.00028,0,,,,,,,,,,,,,,,,,,,,,,,,,5839,74.39,-64.99,0,1.38,0.34,-0.22,0,1.19,0.11,-0.07,0,0.34,0.055,-0.053,0,[Fe/H],,,,,4.23,0.13,-0.15,0,4.07,0.7,-1.06,0,,,,,,,,,,,,,,,,,931.192,14.594,-14.594,1.04516,0.0167009,-0.0167009
Kepler-796 b,Kepler-796,b,1,1,1,Transit,0,6.40087618,2.313E-05,-2.313E-05,0,,,,,1.3,0.36,-0.22,0,0.116,0.032,-0.02,0,,,,,,,,,,,,,,,,,,,,,,,,,,,,,,,,,,,,,,,,,,,,,,,,,,,,,,,,,,,,,2.5038,0.079,-0.079,0,,,,,0.01063,0.00038,-0.00036,0,,,,,,,,,,,,,,,,,,,,,,,,,5475,79.05,-84.69,0,1.09,0.3,-0.18,0,0.93,0.04,-0.04,0,0.09,0.089,-0.075,0,[Fe/H],,,,,4.33,0.16,-0.2,0,11.75,2.2,-5.6,0,,,,,,,,,,,,,,,,,817.584,12.25,-11.899,1.1944,0.0179247,-0.0179247
Kepler-797 b,Kepler-797,b,1,1,1,Transit,0,27.07237711,9.275E-05,-9.275E-05,0,,,,,2.17,0.43,-0.22,0,0.194,0.038,-0.02,0,,,,,,,,,,,,,,,,,,,,,,,,,,,,,,,,,,,,,,,,,,,,,,,,,,,,,,,,,,,,,6.943,0.0887,-0.0887,0,,,,,0.02122,0.00069,-0.00025,0,,,,,,,,,,,,,,,,,,,,,,,,,5680,292.15,-205.19,0,0.95,0.18,-0.09,0,0.96,0.1,-0.07,0,-0.02,0.14,-0.172,0,[Fe/H],,,,,4.47,0.07,-0.12,0,3.89,4.26,-2.18,0,,,,,,,,,,,,,,,,,1315.26,35.1,-33.35,0.731986,0.0196201,-0.0196201
Kepler-798 b,Kepler-798,b,1,1,1,Transit,0,13.71933369,5.734E-05,-5.734E-05,0,,,,,2.39,1.04,-0.34,0,0.213,0.093,-0.03,0,,,,,,,,,,,,,,,,,,,,,,,,,,,,,,,,,,,,,,,,,,,,,,,,,,,,,,,,,,,,,5.5426,0.0836,-0.0836,0,,,,,0.01661,0.00048,-0.0002,0,,,,,,,,,,,,,,,,,,,,,,,,,6224,124.3,-142.87,0,1.29,0.56,-0.18,0,1.19,0.18,-0.09,0,0.03,0.128,-0.155,0,[Fe/H],,,,,4.29,0.11,-0.25,0,2.82,1.04,-1,0,,,,,,,,,,,,,,,,,972.274,17.781,-17.781,0.99993,0.0186621,-0.0186621
Kepler-799 b,Kepler-799,b,1,1,1,Transit,0,133.4605235,0.000253,-0.000253,0,,,,,6.88,0.85,-0.57,0,0.614,0.076,-0.051,0,,,,,,,,,,,,,,,,,,,,,,,,,,,,,,,,,,,,,,,,,,,,,,,,,,,,,,,,,,,,,11.611,0.116,-0.116,0,,,,,0.06825,0.00031,-0.00162,0,,,,,,,,,,,,,,,,,,,,,,,,,5681,116.48,-90.98,0,0.93,0.12,-0.07,0,0.95,0.05,-0.06,0,-0.07,0.158,-0.19,0,[Fe/H],,,,,4.49,0.06,-0.11,0,3.98,4.24,-2.33,0,,,,,,,,,,,,,,,,,,,,,,
Kepler-8 b,Kepler-8,b,1,1,1,Transit,0,3.5224991,7E-07,-7E-07,0,0.0474,0.0018,-0.0021,0,15.872,0.594,-0.695,0,1.416,0.053,-0.062,0,187.5197,41.3179,-38.1396,0,0.59,0.13,-0.12,0,,,,,,,,,,,,,,,,,187.5197,41.3179,-38.1396,0,0.59,0.13,-0.12,0,0.27,0.11,-0.08,0,,,,,,,,,1680,40,-40,0,83.978,0.036,-0.033,0,0.7191,0.0021,-0.0023,0,,,,,,,,,6.854,0.018,-0.017,0,0.09575,0.00019,-0.00023,0,0.0026,0.001,-0.001,0,,,,,,,,,68.4,12,-12,0,,,,,,,,,6213,150,-150,0,1.49,0.05,-0.06,0,1.21,0.07,-0.06,0,-0.055,0.03,-0.03,0,[Fe/H],,,,,4.17,0.03,-0.03,0,,,,,,,,,,,,,,,,,,,,,1021.87,14.575,-14.575,0.949758,0.0138526,-0.0138526
Kepler-800 b,Kepler-800,b,1,1,1,Transit,0,14.13176026,4.273E-05,-4.273E-05,0,,,,,2.85,0.34,-0.26,0,0.254,0.03,-0.023,0,,,,,,,,,,,,,,,,,,,,,,,,,,,,,,,,,,,,,,,,,,,,,,,,,,,,,,,,,,,,,3.854,0.0825,-0.0825,0,,,,,0.03232,0.00301,-0.00186,0,,,,,,,,,,,,,,,,,,,,,,,,,5315,60.48,-67.05,0,0.82,0.06,-0.06,0,0.85,0.04,-0.05,0,-0.09,0.158,-0.18,0,[Fe/H],,,,,4.55,0.04,-0.08,0,4.68,6.47,-2.98,0,,,,,,,,,,,,,,,,,1019.26,33.22,-31.216,0.952861,0.0307582,-0.0307582
Kepler-801 b,Kepler-801,b,1,1,1,Transit,0,11.41928253,2.439E-05,-2.439E-05,0,,,,,2,0.08,-0.1,0,0.178,0.007,-0.009,0,,,,,,,,,,,,,,,,,,,,,,,,,,,,,,,,,,,,,,,,,,,,,,,,,,,,,,,,,,,,,3.9867,0.0658,-0.0658,0,,,,,0.02893,9E-05,-0.00106,0,,,,,,,,,,,,,,,,,,,,,,,,,4435,45.95,-38.89,0,0.63,0.03,-0.02,0,0.67,0.03,-0.03,0,-0.17,0.093,-0.094,0,[Fe/H],,,,,4.66,0.02,-0.02,0,3.55,5.12,-1.97,0,,,,,,,,,,,,,,,,,440.426,4.588,-4.496,2.24188,0.0232391,-0.0232391
Kepler-802 b,Kepler-802,b,1,1,1,Transit,0,40.0587473,0.0001092,-0.0001092,0,,,,,3.54,0.47,-0.4,0,0.316,0.042,-0.036,0,,,,,,,,,,,,,,,,,,,,,,,,,,,,,,,,,,,,,,,,,,,,,,,,,,,,,,,,,,,,,5.533,0.126,-0.126,0,,,,,0.03636,0.00018,-0.00349,0,,,,,,,,,,,,,,,,,,,,,,,,,5507,61.6,-67.23,0,0.9,0.12,-0.05,0,0.93,0.04,-0.05,0,0.06,0.157,-0.176,0,[Fe/H],,,,,4.5,0.05,-0.12,0,4.68,5.75,-2.99,0,,,,,,,,,,,,,,,,,780.585,11.563,-11.236,1.25238,0.0185649,-0.0185649
Kepler-803 b,Kepler-803,b,1,1,1,Transit,0,50.28638192,8.862E-05,-8.862E-05,0,,,,,3.79,0.55,-0.38,0,0.338,0.049,-0.034,0,,,,,,,,,,,,,,,,,,,,,,,,,,,,,,,,,,,,,,,,,,,,,,,,,,,,,,,,,,,,,6.3668,0.0454,-0.0454,0,,,,,0.03105,0.00043,-0.00026,0,,,,,,,,,,,,,,,,,,,,,,,,,5919,99.49,-100.93,0,1.12,0.16,-0.11,0,1.05,0.05,-0.05,0,0.02,0.085,-0.092,0,[Fe/H],,,,,4.36,0.09,-0.11,0,4.9,1.88,-2.48,0,,,,,,,,,,,,,,,,,639.771,6.587,-6.587,1.53433,0.0159701,-0.0159701
Kepler-805 b,Kepler-805,b,1,1,1,Transit,0,30.8638931,0.0001259,-0.0001259,0,,,,,2.89,0.13,-0.25,0,0.258,0.012,-0.022,0,,,,,,,,,,,,,,,,,,,,,,,,,,,,,,,,,,,,,,,,,,,,,,,,,,,,,,,,,,,,,8.421,0.113,-0.113,0,,,,,0.0158,0.00051,-0.00128,0,,,,,,,,,,,,,,,,,,,,,,,,,6112,55.03,-66.37,0,1.65,0.06,-0.05,0,1.19,0.07,-0.04,0,-0.06,0.082,-0.067,0,[Fe/H],,,,,4.08,0.02,-0.02,0,4.27,0.6,-0.69,0,,,,,,,,,,,,,,,,,638.49,10.191,-9.881,1.53774,0.0244262,-0.0244262
Kepler-806 b,Kepler-806,b,1,1,1,Transit,0,8.09219642,3.302E-05,-3.302E-05,0,,,,,1.14,0.33,-0.24,0,0.102,0.029,-0.021,0,,,,,,,,,,,,,,,,,,,,,,,,,,,,,,,,,,,,,,,,,,,,,,,,,,,,,,,,,,,,,5.455,0.11,-0.11,0,,,,,0.00885,3E-05,-0.00133,0,,,,,,,,,,,,,,,,,,,,,,,,,5770,59.8,-67.82,0,1.16,0.34,-0.18,0,0.99,0.07,-0.06,0,0,0.07,-0.149,0,[Fe/H],,,,,4.3,0.14,-0.19,0,7.76,1.5,-2.62,0,,,,,,,,,,,,,,,,,361.896,2.925,-2.878,2.73453,0.0219863,-0.0219863
Kepler-807 b,Kepler-807,b,1,1,1,Transit,0,117.9310878,8.603E-05,-8.603E-05,0,,,,,10.42,2,-1.07,0,0.93,0.178,-0.095,0,,,,,,,,,,,,,,,,,,,,,,,,,,,,,,,,,,,,,,,,,,,,,,,,,,,,,,,,,,,,,5.8091,0.0714,-0.0714,0,,,,,0.08977,0.00067,-0.00138,0,,,,,,,,,,,,,,,,,,,,,,,,,5965,92.34,-92.14,0,1.06,0.2,-0.11,0,1.04,0.07,-0.07,0,-0.04,0.149,-0.187,0,[Fe/H],,,,,4.41,0.08,-0.14,0,3.72,2.15,-2.02,0,,,,,,,,,,,,,,,,,1492.95,54.94,-51.23,0.640983,0.0236342,-0.0236342
Kepler-808 b,Kepler-808,b,1,1,1,Transit,0,0.63133235,3.5E-07,-3.5E-07,0,,,,,1.46,0.06,-0.08,0,0.13,0.005,-0.007,0,,,,,,,,,,,,,,,,,,,,,,,,,,,,,,,,,,,,,,,,,,,,,,,,,,,,,,,,,,,,,1.1076,0.0201,-0.0201,0,,,,,0.01906,0.00064,-0.00034,0,,,,,,,,,,,,,,,,,,,,,,,,,4653,51.38,-57.3,0,0.71,0.02,-0.04,0,0.76,0.03,-0.05,0,0.05,0.154,-0.207,0,[Fe/H],,,,,4.62,0.02,-0.01,0,1.95,4.12,-0.63,0,,,,,,,,,,,,,,,,,,,,,,
Kepler-809 b,Kepler-809,b,1,1,1,Transit,0,55.63934,0.0001825,-0.0001825,0,,,,,3.01,0.67,-0.25,0,0.269,0.06,-0.022,0,,,,,,,,,,,,,,,,,,,,,,,,,,,,,,,,,,,,,,,,,,,,,,,,,,,,,,,,,,,,,7.119,0.112,-0.112,0,,,,,0.02819,0.00333,-0.00075,0,,,,,,,,,,,,,,,,,,,,,,,,,5734,78.27,-78.23,0,0.98,0.18,-0.08,0,0.99,0.04,-0.05,0,0.04,0.135,-0.152,0,[Fe/H],,,,,4.45,0.06,-0.15,0,4.37,3.54,-2.6,0,,,,,,,,,,,,,,,,,961.405,19.638,-18.881,1.01149,0.0206749,-0.0206749
Kepler-810 b,Kepler-810,b,1,1,1,Transit,0,4.59725385,2.999E-05,-2.999E-05,0,,,,,1.93,0.41,-0.19,0,0.172,0.037,-0.017,0,,,,,,,,,,,,,,,,,,,,,,,,,,,,,,,,,,,,,,,,,,,,,,,,,,,,,,,,,,,,,2.823,0.163,-0.163,0,,,,,0.01665,0.00095,-0.00061,0,,,,,,,,,,,,,,,,,,,,,,,,,5803,75.93,-112.28,0,1.04,0.21,-0.09,0,1.03,0.06,-0.06,0,0.1,0.152,-0.15,0,[Fe/H],,,,,4.42,0.07,-0.15,0,4.17,2.8,-2.4,0,,,,,,,,,,,,,,,,,1458.59,88.32,-78.93,0.658354,0.0382884,-0.0382884
Kepler-811 b,Kepler-811,b,1,1,1,Transit,0,23.58447697,7.601E-05,-7.601E-05,0,,,,,2.7,0.68,-0.48,0,0.241,0.061,-0.043,0,,,,,,,,,,,,,,,,,,,,,,,,,,,,,,,,,,,,,,,,,,,,,,,,,,,,,,,,,,,,,5.464,0.0858,-0.0858,0,,,,,0.02026,0.00275,-0.00089,0,,,,,,,,,,,,,,,,,,,,,,,,,5747,64.53,-57.04,0,1.24,0.26,-0.21,0,1.01,0.05,-0.04,0,0.05,0.08,-0.059,0,[Fe/H],,,,,4.25,0.16,-0.15,0,7.94,1.5,-2.47,0,,,,,,,,,,,,,,,,,985.041,16.694,-16.694,0.986417,0.0170754,-0.0170754
Kepler-812 b,Kepler-812,b,1,1,1,Transit,0,10.11716531,2.533E-05,-2.533E-05,0,,,,,3.55,1.35,-0.68,0,0.317,0.12,-0.061,0,,,,,,,,,,,,,,,,,,,,,,,,,,,,,,,,,,,,,,,,,,,,,,,,,,,,,,,,,,,,,4.939,0.108,-0.108,0,,,,,0.01863,0.00084,-0.00221,0,,,,,,,,,,,,,,,,,,,,,,,,,6761,124.82,-102.89,0,1.71,0.64,-0.26,0,1.45,0.21,-0.14,0,0.02,0.128,-0.169,0,[Fe/H],,,,,4.13,0.12,-0.21,0,1.66,0.4,-0.32,0,,,,,,,,,,,,,,,,,1482.74,35.23,-35.23,0.645507,0.0159033,-0.0159033
Kepler-813 b,Kepler-813,b,1,1,1,Transit,0,19.12947337,7.455E-05,-7.455E-05,0,,,,,2.14,0.42,-0.19,0,0.191,0.037,-0.017,0,,,,,,,,,,,,,,,,,,,,,,,,,,,,,,,,,,,,,,,,,,,,,,,,,,,,,,,,,,,,,3.757,0.0872,-0.0872,0,,,,,0.02145,0.0032,-0.00069,0,,,,,,,,,,,,,,,,,,,,,,,,,5743,69.68,-59.41,0,0.93,0.12,-0.08,0,0.95,0.05,-0.07,0,-0.13,0.164,-0.193,0,[Fe/H],,,,,4.48,0.05,-0.12,0,3.98,4.07,-2.31,0,,,,,,,,,,,,,,,,,,,,,,
Kepler-814 b,Kepler-814,b,1,1,1,Transit,0,6.1469851,2.5E-05,-2.5E-05,0,,,,,2.12,0.69,-0.3,0,0.189,0.062,-0.027,0,,,,,,,,,,,,,,,,,,,,,,,,,,,,,,,,,,,,,,,,,,,,,,,,,,,,,,,,,,,,,3.392,0.112,-0.112,0,,,,,0.01582,0.00225,-0.00124,0,,,,,,,,,,,,,,,,,,,,,,,,,6162,90.5,-87.42,0,1.22,0.36,-0.14,0,1.15,0.12,-0.07,0,0.01,0.129,-0.159,0,[Fe/H],,,,,4.33,0.09,-0.19,0,3.02,1.17,-1.3,0,,,,,,,,,,,,,,,,,2055.77,111.04,-100.42,0.456804,0.0244647,-0.0244647
Kepler-815 b,Kepler-815,b,1,1,1,Transit,0,8.57503552,5.91E-05,-5.91E-05,0,,,,,4.11,0.19,-0.33,0,0.367,0.017,-0.029,0,,,,,,,,,,,,,,,,,,,,,,,,,,,,,,,,,,,,,,,,,,,,,,,,,,,,,,,,,,,,,8.545,0.155,-0.155,0,,,,,0.01142,0.00043,-0.00025,0,,,,,,,,,,,,,,,,,,,,,,,,,5028,52.57,-43.63,0,3.42,0.09,-0.26,0,1.25,0.05,-0.19,0,-0.03,0.039,-0.026,0,[Fe/H],,,,,3.46,0.01,-0.01,0,4.9,3.87,-0.56,0,,,,,,,,,,,,,,,,,1259.28,23.715,-23.715,0.765236,0.0148414,-0.0148414
Kepler-816 b,Kepler-816,b,1,1,1,Transit,0,10.50682565,3.82E-06,-3.82E-06,0,,,,,10.24,0.68,-0.54,0,0.914,0.061,-0.048,0,,,,,,,,,,,,,,,,,,,,,,,,,,,,,,,,,,,,,,,,,,,,,,,,,,,,,,,,,,,,,3.7432,0.0181,-0.0181,0,,,,,0.10997,0.00105,-0.00033,0,,,,,,,,,,,,,,,,,,,,,,,,,5286,54.61,-88.41,0,0.85,0.06,-0.04,0,0.9,0.04,-0.04,0,0.16,0.16,-0.185,0,[Fe/H],,,,,4.54,0.04,-0.06,0,4.17,5.51,-2.54,0,,,,,,,,,,,,,,,,,983.697,36.336,-36.336,0.989507,0.037202,-0.037202
Kepler-817 b,Kepler-817,b,1,1,1,Transit,0,3.99010623,1.36E-06,-1.36E-06,0,,,,,9.03,2.06,-1.13,0,0.806,0.184,-0.101,0,,,,,,,,,,,,,,,,,,,,,,,,,,,,,,,,,,,,,,,,,,,,,,,,,,,,,,,,,,,,,2.4269,0.0479,-0.0479,0,,,,,0.08048,1E-05,-0.00339,0,,,,,,,,,,,,,,,,,,,,,,,,,5861,259.88,-241.24,0,1.03,0.23,-0.12,0,1.03,0.12,-0.08,0,0.02,0.139,-0.161,0,[Fe/H],,,,,4.42,0.08,-0.15,0,3.55,2.9,-1.87,0,,,,,,,,,,,,,,,,,1484.46,72.81,-66.42,0.646594,0.0312676,-0.0312676
Kepler-818 b,Kepler-818,b,1,1,1,Transit,0,10.03538581,6.59E-06,-6.59E-06,0,,,,,5.11,0.79,-0.43,0,0.456,0.07,-0.038,0,,,,,,,,,,,,,,,,,,,,,,,,,,,,,,,,,,,,,,,,,,,,,,,,,,,,,,,,,,,,,3.4185,0.0237,-0.0237,0,,,,,0.05075,0.00061,-0.00031,0,,,,,,,,,,,,,,,,,,,,,,,,,5638,214.12,-110.99,0,0.92,0.14,-0.08,0,0.94,0.07,-0.06,0,-0.08,0.149,-0.181,0,[Fe/H],,,,,4.49,0.06,-0.12,0,3.98,4.51,-2.35,0,,,,,,,,,,,,,,,,,925.037,30.617,-28.747,1.05377,0.034376,-0.034376
Kepler-819 b,Kepler-819,b,1,1,1,Transit,0,33.1995648,0.0001174,-0.0001174,0,,,,,2.76,0.25,-0.17,0,0.246,0.022,-0.015,0,,,,,,,,,,,,,,,,,,,,,,,,,,,,,,,,,,,,,,,,,,,,,,,,,,,,,,,,,,,,,5.0135,0.0969,-0.0969,0,,,,,0.03083,0.00135,-0.00037,0,,,,,,,,,,,,,,,,,,,,,,,,,5279,165.3,-111.92,0,0.81,0.06,-0.05,0,0.86,0.05,-0.05,0,-0.06,0.149,-0.161,0,[Fe/H],,,,,4.55,0.04,-0.07,0,4.47,5.74,-2.73,0,,,,,,,,,,,,,,,,,664.306,10.7205,-10.7205,1.47698,0.0241026,-0.0241026
Kepler-820 b,Kepler-820,b,1,1,1,Transit,0,127.8338098,0.0003082,-0.0003082,0,,,,,6.09,2.68,-0.89,0,0.543,0.239,-0.079,0,,,,,,,,,,,,,,,,,,,,,,,,,,,,,,,,,,,,,,,,,,,,,,,,,,,,,,,,,,,,,10.8773,0.095,-0.095,0,,,,,0.04104,0.00221,-0.00077,0,,,,,,,,,,,,,,,,,,,,,,,,,6260,106.61,-147.98,0,1.36,0.59,-0.2,0,1.23,0.19,-0.1,0,0.09,0.132,-0.14,0,[Fe/H],,,,,4.25,0.11,-0.25,0,2.63,0.845,-0.93,0,,,,,,,,,,,,,,,,,1387.2,37.55,-35.65,0.692312,0.0188666,-0.0188666
Kepler-821 b,Kepler-821,b,1,1,1,Transit,0,1.92279873,4.82E-06,-4.82E-06,0,,,,,1.31,0.1,-0.08,0,0.117,0.009,-0.007,0,,,,,,,,,,,,,,,,,,,,,,,,,,,,,,,,,,,,,,,,,,,,,,,,,,,,,,,,,,,,,1.9191,0.0642,-0.0642,0,,,,,0.01474,0.00057,-0.00039,0,,,,,,,,,,,,,,,,,,,,,,,,,5191,130.91,-100.75,0,0.8,0.05,-0.04,0,0.84,0.04,-0.05,0,-0.03,0.155,-0.16,0,[Fe/H],,,,,4.56,0.03,-0.06,0,4.79,6.13,-2.94,0,,,,,,,,,,,,,,,,,614.571,8.397,-8.177,1.59853,0.0217725,-0.0217725
Kepler-822 b,Kepler-822,b,1,1,1,Transit,0,3.22296927,9.46E-06,-9.46E-06,0,,,,,1.77,0.41,-0.21,0,0.158,0.037,-0.019,0,,,,,,,,,,,,,,,,,,,,,,,,,,,,,,,,,,,,,,,,,,,,,,,,,,,,,,,,,,,,,2.8575,0.0733,-0.0733,0,,,,,0.0145,0.00045,-0.00038,0,,,,,,,,,,,,,,,,,,,,,,,,,5928,139.36,-183.56,0,1.08,0.25,-0.13,0,1.06,0.09,-0.08,0,0.04,0.137,-0.147,0,[Fe/H],,,,,4.4,0.08,-0.17,0,3.55,2.27,-1.83,0,,,,,,,,,,,,,,,,,860.391,13.615,-13.204,1.13365,0.0179739,-0.0179739
Kepler-823 b,Kepler-823,b,1,1,1,Transit,0,4.16809082,1.748E-05,-1.748E-05,0,,,,,1.57,0.31,-0.14,0,0.14,0.028,-0.012,0,,,,,,,,,,,,,,,,,,,,,,,,,,,,,,,,,,,,,,,,,,,,,,,,,,,,,,,,,,,,,2.723,0.106,-0.106,0,,,,,0.01512,0.00065,-0.00053,0,,,,,,,,,,,,,,,,,,,,,,,,,5643,122.3,-122.13,0,0.96,0.18,-0.08,0,0.98,0.05,-0.05,0,0.06,0.143,-0.144,0,[Fe/H],,,,,4.47,0.06,-0.15,0,4.47,4,-2.76,0,,,,,,,,,,,,,,,,,1389.27,42.65,-40.21,0.691059,0.0212988,-0.0212988
Kepler-824 b,Kepler-824,b,1,1,1,Transit,0,4.51436633,1.397E-05,-1.397E-05,0,,,,,1.87,0.71,-0.23,0,0.167,0.063,-0.021,0,,,,,,,,,,,,,,,,,,,,,,,,,,,,,,,,,,,,,,,,,,,,,,,,,,,,,,,,,,,,,2.956,0.0774,-0.0774,0,,,,,0.01432,0.00056,-0.0003,0,,,,,,,,,,,,,,,,,,,,,,,,,6035,85.61,-120.47,0,1.22,0.46,-0.15,0,1.15,0.14,-0.08,0,0.14,0.152,-0.141,0,[Fe/H],,,,,4.32,0.1,-0.23,0,3.31,1.31,-1.51,0,,,,,,,,,,,,,,,,,1201.4,35.42,-35.42,0.804038,0.02434,-0.02434
Kepler-826 b,Kepler-826,b,1,1,1,Transit,0,4.48758907,1.653E-05,-1.653E-05,0,,,,,1.25,0.2,-0.14,0,0.112,0.018,-0.012,0,,,,,,,,,,,,,,,,,,,,,,,,,,,,,,,,,,,,,,,,,,,,,,,,,,,,,,,,,,,,,2.8308,0.0886,-0.0886,0,,,,,0.01013,0.00037,-0.00023,0,,,,,,,,,,,,,,,,,,,,,,,,,6079,90.49,-96.47,0,1.15,0.18,-0.13,0,1.05,0.07,-0.06,0,-0.12,0.121,-0.129,0,[Fe/H],,,,,4.34,0.1,-0.11,0,4.37,1.55,-1.95,0,,,,,,,,,,,,,,,,,779.596,9.001,-8.801,1.2539,0.0145343,-0.0145343
Kepler-827 b,Kepler-827,b,1,1,1,Transit,0,51.92927591,9.288E-05,-9.288E-05,0,,,,,5.63,0.7,-0.46,0,0.502,0.062,-0.041,0,,,,,,,,,,,,,,,,,,,,,,,,,,,,,,,,,,,,,,,,,,,,,,,,,,,,,,,,,,,,,5.3083,0.0559,-0.0559,0,,,,,0.05652,0.00085,-0.00061,0,,,,,,,,,,,,,,,,,,,,,,,,,5602,179.4,-142.49,0,0.91,0.11,-0.07,0,0.93,0.07,-0.06,0,-0.06,0.151,-0.181,0,[Fe/H],,,,,4.5,0.06,-0.11,0,4.37,4.8,-2.62,0,,,,,,,,,,,,,,,,,2046.68,168.57,-145.16,0.461482,0.0364327,-0.0364327
Kepler-828 b,Kepler-828,b,1,1,1,Transit,0,0.56785714,4.4E-07,-4.4E-07,0,,,,,1.51,0.08,-0.11,0,0.135,0.007,-0.01,0,,,,,,,,,,,,,,,,,,,,,,,,,,,,,,,,,,,,,,,,,,,,,,,,,,,,,,,,,,,,,0.9869,0.0234,-0.0234,0,,,,,0.01765,6E-05,-0.00094,0,,,,,,,,,,,,,,,,,,,,,,,,,5039,50.73,-59.5,0,0.77,0.04,-0.04,0,0.81,0.04,-0.04,0,-0.02,0.164,-0.175,0,[Fe/H],,,,,4.58,0.03,-0.05,0,4.57,6.37,-2.74,0,,,,,,,,,,,,,,,,,575.322,6.575,-6.43,1.70945,0.0194951,-0.0194951
Kepler-829 b,Kepler-829,b,1,1,1,Transit,0,6.88337562,1.963E-05,-1.963E-05,0,,,,,2.11,0.44,-0.18,0,0.188,0.039,-0.016,0,,,,,,,,,,,,,,,,,,,,,,,,,,,,,,,,,,,,,,,,,,,,,,,,,,,,,,,,,,,,,2.2442,0.0809,-0.0809,0,,,,,0.02013,0.00104,-0.00031,0,,,,,,,,,,,,,,,,,,,,,,,,,5698,92.85,-120.29,0,0.97,0.2,-0.08,0,0.98,0.05,-0.06,0,0.03,0.132,-0.165,0,[Fe/H],,,,,4.46,0.06,-0.16,0,4.68,4.13,-2.88,0,,,,,,,,,,,,,,,,,1073.76,26.58,-25.35,0.902722,0.0223435,-0.0223435
Kepler-830 b,Kepler-830,b,1,1,1,Transit,0,11.29695137,6.299E-05,-6.299E-05,0,,,,,1.7,0.61,-0.25,0,0.152,0.054,-0.022,0,,,,,,,,,,,,,,,,,,,,,,,,,,,,,,,,,,,,,,,,,,,,,,,,,,,,,,,,,,,,,4.583,0.14,-0.14,0,,,,,0.01445,0.00308,-0.00092,0,,,,,,,,,,,,,,,,,,,,,,,,,6037,155.85,-209.5,0,1.11,0.31,-0.14,0,1.07,0.12,-0.09,0,-0.02,0.139,-0.178,0,[Fe/H],,,,,4.38,0.1,-0.17,0,3.47,1.89,-1.6,0,,,,,,,,,,,,,,,,,,,,,,
Kepler-831 b,Kepler-831,b,1,1,1,Transit,0,5.62153941,1.272E-05,-1.272E-05,0,,,,,1.27,0.1,-0.07,0,0.113,0.009,-0.006,0,,,,,,,,,,,,,,,,,,,,,,,,,,,,,,,,,,,,,,,,,,,,,,,,,,,,,,,,,,,,,2.3638,0.053,-0.053,0,,,,,0.01195,0.00036,-0.00028,0,,,,,,,,,,,,,,,,,,,,,,,,,5732,74.53,-59.69,0,0.97,0.07,-0.05,0,0.99,0.04,-0.04,0,0.02,0.094,-0.098,0,[Fe/H],,,,,4.46,0.04,-0.06,0,4.17,2.7,-2.2,0,,,,,,,,,,,,,,,,,593.54,5.5105,-5.5105,1.65604,0.015523,-0.015523
Kepler-832 b,Kepler-832,b,1,1,1,Transit,0,7.1396941,2.817E-05,-2.817E-05,0,,,,,2.06,0.32,-0.17,0,0.184,0.029,-0.015,0,,,,,,,,,,,,,,,,,,,,,,,,,,,,,,,,,,,,,,,,,,,,,,,,,,,,,,,,,,,,,3.929,0.109,-0.109,0,,,,,0.02147,0.00094,-0.00035,0,,,,,,,,,,,,,,,,,,,,,,,,,5596,181.65,-133.14,0,0.9,0.14,-0.07,0,0.92,0.06,-0.06,0,-0.08,0.163,-0.185,0,[Fe/H],,,,,4.5,0.06,-0.12,0,4.37,5.12,-2.7,0,,,,,,,,,,,,,,,,,1688.12,102.27,-91.41,0.56484,0.0331038,-0.0331038
Kepler-833 b,Kepler-833,b,1,1,1,Transit,0,18.7546998,5.142E-05,-5.142E-05,0,,,,,2.02,0.12,-0.09,0,0.18,0.011,-0.008,0,,,,,,,,,,,,,,,,,,,,,,,,,,,,,,,,,,,,,,,,,,,,,,,,,,,,,,,,,,,,,3.0681,0.079,-0.079,0,,,,,0.02967,0.00129,-0.00055,0,,,,,,,,,,,,,,,,,,,,,,,,,4339,39.28,-37.41,0,0.62,0.02,-0.02,0,0.64,0.03,-0.03,0,-0.18,0.097,-0.104,0,[Fe/H],,,,,4.67,0.02,-0.02,0,3.72,5.26,-2.1,0,,,,,,,,,,,,,,,,,467.37,5.921,-5.776,2.11112,0.0265694,-0.0265694
Kepler-834 b,Kepler-834,b,1,1,1,Transit,0,13.32388301,5.212E-05,-5.212E-05,0,,,,,2.02,0.1,-0.1,0,0.18,0.009,-0.009,0,,,,,,,,,,,,,,,,,,,,,,,,,,,,,,,,,,,,,,,,,,,,,,,,,,,,,,,,,,,,,3.2768,0.0961,-0.0961,0,,,,,0.02757,0.00076,-0.00085,0,,,,,,,,,,,,,,,,,,,,,,,,,4554,50.38,-45.2,0,0.66,0.03,-0.03,0,0.7,0.03,-0.03,0,-0.13,0.118,-0.099,0,[Fe/H],,,,,4.64,0.02,-0.02,0,2.69,4.76,-1.31,0,,,,,,,,,,,,,,,,,633.937,17.091,-16.23,1.54978,0.0411144,-0.0411144
Kepler-835 b,Kepler-835,b,1,1,1,Transit,0,11.41909375,7.116E-05,-7.116E-05,0,,,,,2.79,0.54,-0.29,0,0.249,0.048,-0.026,0,,,,,,,,,,,,,,,,,,,,,,,,,,,,,,,,,,,,,,,,,,,,,,,,,,,,,,,,,,,,,4.382,0.141,-0.141,0,,,,,0.0228,0.00044,-0.00108,0,,,,,,,,,,,,,,,,,,,,,,,,,5954,71.86,-70.98,0,1.11,0.21,-0.1,0,1.08,0.07,-0.05,0,0.08,0.142,-0.143,0,[Fe/H],,,,,4.38,0.07,-0.14,0,3.63,1.79,-1.98,0,,,,,,,,,,,,,,,,,2406.33,273.9,-224.71,0.38296,0.0417544,-0.0417544
Kepler-836 b,Kepler-836,b,1,1,1,Transit,0,11.36112327,2.363E-05,-2.363E-05,0,,,,,2.73,0.64,-0.32,0,0.244,0.057,-0.029,0,,,,,,,,,,,,,,,,,,,,,,,,,,,,,,,,,,,,,,,,,,,,,,,,,,,,,,,,,,,,,4.2053,0.0632,-0.0632,0,,,,,0.02416,0.00129,-0.00173,0,,,,,,,,,,,,,,,,,,,,,,,,,5895,74.32,-83.11,0,1.04,0.24,-0.1,0,1.03,0.06,-0.07,0,-0.01,0.136,-0.183,0,[Fe/H],,,,,4.41,0.07,-0.17,0,4.27,2.3,-2.4,0,,,,,,,,,,,,,,,,,980.035,21.455,-20.575,0.991756,0.0217116,-0.0217116
Kepler-837 b,Kepler-837,b,1,1,1,Transit,0,16.56059504,4.293E-05,-4.293E-05,0,,,,,2.56,0.22,-0.43,0,0.228,0.02,-0.038,0,,,,,,,,,,,,,,,,,,,,,,,,,,,,,,,,,,,,,,,,,,,,,,,,,,,,,,,,,,,,,2.2611,0.0881,-0.0881,0,,,,,0.02902,8E-05,-0.00429,0,,,,,,,,,,,,,,,,,,,,,,,,,5403,58.96,-58.52,0,0.81,0.07,-0.07,0,0.85,0.05,-0.06,0,-0.18,0.162,-0.204,0,[Fe/H],,,,,4.56,0.04,-0.08,0,3.98,6.07,-2.42,0,,,,,,,,,,,,,,,,,901.907,18.362,-17.657,1.08016,0.0219678,-0.0219678
Kepler-838 b,Kepler-838,b,1,1,1,Transit,0,15.74957994,4.687E-05,-4.687E-05,0,,,,,2.73,0.51,-0.25,0,0.244,0.045,-0.022,0,,,,,,,,,,,,,,,,,,,,,,,,,,,,,,,,,,,,,,,,,,,,,,,,,,,,,,,,,,,,,4.6942,0.0873,-0.0873,0,,,,,0.02557,0.00343,-0.00114,0,,,,,,,,,,,,,,,,,,,,,,,,,5770,68.34,-66.67,0,0.96,0.13,-0.08,0,0.98,0.05,-0.06,0,-0.06,0.152,-0.191,0,[Fe/H],,,,,4.46,0.06,-0.11,0,4.17,3.4,-2.44,0,,,,,,,,,,,,,,,,,1104.04,27.28,-26.03,0.877122,0.0216997,-0.0216997
Kepler-839 b,Kepler-839,b,1,1,1,Transit,0,37.8144514,0.0001545,-0.0001545,0,,,,,2.57,0.41,-0.25,0,0.229,0.037,-0.022,0,,,,,,,,,,,,,,,,,,,,,,,,,,,,,,,,,,,,,,,,,,,,,,,,,,,,,,,,,,,,,8.5785,0.0994,-0.0994,0,,,,,0.0184,0.00053,-0.00022,0,,,,,,,,,,,,,,,,,,,,,,,,,6058,87.66,-77.96,0,1.31,0.21,-0.12,0,1.22,0.06,-0.05,0,0.29,0.068,-0.069,0,[Fe/H],,,,,4.29,0.08,-0.11,0,2.82,0.914,-1.18,0,,,,,,,,,,,,,,,,,944.561,13.7235,-13.7235,1.02991,0.0152641,-0.0152641
Kepler-840 b,Kepler-840,b,1,1,1,Transit,0,2.49577962,4.8E-07,-4.8E-07,0,,,,,17.07,3.88,-1.88,0,1.523,0.346,-0.168,0,,,,,,,,,,,,,,,,,,,,,,,,,,,,,,,,,,,,,,,,,,,,,,,,,,,,,,,,,,,,,4.26239,0.00525,-0.00525,0,,,,,0.14821,0.0001,-0.00018,0,,,,,,,,,,,,,,,,,,,,,,,,,5920,113.64,-159.58,0,1.06,0.24,-0.12,0,1.04,0.07,-0.07,0,0,0.136,-0.176,0,[Fe/H],,,,,4.41,0.08,-0.16,0,3.89,2.49,-2.18,0,,,,,,,,,,,,,,,,,1122.19,74.875,-74.875,0.865912,0.0578205,-0.0578205
Kepler-841 b,Kepler-841,b,1,1,1,Transit,0,124.4198398,0.000331,-0.000331,0,,,,,5.23,0.41,-0.36,0,0.467,0.037,-0.032,0,,,,,,,,,,,,,,,,,,,,,,,,,,,,,,,,,,,,,,,,,,,,,,,,,,,,,,,,,,,,,3.6612,0.0775,-0.0775,0,,,,,0.05938,0.00185,-0.00087,0,,,,,,,,,,,,,,,,,,,,,,,,,5324,58.08,-58.03,0,0.81,0.06,-0.06,0,0.85,0.04,-0.05,0,-0.09,0.17,-0.186,0,[Fe/H],,,,,4.56,0.04,-0.07,0,4.47,5.91,-2.79,0,,,,,,,,,,,,,,,,,998.961,37.779,-35.167,0.973052,0.0362409,-0.0362409
Kepler-842 b,Kepler-842,b,1,1,1,Transit,0,1.21956827,1.1E-06,-1.1E-06,0,,,,,1.6,0.08,-0.09,0,0.143,0.007,-0.008,0,,,,,,,,,,,,,,,,,,,,,,,,,,,,,,,,,,,,,,,,,,,,,,,,,,,,,,,,,,,,,1.5672,0.0269,-0.0269,0,,,,,0.02025,0.00067,-0.0004,0,,,,,,,,,,,,,,,,,,,,,,,,,4848,60.94,-65.37,0,0.73,0.03,-0.04,0,0.78,0.04,-0.04,0,-0.02,0.155,-0.165,0,[Fe/H],,,,,4.6,0.02,-0.04,0,4.37,6.37,-2.54,0,,,,,,,,,,,,,,,,,532.726,8.378,-8.127,1.84875,0.0288542,-0.0288542
Kepler-843 b,Kepler-843,b,1,1,1,Transit,0,2.05387982,2.9E-06,-2.9E-06,0,,,,,2.59,0.61,-0.25,0,0.231,0.054,-0.022,0,,,,,,,,,,,,,,,,,,,,,,,,,,,,,,,,,,,,,,,,,,,,,,,,,,,,,,,,,,,,,2.1809,0.0386,-0.0386,0,,,,,0.02342,0.00069,-0.0003,0,,,,,,,,,,,,,,,,,,,,,,,,,5830,106.99,-143.16,0,1.03,0.24,-0.1,0,1.02,0.06,-0.06,0,0.05,0.131,-0.162,0,[Fe/H],,,,,4.42,0.07,-0.17,0,4.17,2.94,-2.41,0,,,,,,,,,,,,,,,,,1165.66,48.64,-44.95,0.830221,0.034131,-0.034131
Kepler-844 b,Kepler-844,b,1,1,1,Transit,0,2.61302086,6.24E-06,-6.24E-06,0,,,,,1.68,0.07,-0.24,0,0.15,0.006,-0.021,0,,,,,,,,,,,,,,,,,,,,,,,,,,,,,,,,,,,,,,,,,,,,,,,,,,,,,,,,,,,,,1.93,0.0527,-0.0527,0,,,,,0.02704,7E-05,-0.00363,0,,,,,,,,,,,,,,,,,,,,,,,,,4128,46.09,-46.95,0,0.57,0.03,-0.03,0,0.59,0.03,-0.04,0,-0.24,0.12,-0.142,0,[Fe/H],,,,,4.7,0.02,-0.02,0,3.8,4.89,-2.1,0,,,,,,,,,,,,,,,,,431.776,9.0135,-9.0135,2.28848,0.0479578,-0.0479578
Kepler-845 b,Kepler-845,b,1,1,1,Transit,0,0.92785982,5.5E-07,-5.5E-07,0,,,,,2.04,0.09,-0.29,0,0.182,0.008,-0.026,0,,,,,,,,,,,,,,,,,,,,,,,,,,,,,,,,,,,,,,,,,,,,,,,,,,,,,,,,,,,,,1.4398,0.0227,-0.0227,0,,,,,0.0245,0.00047,-0.00343,0,,,,,,,,,,,,,,,,,,,,,,,,,4913,57.49,-57.47,0,0.75,0.03,-0.03,0,0.79,0.03,-0.04,0,0.01,0.146,-0.159,0,[Fe/H],,,,,4.59,0.02,-0.04,0,4.79,5.86,-2.92,0,,,,,,,,,,,,,,,,,431.051,3.275,-3.275,2.29111,0.017493,-0.017493
Kepler-846 b,Kepler-846,b,1,1,1,Transit,0,19.80792185,8.966E-05,-8.966E-05,0,,,,,2.48,0.32,-0.18,0,0.221,0.029,-0.016,0,,,,,,,,,,,,,,,,,,,,,,,,,,,,,,,,,,,,,,,,,,,,,,,,,,,,,,,,,,,,,3.524,0.121,-0.121,0,,,,,0.02474,0.00104,-0.00075,0,,,,,,,,,,,,,,,,,,,,,,,,,5579,69.45,-74.32,0,0.91,0.11,-0.06,0,0.94,0.04,-0.05,0,0,0.136,-0.159,0,[Fe/H],,,,,4.5,0.05,-0.11,0,4.37,5.16,-2.67,0,,,,,,,,,,,,,,,,,1127.12,39.47,-36.93,0.858834,0.0298233,-0.0298233
Kepler-847 b,Kepler-847,b,1,1,1,Transit,0,2.3432319,7.57E-06,-7.57E-06,0,,,,,1.18,0.09,-0.05,0,0.105,0.008,-0.004,0,,,,,,,,,,,,,,,,,,,,,,,,,,,,,,,,,,,,,,,,,,,,,,,,,,,,,,,,,,,,,2.0391,0.0787,-0.0787,0,,,,,0.0144,0.00086,-0.00044,0,,,,,,,,,,,,,,,,,,,,,,,,,4940,51.58,-54.72,0,0.77,0.03,-0.03,0,0.83,0.03,-0.04,0,0.15,0.148,-0.16,0,[Fe/H],,,,,4.58,0.02,-0.04,0,3.89,6.27,-2.25,0,,,,,,,,,,,,,,,,,513.103,5.339,-5.232,1.9202,0.0199244,-0.0199244
Kepler-848 b,Kepler-848,b,1,1,1,Transit,0,6.91134416,2.461E-05,-2.461E-05,0,,,,,1.7,0.31,-0.25,0,0.152,0.028,-0.022,0,,,,,,,,,,,,,,,,,,,,,,,,,,,,,,,,,,,,,,,,,,,,,,,,,,,,,,,,,,,,,5.6555,0.0783,-0.0783,0,,,,,0.01336,0.00134,-0.00043,0,,,,,,,,,,,,,,,,,,,,,,,,,5695,70.35,-79.05,0,1.2,0.18,-0.17,0,1.01,0.04,-0.04,0,0.15,0.079,-0.084,0,[Fe/H],,,,,4.28,0.13,-0.11,0,8.32,1.7,-2.86,0,,,,,,,,,,,,,,,,,1378.47,29.265,-29.265,0.696616,0.0152831,-0.0152831
Kepler-849 b,Kepler-849,b,1,1,1,Transit,0,394.6244904,0.0008875,-0.0008875,0,,,,,7.14,1.49,-1.37,0,0.637,0.133,-0.122,0,,,,,,,,,,,,,,,,,,,,,,,,,,,,,,,,,,,,,,,,,,,,,,,,,,,,,,,,,,,,,23.9917,0.0997,-0.0997,0,,,,,0.0401,0.0009,-0.00053,0,,,,,,,,,,,,,,,,,,,,,,,,,6059,81.18,-66.22,0,1.64,0.34,-0.31,0,1.23,0.15,-0.09,0,0.12,0.102,-0.079,0,[Fe/H],,,,,4.1,0.16,-0.13,0,3.98,1,-0.8,0,,,,,,,,,,,,,,,,,822.134,16.333,-15.719,1.18782,0.0235253,-0.0235253
Kepler-850 b,Kepler-850,b,1,1,1,Transit,0,7.19303878,3.818E-05,-3.818E-05,0,,,,,1.78,0.47,-0.21,0,0.159,0.042,-0.019,0,,,,,,,,,,,,,,,,,,,,,,,,,,,,,,,,,,,,,,,,,,,,,,,,,,,,,,,,,,,,,3.435,0.117,-0.117,0,,,,,0.01528,0.00052,-0.00071,0,,,,,,,,,,,,,,,,,,,,,,,,,5932,89.3,-95.55,0,1.09,0.29,-0.12,0,1.06,0.07,-0.06,0,0.03,0.14,-0.164,0,[Fe/H],,,,,4.39,0.08,-0.19,0,3.89,2.16,-2.14,0,,,,,,,,,,,,,,,,,1661.28,93.1,-83.89,0.573328,0.0312958,-0.0312958
Kepler-851 b,Kepler-851,b,1,1,1,Transit,0,8.50699658,3.708E-05,-3.708E-05,0,,,,,1.68,0.27,-0.21,0,0.15,0.024,-0.019,0,,,,,,,,,,,,,,,,,,,,,,,,,,,,,,,,,,,,,,,,,,,,,,,,,,,,,,,,,,,,,3.026,0.108,-0.108,0,,,,,0.01787,0.0024,-0.00189,0,,,,,,,,,,,,,,,,,,,,,,,,,5455,87.48,-80.92,0,0.85,0.08,-0.06,0,0.89,0.04,-0.05,0,-0.07,0.156,-0.173,0,[Fe/H],,,,,4.53,0.04,-0.09,0,4.47,5.86,-2.73,0,,,,,,,,,,,,,,,,,839.255,17.655,-16.954,1.16312,0.0243742,-0.0243742
Kepler-852 b,Kepler-852,b,1,1,1,Transit,0,44.9309804,0.00024,-0.00024,0,,,,,2.54,0.45,-0.17,0,0.227,0.04,-0.015,0,,,,,,,,,,,,,,,,,,,,,,,,,,,,,,,,,,,,,,,,,,,,,,,,,,,,,,,,,,,,,6.498,0.134,-0.134,0,,,,,0.0204,0.00346,-0.00102,0,,,,,,,,,,,,,,,,,,,,,,,,,6100,85.43,-84.46,0,1.16,0.05,-0.05,0,1.19,0.04,-0.04,0,0.22,0.074,-0.068,0,[Fe/H],,,,,4.38,0.03,-0.03,0,1.48,0.674,-0.355,0,,,,,,,,,,,,,,,,,1619.03,50.61,-50.61,0.589092,0.0191506,-0.0191506
Kepler-853 b,Kepler-853,b,1,1,1,Transit,0,7.16892463,2.302E-05,-2.302E-05,0,,,,,1.69,0.48,-0.28,0,0.151,0.043,-0.025,0,,,,,,,,,,,,,,,,,,,,,,,,,,,,,,,,,,,,,,,,,,,,,,,,,,,,,,,,,,,,,4.5907,0.0741,-0.0741,0,,,,,0.01005,7E-05,-0.00056,0,,,,,,,,,,,,,,,,,,,,,,,,,6350,60.54,-55.18,0,1.55,0.44,-0.24,0,1.3,0.14,-0.08,0,0.07,0.093,-0.079,0,[Fe/H],,,,,4.17,0.13,-0.17,0,2.69,0.36,-0.678,0,,,,,,,,,,,,,,,,,568.676,7.076,-6.907,1.72981,0.0214539,-0.0214539
Kepler-854 b,Kepler-854,b,1,1,1,Transit,0,2.14463285,6.8E-07,-6.8E-07,0,,,,,16.72,6.77,-2.29,0,1.492,0.604,-0.204,0,,,,,,,,,,,,,,,,,,,,,,,,,,,,,,,,,,,,,,,,,,,,,,,,,,,,,,,,,,,,,3.9028,0.0253,-0.0253,0,,,,,0.12077,0.00046,-0.00069,0,,,,,,,,,,,,,,,,,,,,,,,,,6179,110.41,-142.15,0,1.27,0.51,-0.17,0,1.17,0.17,-0.09,0,0.04,0.13,-0.148,0,[Fe/H],,,,,4.29,0.11,-0.23,0,3.02,1.06,-1.23,0,,,,,,,,,,,,,,,,,1397.04,33.05,-31.59,0.687144,0.0164276,-0.0164276
Kepler-855 b,Kepler-855,b,1,1,1,Transit,0,7.8866311,2.47E-06,-2.47E-06,0,,,,,8.35,1.7,-0.81,0,0.745,0.152,-0.072,0,,,,,,,,,,,,,,,,,,,,,,,,,,,,,,,,,,,,,,,,,,,,,,,,,,,,,,,,,,,,,5.21906,0.00717,-0.00717,0,,,,,0.07448,0.00014,-8E-05,0,,,,,,,,,,,,,,,,,,,,,,,,,5835,99.82,-156.07,0,1.03,0.21,-0.1,0,1.03,0.07,-0.07,0,0.06,0.146,-0.158,0,[Fe/H],,,,,4.42,0.07,-0.15,0,4.17,2.83,-2.36,0,,,,,,,,,,,,,,,,,1506.58,58.72,-54.54,0.635666,0.0247313,-0.0247313
Kepler-856 b,Kepler-856,b,1,1,1,Transit,0,8.02768059,2.01E-06,-2.01E-06,0,,,,,9.3,1.25,-0.6,0,0.83,0.112,-0.054,0,,,,,,,,,,,,,,,,,,,,,,,,,,,,,,,,,,,,,,,,,,,,,,,,,,,,,,,,,,,,,3.1401,0.0287,-0.0287,0,,,,,0.09183,0.00041,-0.0016,0,,,,,,,,,,,,,,,,,,,,,,,,,5535,69.55,-84.49,0,0.93,0.12,-0.06,0,0.96,0.04,-0.04,0,0.12,0.15,-0.142,0,[Fe/H],,,,,4.49,0.05,-0.12,0,4.27,5.3,-2.67,0,,,,,,,,,,,,,,,,,1351.17,56.46,-52.19,0.711619,0.0295157,-0.0295157
Kepler-857 b,Kepler-857,b,1,1,1,Transit,0,85.35129427,9.562E-05,-9.562E-05,0,,,,,6.8,1.7,-0.68,0,0.607,0.152,-0.061,0,,,,,,,,,,,,,,,,,,,,,,,,,,,,,,,,,,,,,,,,,,,,,,,,,,,,,,,,,,,,,6.7568,0.04,-0.04,0,,,,,0.06337,0.00064,-0.00043,0,,,,,,,,,,,,,,,,,,,,,,,,,5773,125.46,-173.8,0,0.99,0.25,-0.1,0,0.99,0.07,-0.07,0,0.02,0.125,-0.175,0,[Fe/H],,,,,4.45,0.07,-0.17,0,4.27,3.18,-2.5,0,,,,,,,,,,,,,,,,,983.502,23.988,-22.889,0.988522,0.0240325,-0.0240325
Kepler-858 b,Kepler-858,b,1,1,1,Transit,0,76.13602028,5.533E-05,-5.533E-05,0,,,,,4.87,0.23,-0.2,0,0.434,0.021,-0.018,0,,,,,,,,,,,,,,,,,,,,,,,,,,,,,,,,,,,,,,,,,,,,,,,,,,,,,,,,,,,,,7.9602,0.0241,-0.0241,0,,,,,0.04928,0.00034,-0.00013,0,,,,,,,,,,,,,,,,,,,,,,,,,5653,74.35,-61.07,0,0.91,0.04,-0.04,0,0.96,0.04,-0.04,0,-0.04,0.106,-0.106,0,[Fe/H],,,,,4.5,0.03,-0.04,0,3.39,2.42,-1.68,0,,,,,,,,,,,,,,,,,298.532,1.972,-1.947,3.32096,0.0218242,-0.0218242
Kepler-859 b,Kepler-859,b,1,1,1,Transit,0,20.38177573,5.321E-05,-5.321E-05,0,,,,,3.09,0.18,-0.15,0,0.276,0.016,-0.013,0,,,,,,,,,,,,,,,,,,,,,,,,,,,,,,,,,,,,,,,,,,,,,,,,,,,,,,,,,,,,,3.7429,0.0668,-0.0668,0,,,,,0.03675,0.00143,-0.00042,0,,,,,,,,,,,,,,,,,,,,,,,,,5020,48.72,-50.72,0,0.77,0.03,-0.04,0,0.81,0.04,-0.04,0,-0.02,0.148,-0.171,0,[Fe/H],,,,,4.59,0.02,-0.05,0,4.57,6.07,-2.76,0,,,,,,,,,,,,,,,,,839.903,28.333,-26.573,1.16288,0.0385866,-0.0385866
Kepler-860 b,Kepler-860,b,1,1,1,Transit,0,5.10137945,8.94E-06,-8.94E-06,0,,,,,3.24,0.81,-0.33,0,0.289,0.072,-0.029,0,,,,,,,,,,,,,,,,,,,,,,,,,,,,,,,,,,,,,,,,,,,,,,,,,,,,,,,,,,,,,2.5932,0.0387,-0.0387,0,,,,,0.02796,0.00081,-0.00023,0,,,,,,,,,,,,,,,,,,,,,,,,,5836,75.4,-111.94,0,1.06,0.26,-0.11,0,1.04,0.07,-0.06,0,0.09,0.155,-0.142,0,[Fe/H],,,,,4.4,0.08,-0.18,0,4.27,2.64,-2.45,0,,,,,,,,,,,,,,,,,1056.36,26.955,-26.955,0.91836,0.0239597,-0.0239597
Kepler-861 b,Kepler-861,b,1,1,1,Transit,0,3.94963138,5.49E-06,-5.49E-06,0,,,,,2.28,0.12,-0.13,0,0.203,0.011,-0.012,0,,,,,,,,,,,,,,,,,,,,,,,,,,,,,,,,,,,,,,,,,,,,,,,,,,,,,,,,,,,,,1.5788,0.0385,-0.0385,0,,,,,0.02666,0.00047,-0.00096,0,,,,,,,,,,,,,,,,,,,,,,,,,5047,65.25,-72.9,0,0.78,0.04,-0.04,0,0.82,0.04,-0.04,0,0.01,0.153,-0.165,0,[Fe/H],,,,,4.58,0.03,-0.05,0,4.47,6.03,-2.67,0,,,,,,,,,,,,,,,,,850.327,22.9325,-22.9325,1.14798,0.0314551,-0.0314551
Kepler-862 b,Kepler-862,b,1,1,1,Transit,0,3.14866453,7.03E-06,-7.03E-06,0,,,,,2.21,0.44,-0.17,0,0.197,0.039,-0.015,0,,,,,,,,,,,,,,,,,,,,,,,,,,,,,,,,,,,,,,,,,,,,,,,,,,,,,,,,,,,,,2.1794,0.0568,-0.0568,0,,,,,0.0238,0.00428,-0.00106,0,,,,,,,,,,,,,,,,,,,,,,,,,5333,86.45,-134.35,0,0.84,0.07,-0.05,0,0.88,0.04,-0.05,0,0.04,0.146,-0.167,0,[Fe/H],,,,,4.54,0.04,-0.08,0,4.79,6.13,-2.99,0,,,,,,,,,,,,,,,,,1039.03,54.77,-49.624,0.936437,0.0470712,-0.0470712
Kepler-863 b,Kepler-863,b,1,1,1,Transit,0,15.59461874,4.285E-05,-4.285E-05,0,,,,,2.9,0.68,-0.32,0,0.259,0.061,-0.029,0,,,,,,,,,,,,,,,,,,,,,,,,,,,,,,,,,,,,,,,,,,,,,,,,,,,,,,,,,,,,,5.0872,0.0703,-0.0703,0,,,,,0.02832,0.0001,-0.00101,0,,,,,,,,,,,,,,,,,,,,,,,,,5678,317.91,-195.62,0,0.95,0.22,-0.1,0,0.96,0.11,-0.07,0,-0.03,0.143,-0.187,0,[Fe/H],,,,,4.46,0.08,-0.14,0,3.8,4.65,-2.13,0,,,,,,,,,,,,,,,,,1499.66,81.5,-73.64,0.639816,0.0335838,-0.0335838
Kepler-864 b,Kepler-864,b,1,1,1,Transit,0,5.83376092,1.891E-05,-1.891E-05,0,,,,,2.4,0.63,-0.22,0,0.214,0.056,-0.02,0,,,,,,,,,,,,,,,,,,,,,,,,,,,,,,,,,,,,,,,,,,,,,,,,,,,,,,,,,,,,,3.8589,0.0874,-0.0874,0,,,,,0.0216,0.00052,-0.0006,0,,,,,,,,,,,,,,,,,,,,,,,,,5754,66.12,-63.35,0,1,0.26,-0.09,0,1,0.05,-0.05,0,0.04,0.136,-0.177,0,[Fe/H],,,,,4.44,0.07,-0.19,0,4.68,3.43,-2.87,0,,,,,,,,,,,,,,,,,2022.9,153.4,-133.65,0.464331,0.0343253,-0.0343253
Kepler-865 b,Kepler-865,b,1,1,1,Transit,0,14.16399294,2.463E-05,-2.463E-05,0,,,,,2.49,0.49,-0.24,0,0.222,0.044,-0.021,0,,,,,,,,,,,,,,,,,,,,,,,,,,,,,,,,,,,,,,,,,,,,,,,,,,,,,,,,,,,,,4.3241,0.0451,-0.0451,0,,,,,0.02499,0.00049,-0.00034,0,,,,,,,,,,,,,,,,,,,,,,,,,5570,287.71,-208.99,0,0.92,0.18,-0.09,0,0.93,0.09,-0.07,0,-0.01,0.138,-0.177,0,[Fe/H],,,,,4.49,0.07,-0.13,0,4.27,5.15,-2.56,0,,,,,,,,,,,,,,,,,586.137,7.904,-7.7,1.67758,0.0225342,-0.0225342
Kepler-866 b,Kepler-866,b,1,1,1,Transit,0,2.61703254,7.31E-06,-7.31E-06,0,,,,,1.63,0.08,-0.12,0,0.145,0.007,-0.011,0,,,,,,,,,,,,,,,,,,,,,,,,,,,,,,,,,,,,,,,,,,,,,,,,,,,,,,,,,,,,,2.0451,0.071,-0.071,0,,,,,0.02093,0.00067,-0.00081,0,,,,,,,,,,,,,,,,,,,,,,,,,4751,64.17,-70.26,0,0.71,0.03,-0.04,0,0.75,0.04,-0.05,0,-0.07,0.16,-0.172,0,[Fe/H],,,,,4.62,0.03,-0.03,0,4.27,5.8,-2.48,0,,,,,,,,,,,,,,,,,646.667,16.109,-15.358,1.51859,0.0373162,-0.0373162
Kepler-867 b,Kepler-867,b,1,1,1,Transit,0,150.242127,0.0006047,-0.0006047,0,,,,,4.64,0.41,-0.3,0,0.414,0.037,-0.027,0,,,,,,,,,,,,,,,,,,,,,,,,,,,,,,,,,,,,,,,,,,,,,,,,,,,,,,,,,,,,,10.979,0.168,-0.168,0,,,,,0.04702,0.00277,-0.00197,0,,,,,,,,,,,,,,,,,,,,,,,,,5541,61.72,-68.57,0,0.91,0.06,-0.04,0,0.92,0.04,-0.04,0,-0.02,0.098,-0.11,0,[Fe/H],,,,,4.49,0.05,-0.06,0,5.89,3.34,-3.37,0,,,,,,,,,,,,,,,,,1195.54,113.13,-113.13,0.810876,0.0757527,-0.0757527
Kepler-868 b,Kepler-868,b,1,1,1,Transit,0,5.03251791,2.082E-05,-2.082E-05,0,,,,,2.05,0.2,-0.17,0,0.183,0.018,-0.015,0,,,,,,,,,,,,,,,,,,,,,,,,,,,,,,,,,,,,,,,,,,,,,,,,,,,,,,,,,,,,,3.3066,0.0993,-0.0993,0,,,,,0.02058,0.0003,-0.00096,0,,,,,,,,,,,,,,,,,,,,,,,,,5614,75.11,-68.84,0,0.89,0.09,-0.06,0,0.93,0.05,-0.06,0,-0.08,0.146,-0.189,0,[Fe/H],,,,,4.51,0.04,-0.09,0,3.89,4.6,-2.3,0,,,,,,,,,,,,,,,,,1593.13,104.09,-92.3,0.598854,0.0377761,-0.0377761
Kepler-869 b,Kepler-869,b,1,1,1,Transit,0,40.4287755,0.0001799,-0.0001799,0,,,,,3.61,0.83,-0.62,0,0.322,0.074,-0.055,0,,,,,,,,,,,,,,,,,,,,,,,,,,,,,,,,,,,,,,,,,,,,,,,,,,,,,,,,,,,,,7.553,0.309,-0.309,0,,,,,0.03547,8E-05,-0.00545,0,,,,,,,,,,,,,,,,,,,,,,,,,5664,72.29,-95.26,0,0.95,0.22,-0.07,0,0.97,0.05,-0.05,0,0.02,0.129,-0.159,0,[Fe/H],,,,,4.47,0.06,-0.18,0,4.79,4.42,-3.06,0,,,,,,,,,,,,,,,,,939.455,19.29,-18.543,1.0358,0.0212667,-0.0212667
Kepler-870 b,Kepler-870,b,1,1,1,Transit,0,21.3587621,0.0001184,-0.0001184,0,,,,,2.78,0.51,-0.29,0,0.248,0.045,-0.026,0,,,,,,,,,,,,,,,,,,,,,,,,,,,,,,,,,,,,,,,,,,,,,,,,,,,,,,,,,,,,,5.905,0.128,-0.128,0,,,,,0.02462,0.00077,-0.00054,0,,,,,,,,,,,,,,,,,,,,,,,,,5857,139.18,-150.97,0,1.02,0.18,-0.1,0,1.01,0.07,-0.06,0,-0.01,0.136,-0.167,0,[Fe/H],,,,,4.43,0.07,-0.14,0,3.8,2.97,-2.07,0,,,,,,,,,,,,,,,,,1259.46,42.865,-42.865,0.765653,0.0268028,-0.0268028
Kepler-871 b,Kepler-871,b,1,1,1,Transit,0,22.0459018,0.0001072,-0.0001072,0,,,,,3.74,1.08,-0.55,0,0.334,0.096,-0.049,0,,,,,,,,,,,,,,,,,,,,,,,,,,,,,,,,,,,,,,,,,,,,,,,,,,,,,,,,,,,,,5.06,0.139,-0.139,0,,,,,0.03026,0.00287,-0.00294,0,,,,,,,,,,,,,,,,,,,,,,,,,5993,107.01,-146.49,0,1.14,0.31,-0.13,0,1.11,0.09,-0.07,0,0.09,0.149,-0.15,0,[Fe/H],,,,,4.37,0.08,-0.18,0,3.47,1.59,-1.74,0,,,,,,,,,,,,,,,,,1976.05,146.09,-127.6,0.478474,0.0341309,-0.0341309
Kepler-872 b,Kepler-872,b,1,1,1,Transit,0,2.57885507,5.17E-06,-5.17E-06,0,,,,,1.99,0.5,-0.23,0,0.178,0.045,-0.021,0,,,,,,,,,,,,,,,,,,,,,,,,,,,,,,,,,,,,,,,,,,,,,,,,,,,,,,,,,,,,,2.3296,0.051,-0.051,0,,,,,0.01717,0.00062,-0.00029,0,,,,,,,,,,,,,,,,,,,,,,,,,5902,123.56,-185,0,1.08,0.27,-0.13,0,1.05,0.06,-0.08,0,0.04,0.13,-0.163,0,[Fe/H],,,,,4.4,0.09,-0.18,0,4.17,2.67,-2.31,0,,,,,,,,,,,,,,,,,879.683,23.817,-22.614,1.10888,0.0297489,-0.0297489
Kepler-873 b,Kepler-873,b,1,1,1,Transit,0,20.5533844,7.327E-05,-7.327E-05,0,,,,,3.75,1.64,-0.55,0,0.335,0.146,-0.049,0,,,,,,,,,,,,,,,,,,,,,,,,,,,,,,,,,,,,,,,,,,,,,,,,,,,,,,,,,,,,,5.0988,0.0938,-0.0938,0,,,,,0.02676,0.00327,-0.00133,0,,,,,,,,,,,,,,,,,,,,,,,,,6163,97.06,-135.88,0,1.27,0.53,-0.18,0,1.18,0.17,-0.09,0,0.07,0.143,-0.139,0,[Fe/H],,,,,4.29,0.11,-0.24,0,2.95,0.957,-1.21,0,,,,,,,,,,,,,,,,,1182.22,33.82,-32.02,0.817409,0.0233616,-0.0233616
Kepler-874 b,Kepler-874,b,1,1,1,Transit,0,40.0686727,0.0001013,-0.0001013,0,,,,,3.94,1.07,-0.59,0,0.352,0.095,-0.053,0,,,,,,,,,,,,,,,,,,,,,,,,,,,,,,,,,,,,,,,,,,,,,,,,,,,,,,,,,,,,,6.0815,0.0984,-0.0984,0,,,,,0.0315,0.00043,-0.002,0,,,,,,,,,,,,,,,,,,,,,,,,,6020,155.87,-210.62,0,1.13,0.31,-0.15,0,1.09,0.12,-0.09,0,0.03,0.14,-0.17,0,[Fe/H],,,,,4.37,0.1,-0.18,0,3.31,1.96,-1.59,0,,,,,,,,,,,,,,,,,1082.16,25.93,-24.77,0.895723,0.0214693,-0.0214693
Kepler-875 b,Kepler-875,b,1,1,1,Transit,0,27.5073799,0.0001536,-0.0001536,0,,,,,2.9,1.02,-0.45,0,0.259,0.091,-0.04,0,,,,,,,,,,,,,,,,,,,,,,,,,,,,,,,,,,,,,,,,,,,,,,,,,,,,,,,,,,,,,5.239,0.128,-0.128,0,,,,,0.02376,0.00531,-0.00115,0,,,,,,,,,,,,,,,,,,,,,,,,,5958,259.15,-255.76,0,1.11,0.3,-0.16,0,1.06,0.13,-0.09,0,0.03,0.129,-0.159,0,[Fe/H],,,,,4.38,0.11,-0.18,0,3.39,2.81,-1.61,0,,,,,,,,,,,,,,,,,1242.62,54.59,-50.25,0.7776,0.0336206,-0.0336206
Kepler-876 b,Kepler-876,b,1,1,1,Transit,0,5.14438011,2.466E-05,-2.466E-05,0,,,,,1.43,0.1,-0.09,0,0.128,0.009,-0.008,0,,,,,,,,,,,,,,,,,,,,,,,,,,,,,,,,,,,,,,,,,,,,,,,,,,,,,,,,,,,,,2.72,0.119,-0.119,0,,,,,0.01658,0.00087,-0.0006,0,,,,,,,,,,,,,,,,,,,,,,,,,5060,63.15,-63.75,0,0.77,0.03,-0.04,0,0.81,0.04,-0.04,0,-0.03,0.144,-0.171,0,[Fe/H],,,,,4.58,0.03,-0.05,0,5.25,5.82,-3.22,0,,,,,,,,,,,,,,,,,820.913,21.781,-20.702,1.19,0.0312646,-0.0312646
Kepler-877 b,Kepler-877,b,1,1,1,Transit,0,18.45847097,4.779E-05,-4.779E-05,0,,,,,2.12,0.14,-0.27,0,0.189,0.012,-0.024,0,,,,,,,,,,,,,,,,,,,,,,,,,,,,,,,,,,,,,,,,,,,,,,,,,,,,,,,,,,,,,3.3077,0.0747,-0.0747,0,,,,,0.02436,0.00036,-0.00268,0,,,,,,,,,,,,,,,,,,,,,,,,,5261,66.39,-67.02,0,0.81,0.05,-0.05,0,0.85,0.04,-0.05,0,-0.06,0.157,-0.167,0,[Fe/H],,,,,4.56,0.03,-0.07,0,4.57,6.27,-2.87,0,,,,,,,,,,,,,,,,,602.176,,,,,
Kepler-878 b,Kepler-878,b,1,1,1,Transit,0,25.9422033,0.0001029,-0.0001029,0,,,,,1.93,0.12,-0.1,0,0.172,0.011,-0.009,0,,,,,,,,,,,,,,,,,,,,,,,,,,,,,,,,,,,,,,,,,,,,,,,,,,,,,,,,,,,,,4.0442,0.0999,-0.0999,0,,,,,0.0225,0.00102,-0.00041,0,,,,,,,,,,,,,,,,,,,,,,,,,5044,49.53,-47.72,0,0.77,0.04,-0.04,0,0.81,0.04,-0.04,0,-0.03,0.152,-0.167,0,[Fe/H],,,,,4.58,0.03,-0.05,0,4.57,5.9,-2.76,0,,,,,,,,,,,,,,,,,791.625,37.228,-34.082,1.23686,0.0563595,-0.0563595
Kepler-879 b,Kepler-879,b,1,1,1,Transit,0,33.3855938,0.000142,-0.000142,0,,,,,2.57,0.66,-0.28,0,0.229,0.059,-0.025,0,,,,,,,,,,,,,,,,,,,,,,,,,,,,,,,,,,,,,,,,,,,,,,,,,,,,,,,,,,,,,5.0514,0.0971,-0.0971,0,,,,,0.02276,0.00332,-0.00122,0,,,,,,,,,,,,,,,,,,,,,,,,,5792,96.05,-120.23,0,1.02,0.22,-0.1,0,1.02,0.06,-0.06,0,0.05,0.149,-0.155,0,[Fe/H],,,,,4.42,0.08,-0.16,0,4.27,3.25,-2.49,0,,,,,,,,,,,,,,,,,802.672,10.942,-10.656,1.2171,0.016633,-0.016633
Kepler-880 b,Kepler-880,b,1,1,1,Transit,0,7.71468975,1.918E-05,-1.918E-05,0,,,,,2.66,1.05,-0.44,0,0.237,0.094,-0.039,0,,,,,,,,,,,,,,,,,,,,,,,,,,,,,,,,,,,,,,,,,,,,,,,,,,,,,,,,,,,,,4.2955,0.0612,-0.0612,0,,,,,0.01357,0.00032,-0.00018,0,,,,,,,,,,,,,,,,,,,,,,,,,6761,98.88,-97.72,0,1.74,0.69,-0.29,0,1.46,0.23,-0.13,0,0.03,0.123,-0.176,0,[Fe/H],,,,,4.12,0.12,-0.22,0,1.66,0.4,-0.31,0,,,,,,,,,,,,,,,,,601.324,8.299,-8.079001,1.63439,0.0224742,-0.0224742
Kepler-881 b,Kepler-881,b,1,1,1,Transit,0,4.44448017,2.53E-05,-2.53E-05,0,,,,,1.78,0.43,-0.32,0,0.159,0.038,-0.029,0,,,,,,,,,,,,,,,,,,,,,,,,,,,,,,,,,,,,,,,,,,,,,,,,,,,,,,,,,,,,,3.35,0.153,-0.153,0,,,,,0.0146,0.00014,-0.00223,0,,,,,,,,,,,,,,,,,,,,,,,,,5961,102.59,-115.91,0,1.09,0.26,-0.11,0,1.06,0.08,-0.07,0,0,0.149,-0.181,0,[Fe/H],,,,,4.39,0.08,-0.17,0,3.8,2.11,-2.01,0,,,,,,,,,,,,,,,,,1375.18,50.26,-50.26,0.69854,0.0263672,-0.0263672
Kepler-882 b,Kepler-882,b,1,1,1,Transit,0,3.98953967,9.76E-06,-9.76E-06,0,,,,,1.23,0.15,-0.09,0,0.11,0.013,-0.008,0,,,,,,,,,,,,,,,,,,,,,,,,,,,,,,,,,,,,,,,,,,,,,,,,,,,,,,,,,,,,,1.5403,0.0669,-0.0669,0,,,,,0.01263,0.00064,-0.00034,0,,,,,,,,,,,,,,,,,,,,,,,,,5476,141.55,-156.54,0,0.87,0.1,-0.06,0,0.9,0.05,-0.05,0,-0.03,0.14,-0.165,0,[Fe/H],,,,,4.52,0.05,-0.1,0,4.57,5.48,-2.88,0,,,,,,,,,,,,,,,,,504.605,4.15,-4.084,1.95296,0.0160472,-0.0160472
Kepler-883 b,Kepler-883,b,1,1,1,Transit,0,12.98495573,3.436E-05,-3.436E-05,0,,,,,1.78,0.17,-0.13,0,0.159,0.015,-0.012,0,,,,,,,,,,,,,,,,,,,,,,,,,,,,,,,,,,,,,,,,,,,,,,,,,,,,,,,,,,,,,3.4569,0.0692,-0.0692,0,,,,,0.01479,0.00044,-0.00026,0,,,,,,,,,,,,,,,,,,,,,,,,,6116,64.67,-61.19,0,1.09,0.1,-0.08,0,1.06,0.05,-0.05,0,-0.13,0.105,-0.11,0,[Fe/H],,,,,4.4,0.05,-0.07,0,3.02,1.57,-1.36,0,,,,,,,,,,,,,,,,,627.455,7.096,-6.941,1.56498,0.0176915,-0.0176915
Kepler-884 b,Kepler-884,b,1,1,1,Transit,0,5.69919514,1.359E-05,-1.359E-05,0,,,,,1.23,0.05,-0.05,0,0.11,0.004,-0.004,0,,,,,,,,,,,,,,,,,,,,,,,,,,,,,,,,,,,,,,,,,,,,,,,,,,,,,,,,,,,,,2.3878,0.0581,-0.0581,0,,,,,0.01165,0.00032,-0.00028,0,,,,,,,,,,,,,,,,,,,,,,,,,5715,62.9,-52.56,0,0.94,0.03,-0.03,0,1,0.03,-0.03,0,0.05,0.088,-0.088,0,[Fe/H],,,,,4.49,0.02,-0.03,0,2.45,1.66,-0.934,0,,,,,,,,,,,,,,,,,476.733,,,,,
Kepler-885 b,Kepler-885,b,1,1,1,Transit,0,18.11472949,5.308E-05,-5.308E-05,0,,,,,2.5,0.4,-0.39,0,0.223,0.036,-0.035,0,,,,,,,,,,,,,,,,,,,,,,,,,,,,,,,,,,,,,,,,,,,,,,,,,,,,,,,,,,,,,5.2269,0.0809,-0.0809,0,,,,,0.01664,0.00014,-0.00191,0,,,,,,,,,,,,,,,,,,,,,,,,,6187,71.23,-58.44,0,1.35,0.21,-0.14,0,1.21,0.07,-0.05,0,0.11,0.083,-0.08,0,[Fe/H],,,,,4.26,0.09,-0.11,0,3.16,0.62,-1.1,0,,,,,,,,,,,,,,,,,651.318,8.863,-8.632,1.50668,0.0204628,-0.0204628
Kepler-886 b,Kepler-886,b,1,1,1,Transit,0,6.24146367,2.154E-05,-2.154E-05,0,,,,,1.52,0.42,-0.19,0,0.136,0.037,-0.017,0,,,,,,,,,,,,,,,,,,,,,,,,,,,,,,,,,,,,,,,,,,,,,,,,,,,,,,,,,,,,,3.0771,0.0708,-0.0708,0,,,,,0.01203,0.00048,-0.0002,0,,,,,,,,,,,,,,,,,,,,,,,,,6098,97.1,-117.8,0,1.16,0.32,-0.14,0,1.1,0.1,-0.08,0,-0.01,0.127,-0.191,0,[Fe/H],,,,,4.35,0.1,-0.18,0,3.39,1.57,-1.6,0,,,,,,,,,,,,,,,,,711.297,7.1515,-7.1515,1.37704,0.0140279,-0.0140279
Kepler-888 b,Kepler-888,b,1,1,1,Transit,0,70.6979061,0.0003086,-0.0003086,0,,,,,1.76,0.08,-0.06,0,0.157,0.007,-0.005,0,,,,,,,,,,,,,,,,,,,,,,,,,,,,,,,,,,,,,,,,,,,,,,,,,,,,,,,,,,,,,6.624,0.101,-0.101,0,,,,,0.01802,0.00053,-0.00032,0,,,,,,,,,,,,,,,,,,,,,,,,,5875,66.36,-56.7,0,0.9,0.03,-0.03,0,0.97,0.03,-0.03,0,-0.21,0.096,-0.098,0,[Fe/H],,,,,4.52,0.01,-0.01,0,1.48,0.644,-0.3,0,,,,,,,,,,,,,,,,,420.817,3.221,-3.172,2.34754,0.0179144,-0.0179144
Kepler-889 b,Kepler-889,b,1,1,1,Transit,0,3.744439,1.366E-05,-1.366E-05,0,,,,,1.09,0.19,-0.13,0,0.097,0.017,-0.012,0,,,,,,,,,,,,,,,,,,,,,,,,,,,,,,,,,,,,,,,,,,,,,,,,,,,,,,,,,,,,,2.9492,0.0865,-0.0865,0,,,,,0.00791,0.00023,-0.00031,0,,,,,,,,,,,,,,,,,,,,,,,,,5961,75.23,-59.95,0,1.25,0.22,-0.14,0,1.14,0.07,-0.05,0,0.19,0.08,-0.084,0,[Fe/H],,,,,4.3,0.1,-0.12,0,3.98,1.14,-1.7,0,,,,,,,,,,,,,,,,,598.313,7.675,-7.486,1.6427,0.0210147,-0.0210147
Kepler-890 b,Kepler-890,b,1,1,1,Transit,0,52.75875577,3.345E-05,-3.345E-05,0,,,,,8.89,2.86,-1.06,0,0.793,0.255,-0.095,0,,,,,,,,,,,,,,,,,,,,,,,,,,,,,,,,,,,,,,,,,,,,,,,,,,,,,,,,,,,,,6.6068,0.0231,-0.0231,0,,,,,0.07171,0.00038,-0.00021,0,,,,,,,,,,,,,,,,,,,,,,,,,5954,84.71,-101.27,0,1.13,0.36,-0.14,0,1.09,0.1,-0.07,0,0.09,0.152,-0.166,0,[Fe/H],,,,,4.37,0.1,-0.21,0,3.63,1.88,-1.88,0,,,,,,,,,,,,,,,,,1712.12,69,-63.94,0.555104,0.0225075,-0.0225075
Kepler-891 b,Kepler-891,b,1,1,1,Transit,0,53.44945593,6.578E-05,-6.578E-05,0,,,,,6.41,1.46,-0.6,0,0.572,0.13,-0.054,0,,,,,,,,,,,,,,,,,,,,,,,,,,,,,,,,,,,,,,,,,,,,,,,,,,,,,,,,,,,,,5.3228,0.0371,-0.0371,0,,,,,0.05528,0.00074,-0.0003,0,,,,,,,,,,,,,,,,,,,,,,,,,5887,115.84,-117.44,0,1.07,0.24,-0.1,0,1.06,0.08,-0.06,0,0.09,0.145,-0.148,0,[Fe/H],,,,,4.41,0.07,-0.16,0,3.55,2.45,-1.93,0,,,,,,,,,,,,,,,,,2340.58,184.73,-160.07,0.398285,0.0307329,-0.0307329
Kepler-892 b,Kepler-892,b,1,1,1,Transit,0,13.7521072,3.106E-05,-3.106E-05,0,,,,,2.81,0.37,-0.27,0,0.251,0.033,-0.024,0,,,,,,,,,,,,,,,,,,,,,,,,,,,,,,,,,,,,,,,,,,,,,,,,,,,,,,,,,,,,,2.7024,0.0736,-0.0736,0,,,,,0.03574,0.00454,-0.00291,0,,,,,,,,,,,,,,,,,,,,,,,,,4747,47.29,-45.63,0,0.72,0.02,-0.04,0,0.75,0.03,-0.04,0,-0.04,0.142,-0.163,0,[Fe/H],,,,,4.61,0.02,-0.03,0,5.01,5.8,-3.03,0,,,,,,,,,,,,,,,,,570.727,11.432,-10.999,1.72404,0.0341575,-0.0341575
Kepler-893 b,Kepler-893,b,1,1,1,Transit,0,6.33855761,1.361E-05,-1.361E-05,0,,,,,3.03,0.52,-0.37,0,0.27,0.046,-0.033,0,,,,,,,,,,,,,,,,,,,,,,,,,,,,,,,,,,,,,,,,,,,,,,,,,,,,,,,,,,,,,3.2833,0.0735,-0.0735,0,,,,,0.0284,0.00142,-0.00254,0,,,,,,,,,,,,,,,,,,,,,,,,,5820,98.79,-75.6,0,0.99,0.16,-0.08,0,1,0.05,-0.06,0,-0.03,0.134,-0.183,0,[Fe/H],,,,,4.45,0.06,-0.13,0,3.8,3.26,-2.12,0,,,,,,,,,,,,,,,,,1285.59,34.95,-33.18,0.749115,0.0204519,-0.0204519
Kepler-894 b,Kepler-894,b,1,1,1,Transit,0,9.803224,3.027E-05,-3.027E-05,0,,,,,2.78,0.3,-0.34,0,0.248,0.027,-0.03,0,,,,,,,,,,,,,,,,,,,,,,,,,,,,,,,,,,,,,,,,,,,,,,,,,,,,,,,,,,,,,4.4934,0.0926,-0.0926,0,,,,,0.0298,0.00016,-0.00229,0,,,,,,,,,,,,,,,,,,,,,,,,,5603,83.94,-60.71,0,0.85,0.09,-0.08,0,0.87,0.06,-0.07,0,-0.25,0.185,-0.202,0,[Fe/H],,,,,4.53,0.05,-0.1,0,4.27,5.53,-2.64,0,,,,,,,,,,,,,,,,,1162.91,37.655,-37.655,0.831461,0.027621,-0.027621
Kepler-895 b,Kepler-895,b,1,1,1,Transit,0,2.80624233,8.17E-06,-8.17E-06,0,,,,,1.54,0.09,-0.07,0,0.137,0.008,-0.006,0,,,,,,,,,,,,,,,,,,,,,,,,,,,,,,,,,,,,,,,,,,,,,,,,,,,,,,,,,,,,,1.717,0.0741,-0.0741,0,,,,,0.02311,0.00112,-0.00061,0,,,,,,,,,,,,,,,,,,,,,,,,,4315,42.14,-38.65,0,0.61,0.02,-0.02,0,0.65,0.03,-0.03,0,-0.16,0.097,-0.112,0,[Fe/H],,,,,4.67,0.02,-0.01,0,2.63,3.31,-1.17,0,,,,,,,,,,,,,,,,,540.134,10.548,-10.159,1.82328,0.0352082,-0.0352082
Kepler-896 b,Kepler-896,b,1,1,1,Transit,0,144.547396,0.002274,-0.002274,0,,,,,2.53,0.18,-0.19,0,0.226,0.016,-0.017,0,,,,,,,,,,,,,,,,,,,,,,,,,,,,,,,,,,,,,,,,,,,,,,,,,,,,,,,,,,,,,14.962,0.353,-0.353,0,,,,,0.02949,0.00108,-0.00087,0,,,,,,,,,,,,,,,,,,,,,,,,,5262,56.73,-52.21,0,0.81,0.05,-0.06,0,0.84,0.04,-0.05,0,-0.1,0.148,-0.168,0,[Fe/H],,,,,4.56,0.04,-0.07,0,5.01,6.23,-3.24,0,,,,,,,,,,,,,,,,,2334.93,179.875,-179.875,0.397545,0.0323571,-0.0323571
Kepler-897 b,Kepler-897,b,1,1,1,Transit,0,8.0472642,2.943E-05,-2.943E-05,0,,,,,2.39,0.66,-0.25,0,0.213,0.059,-0.022,0,,,,,,,,,,,,,,,,,,,,,,,,,,,,,,,,,,,,,,,,,,,,,,,,,,,,,,,,,,,,,4.5,0.106,-0.106,0,,,,,0.02113,0.00075,-0.00032,0,,,,,,,,,,,,,,,,,,,,,,,,,5839,103.48,-143.96,0,1.04,0.29,-0.11,0,1.03,0.06,-0.07,0,0.04,0.142,-0.156,0,[Fe/H],,,,,4.41,0.08,-0.19,0,4.37,2.96,-2.52,0,,,,,,,,,,,,,,,,,1519.25,53.89,-50.38,0.629308,0.0224154,-0.0224154
Kepler-898 b,Kepler-898,b,1,1,1,Transit,0,5.8706191,2.07E-05,-2.07E-05,0,,,,,1.49,0.3,-0.09,0,0.133,0.027,-0.008,0,,,,,,,,,,,,,,,,,,,,,,,,,,,,,,,,,,,,,,,,,,,,,,,,,,,,,,,,,,,,,2.4983,0.0966,-0.0966,0,,,,,0.02215,0.0044,-0.00112,0,,,,,,,,,,,,,,,,,,,,,,,,,4223,42.74,-38.02,0,0.62,0.02,-0.02,0,0.65,0.03,-0.03,0,-0.06,0.115,-0.083,0,[Fe/H],,,,,4.66,0.01,-0.01,0,3.98,4.95,-2.26,0,,,,,,,,,,,,,,,,,484.891,7.996,-7.996,2.0341,0.0337413,-0.0337413
Kepler-899 b,Kepler-899,b,1,1,1,Transit,0,19.17891293,8.075E-05,-8.075E-05,0,,,,,2.68,0.46,-0.26,0,0.239,0.041,-0.023,0,,,,,,,,,,,,,,,,,,,,,,,,,,,,,,,,,,,,,,,,,,,,,,,,,,,,,,,,,,,,,5.2,0.112,-0.112,0,,,,,0.02669,0.00089,-0.00076,0,,,,,,,,,,,,,,,,,,,,,,,,,5595,270.58,-192.07,0,0.91,0.15,-0.09,0,0.93,0.08,-0.07,0,-0.06,0.158,-0.178,0,[Fe/H],,,,,4.49,0.07,-0.12,0,4.07,4.88,-2.44,0,,,,,,,,,,,,,,,,,1246.43,40.92,-38.43,0.774428,0.025311,-0.025311
Kepler-900 b,Kepler-900,b,1,1,1,Transit,0,6.9913086,1.434E-05,-1.434E-05,0,,,,,2.08,0.12,-0.34,0,0.186,0.011,-0.03,0,,,,,,,,,,,,,,,,,,,,,,,,,,,,,,,,,,,,,,,,,,,,,,,,,,,,,,,,,,,,,2.2124,0.0591,-0.0591,0,,,,,0.02611,0.00108,-0.00407,0,,,,,,,,,,,,,,,,,,,,,,,,,4836,83.81,-69.99,0,0.73,0.03,-0.03,0,0.78,0.03,-0.04,0,-0.01,0.15,-0.167,0,[Fe/H],,,,,4.6,0.02,-0.03,0,4.57,5.83,-2.64,0,,,,,,,,,,,,,,,,,487.525,5.153,-5.048,2.02253,0.0212977,-0.0212977
Kepler-901 b,Kepler-901,b,1,1,1,Transit,0,3.51749439,3.52E-06,-3.52E-06,0,,,,,1.37,0.07,-0.06,0,0.122,0.006,-0.005,0,,,,,,,,,,,,,,,,,,,,,,,,,,,,,,,,,,,,,,,,,,,,,,,,,,,,,,,,,,,,,1.4847,0.0282,-0.0282,0,,,,,0.02165,0.00052,-0.00037,0,,,,,,,,,,,,,,,,,,,,,,,,,4184,52.61,-49.25,0,0.57,0.03,-0.02,0,0.59,0.04,-0.04,0,-0.3,0.138,-0.143,0,[Fe/H],,,,,4.7,0.02,-0.01,0,3.8,5.19,-2.12,0,,,,,,,,,,,,,,,,,253.867,1.51,-1.492,3.91031,0.0231128,-0.0231128
Kepler-902 b,Kepler-902,b,1,1,1,Transit,0,40.1099547,0.0001551,-0.0001551,0,,,,,2.54,0.33,-0.18,0,0.227,0.029,-0.016,0,,,,,,,,,,,,,,,,,,,,,,,,,,,,,,,,,,,,,,,,,,,,,,,,,,,,,,,,,,,,,5.1836,0.0978,-0.0978,0,,,,,0.02512,0.00069,-0.00054,0,,,,,,,,,,,,,,,,,,,,,,,,,5647,73.28,-88.98,0,0.93,0.12,-0.06,0,0.95,0.04,-0.05,0,0,0.142,-0.171,0,[Fe/H],,,,,4.49,0.05,-0.11,0,4.37,4.45,-2.61,0,,,,,,,,,,,,,,,,,1165.34,48.64,-44.97,0.829996,0.034177,-0.034177
Kepler-904 b,Kepler-904,b,1,1,1,Transit,0,3.02166863,8.93E-06,-8.93E-06,0,,,,,1.77,0.59,-0.24,0,0.158,0.053,-0.021,0,,,,,,,,,,,,,,,,,,,,,,,,,,,,,,,,,,,,,,,,,,,,,,,,,,,,,,,,,,,,,2.758,0.0779,-0.0779,0,,,,,0.0125,0.00029,-0.00041,0,,,,,,,,,,,,,,,,,,,,,,,,,6160,119.73,-149.12,0,1.25,0.42,-0.16,0,1.16,0.14,-0.09,0,0.05,0.129,-0.144,0,[Fe/H],,,,,4.31,0.1,-0.2,0,3.02,1.21,-1.26,0,,,,,,,,,,,,,,,,,978.125,18.824,-18.139,0.993715,0.0191675,-0.0191675
Kepler-905 b,Kepler-905,b,1,1,1,Transit,0,5.08274652,8.37E-06,-8.37E-06,0,,,,,1.41,0.05,-0.05,0,0.126,0.004,-0.004,0,,,,,,,,,,,,,,,,,,,,,,,,,,,,,,,,,,,,,,,,,,,,,,,,,,,,,,,,,,,,,1.7354,0.0447,-0.0447,0,,,,,0.01521,0.00049,-0.00042,0,,,,,,,,,,,,,,,,,,,,,,,,,5461,58.65,-55.12,0,0.86,0.02,-0.02,0,0.95,0.02,-0.03,0,0.09,0.085,-0.09,0,[Fe/H],,,,,4.55,0.01,-0.01,0,1.66,0.905,-0.46,0,,,,,,,,,,,,,,,,,529.268,4.0285,-4.0285,1.86055,0.0142734,-0.0142734
Kepler-906 b,Kepler-906,b,1,1,1,Transit,0,41.6979976,0.0001595,-0.0001595,0,,,,,2.11,0.1,-0.1,0,0.188,0.009,-0.009,0,,,,,,,,,,,,,,,,,,,,,,,,,,,,,,,,,,,,,,,,,,,,,,,,,,,,,,,,,,,,,5.6754,0.0895,-0.0895,0,,,,,0.0189,0.00054,-0.00032,0,,,,,,,,,,,,,,,,,,,,,,,,,6035,72.63,-62.37,0,1.02,0.04,-0.04,0,1.06,0.04,-0.04,0,-0.09,0.104,-0.101,0,[Fe/H],,,,,4.45,0.02,-0.03,0,1.86,1.01,-0.516,0,,,,,,,,,,,,,,,,,757.791,9.79,-9.79,1.29093,0.016918,-0.016918
Kepler-907 b,Kepler-907,b,1,1,1,Transit,0,15.86621821,6.487E-05,-6.487E-05,0,,,,,1.2,0.06,-0.05,0,0.107,0.005,-0.004,0,,,,,,,,,,,,,,,,,,,,,,,,,,,,,,,,,,,,,,,,,,,,,,,,,,,,,,,,,,,,,4.1503,0.0908,-0.0908,0,,,,,0.00816,0.00028,-0.0002,0,,,,,,,,,,,,,,,,,,,,,,,,,6106,84.34,-82.33,0,1.38,0.06,-0.05,0,1.08,0.07,-0.06,0,-0.15,0.12,-0.1,0,[Fe/H],,,,,4.19,0.01,-0.02,0,5.37,1.1,-0.96,0,,,,,,,,,,,,,,,,,,,,,,
Kepler-909 b,Kepler-909,b,1,1,1,Transit,0,13.93290318,4.462E-05,-4.462E-05,0,,,,,1.47,0.16,-0.11,0,0.131,0.014,-0.01,0,,,,,,,,,,,,,,,,,,,,,,,,,,,,,,,,,,,,,,,,,,,,,,,,,,,,,,,,,,,,,2.5119,0.0767,-0.0767,0,,,,,0.01068,0.00035,-0.00032,0,,,,,,,,,,,,,,,,,,,,,,,,,6154,62.02,-57.72,0,1.23,0.13,-0.08,0,1.17,0.04,-0.04,0,0.08,0.082,-0.075,0,[Fe/H],,,,,4.33,0.06,-0.08,0,2.88,0.927,-1.14,0,,,,,,,,,,,,,,,,,309.596,2.104,-2.077,3.20126,0.0216435,-0.0216435
Kepler-91 b,Kepler-91,b,1,1,1,Transit,0,6.24658,8E-05,-8E-05,0,0.0731,0.0034,-0.0031,0,15.323,0.773,-0.673,0,1.367,0.069,-0.06,0,257.4423,57.2094,-54.0311,0,0.81,0.18,-0.17,0,,,,,,,,,,,,,,,,,257.4423,57.2094,-54.0311,0,0.81,0.18,-0.17,0,0.4,0.2,-0.1,0,,,,,,,,,2040,50,-50,0,69.68,0.67,-0.57,0,0.8667,0.0077,-0.0105,0,,,,,,,,,2.496,0.05,-0.043,0,0.02181,0.00054,-0.00042,0,0.0035,0.0018,-0.0018,0,,,,,,,,,70,11,-11,0,,,,,,,,,4550,75,-75,0,6.3,0.16,-0.16,0,1.31,0.1,-0.1,0,0.11,0.07,-0.07,0,[Fe/H],,,,,2.95,0.01,-0.01,0,,,,,,,,,,,,,,,,,,,,,1294.69,40.735,-40.735,0.743739,0.0241108,-0.0241108
Kepler-910 b,Kepler-910,b,1,1,1,Transit,0,2.36436901,8.83E-06,-8.83E-06,0,,,,,0.82,0.04,-0.03,0,0.073,0.004,-0.003,0,,,,,,,,,,,,,,,,,,,,,,,,,,,,,,,,,,,,,,,,,,,,,,,,,,,,,,,,,,,,,3.2852,0.0934,-0.0934,0,,,,,0.00492,0.00018,-0.00011,0,,,,,,,,,,,,,,,,,,,,,,,,,6230,78.42,-71.69,0,1.5,0.03,-0.03,0,1.26,0.03,-0.03,0,0.12,0.084,-0.08,0,[Fe/H],,,,,4.19,0.01,-0.01,0,3.39,0.4,-0.4,0,,,,,,,,,,,,,,,,,400.289,4.954,-4.836,2.46984,0.0303156,-0.0303156
Kepler-911 b,Kepler-911,b,1,1,1,Transit,0,20.310501,5.659E-05,-5.659E-05,0,,,,,2.6,0.1,-0.1,0,0.232,0.009,-0.009,0,,,,,,,,,,,,,,,,,,,,,,,,,,,,,,,,,,,,,,,,,,,,,,,,,,,,,,,,,,,,,5.3585,0.0642,-0.0642,0,,,,,0.01188,0.0003,-0.00016,0,,,,,,,,,,,,,,,,,,,,,,,,,6112,58.03,-62.2,0,1.99,0.06,-0.07,0,1.34,0.05,-0.09,0,0.03,0.056,-0.033,0,[Fe/H],,,,,3.97,0.01,-0.01,0,3.55,0.84,-0.4,0,,,,,,,,,,,,,,,,,556.168,8.13,-7.903,1.76966,0.025714,-0.025714
Kepler-912 b,Kepler-912,b,1,1,1,Transit,0,2.53475627,7.98E-06,-7.98E-06,0,,,,,2.8,0.84,-0.51,0,0.25,0.075,-0.045,0,,,,,,,,,,,,,,,,,,,,,,,,,,,,,,,,,,,,,,,,,,,,,,,,,,,,,,,,,,,,,4.4149,0.0959,-0.0959,0,,,,,0.02276,0.00053,-0.00235,0,,,,,,,,,,,,,,,,,,,,,,,,,5998,277.89,-268.31,0,1.11,0.33,-0.17,0,1.07,0.15,-0.1,0,0.02,0.13,-0.167,0,[Fe/H],,,,,4.37,0.11,-0.19,0,3.16,2.51,-1.4,0,,,,,,,,,,,,,,,,,2004.72,113.67,-102.28,0.471225,0.0261648,-0.0261648
Kepler-913 b,Kepler-913,b,1,1,1,Transit,0,10.29672521,3.426E-05,-3.426E-05,0,,,,,2.06,0.08,-0.06,0,0.184,0.007,-0.005,0,,,,,,,,,,,,,,,,,,,,,,,,,,,,,,,,,,,,,,,,,,,,,,,,,,,,,,,,,,,,,2.7238,0.0689,-0.0689,0,,,,,0.03124,0.00102,-0.00075,0,,,,,,,,,,,,,,,,,,,,,,,,,4687,34.09,-30.74,0,0.61,0.01,-0.01,0,0.63,0.01,-0.01,0,-0.52,0.026,-0.055,0,[Fe/H],,,,,4.67,0.02,-0.03,0,5.62,6.07,-3.71,0,,,,,,,,,,,,,,,,,991.618,34.082,-31.926,0.981103,0.0332616,-0.0332616
Kepler-914 b,Kepler-914,b,1,1,1,Transit,0,4.40966548,1.193E-05,-1.193E-05,0,,,,,1.38,0.17,-0.12,0,0.123,0.015,-0.011,0,,,,,,,,,,,,,,,,,,,,,,,,,,,,,,,,,,,,,,,,,,,,,,,,,,,,,,,,,,,,,2.1066,0.0706,-0.0706,0,,,,,0.01052,0.00044,-0.00031,0,,,,,,,,,,,,,,,,,,,,,,,,,5877,74.15,-65.03,0,1.15,0.13,-0.09,0,1.1,0.05,-0.04,0,0.22,0.077,-0.082,0,[Fe/H],,,,,4.36,0.07,-0.09,0,3.98,1.57,-2.01,0,,,,,,,,,,,,,,,,,753.723,8.966,-8.966,1.29797,0.0156621,-0.0156621
Kepler-915 b,Kepler-915,b,1,1,1,Transit,0,4.59489604,1.413E-05,-1.413E-05,0,,,,,1.5,0.33,-0.19,0,0.134,0.029,-0.017,0,,,,,,,,,,,,,,,,,,,,,,,,,,,,,,,,,,,,,,,,,,,,,,,,,,,,,,,,,,,,,2.853,0.0805,-0.0805,0,,,,,0.00966,0.00027,-0.00026,0,,,,,,,,,,,,,,,,,,,,,,,,,6173,70.33,-51.89,0,1.38,0.3,-0.17,0,1.21,0.09,-0.05,0,0.08,0.084,-0.07,0,[Fe/H],,,,,4.24,0.11,-0.14,0,3.39,0.6,-1.04,0,,,,,,,,,,,,,,,,,849.036,9.92,-9.698,1.14897,0.0135041,-0.0135041
Kepler-916 b,Kepler-916,b,1,1,1,Transit,0,32.2968798,0.0002489,-0.0002489,0,,,,,1.76,0.14,-0.13,0,0.157,0.012,-0.012,0,,,,,,,,,,,,,,,,,,,,,,,,,,,,,,,,,,,,,,,,,,,,,,,,,,,,,,,,,,,,,4.617,0.171,-0.171,0,,,,,0.01996,0.00095,-0.00098,0,,,,,,,,,,,,,,,,,,,,,,,,,5248,98.84,-91.38,0,0.81,0.05,-0.04,0,0.85,0.04,-0.05,0,-0.05,0.14,-0.167,0,[Fe/H],,,,,4.56,0.03,-0.06,0,4.79,6.08,-2.95,0,,,,,,,,,,,,,,,,,830.712,16.603,-15.975,1.17529,0.0234192,-0.0234192
Kepler-917 b,Kepler-917,b,1,1,1,Transit,0,2.97041437,9.13E-06,-9.13E-06,0,,,,,1.91,0.24,-0.17,0,0.17,0.021,-0.015,0,,,,,,,,,,,,,,,,,,,,,,,,,,,,,,,,,,,,,,,,,,,,,,,,,,,,,,,,,,,,,2.2161,0.0776,-0.0776,0,,,,,0.02254,0.00078,-0.00089,0,,,,,,,,,,,,,,,,,,,,,,,,,5418,120.33,-70.72,0,0.76,0.09,-0.06,0,0.8,0.07,-0.05,0,-0.38,0.211,-0.186,0,[Fe/H],,,,,4.58,0.05,-0.09,0,4.17,6.45,-2.74,0,,,,,,,,,,,,,,,,,3460.51,1507.57,-865.6,0.251495,0.0899711,-0.0899711
Kepler-918 b,Kepler-918,b,1,1,1,Transit,0,4.85386933,3.676E-05,-3.676E-05,0,,,,,1.74,0.4,-0.21,0,0.155,0.036,-0.019,0,,,,,,,,,,,,,,,,,,,,,,,,,,,,,,,,,,,,,,,,,,,,,,,,,,,,,,,,,,,,,2.799,0.166,-0.166,0,,,,,0.01358,0.00058,-0.00072,0,,,,,,,,,,,,,,,,,,,,,,,,,6028,134.42,-163.81,0,1.14,0.26,-0.12,0,1.11,0.1,-0.07,0,0.06,0.137,-0.129,0,[Fe/H],,,,,4.37,0.08,-0.16,0,3.24,1.82,-1.55,0,,,,,,,,,,,,,,,,,1025.03,32.41,-30.523,0.947726,0.0296932,-0.0296932
Kepler-919 b,Kepler-919,b,1,1,1,Transit,0,11.04603384,6.6E-05,-6.6E-05,0,,,,,2.25,0.87,-0.29,0,0.201,0.078,-0.026,0,,,,,,,,,,,,,,,,,,,,,,,,,,,,,,,,,,,,,,,,,,,,,,,,,,,,,,,,,,,,,4.799,0.13,-0.13,0,,,,,0.01726,0.00072,-0.00042,0,,,,,,,,,,,,,,,,,,,,,,,,,6113,132.9,-172,0,1.21,0.47,-0.15,0,1.15,0.15,-0.09,0,0.07,0.145,-0.133,0,[Fe/H],,,,,4.33,0.09,-0.23,0,3.02,1.3,-1.31,0,,,,,,,,,,,,,,,,,1119.87,38.43,-36,0.865098,0.029416,-0.029416
Kepler-921 b,Kepler-921,b,1,1,1,Transit,0,51.300634,0.0006728,-0.0006728,0,,,,,2.87,0.33,-0.73,0,0.256,0.029,-0.065,0,,,,,,,,,,,,,,,,,,,,,,,,,,,,,,,,,,,,,,,,,,,,,,,,,,,,,,,,,,,,,6.987,0.261,-0.261,0,,,,,0.0286,0.00012,-0.00693,0,,,,,,,,,,,,,,,,,,,,,,,,,5663,69.96,-61.96,0,0.91,0.1,-0.07,0,0.93,0.05,-0.06,0,-0.12,0.161,-0.195,0,[Fe/H],,,,,4.5,0.05,-0.11,0,4.27,4.6,-2.6,0,,,,,,,,,,,,,,,,,934.49,17.7865,-17.7865,1.04143,0.0202105,-0.0202105
Kepler-922 b,Kepler-922,b,1,1,1,Transit,0,0.93846683,9.5E-07,-9.5E-07,0,,,,,1.42,0.18,-0.11,0,0.127,0.016,-0.01,0,,,,,,,,,,,,,,,,,,,,,,,,,,,,,,,,,,,,,,,,,,,,,,,,,,,,,,,,,,,,,1.271,0.0279,-0.0279,0,,,,,0.01369,0.00032,-0.00028,0,,,,,,,,,,,,,,,,,,,,,,,,,5671,64.06,-65.37,0,0.93,0.11,-0.07,0,0.95,0.05,-0.05,0,-0.05,0.152,-0.179,0,[Fe/H],,,,,4.48,0.06,-0.11,0,4.37,4.22,-2.57,0,,,,,,,,,,,,,,,,,536.323,3.8575,-3.8575,1.83567,0.0133088,-0.0133088
Kepler-923 b,Kepler-923,b,1,1,1,Transit,0,6.93366476,3.537E-05,-3.537E-05,0,,,,,1.38,0.29,-0.19,0,0.123,0.026,-0.017,0,,,,,,,,,,,,,,,,,,,,,,,,,,,,,,,,,,,,,,,,,,,,,,,,,,,,,,,,,,,,,4.322,0.136,-0.136,0,,,,,0.0104,0.00043,-0.00034,0,,,,,,,,,,,,,,,,,,,,,,,,,5988,82.2,-64.57,0,1.26,0.26,-0.17,0,1.11,0.07,-0.04,0,0.07,0.088,-0.081,0,[Fe/H],,,,,4.28,0.12,-0.14,0,4.68,1,-1.73,0,,,,,,,,,,,,,,,,,1000.28,20.3,-19.529,0.971283,0.0197439,-0.0197439
Kepler-924 b,Kepler-924,b,1,1,1,Transit,0,61.0370117,0.0003366,-0.0003366,0,,,,,3.07,1.11,-0.61,0,0.274,0.099,-0.054,0,,,,,,,,,,,,,,,,,,,,,,,,,,,,,,,,,,,,,,,,,,,,,,,,,,,,,,,,,,,,,8.851,0.123,-0.123,0,,,,,0.02255,2E-05,-0.0031,0,,,,,,,,,,,,,,,,,,,,,,,,,6167,124.02,-161.28,0,1.23,0.45,-0.18,0,1.14,0.15,-0.09,0,0.01,0.124,-0.182,0,[Fe/H],,,,,4.32,0.11,-0.21,0,3.09,1.37,-1.32,0,,,,,,,,,,,,,,,,,1053.04,22.09,-21.21,0.921048,0.0193708,-0.0193708
Kepler-925 b,Kepler-925,b,1,1,1,Transit,0,33.8678531,0.0001704,-0.0001704,0,,,,,2.34,0.66,-0.21,0,0.209,0.059,-0.019,0,,,,,,,,,,,,,,,,,,,,,,,,,,,,,,,,,,,,,,,,,,,,,,,,,,,,,,,,,,,,,3.682,0.128,-0.128,0,,,,,0.03001,0.00835,-0.00249,0,,,,,,,,,,,,,,,,,,,,,,,,,4673,62.23,-104.92,0,0.72,0.03,-0.03,0,0.77,0.03,-0.04,0,0.12,0.142,-0.189,0,[Fe/H],,,,,4.62,0.02,-0.03,0,2.57,5.92,-1.15,0,,,,,,,,,,,,,,,,,611.115,15.205,-15.205,1.60877,0.0403765,-0.0403765
Kepler-926 b,Kepler-926,b,1,1,1,Transit,0,52.0688601,0.0001903,-0.0001903,0,,,,,2.31,0.57,-0.23,0,0.206,0.051,-0.021,0,,,,,,,,,,,,,,,,,,,,,,,,,,,,,,,,,,,,,,,,,,,,,,,,,,,,,,,,,,,,,3.0436,0.091,-0.091,0,,,,,0.0208,0.00079,-0.00063,0,,,,,,,,,,,,,,,,,,,,,,,,,5806,100.39,-125.66,0,1.01,0.25,-0.1,0,1.01,0.06,-0.06,0,0.03,0.132,-0.173,0,[Fe/H],,,,,4.43,0.07,-0.17,0,4.37,2.98,-2.55,0,,,,,,,,,,,,,,,,,921.361,30.245,-28.413,1.05753,0.0342561,-0.0342561
Kepler-927 b,Kepler-927,b,1,1,1,Transit,0,9.1149903,3.533E-05,-3.533E-05,0,,,,,1.72,0.4,-0.15,0,0.153,0.036,-0.013,0,,,,,,,,,,,,,,,,,,,,,,,,,,,,,,,,,,,,,,,,,,,,,,,,,,,,,,,,,,,,,4.4852,0.0891,-0.0891,0,,,,,0.01583,0.00063,-0.00027,0,,,,,,,,,,,,,,,,,,,,,,,,,5743,85.68,-106.02,0,0.99,0.23,-0.08,0,0.99,0.05,-0.05,0,0.03,0.131,-0.16,0,[Fe/H],,,,,4.45,0.07,-0.18,0,4.37,3.74,-2.54,0,,,,,,,,,,,,,,,,,831.685,12.969,-12.584,1.1737,0.018329,-0.018329
Kepler-928 b,Kepler-928,b,1,1,1,Transit,0,3.9324613,9.65E-06,-9.65E-06,0,,,,,1.59,0.31,-0.12,0,0.142,0.028,-0.011,0,,,,,,,,,,,,,,,,,,,,,,,,,,,,,,,,,,,,,,,,,,,,,,,,,,,,,,,,,,,,,2.1982,0.0692,-0.0692,0,,,,,0.02113,0.00407,-0.00085,0,,,,,,,,,,,,,,,,,,,,,,,,,4700,57.52,-57.97,0,0.7,0.03,-0.04,0,0.73,0.04,-0.05,0,-0.11,0.171,-0.175,0,[Fe/H],,,,,4.62,0.03,-0.03,0,4.37,6.03,-2.51,0,,,,,,,,,,,,,,,,,508.809,7.163,-6.97,1.93693,0.0270849,-0.0270849
Kepler-929 b,Kepler-929,b,1,1,1,Transit,0,0.92103214,3.15E-06,-3.15E-06,0,,,,,1.11,0.27,-0.15,0,0.099,0.024,-0.013,0,,,,,,,,,,,,,,,,,,,,,,,,,,,,,,,,,,,,,,,,,,,,,,,,,,,,,,,,,,,,,2.5345,0.0783,-0.0783,0,,,,,0.00957,0.00023,-0.00041,0,,,,,,,,,,,,,,,,,,,,,,,,,5869,290.44,-266.47,0,1.02,0.24,-0.14,0,1.01,0.12,-0.09,0,-0.04,0.14,-0.183,0,[Fe/H],,,,,4.42,0.09,-0.15,0,3.47,3.42,-1.78,0,,,,,,,,,,,,,,,,,1311.23,35.4,-33.62,0.734355,0.0199041,-0.0199041
Kepler-930 b,Kepler-930,b,1,1,1,Transit,0,71.4517775,0.0007523,-0.0007523,0,,,,,2.13,0.92,-0.42,0,0.19,0.082,-0.037,0,,,,,,,,,,,,,,,,,,,,,,,,,,,,,,,,,,,,,,,,,,,,,,,,,,,,,,,,,,,,,6.024,0.241,-0.241,0,,,,,0.01417,0.00065,-0.00053,0,,,,,,,,,,,,,,,,,,,,,,,,,6335,273.34,-258.85,0,1.4,0.6,-0.27,0,1.25,0.22,-0.16,0,0.04,0.128,-0.156,0,[Fe/H],,,,,4.24,0.14,-0.24,0,2.34,1.24,-0.763,0,,,,,,,,,,,,,,,,,848.396,11.668,-11.668,1.15004,0.0160851,-0.0160851
Kepler-931 b,Kepler-931,b,1,1,1,Transit,0,8.03755877,2.315E-05,-2.315E-05,0,,,,,1.33,0.14,-0.09,0,0.119,0.012,-0.008,0,,,,,,,,,,,,,,,,,,,,,,,,,,,,,,,,,,,,,,,,,,,,,,,,,,,,,,,,,,,,,2.7866,0.0684,-0.0684,0,,,,,0.01536,0.00064,-0.00037,0,,,,,,,,,,,,,,,,,,,,,,,,,5241,223.61,-198.95,0,0.81,0.08,-0.05,0,0.86,0.06,-0.05,0,-0.01,0.149,-0.155,0,[Fe/H],,,,,4.55,0.04,-0.07,0,4.68,6.19,-2.89,0,,,,,,,,,,,,,,,,,,,,,,
Kepler-932 b,Kepler-932,b,1,1,1,Transit,0,1.9214374,2.12E-06,-2.12E-06,0,,,,,1.37,0.13,-0.1,0,0.122,0.012,-0.009,0,,,,,,,,,,,,,,,,,,,,,,,,,,,,,,,,,,,,,,,,,,,,,,,,,,,,,,,,,,,,,1.7519,0.033,-0.033,0,,,,,0.01534,0.00039,-0.00045,0,,,,,,,,,,,,,,,,,,,,,,,,,5331,194.78,-166.65,0,0.84,0.07,-0.05,0,0.87,0.06,-0.05,0,-0.01,0.142,-0.157,0,[Fe/H],,,,,4.54,0.04,-0.07,0,4.68,5.6,-2.91,0,,,,,,,,,,,,,,,,,465.612,4.203,-4.129,2.119,0.0190701,-0.0190701
Kepler-933 b,Kepler-933,b,1,1,1,Transit,0,14.20443009,6.185E-05,-6.185E-05,0,,,,,2.46,0.23,-0.16,0,0.219,0.021,-0.014,0,,,,,,,,,,,,,,,,,,,,,,,,,,,,,,,,,,,,,,,,,,,,,,,,,,,,,,,,,,,,,3.979,0.107,-0.107,0,,,,,0.02687,0.0011,-0.00064,0,,,,,,,,,,,,,,,,,,,,,,,,,5346,65.89,-87.13,0,0.84,0.07,-0.05,0,0.87,0.04,-0.05,0,-0.02,0.153,-0.166,0,[Fe/H],,,,,4.54,0.04,-0.09,0,4.68,6.47,-2.93,0,,,,,,,,,,,,,,,,,1017.2,29.37,-27.787,0.95477,0.0273963,-0.0273963
Kepler-934 b,Kepler-934,b,1,1,1,Transit,0,55.6738309,0.0002829,-0.0002829,0,,,,,2.09,0.15,-0.11,0,0.186,0.013,-0.01,0,,,,,,,,,,,,,,,,,,,,,,,,,,,,,,,,,,,,,,,,,,,,,,,,,,,,,,,,,,,,,3.805,0.122,-0.122,0,,,,,0.02482,0.00144,-0.00062,0,,,,,,,,,,,,,,,,,,,,,,,,,5001,68.25,-76.01,0,0.77,0.04,-0.03,0,0.81,0.04,-0.04,0,0.01,0.149,-0.158,0,[Fe/H],,,,,4.59,0.02,-0.05,0,4.47,6.15,-2.66,0,,,,,,,,,,,,,,,,,608.738,8.995,-8.741,1.61421,0.0237469,-0.0237469
Kepler-935 b,Kepler-935,b,1,1,1,Transit,0,4.88083852,1.481E-05,-1.481E-05,0,,,,,1.35,0.08,-0.07,0,0.12,0.007,-0.006,0,,,,,,,,,,,,,,,,,,,,,,,,,,,,,,,,,,,,,,,,,,,,,,,,,,,,,,,,,,,,,2.5102,0.0749,-0.0749,0,,,,,0.01687,0.00073,-0.00039,0,,,,,,,,,,,,,,,,,,,,,,,,,4830,74.56,-87.15,0,0.73,0.03,-0.04,0,0.78,0.04,-0.04,0,-0.01,0.159,-0.173,0,[Fe/H],,,,,4.61,0.02,-0.03,0,3.8,6.04,-2.07,0,,,,,,,,,,,,,,,,,471.782,4.085,-4.085,2.09087,0.0182143,-0.0182143
Kepler-936 b,Kepler-936,b,1,1,1,Transit,0,10.56134221,4.545E-05,-4.545E-05,0,,,,,1.45,0.2,-0.1,0,0.129,0.018,-0.009,0,,,,,,,,,,,,,,,,,,,,,,,,,,,,,,,,,,,,,,,,,,,,,,,,,,,,,,,,,,,,,2.759,0.123,-0.123,0,,,,,0.01499,0.00078,-0.00035,0,,,,,,,,,,,,,,,,,,,,,,,,,5482,99.27,-127.57,0,0.89,0.11,-0.06,0,0.92,0.04,-0.05,0,0.05,0.137,-0.158,0,[Fe/H],,,,,4.51,0.04,-0.11,0,4.57,5.83,-2.9,0,,,,,,,,,,,,,,,,,823.399,,,,,
Kepler-938 b,Kepler-938,b,1,1,1,Transit,0,52.6298417,0.0002898,-0.0002898,0,,,,,2.22,0.25,-0.16,0,0.198,0.022,-0.014,0,,,,,,,,,,,,,,,,,,,,,,,,,,,,,,,,,,,,,,,,,,,,,,,,,,,,,,,,,,,,,5.964,0.162,-0.162,0,,,,,0.02307,0.00078,-0.00067,0,,,,,,,,,,,,,,,,,,,,,,,,,5533,95.38,-107.5,0,0.89,0.1,-0.06,0,0.92,0.05,-0.05,0,-0.03,0.148,-0.182,0,[Fe/H],,,,,4.51,0.04,-0.1,0,4.27,5.5,-2.56,0,,,,,,,,,,,,,,,,,1182.05,,,,,
Kepler-939 b,Kepler-939,b,1,1,1,Transit,0,14.878296,0.0001256,-0.0001256,0,,,,,1.75,0.31,-0.2,0,0.156,0.028,-0.018,0,,,,,,,,,,,,,,,,,,,,,,,,,,,,,,,,,,,,,,,,,,,,,,,,,,,,,,,,,,,,,7.504,0.202,-0.202,0,,,,,0.0188,0.00268,-0.00151,0,,,,,,,,,,,,,,,,,,,,,,,,,5471,149.7,-105.85,0,0.85,0.09,-0.07,0,0.88,0.06,-0.06,0,-0.12,0.165,-0.201,0,[Fe/H],,,,,4.54,0.05,-0.1,0,4.47,5.65,-2.79,0,,,,,,,,,,,,,,,,,2093.62,147.37,-147.37,0.448708,0.0328312,-0.0328312
Kepler-940 b,Kepler-940,b,1,1,1,Transit,0,59.6225257,0.0003015,-0.0003015,0,,,,,3.34,0.71,-0.31,0,0.298,0.063,-0.028,0,,,,,,,,,,,,,,,,,,,,,,,,,,,,,,,,,,,,,,,,,,,,,,,,,,,,,,,,,,,,,6.425,0.147,-0.147,0,,,,,0.03162,0.00539,-0.00124,0,,,,,,,,,,,,,,,,,,,,,,,,,5769,169.66,-95.4,0,0.96,0.12,-0.08,0,0.97,0.07,-0.07,0,-0.08,0.152,-0.199,0,[Fe/H],,,,,4.47,0.06,-0.1,0,3.63,3.38,-1.98,0,,,,,,,,,,,,,,,,,1260.78,59.01,-59.01,0.765579,0.0367832,-0.0367832
Kepler-941 b,Kepler-941,b,1,1,1,Transit,0,17.42395198,8.3E-05,-8.3E-05,0,,,,,3.08,0.35,-0.61,0,0.275,0.031,-0.054,0,,,,,,,,,,,,,,,,,,,,,,,,,,,,,,,,,,,,,,,,,,,,,,,,,,,,,,,,,,,,,4.873,0.185,-0.185,0,,,,,0.03294,0.00063,-0.00582,0,,,,,,,,,,,,,,,,,,,,,,,,,5539,154.02,-104.04,0,0.86,0.1,-0.08,0,0.89,0.06,-0.07,0,-0.15,0.177,-0.221,0,[Fe/H],,,,,4.53,0.05,-0.09,0,4.07,5,-2.44,0,,,,,,,,,,,,,,,,,1088.36,38.345,-38.345,0.890934,0.0320948,-0.0320948
Kepler-942 b,Kepler-942,b,1,1,1,Transit,0,44.96417488,6.962E-05,-6.962E-05,0,,,,,2.13,0.23,-0.08,0,0.19,0.021,-0.007,0,,,,,,,,,,,,,,,,,,,,,,,,,,,,,,,,,,,,,,,,,,,,,,,,,,,,,,,,,,,,,5.0412,0.0503,-0.0503,0,,,,,0.02609,0.00269,-0.00087,0,,,,,,,,,,,,,,,,,,,,,,,,,4861,77.85,-66.28,0,0.75,0.02,-0.01,0,0.81,0.03,-0.03,0,0.09,0.099,-0.1,0,[Fe/H],,,,,4.59,0.01,-0.01,0,4.17,2.64,-2.15,0,,,,,,,,,,,,,,,,,216.354,0.653,-0.649,4.59312,0.0138043,-0.0138043
Kepler-943 b,Kepler-943,b,1,1,1,Transit,0,49.7701438,0.0001172,-0.0001172,0,,,,,5.93,0.79,-0.53,0,0.529,0.07,-0.047,0,,,,,,,,,,,,,,,,,,,,,,,,,,,,,,,,,,,,,,,,,,,,,,,,,,,,,,,,,,,,,10.085,0.184,-0.184,0,,,,,0.05975,0.00326,-0.00231,0,,,,,,,,,,,,,,,,,,,,,,,,,5612,121.64,-101.28,0,0.91,0.11,-0.07,0,0.93,0.05,-0.06,0,-0.07,0.161,-0.196,0,[Fe/H],,,,,4.5,0.05,-0.11,0,4.27,5.05,-3,0,,,,,,,,,,,,,,,,,2300.53,170.09,-148.69,0.404364,0.0295042,-0.0295042
Kepler-944 b,Kepler-944,b,1,1,1,Transit,0,43.3167737,0.0002351,-0.0002351,0,,,,,2.63,0.27,-0.21,0,0.235,0.024,-0.019,0,,,,,,,,,,,,,,,,,,,,,,,,,,,,,,,,,,,,,,,,,,,,,,,,,,,,,,,,,,,,,5.065,0.14,-0.14,0,,,,,0.02869,0.00129,-0.00053,0,,,,,,,,,,,,,,,,,,,,,,,,,5409,108.67,-133.24,0,0.83,0.08,-0.06,0,0.86,0.05,-0.06,0,-0.11,0.161,-0.183,0,[Fe/H],,,,,4.54,0.04,-0.09,0,4.47,6.05,-2.85,0,,,,,,,,,,,,,,,,,1349.43,56.125,-56.125,0.713352,0.0305417,-0.0305417
Kepler-945 b,Kepler-945,b,1,1,1,Transit,0,31.0033814,0.0002081,-0.0002081,0,,,,,2.63,0.47,-0.25,0,0.235,0.042,-0.022,0,,,,,,,,,,,,,,,,,,,,,,,,,,,,,,,,,,,,,,,,,,,,,,,,,,,,,,,,,,,,,5.204,0.155,-0.155,0,,,,,0.02479,0.00105,-0.00079,0,,,,,,,,,,,,,,,,,,,,,,,,,5718,119.29,-104.43,0,0.97,0.17,-0.09,0,0.97,0.05,-0.06,0,-0.01,0.134,-0.192,0,[Fe/H],,,,,4.46,0.07,-0.14,0,4.47,4.08,-2.7,0,,,,,,,,,,,,,,,,,1651.25,103.11,-91.87,0.577611,0.0348593,-0.0348593
Kepler-946 b,Kepler-946,b,1,1,1,Transit,0,11.79162572,5.506E-05,-5.506E-05,0,,,,,1.93,0.32,-0.2,0,0.172,0.029,-0.018,0,,,,,,,,,,,,,,,,,,,,,,,,,,,,,,,,,,,,,,,,,,,,,,,,,,,,,,,,,,,,,3.007,0.12,-0.12,0,,,,,0.01897,0.00073,-0.00085,0,,,,,,,,,,,,,,,,,,,,,,,,,5665,263.42,-144.77,0,0.93,0.15,-0.09,0,0.94,0.08,-0.07,0,-0.09,0.159,-0.199,0,[Fe/H],,,,,4.47,0.07,-0.12,0,4.17,4.64,-2.47,0,,,,,,,,,,,,,,,,,1137.29,29.83,-28.37,0.851055,0.0223094,-0.0223094
Kepler-947 b,Kepler-947,b,1,1,1,Transit,0,26.9644317,0.000157,-0.000157,0,,,,,2.28,0.23,-0.23,0,0.203,0.021,-0.021,0,,,,,,,,,,,,,,,,,,,,,,,,,,,,,,,,,,,,,,,,,,,,,,,,,,,,,,,,,,,,,3.949,0.139,-0.139,0,,,,,0.0243,0.00044,-0.00146,0,,,,,,,,,,,,,,,,,,,,,,,,,5508,133.16,-129.72,0,0.87,0.09,-0.07,0,0.9,0.05,-0.06,0,-0.07,0.16,-0.197,0,[Fe/H],,,,,4.52,0.05,-0.09,0,4.27,5.62,-2.63,0,,,,,,,,,,,,,,,,,1730.78,99.26,-89.22,0.550184,0.0306474,-0.0306474
Kepler-948 b,Kepler-948,b,1,1,1,Transit,0,7.76846622,4.201E-05,-4.201E-05,0,,,,,1.85,0.32,-0.41,0,0.165,0.029,-0.037,0,,,,,,,,,,,,,,,,,,,,,,,,,,,,,,,,,,,,,,,,,,,,,,,,,,,,,,,,,,,,,4.385,0.111,-0.111,0,,,,,0.01782,0.0001,-0.00369,0,,,,,,,,,,,,,,,,,,,,,,,,,5679,174.93,-134.32,0,0.94,0.16,-0.08,0,0.96,0.07,-0.06,0,-0.02,0.129,-0.177,0,[Fe/H],,,,,4.47,0.06,-0.13,0,4.17,4.07,-2.5,0,,,,,,,,,,,,,,,,,868.017,15.0325,-15.0325,1.12353,0.0197954,-0.0197954
Kepler-949 b,Kepler-949,b,1,1,1,Transit,0,8.6893073,9.63E-06,-9.63E-06,0,,,,,2.91,0.36,-0.23,0,0.26,0.032,-0.021,0,,,,,,,,,,,,,,,,,,,,,,,,,,,,,,,,,,,,,,,,,,,,,,,,,,,,,,,,,,,,,2.5913,0.0303,-0.0303,0,,,,,0.03096,0.00064,-0.00051,0,,,,,,,,,,,,,,,,,,,,,,,,,5403,200.9,-208.02,0,0.86,0.1,-0.07,0,0.89,0.06,-0.05,0,0.01,0.144,-0.161,0,[Fe/H],,,,,4.53,0.05,-0.1,0,4.57,5.83,-2.87,0,,,,,,,,,,,,,,,,,486.105,5.387,-5.387,2.02859,0.0226229,-0.0226229
Kepler-95 b,Kepler-95,b,1,1,1,Transit,0,11.5231,,,0,,,,,3.42,0.09,-0.09,0,0.305,0.008,-0.008,0,13,2.9,-2.9,0,0.041,0.009,-0.009,0,,,,,,,,,,,,,,,,,13,2.9,-2.9,0,0.041,0.009,-0.009,0,1.71,0.37,-0.37,0,,,,,,,,,,,,,,,,,0.74,0.01,-0.01,0,,,,,,,,,,,,,0.02217,,,0,,,,,,,,,,,,,3.36,0.6,-0.6,0,,,,,,,,,5699,74,-74,0,1.41,0.04,-0.04,0,1.08,0.08,-0.08,0,0.3,0.1,-0.1,0,[Fe/H],,,,,4.17,0.04,-0.04,0,5.63,,,0,0.54,0.02,-0.02,0,0.7,,,0,,,,,,,,,445.656,5.783,-5.64,2.21542,0.0285366,-0.0285366
Kepler-950 b,Kepler-950,b,1,1,1,Transit,0,98.7180406,0.0001748,-0.0001748,0,,,,,8.98,1.56,-0.83,0,0.801,0.139,-0.074,0,,,,,,,,,,,,,,,,,,,,,,,,,,,,,,,,,,,,,,,,,,,,,,,,,,,,,,,,,,,,,6.4184,0.0633,-0.0633,0,,,,,0.08054,0.0036,-0.00106,0,,,,,,,,,,,,,,,,,,,,,,,,,5857,115.89,-163.53,0,1.02,0.17,-0.09,0,1.02,0.07,-0.06,0,0.02,0.135,-0.17,0,[Fe/H],,,,,4.44,0.07,-0.13,0,3.8,2.6,-2.1,0,,,,,,,,,,,,,,,,,2161.6,199.49,-169.19,0.432279,0.0386493,-0.0386493
Kepler-952 b,Kepler-952,b,1,1,1,Transit,0,130.3546919,0.0002069,-0.0002069,0,,,,,7.65,1.65,-0.75,0,0.682,0.147,-0.067,0,,,,,,,,,,,,,,,,,,,,,,,,,,,,,,,,,,,,,,,,,,,,,,,,,,,,,,,,,,,,,6.382,0.138,-0.138,0,,,,,0.07138,0.00014,-0.00375,0,,,,,,,,,,,,,,,,,,,,,,,,,5730,87.45,-100.17,0,0.99,0.21,-0.08,0,1,0.06,-0.05,0,0.06,0.136,-0.15,0,[Fe/H],,,,,4.45,0.06,-0.17,0,4.27,3.62,-2.5,0,,,,,,,,,,,,,,,,,1304.25,42.82,-40.23,0.738088,0.0242192,-0.0242192
Kepler-954 b,Kepler-954,b,1,1,1,Transit,0,16.78176602,1.593E-05,-1.593E-05,0,,,,,2.32,0.05,-0.11,0,0.207,0.004,-0.01,0,,,,,,,,,,,,,,,,,,,,,,,,,,,,,,,,,,,,,,,,,,,,,,,,,,,,,,,,,,,,,3.7533,0.0245,-0.0245,0,,,,,0.028,0.00016,-0.00108,0,,,,,,,,,,,,,,,,,,,,,,,,,4990,61.28,-69.8,0,0.76,0.02,-0.02,0,0.82,0.02,-0.03,0,0.02,0.105,-0.101,0,[Fe/H],,,,,4.59,0.01,-0.02,0,3.39,2.88,-1.66,0,,,,,,,,,,,,,,,,,215.814,1.148,-1.135,4.60485,0.0243255,-0.0243255
Kepler-955 b,Kepler-955,b,1,1,1,Transit,0,14.53244172,1.662E-05,-1.662E-05,0,,,,,3.13,0.27,-0.17,0,0.279,0.024,-0.015,0,,,,,,,,,,,,,,,,,,,,,,,,,,,,,,,,,,,,,,,,,,,,,,,,,,,,,,,,,,,,,3.1732,0.0412,-0.0412,0,,,,,0.03402,0.00094,-0.00049,0,,,,,,,,,,,,,,,,,,,,,,,,,5350,73.41,-89.94,0,0.84,0.07,-0.04,0,0.89,0.04,-0.04,0,0.02,0.149,-0.163,0,[Fe/H],,,,,4.54,0.04,-0.08,0,4.37,6.25,-2.69,0,,,,,,,,,,,,,,,,,550.383,6.795,-6.635,1.78829,0.0219993,-0.0219993
Kepler-956 b,Kepler-956,b,1,1,1,Transit,0,5.24867263,3.12E-06,-3.12E-06,0,,,,,3,0.78,-0.38,0,0.268,0.07,-0.034,0,,,,,,,,,,,,,,,,,,,,,,,,,,,,,,,,,,,,,,,,,,,,,,,,,,,,,,,,,,,,,1.8418,0.0275,-0.0275,0,,,,,0.02411,0.00015,-0.00118,0,,,,,,,,,,,,,,,,,,,,,,,,,6040,114.09,-113.17,0,1.15,0.3,-0.14,0,1.1,0.09,-0.07,0,0.02,0.127,-0.175,0,[Fe/H],,,,,4.36,0.09,-0.18,0,3.47,1.67,-1.72,0,,,,,,,,,,,,,,,,,544.939,4.292,-4.226,1.80622,0.0142345,-0.0142345
Kepler-957 b,Kepler-957,b,1,1,1,Transit,0,5.90741354,5.07E-06,-5.07E-06,0,,,,,5.5,0.29,-0.32,0,0.491,0.026,-0.029,0,,,,,,,,,,,,,,,,,,,,,,,,,,,,,,,,,,,,,,,,,,,,,,,,,,,,,,,,,,,,,1.0864,0.0357,-0.0357,0,,,,,0.06683,0.00175,-0.00167,0,,,,,,,,,,,,,,,,,,,,,,,,,4963,47.52,-58.85,0,0.75,0.03,-0.04,0,0.81,0.03,-0.04,0,-0.01,0.184,-0.177,0,[Fe/H],,,,,4.6,0.02,-0.04,0,2.75,6.28,-1.3,0,,,,,,,,,,,,,,,,,824.688,20.222,-20.222,1.18431,0.0294952,-0.0294952
Kepler-958 b,Kepler-958,b,1,1,1,Transit,0,9.7678805,1.11E-05,-1.11E-05,0,,,,,2.06,0.1,-0.08,0,0.184,0.009,-0.007,0,,,,,,,,,,,,,,,,,,,,,,,,,,,,,,,,,,,,,,,,,,,,,,,,,,,,,,,,,,,,,1.9474,0.0405,-0.0405,0,,,,,0.02222,0.00057,-0.00034,0,,,,,,,,,,,,,,,,,,,,,,,,,5421,57.75,-54.04,0,0.86,0.04,-0.03,0,0.91,0.03,-0.03,0,0.01,0.105,-0.109,0,[Fe/H],,,,,4.53,0.03,-0.04,0,4.37,3.2,-2.45,0,,,,,,,,,,,,,,,,,449.773,2.8855,-2.8855,2.19447,0.0141573,-0.0141573
Kepler-959 b,Kepler-959,b,1,1,1,Transit,0,14.80074836,4.706E-05,-4.706E-05,0,,,,,4.38,1.21,-0.87,0,0.391,0.108,-0.078,0,,,,,,,,,,,,,,,,,,,,,,,,,,,,,,,,,,,,,,,,,,,,,,,,,,,,,,,,,,,,,5.6698,0.0822,-0.0822,0,,,,,0.02044,0.00052,-0.0003,0,,,,,,,,,,,,,,,,,,,,,,,,,7005,193.26,-159.47,0,2.01,0.55,-0.4,0,1.6,0.19,-0.17,0,0.02,0.141,-0.154,0,[Fe/H],,,,,4.04,0.15,-0.17,0,1.35,0.28,-0.19,0,,,,,,,,,,,,,,,,,807.729,14.099,-13.631,1.20954,0.0210849,-0.0210849
Kepler-96 b,Kepler-96,b,1,1,1,Transit,0,16.2385,,,0,,,,,2.67,0.22,-0.22,0,0.238,0.02,-0.02,0,8.46,3.4,-3.4,0,0.027,0.011,-0.011,0,,,,,,,,,,,,,,,,,8.46,3.4,-3.4,0,0.027,0.011,-0.011,0,2.26,1.11,-1.11,0,,,,,,,,,,,,,,,,,0.54,0.07,-0.07,0,,,,,,,,,,,,,0.02397,,,0,,,,,,,,,,,,,2.1,0.8,-0.8,0,,,,,,,,,5690,73,-73,0,1.02,0.09,-0.09,0,1,0.06,-0.06,0,0.04,0.07,-0.07,0,[Fe/H],,,,,4.42,0.08,-0.08,0,2.34,,,0,1.54,0.25,-0.25,0,0.5,,,0,,,,,,,,,122.881,0.404,-0.401,8.10912,0.0264446,-0.0264446
Kepler-960 b,Kepler-960,b,1,1,1,Transit,0,3.12686223,1.67E-06,-1.67E-06,0,,,,,2.29,0.07,-0.25,0,0.204,0.006,-0.022,0,,,,,,,,,,,,,,,,,,,,,,,,,,,,,,,,,,,,,,,,,,,,,,,,,,,,,,,,,,,,,1.1975,0.0214,-0.0214,0,,,,,0.02858,0.0002,-0.00297,0,,,,,,,,,,,,,,,,,,,,,,,,,4755,41.26,-40.53,0,0.72,0.02,-0.03,0,0.77,0.03,-0.04,0,0.02,0.157,-0.163,0,[Fe/H],,,,,4.61,0.02,-0.03,0,3.63,6.1,-1.99,0,,,,,,,,,,,,,,,,,284.916,1.6,-1.6,3.48098,0.0195601,-0.0195601
Kepler-961 b,Kepler-961,b,1,1,1,Transit,0,16.87727414,2.872E-05,-2.872E-05,0,,,,,2.55,0.11,-0.08,0,0.227,0.01,-0.007,0,,,,,,,,,,,,,,,,,,,,,,,,,,,,,,,,,,,,,,,,,,,,,,,,,,,,,,,,,,,,,3.7835,0.0424,-0.0424,0,,,,,0.02622,0.00054,-0.00026,0,,,,,,,,,,,,,,,,,,,,,,,,,5582,53.72,-55.83,0,0.9,0.03,-0.03,0,0.96,0.03,-0.03,0,0.05,0.108,-0.106,0,[Fe/H],,,,,4.51,0.02,-0.03,0,2.82,2.14,-1.32,0,,,,,,,,,,,,,,,,,574.314,5.816,-5.702,1.71244,0.0173268,-0.0173268
Kepler-962 b,Kepler-962,b,1,1,1,Transit,0,12.05707239,1.586E-05,-1.586E-05,0,,,,,1.97,0.08,-0.08,0,0.176,0.007,-0.007,0,,,,,,,,,,,,,,,,,,,,,,,,,,,,,,,,,,,,,,,,,,,,,,,,,,,,,,,,,,,,,2.2598,0.0475,-0.0475,0,,,,,0.02092,0.00063,-0.00057,0,,,,,,,,,,,,,,,,,,,,,,,,,5478,72.81,-55.18,0,0.86,0.02,-0.03,0,0.93,0.03,-0.03,0,0.01,0.1,-0.103,0,[Fe/H],,,,,4.54,0.02,-0.02,0,2.4,1.92,-0.99,0,,,,,,,,,,,,,,,,,411.486,2.3,-2.3,2.40134,0.0134814,-0.0134814
Kepler-963 b,Kepler-963,b,1,1,1,Transit,0,9.97683705,1.568E-05,-1.568E-05,0,,,,,2.66,0.3,-0.19,0,0.237,0.027,-0.017,0,,,,,,,,,,,,,,,,,,,,,,,,,,,,,,,,,,,,,,,,,,,,,,,,,,,,,,,,,,,,,3.419,0.0406,-0.0406,0,,,,,0.02847,0.00064,-0.00037,0,,,,,,,,,,,,,,,,,,,,,,,,,5461,214.9,-150.82,0,0.87,0.1,-0.06,0,0.91,0.06,-0.06,0,-0.02,0.15,-0.17,0,[Fe/H],,,,,4.52,0.05,-0.09,0,4.07,5.22,-2.43,0,,,,,,,,,,,,,,,,,771.494,12.801,-12.397,1.26769,0.0210019,-0.0210019
Kepler-964 b,Kepler-964,b,1,1,1,Transit,0,13.5225106,2.258E-05,-2.258E-05,0,,,,,2.12,0.09,-0.07,0,0.189,0.008,-0.006,0,,,,,,,,,,,,,,,,,,,,,,,,,,,,,,,,,,,,,,,,,,,,,,,,,,,,,,,,,,,,,3.8931,0.0565,-0.0565,0,,,,,0.0234,0.00076,-0.00039,0,,,,,,,,,,,,,,,,,,,,,,,,,5427,78.18,-75.15,0,0.84,0.02,-0.02,0,0.93,0.03,-0.03,0,0.03,0.103,-0.103,0,[Fe/H],,,,,4.55,0.01,-0.01,0,1.91,1.28,-0.632,0,,,,,,,,,,,,,,,,,454.626,4.5565,-4.5565,2.171,0.0218794,-0.0218794
Kepler-965 b,Kepler-965,b,1,1,1,Transit,0,134.2527298,0.0005661,-0.0005661,0,,,,,3.38,0.55,-0.39,0,0.302,0.049,-0.035,0,,,,,,,,,,,,,,,,,,,,,,,,,,,,,,,,,,,,,,,,,,,,,,,,,,,,,,,,,,,,,9.105,0.0909,-0.0909,0,,,,,0.02683,0.0005,-0.00044,0,,,,,,,,,,,,,,,,,,,,,,,,,5886,79.36,-64.81,0,1.15,0.19,-0.13,0,1.05,0.04,-0.04,0,0.03,0.092,-0.095,0,[Fe/H],,,,,4.33,0.1,-0.11,0,5.5,1.6,-2.54,0,,,,,,,,,,,,,,,,,582.828,6.279,-6.148,1.6871,0.0181514,-0.0181514
Kepler-966 b,Kepler-966,b,1,1,1,Transit,0,99.747622,0.0004523,-0.0004523,0,,,,,4.13,1.17,-0.58,0,0.368,0.104,-0.052,0,,,,,,,,,,,,,,,,,,,,,,,,,,,,,,,,,,,,,,,,,,,,,,,,,,,,,,,,,,,,,6.744,0.148,-0.148,0,,,,,0.03695,0.0043,-0.0035,0,,,,,,,,,,,,,,,,,,,,,,,,,5840,113.67,-184.03,0,1.02,0.26,-0.1,0,1.02,0.07,-0.07,0,0.04,0.132,-0.157,0,[Fe/H],,,,,4.43,0.07,-0.18,0,4.07,2.8,-2.31,0,,,,,,,,,,,,,,,,,1027.8,21.01,-20.19,0.944376,0.0193513,-0.0193513
Kepler-971 b,Kepler-971,b,1,1,1,Transit,0,9.59070716,2.32E-05,-2.32E-05,0,,,,,2.13,0.22,-0.24,0,0.19,0.02,-0.021,0,,,,,,,,,,,,,,,,,,,,,,,,,,,,,,,,,,,,,,,,,,,,,,,,,,,,,,,,,,,,,3.4847,0.0826,-0.0826,0,,,,,0.02343,0.0003,-0.00201,0,,,,,,,,,,,,,,,,,,,,,,,,,5431,86,-112.52,0,0.85,0.09,-0.06,0,0.88,0.04,-0.06,0,-0.06,0.157,-0.177,0,[Fe/H],,,,,4.54,0.04,-0.1,0,4.47,6.27,-2.77,0,,,,,,,,,,,,,,,,,338.522,6.764,-6.509,2.92682,0.0574434,-0.0574434
Kepler-972 b,Kepler-972,b,1,1,1,Transit,0,7.03932553,1.608E-05,-1.608E-05,0,,,,,4.65,1.52,-1.1,0,0.415,0.136,-0.098,0,,,,,,,,,,,,,,,,,,,,,,,,,,,,,,,,,,,,,,,,,,,,,,,,,,,,,,,,,,,,,3.448,0.297,-0.297,0,,,,,0.03478,0.00105,-0.00599,0,,,,,,,,,,,,,,,,,,,,,,,,,6146,204.83,-260.44,0,1.22,0.4,-0.2,0,1.15,0.16,-0.12,0,0.04,0.143,-0.158,0,[Fe/H],,,,,4.33,0.12,-0.2,0,2.82,1.53,-1.14,0,,,,,,,,,,,,,,,,,1198.03,37.3,-35.15,0.806644,0.0250242,-0.0250242
Kepler-973 b,Kepler-973,b,1,1,1,Transit,0,49.6077331,0.0001208,-0.0001208,0,,,,,1.96,0.08,-0.07,0,0.175,0.007,-0.006,0,,,,,,,,,,,,,,,,,,,,,,,,,,,,,,,,,,,,,,,,,,,,,,,,,,,,,,,,,,,,,2.8424,0.0691,-0.0691,0,,,,,0.02276,0.00078,-0.00053,0,,,,,,,,,,,,,,,,,,,,,,,,,5213,65.87,-62.75,0,0.78,0.02,-0.02,0,0.86,0.03,-0.03,0,-0.06,0.113,-0.096,0,[Fe/H],,,,,4.58,0.01,-0.01,0,2.29,1.64,-0.852,0,,,,,,,,,,,,,,,,,328.52,4.72,-4.591,3.01592,0.0428045,-0.0428045
Kepler-974 b,Kepler-974,b,1,1,1,Transit,0,4.19449651,5.03E-06,-5.03E-06,0,,,,,1.57,0.06,-0.29,0,0.14,0.005,-0.026,0,,,,,,,,,,,,,,,,,,,,,,,,,,,,,,,,,,,,,,,,,,,,,,,,,,,,,,,,,,,,,1.8482,0.0438,-0.0438,0,,,,,0.02939,0.00024,-0.00521,0,,,,,,,,,,,,,,,,,,,,,,,,,3687,38.83,-36.96,0,0.5,0.02,-0.02,0,0.52,0.02,-0.02,0,0.07,0.077,-0.08,0,[Fe/H],,,,,4.76,0.02,-0.02,0,4.37,5.75,-2.62,0,,,,,,,,,,,,,,,,,134.311,0.447,-0.444,7.41656,0.0245117,-0.0245117
Kepler-975 b,Kepler-975,b,1,1,1,Transit,0,1.97034246,2.36E-06,-2.36E-06,0,,,,,1.48,0.06,-0.09,0,0.132,0.005,-0.008,0,,,,,,,,,,,,,,,,,,,,,,,,,,,,,,,,,,,,,,,,,,,,,,,,,,,,,,,,,,,,,1.7381,0.0371,-0.0371,0,,,,,0.01841,0.00017,-0.00084,0,,,,,,,,,,,,,,,,,,,,,,,,,4897,90.72,-106.8,0,0.75,0.03,-0.03,0,0.8,0.04,-0.04,0,0.07,0.147,-0.168,0,[Fe/H],,,,,4.59,0.02,-0.04,0,3.89,6.23,-2.2,0,,,,,,,,,,,,,,,,,426.088,3.564,-3.564,2.3182,0.0194827,-0.0194827
Kepler-976 b,Kepler-976,b,1,1,1,Transit,0,105.9564148,0.0004626,-0.0004626,0,,,,,3.96,0.29,-0.2,0,0.353,0.026,-0.018,0,,,,,,,,,,,,,,,,,,,,,,,,,,,,,,,,,,,,,,,,,,,,,,,,,,,,,,,,,,,,,6.986,0.117,-0.117,0,,,,,0.04388,0.00144,-0.00075,0,,,,,,,,,,,,,,,,,,,,,,,,,5232,51.16,-66.39,0,0.83,0.05,-0.04,0,0.87,0.04,-0.04,0,0.07,0.156,-0.162,0,[Fe/H],,,,,4.55,0.03,-0.07,0,4.68,6.47,-2.94,0,,,,,,,,,,,,,,,,,1012.41,34.57,-32.399,0.959626,0.0323956,-0.0323956
Kepler-977 b,Kepler-977,b,1,1,1,Transit,0,26.85328322,6.393E-05,-6.393E-05,0,,,,,2.62,0.17,-0.17,0,0.234,0.015,-0.015,0,,,,,,,,,,,,,,,,,,,,,,,,,,,,,,,,,,,,,,,,,,,,,,,,,,,,,,,,,,,,,4.5063,0.0568,-0.0568,0,,,,,0.02913,8E-05,-0.0011,0,,,,,,,,,,,,,,,,,,,,,,,,,5315,84.55,-105.24,0,0.83,0.06,-0.04,0,0.87,0.04,-0.05,0,-0.01,0.153,-0.163,0,[Fe/H],,,,,4.55,0.03,-0.07,0,4.57,6.02,-2.85,0,,,,,,,,,,,,,,,,,568.751,6.412,-6.412,1.72957,0.0196704,-0.0196704
Kepler-978 b,Kepler-978,b,1,1,1,Transit,0,49.6221509,0.000171,-0.000171,0,,,,,2.99,0.67,-0.57,0,0.267,0.06,-0.051,0,,,,,,,,,,,,,,,,,,,,,,,,,,,,,,,,,,,,,,,,,,,,,,,,,,,,,,,,,,,,,7.093,0.285,-0.285,0,,,,,0.02468,0,-0.00397,0,,,,,,,,,,,,,,,,,,,,,,,,,6002,81.98,-84.89,0,1.09,0.25,-0.12,0,1.07,0.08,-0.07,0,-0.01,0.145,-0.193,0,[Fe/H],,,,,4.38,0.08,-0.15,0,3.63,1.79,-1.9,0,,,,,,,,,,,,,,,,,682.522,,,,,
Kepler-979 b,Kepler-979,b,1,1,1,Transit,0,8.0880135,1.135E-05,-1.135E-05,0,,,,,2.72,0.42,-0.23,0,0.243,0.037,-0.021,0,,,,,,,,,,,,,,,,,,,,,,,,,,,,,,,,,,,,,,,,,,,,,,,,,,,,,,,,,,,,,1.7768,0.0372,-0.0372,0,,,,,0.03034,0.00375,-0.00163,0,,,,,,,,,,,,,,,,,,,,,,,,,5310,205.13,-136.81,0,0.83,0.07,-0.05,0,0.87,0.06,-0.05,0,-0.02,0.147,-0.167,0,[Fe/H],,,,,4.54,0.04,-0.07,0,4.57,5.76,-2.81,0,,,,,,,,,,,,,,,,,576.503,7.0565,-7.0565,1.70602,0.0210694,-0.0210694
Kepler-98 b,Kepler-98,b,1,1,1,Transit,0,1.54168,,,0,,,,,1.99,0.22,-0.22,0,0.178,0.02,-0.02,0,3.55,1.6,-1.6,0,0.011,0.005,-0.005,0,,,,,,,,,,,,,,,,,3.55,1.6,-1.6,0,0.011,0.005,-0.005,0,2.18,1.21,-1.21,0,,,,,,,,,,,,,,,,,0.56,0.14,-0.14,0,,,,,,,,,,,,,0.01638,,,0,,,,,,,,,,,,,1.82,0.8,-0.8,0,,,,,,,,,5539,73,-73,0,1.11,0.12,-0.12,0,0.99,0.06,-0.06,0,0.18,0.07,-0.07,0,[Fe/H],,,,,4.34,0.1,-0.1,0,2.79,,,0,1.12,0.34,-0.34,0,0.5,,,0,,,,,,,,,350.315,2.978,-2.929,2.82589,0.0238868,-0.0238868
Kepler-980 b,Kepler-980,b,1,1,1,Transit,0,11.55102504,2.754E-05,-2.754E-05,0,,,,,2.67,0.23,-0.45,0,0.238,0.021,-0.04,0,,,,,,,,,,,,,,,,,,,,,,,,,,,,,,,,,,,,,,,,,,,,,,,,,,,,,,,,,,,,,3.714,0.114,-0.114,0,,,,,0.02253,0.00074,-0.00364,0,,,,,,,,,,,,,,,,,,,,,,,,,5935,98.9,-92.58,0,1.06,0.09,-0.07,0,1.05,0.05,-0.04,0,0.01,0.092,-0.089,0,[Fe/H],,,,,4.41,0.05,-0.06,0,3.55,1.92,-1.68,0,,,,,,,,,,,,,,,,,961.468,16.671,-16.671,1.01146,0.0178935,-0.0178935
Kepler-981 b,Kepler-981,b,1,1,1,Transit,0,4.46975774,5.86E-06,-5.86E-06,0,,,,,2.31,0.3,-0.18,0,0.206,0.027,-0.016,0,,,,,,,,,,,,,,,,,,,,,,,,,,,,,,,,,,,,,,,,,,,,,,,,,,,,,,,,,,,,,1.8062,0.0393,-0.0393,0,,,,,0.0223,0.00058,-0.00039,0,,,,,,,,,,,,,,,,,,,,,,,,,5718,78.23,-82.87,0,0.96,0.12,-0.07,0,0.98,0.04,-0.05,0,0.01,0.146,-0.178,0,[Fe/H],,,,,4.47,0.05,-0.11,0,4.07,3.8,-2.32,0,,,,,,,,,,,,,,,,,878.082,14.1885,-14.1885,1.11012,0.018261,-0.018261
Kepler-982 b,Kepler-982,b,1,1,1,Transit,0,15.7738221,4.115E-05,-4.115E-05,0,,,,,2.25,0.47,-0.27,0,0.201,0.042,-0.024,0,,,,,,,,,,,,,,,,,,,,,,,,,,,,,,,,,,,,,,,,,,,,,,,,,,,,,,,,,,,,,4.9443,0.0619,-0.0619,0,,,,,0.01626,0.00048,-0.00017,0,,,,,,,,,,,,,,,,,,,,,,,,,6139,54.99,-62.95,0,1.29,0.27,-0.15,0,1.16,0.07,-0.05,0,0.05,0.086,-0.081,0,[Fe/H],,,,,4.28,0.1,-0.14,0,3.55,0.86,-1.32,0,,,,,,,,,,,,,,,,,801.479,15.332,-14.778,1.21915,0.0232535,-0.0232535
Kepler-983 b,Kepler-983,b,1,1,1,Transit,0,60.0855082,0.0002611,-0.0002611,0,,,,,2.36,0.07,-0.18,0,0.211,0.006,-0.016,0,,,,,,,,,,,,,,,,,,,,,,,,,,,,,,,,,,,,,,,,,,,,,,,,,,,,,,,,,,,,,6.929,0.107,-0.107,0,,,,,0.02024,0.00025,-0.00142,0,,,,,,,,,,,,,,,,,,,,,,,,,6052,50.95,-47.66,0,1.08,0.03,-0.03,0,1.13,0.03,-0.02,0,0.12,0.072,-0.081,0,[Fe/H],,,,,4.42,0.02,-0.02,0,1.41,0.403,-0.25,0,,,,,,,,,,,,,,,,,714.437,,,,,
Kepler-984 b,Kepler-984,b,1,1,1,Transit,0,43.0342272,0.0001479,-0.0001479,0,,,,,2.12,0.13,-0.11,0,0.189,0.012,-0.01,0,,,,,,,,,,,,,,,,,,,,,,,,,,,,,,,,,,,,,,,,,,,,,,,,,,,,,,,,,,,,,6.0726,0.0897,-0.0897,0,,,,,0.02056,0.00047,-0.00053,0,,,,,,,,,,,,,,,,,,,,,,,,,5610,94.38,-91.79,0,0.93,0.05,-0.04,0,0.96,0.04,-0.04,0,0.04,0.104,-0.105,0,[Fe/H],,,,,4.49,0.04,-0.05,0,3.98,3.02,-2.17,0,,,,,,,,,,,,,,,,,460.188,3.22,-3.176,2.1442,0.0149877,-0.0149877
Kepler-985 b,Kepler-985,b,1,1,1,Transit,0,116.331901,0.001381,-0.001381,0,,,,,2.98,0.14,-0.15,0,0.266,0.012,-0.013,0,,,,,,,,,,,,,,,,,,,,,,,,,,,,,,,,,,,,,,,,,,,,,,,,,,,,,,,,,,,,,6.865,0.214,-0.214,0,,,,,0.03244,0.00112,-0.00129,0,,,,,,,,,,,,,,,,,,,,,,,,,5434,75.03,-61.79,0,0.85,0.03,-0.03,0,0.91,0.03,-0.04,0,0,0.098,-0.111,0,[Fe/H],,,,,4.54,0.02,-0.03,0,3.39,2.53,-2,0,,,,,,,,,,,,,,,,,679.361,9.344,-9.097,1.44331,0.0198246,-0.0198246
Kepler-986 b,Kepler-986,b,1,1,1,Transit,0,56.4349938,0.0001446,-0.0001446,0,,,,,2.36,0.29,-0.19,0,0.211,0.026,-0.017,0,,,,,,,,,,,,,,,,,,,,,,,,,,,,,,,,,,,,,,,,,,,,,,,,,,,,,,,,,,,,,4.7029,0.0713,-0.0713,0,,,,,0.02166,0.00069,-0.00034,0,,,,,,,,,,,,,,,,,,,,,,,,,5642,74.24,-60.93,0,0.98,0.12,-0.08,0,0.96,0.04,-0.04,0,0.04,0.096,-0.101,0,[Fe/H],,,,,4.43,0.08,-0.1,0,6.17,3.54,-3.84,0,,,,,,,,,,,,,,,,,548.364,5.8855,-5.8855,1.79493,0.0194236,-0.0194236
Kepler-987 b,Kepler-987,b,1,1,1,Transit,0,105.3033148,0.0004783,-0.0004783,0,,,,,3.26,0.16,-0.12,0,0.291,0.014,-0.011,0,,,,,,,,,,,,,,,,,,,,,,,,,,,,,,,,,,,,,,,,,,,,,,,,,,,,,,,,,,,,,6.12,0.118,-0.118,0,,,,,0.03335,0.00111,-0.00057,0,,,,,,,,,,,,,,,,,,,,,,,,,5637,69.85,-60.98,0,0.91,0.03,-0.03,0,0.97,0.03,-0.03,0,0.01,0.104,-0.102,0,[Fe/H],,,,,4.51,0.02,-0.03,0,2.45,1.78,-1.01,0,,,,,,,,,,,,,,,,,914.126,17.001,-16.401,1.06528,0.0198314,-0.0198314
Kepler-988 b,Kepler-988,b,1,1,1,Transit,0,17.76080053,2.728E-05,-2.728E-05,0,,,,,2.07,0.47,-0.16,0,0.185,0.042,-0.014,0,,,,,,,,,,,,,,,,,,,,,,,,,,,,,,,,,,,,,,,,,,,,,,,,,,,,,,,,,,,,,1.686,0.0432,-0.0432,0,,,,,0.03554,0.00803,-0.00249,0,,,,,,,,,,,,,,,,,,,,,,,,,4005,43.58,-41.86,0,0.53,0.02,-0.02,0,0.55,0.02,-0.02,0,-0.32,0.103,-0.095,0,[Fe/H],,,,,4.73,0.02,-0.02,0,3.16,4.32,-1.62,0,,,,,,,,,,,,,,,,,304.889,2.6495,-2.6495,3.2513,0.028287,-0.028287
Kepler-989 b,Kepler-989,b,1,1,1,Transit,0,7.96431535,9.62E-06,-9.62E-06,0,,,,,2.21,0.14,-0.13,0,0.197,0.012,-0.012,0,,,,,,,,,,,,,,,,,,,,,,,,,,,,,,,,,,,,,,,,,,,,,,,,,,,,,,,,,,,,,1.498,0.0474,-0.0474,0,,,,,0.02575,0.00104,-0.0008,0,,,,,,,,,,,,,,,,,,,,,,,,,5074,52.66,-53.62,0,0.78,0.04,-0.04,0,0.82,0.04,-0.04,0,0.01,0.149,-0.175,0,[Fe/H],,,,,4.58,0.03,-0.05,0,4.68,5.77,-2.82,0,,,,,,,,,,,,,,,,,491.978,4.72,-4.632,2.00386,0.019173,-0.019173
Kepler-991 b,Kepler-991,b,1,1,1,Transit,0,82.5342519,0.0003449,-0.0003449,0,,,,,2.54,0.13,-0.12,0,0.227,0.012,-0.011,0,,,,,,,,,,,,,,,,,,,,,,,,,,,,,,,,,,,,,,,,,,,,,,,,,,,,,,,,,,,,,4.8336,0.0991,-0.0991,0,,,,,0.03754,0.00142,-0.0011,0,,,,,,,,,,,,,,,,,,,,,,,,,4392,55.21,-44.76,0,0.61,0.02,-0.02,0,0.64,0.03,-0.03,0,-0.25,0.099,-0.121,0,[Fe/H],,,,,4.67,0.01,-0.02,0,3.47,4.22,-1.9,0,,,,,,,,,,,,,,,,,389.561,3.851,-3.777,2.5384,0.0249399,-0.0249399
Kepler-992 b,Kepler-992,b,1,1,1,Transit,0,20.16034462,5.016E-05,-5.016E-05,0,,,,,1.62,0.04,-0.27,0,0.145,0.004,-0.024,0,,,,,,,,,,,,,,,,,,,,,,,,,,,,,,,,,,,,,,,,,,,,,,,,,,,,,,,,,,,,,3.8215,0.0793,-0.0793,0,,,,,0.02024,9E-05,-0.0033,0,,,,,,,,,,,,,,,,,,,,,,,,,4944,43.61,-46.1,0,0.74,0.02,-0.02,0,0.8,0.03,-0.03,0,-0.04,0.101,-0.098,0,[Fe/H],,,,,4.6,0.01,-0.01,0,3.02,2.64,-1.3,0,,,,,,,,,,,,,,,,,259.639,1.096,-1.087,3.82261,0.0160741,-0.0160741
Kepler-993 b,Kepler-993,b,1,1,1,Transit,0,22.08557563,4.655E-05,-4.655E-05,0,,,,,2.97,0.18,-0.12,0,0.265,0.016,-0.011,0,,,,,,,,,,,,,,,,,,,,,,,,,,,,,,,,,,,,,,,,,,,,,,,,,,,,,,,,,,,,,2.1619,0.0495,-0.0495,0,,,,,0.0496,0.00253,-0.00096,0,,,,,,,,,,,,,,,,,,,,,,,,,3843,50.16,-46.25,0,0.54,0.02,-0.02,0,0.57,0.02,-0.02,0,0.03,0.09,-0.094,0,[Fe/H],,,,,4.72,0.02,-0.01,0,3.89,5.38,-2.16,0,,,,,,,,,,,,,,,,,324.423,4.4905,-4.4905,3.05439,0.0423322,-0.0423322
Kepler-994 b,Kepler-994,b,1,1,1,Transit,0,1.15116651,5.7E-07,-5.7E-07,0,,,,,1.6,0.07,-0.27,0,0.143,0.006,-0.024,0,,,,,,,,,,,,,,,,,,,,,,,,,,,,,,,,,,,,,,,,,,,,,,,,,,,,,,,,,,,,,1.1881,0.0246,-0.0246,0,,,,,0.02703,0.0005,-0.00439,0,,,,,,,,,,,,,,,,,,,,,,,,,3934,38.91,-35.14,0,0.54,0.02,-0.02,0,0.56,0.03,-0.03,0,-0.13,0.098,-0.098,0,[Fe/H],,,,,4.72,0.02,-0.02,0,3.24,4.3,-1.64,0,,,,,,,,,,,,,,,,,188.158,0.7305,-0.7305,5.28582,0.0204806,-0.0204806
Kepler-995 b,Kepler-995,b,1,1,1,Transit,0,28.26731672,8.643E-05,-8.643E-05,0,,,,,2.7,0.19,-0.17,0,0.241,0.017,-0.015,0,,,,,,,,,,,,,,,,,,,,,,,,,,,,,,,,,,,,,,,,,,,,,,,,,,,,,,,,,,,,,4.5693,0.0787,-0.0787,0,,,,,0.03121,0.00111,-0.00041,0,,,,,,,,,,,,,,,,,,,,,,,,,5206,110.94,-74.71,0,0.8,0.05,-0.05,0,0.83,0.04,-0.05,0,-0.07,0.148,-0.17,0,[Fe/H],,,,,4.57,0.03,-0.06,0,5.01,6.05,-3.2,0,,,,,,,,,,,,,,,,,609.638,9.12,-8.859,1.61178,0.0240011,-0.0240011
Kepler-996 b,Kepler-996,b,1,1,1,Transit,0,3.77059058,8.06E-06,-8.06E-06,0,,,,,1.98,0.63,-0.25,0,0.177,0.056,-0.022,0,,,,,,,,,,,,,,,,,,,,,,,,,,,,,,,,,,,,,,,,,,,,,,,,,,,,,,,,,,,,,2.0254,0.0536,-0.0536,0,,,,,0.01635,0.00057,-0.00032,0,,,,,,,,,,,,,,,,,,,,,,,,,6014,114.4,-152.18,0,1.14,0.36,-0.14,0,1.09,0.09,-0.08,0,0.03,0.131,-0.155,0,[Fe/H],,,,,4.36,0.1,-0.2,0,3.63,1.81,-1.77,0,,,,,,,,,,,,,,,,,1216.58,28.08,-28.08,0.79341,0.0188216,-0.0188216
Kepler-997 b,Kepler-997,b,1,1,1,Transit,0,2.70730672,5.52E-06,-5.52E-06,0,,,,,1.36,0.33,-0.26,0,0.121,0.029,-0.023,0,,,,,,,,,,,,,,,,,,,,,,,,,,,,,,,,,,,,,,,,,,,,,,,,,,,,,,,,,,,,,3.4623,0.0491,-0.0491,0,,,,,0.00791,0.00022,-0.0001,0,,,,,,,,,,,,,,,,,,,,,,,,,6150,62.57,-54.96,0,1.56,0.37,-0.3,0,1.22,0.15,-0.08,0,0.05,0.081,-0.077,0,[Fe/H],,,,,4.14,0.15,-0.14,0,3.63,0.82,-0.69,0,,,,,,,,,,,,,,,,,467.568,5.707,-5.574,2.11017,0.0256027,-0.0256027
Kepler-998 b,Kepler-998,b,1,1,1,Transit,0,5.65377733,1.059E-05,-1.059E-05,0,,,,,2.32,0.61,-0.3,0,0.207,0.054,-0.027,0,,,,,,,,,,,,,,,,,,,,,,,,,,,,,,,,,,,,,,,,,,,,,,,,,,,,,,,,,,,,,1.9612,0.049,-0.049,0,,,,,0.01845,0.00042,-0.00052,0,,,,,,,,,,,,,,,,,,,,,,,,,6058,104.5,-165.4,0,1.18,0.31,-0.15,0,1.12,0.1,-0.08,0,0.07,0.142,-0.149,0,[Fe/H],,,,,4.34,0.1,-0.17,0,3.31,1.55,-1.53,0,,,,,,,,,,,,,,,,,986.364,15.666,-15.197,0.985108,0.0157412,-0.0157412
Kepler-999 b,Kepler-999,b,1,1,1,Transit,0,5.99185702,8.17E-06,-8.17E-06,0,,,,,2.34,0.65,-0.49,0,0.209,0.058,-0.044,0,,,,,,,,,,,,,,,,,,,,,,,,,,,,,,,,,,,,,,,,,,,,,,,,,,,,,,,,,,,,,1.622,0.036,-0.036,0,,,,,0.0125,0.00032,-0.00026,0,,,,,,,,,,,,,,,,,,,,,,,,,6237,104.45,-85.91,0,1.65,0.46,-0.34,0,1.29,0.16,-0.12,0,0.05,0.091,-0.068,0,[Fe/H],,,,,4.11,0.16,-0.16,0,3.09,0.7,-0.62,0,,,,,,,,,,,,,,,,,545.063,8.197,-7.962,1.80632,0.0269834,-0.0269834
L 168-9 b,L 168-9,b,1,1,1,Transit,0,1.4015,0.00018,-0.00018,0,0.02091,0.00024,-0.00024,0,1.39,0.09,-0.09,0,0.124,0.008,-0.008,0,4.6,0.56,-0.56,0,0.01447,0.00176,-0.00176,0,,,,,,,,,,,,,,,,,4.6,0.56,-0.56,0,0.01447,0.00176,-0.00176,0,9.6,2.4,-1.8,0,0.21,,,1,,,,,965,20,-20,0,85.5,0.8,-0.7,0,,,,,,,,,,,,,7.61,0.31,-0.31,0,0.0212,0.001,-0.001,0,,,,,,,,,,,,,3.66,0.47,-0.46,0,,,,,,,,,3800,70,-70,0,0.6,0.02,-0.02,0,0.62,0.03,-0.03,0,0.04,0.17,-0.17,0,[Fe/H],-1.172,0.015,-0.016,0,4.04,0.49,-0.49,0,,,,,,,,,,,,,29.8,1.3,-1.3,0,,,,,25.1496,0.0239,-0.0239,39.7331,0.0375264,-0.0375264
LHS 1478 b,LHS 1478,b,1,1,1,Transit,0,1.9495378,4E-06,-4.1E-06,0,0.01848,0.00061,-0.00063,0,1.242,0.051,-0.049,0,0.111,0.005,-0.004,0,2.33,0.2,-0.2,0,0.00733,0.00063,-0.00063,0,,,,,,,,,,,,,,,,,2.33,0.2,-0.2,0,0.00733,0.00063,-0.00063,0,6.67,1.03,-0.89,0,,,,,,,,,595,10,-10,0,87.452,0.052,-0.048,0,0.717,0.012,-0.013,0,,,,,0.705,0.011,-0.011,0,16.119,0.088,-0.094,0,0.0462,0.0011,-0.001,0,,,,,,,,,,,,,3.13,0.23,-0.25,0,,,,,,,,,3381,54,-54,0,0.25,0.01,-0.01,0,0.24,0.01,-0.01,0,-0.13,0.19,-0.19,0,[Fe/H],-2.146,0.007,-0.007,0,4.87,0.06,-0.06,0,,,,,22.2,2.5,-2.5,0,2,,,1,,,,,,,,,18.2276,0.011,-0.011,54.8329,0.0328048,-0.0328048
LHS 1815 b,LHS 1815,b,1,1,1,Transit,0,3.81433,3E-05,-3E-05,0,0.0404,0.0094,-0.0094,0,1.088,0.064,-0.064,0,0.097,0.006,-0.006,0,8.7,,,1,0.02737,,,1,,,,,,,,,,,,,,,,,8.7,,,1,0.02737,,,1,,,,,0,,,0,,,,,617,84,-84,0,88.125,1.113,-1.113,0,,,,,,,,,,,,,17.403,2.816,-2.816,0,0.0199,0.0009,-0.0009,0,,,,,,,,,90,,,0,2.7,1,-1,0,,,,,,,,,3643,142,-142,0,0.5,0.03,-0.03,0,0.5,0.01,-0.01,0,-0.12,0.09,-0.09,0,[Fe/H],-1.387,0.04,-0.045,0,4.77,0.03,-0.03,0,,,,,5.6,2.7,-2.7,0,,,,,47.8,0.7,-0.7,0,,,,,29.8424,0.0239,-0.0239,33.4805,0.0266652,-0.0266652
LHS 3844 b,LHS 3844,b,1,1,1,Transit,0,0.46292913,1.9E-06,-1.9E-06,0,0.00622,0.00017,-0.00017,0,1.303,0.022,-0.022,0,0.116,0.002,-0.002,0,,,,,,,,,,,,,,,,,,,,,,,,,,,,,,,,,,,,,,,,,70.1,0.5,-0.5,0,805,20,-20,0,88.5,0.51,-0.51,0,0.186,0.064,-0.064,0,,,,,0.5212,0.0047,-0.0047,0,7.109,0.029,-0.029,0,0.0635,0.0009,-0.0009,0,,,,,,,,,,,,,,,,,,,,,,,,,3036,77,-77,0,0.19,0.01,-0.01,0,0.15,0.01,-0.01,0,,,,,,-2.565,0.06,-0.069,0,5.06,0.01,-0.01,0,,,,,31.73,0.39,-0.39,0,,,,,,,,,,,,,14.8846,0.0113,-0.0113,67.1548,0.0505991,-0.0505991
LP 714-47 b,LP 714-47,b,1,1,1,Transit,0,4.052037,4E-06,-4E-06,0,0.0417,0.0005,-0.0005,0,4.7,0.3,-0.3,0,0.419,0.027,-0.027,0,30.8,1.5,-1.5,0,0.09691,0.00472,-0.00472,0,,,,,,,,,,,,,,,,,30.8,1.5,-1.5,0,0.09691,0.00472,-0.00472,0,1.7,0.3,-0.3,0,0.04,0.02,-0.02,0,,,,,700,19,-24,0,87.3,0.2,-0.2,0,,,,,,,,,,,,,15.9,1,-0.7,0,0.0751,0.0009,-0.0009,0,,,,,2458439.8,0.23,-0.23,0,219,19,-19,0,17.6,0.8,-0.8,0,,,,,,,,,3950,51,-51,0,0.58,0.02,-0.02,0,0.59,0.02,-0.02,0,0.41,0.16,-0.16,0,[Fe/H],-1.125,0.006,-0.006,0,4.64,0.04,-0.04,0,,,,,,,,,2,,,1,33,3,-3,0,,,,,52.616,0.11525,-0.11525,18.9768,0.0413199,-0.0413199
LTT 9779 b,LTT 9779,b,1,1,1,Transit,0,0.792052,9.3E-06,-9.3E-06,0,0.01679,0.00014,-0.00012,0,4.72,0.23,-0.23,0,0.421,0.021,-0.021,0,29.32,0.78,-0.81,0,0.09225,0.00245,-0.00255,0,,,,,,,,,,,,,,,,,29.32,0.78,-0.81,0,0.09225,0.00245,-0.00255,0,1.536,0.123,-0.123,0,0,,,0,,,,,1978,19,-19,0,76.39,0.43,-0.43,0,,,,,,,,,,,,,3.877,0.09,-0.091,0,0.0455,0.0022,-0.0017,0,,,,,,,,,90,,,0,19.65,0.43,-0.43,0,,,,,,,,,5443,14,-13,0,0.95,0.01,-0.01,0,0.77,0.29,-0.21,0,0.27,0.03,-0.03,0,[Fe/H],-0.149,0.006,-0.006,0,4.35,0.16,-0.12,0,1.9,1.7,-1.2,0,1.81,0.06,-0.07,0,1.06,0.37,-0.37,0,45,,,0,,,,,80.4373,0.3174,-0.315,12.4034,0.0485073,-0.0485073
Lupus-TR-3 b,Lupus-TR-3,b,1,1,1,Transit,0,3.91405,4E-05,-4E-05,0,0.0464,0.0007,-0.0007,0,9.976,0.785,-0.785,0,0.89,0.07,-0.07,0,257.431,57.207,-57.207,0,0.81,0.18,-0.18,0,,,,,,,,,,,,,,,,,257.431,57.207,-57.207,0,0.81,0.18,-0.18,0,1.4,0.4,-0.4,0,0,,,0,,,,,,,,,88.3,1.3,-0.8,0,,,,,,,,,,,,,,,,,,,,,,,,,,,,,,,,,,,,,,,,,,,,,5000,150,,0,0.82,0.05,,0,0.87,0.04,,0,,,,,,,,,,,,,,,,,,,,,,,,,,,,,,,,,,773.409,333.601,-179.29,1.37032,0.296491,-0.296491
MASCARA-1 b,MASCARA-1,b,1,1,1,Transit,0,2.14878,8E-06,-8E-06,0,0.043,0.005,-0.005,0,16.814,3.363,-3.363,0,1.5,0.3,-0.3,0,1175.971,286.047,-286.047,0,3.7,0.9,-0.9,0,,,,,,,,,,,,,,,,,1175.971,286.047,-286.047,0,3.7,0.9,-0.9,0,1.5,0.9,-0.9,0,0,,,0,,,,,2570,50,-30,0,87,2,-3,0,0.2,0.1,-0.1,0,,,,,4.05,0.03,-0.03,0,,,,,0.0735,0.0007,-0.0007,0,,,,,,,,,,,,,,,,,69.5,3,-3,0,,,,,7554,150,-150,0,2.1,0.2,-0.2,0,1.72,0.07,-0.07,0,0,,,0,[Fe/H],1.176,0.125,-0.176,0,4,,,0,1,0.2,-0.2,0,0.33,0.02,-0.04,0,109,4,-4,0,,,,,,,,,182.273,1.963,-1.922,5.45835,0.0580131,-0.0580131
NGTS-1 b,NGTS-1,b,1,1,1,Transit,0,2.647298,2E-05,-2E-05,0,0.0326,0.0047,-0.0045,0,14.908,6.837,-3.699,0,1.33,0.61,-0.33,0,258.07796,20.97678,-23.83725,0,0.812,0.066,-0.075,0,,,,,,,,,,,,,,,,,258.07796,20.97678,-23.83725,0,0.812,0.066,-0.075,0,0.42,0.59,-0.28,0,0.016,0.023,-0.012,0,65.3,5.1,-5.1,0,790,20,-20,0,85.27,0.61,-0.73,0,0.9948,0.13,-0.088,0,,,,,1.23,0.04,-0.04,0,12.2,0.7,-0.7,0,0.239,0.1,-0.054,0,,,,,,,,,,,,,166,11,-11,0,,,,,,,,,3916,71,-63,0,0.57,0.08,-0.08,0,0.62,0.02,-0.06,0,0,,,0,[M/H],,,,,4.71,0.23,-0.23,0,,,,,4.4,2.4,-1.4,0,1,,,1,,,,,97.18,0.01,-0.01,0,218.121,1.037,-1.037,4.55577,0.0216342,-0.0216342
NGTS-10 b,NGTS-10,b,1,1,1,Transit,0,0.7668944,3E-07,-3E-07,0,0.0143,0.001,-0.001,0,13.507,1.311,-0.93,0,1.205,0.117,-0.083,0,687.14846,29.24036,-34.00781,0,2.162,0.092,-0.107,0,,,,,,,,,,,,,,,,,687.14846,29.24036,-34.00781,0,2.162,0.092,-0.107,0,1.43,0.354,-0.404,0,0,,,0,,,,,1332,49,-54,0,,,,,0.8523,0.0316,-0.0197,0,,,,,1.091,0.019,-0.019,0,4.447,0.123,-0.141,0,0.1765,0.011,-0.007,0,,,,,,,,,,,,,594.9,7.7,-6.3,0,,,,,,,,,4600,150,-150,0,0.7,0.04,-0.04,0,0.7,0.04,-0.04,0,-0.02,0.12,-0.12,0,[M/H],,,,,4.59,0.02,-0.02,0,10.4,2.5,-2.5,0,,,,,4,0.6,-0.6,0,17.29,0.01,-0.01,0,39.09,0.01,-0.01,0,,,,,,
NGTS-11 b,NGTS-11,b,1,1,1,Transit,0,35.45533,0.00019,-0.00019,0,0.201,0.0021,-0.0022,0,9.158,0.314,-0.359,0,0.817,0.028,-0.032,0,109.33352,29.24036,-23.20159,0,0.344,0.092,-0.073,0,,,,,,,,,,,,,,,,,109.33352,29.24036,-23.20159,0,0.344,0.092,-0.073,0,0.78,0.21,-0.17,0,0.13,0.1,-0.09,0,,,,,435,34,-32,0,89.16,0.2,-0.29,0,0.81,0.13,-0.1,0,,,,,3.59,0.18,-0.37,0,54.6,8.6,-7.5,0,0.101,0.003,-0.0037,0,,,,,,,,,32,53,-76,0,21.2,4.6,-4.1,0,,,,,,,,,5050,80,-80,0,0.83,0.01,-0.01,0,0.86,0.03,-0.03,0,0.22,0.08,-0.08,0,[Fe/H],,,,,4.5,0.1,-0.1,0,3.9,1.6,-1.6,0,2.109,0.12,-0.12,0,1.1,0.8,-0.8,0,,,,,21.41,0,0,0,190.422,1.777,-1.744,5.22313,0.0481891,-0.0481891
NGTS-12 b,NGTS-12,b,1,1,1,Transit,0,7.532806,4.8E-05,-4.8E-05,0,0.0757,0.0014,-0.0014,0,11.747,0.359,-0.359,0,1.048,0.032,-0.032,0,66.10864,6.99226,-6.99226,0,0.208,0.022,-0.022,0,,,,,,,,,,,,,,,,,66.10864,6.99226,-6.99226,0,0.208,0.022,-0.022,0,0.223,0.029,-0.029,0,0,,,0,416,46,-46,0,1257,34,-34,0,88.9,0.76,-0.76,0,0.2,0.13,-0.13,0,,,,,5.85,0.073,-0.073,0,10.28,0.21,-0.31,0,0.0678,0.0012,-0.0012,0,,,,,,,,,,,,,21.3,2.1,-2.1,0,,,,,,,,,5690,130,-130,0,1.59,0.04,-0.04,0,1.02,0.06,-0.05,0,-0.03,0.11,-0.11,0,[Fe/H],,,,,4.04,0.04,-0.04,0,9.4,1.5,-1.5,0,0.359,0.039,-0.039,0,0.5,,,1,,,,,-12.6,0,0,0,446.442,7.706,-7.453,2.21177,0.0377326,-0.0377326
NGTS-13 b,NGTS-13,b,1,1,1,Transit,0,4.119027,2.3E-05,-2.3E-05,0,0.0549,0.0015,-0.0025,0,12.801,0.516,-0.516,0,1.142,0.046,-0.046,0,1538.2972,139.8452,-139.8452,0,4.84,0.44,-0.44,0,,,,,,,,,,,,,,,,,1538.2972,139.8452,-139.8452,0,4.84,0.44,-0.44,0,4.02,0.55,-0.55,0,0.086,0.034,-0.034,0,1096,90,-90,0,1605,30,-30,0,88.7,1.2,-1.2,0,0.156,0.145,-0.145,0,0.43,0.04,-0.04,0,5.2224,0.072,-0.072,0,,,,,,,,,,,,,,,,,-146.4,24.2,-24.2,0,526.1,29.5,-29.5,0,,,,,,,,,5819,73,-73,0,1.79,0.06,-0.06,0,1.3,0.11,-0.18,0,0.25,0.17,-0.17,0,[Fe/H],0.517,0.027,-0.029,0,4.04,0.05,-0.05,0,4.23,2.65,-1.59,0,0.31,0.04,-0.04,0,6.2,1.2,-1.2,0,,,,,,,,,647.595,15.059,-14.402,1.51604,0.0348444,-0.0348444
NGTS-15 b,NGTS-15,b,1,1,1,Transit,0,3.27623,1E-05,-1E-05,0,0.0441,0.0046,-0.0046,0,12.33,1.121,-1.121,0,1.1,0.1,-0.1,0,238.68913,32.4185,-27.9689,0,0.751,0.102,-0.088,0,,,,,,,,,,,,,,,,,238.68913,32.4185,-27.9689,0,0.751,0.102,-0.088,0,0.74,0.11,-0.1,0,0,,,0,425,98,-98,0,1146,47,-47,0,,,,,0.509,0.086,-0.112,0,,,,,2.504,0.06,-0.058,0,10,0.59,-0.59,0,0.119,0.003,-0.003,0,,,,,,,,,,,,,106,7,-7,0,,,,,,,,,5600,150,-150,0,0.95,0.08,-0.08,0,0.99,0.03,-0.03,0,0.15,0.1,-0.1,0,[Fe/H],,,,,4.4,0.12,-0.13,0,3.28,4.23,-3.56,0,,,,,2,,,1,,,,,34.68,0.04,-0.04,0,786.485,10.685,-10.408,1.2425,0.0169234,-0.0169234
NGTS-16 b,NGTS-16,b,1,1,1,Transit,0,4.84532,2E-05,-2E-05,0,0.0523,0.0064,-0.0064,0,14.572,1.457,-1.345,0,1.3,0.13,-0.12,0,211.99155,49.89906,-40.99986,0,0.667,0.157,-0.129,0,,,,,,,,,,,,,,,,,211.99155,49.89906,-40.99986,0,0.667,0.157,-0.129,0,0.38,0.19,-0.12,0,0,,,0,480,115,-115,0,1177,59,-59,0,,,,,0.807,0.049,-0.036,0,,,,,3.061,0.143,-0.136,0,9.29,0.83,-0.83,0,0.11,0.005,-0.005,0,,,,,,,,,,,,,74,14,-12,0,,,,,,,,,5550,150,-150,0,1.21,0.11,-0.11,0,1,0.03,-0.03,0,0.35,0.1,-0.1,0,[Fe/H],,,,,4.35,0.18,-0.16,0,10.29,1.57,-1.48,0,,,,,2.5,0.8,-0.8,0,,,,,29.13,0.01,-0.01,0,898.168,17.701,-17.042,1.08419,0.0213777,-0.0213777
NGTS-17 b,NGTS-17,b,1,1,1,Transit,0,3.24253,1E-05,-1E-05,0,0.0391,0.0043,-0.0043,0,13.899,1.233,-1.233,0,1.24,0.11,-0.11,0,242.8209,61.97654,-52.12386,0,0.764,0.195,-0.164,0,,,,,,,,,,,,,,,,,242.8209,61.97654,-52.12386,0,0.764,0.195,-0.164,0,0.5,0.27,-0.17,0,0,,,0,1160,250,-250,0,1457,50,-50,0,,,,,0.688,0.043,-0.056,0,,,,,3.391,0.076,-0.073,0,6.28,0.4,-0.4,0,0.095,0.001,-0.001,0,,,,,,,,,,,,,93,20,-17,0,,,,,,,,,5650,100,-100,0,1.34,0.12,-0.12,0,1.02,0.03,-0.03,0,0.15,0.1,-0.1,0,[Fe/H],,,,,4,0.12,-0.12,0,9.22,1.41,-1.4,0,,,,,4.1,1,-1,0,,,,,34.81,0.07,-0.07,0,1040.28,22.05,-21.16,0.932059,0.0198214,-0.0198214
NGTS-18 b,NGTS-18,b,1,1,1,Transit,0,3.05125,1E-05,-1E-05,0,0.0448,0.0068,-0.0068,0,13.563,2.018,-2.018,0,1.21,0.18,-0.18,0,129.99182,25.7441,-20.02319,0,0.409,0.081,-0.063,0,,,,,,,,,,,,,,,,,129.99182,25.7441,-20.02319,0,0.409,0.081,-0.063,0,0.28,0.25,-0.12,0,0,,,0,845,270,-270,0,1381,55,-53,0,,,,,0.183,0.147,-0.115,0,,,,,3.601,0.055,-0.047,0,6.97,0.27,-0.27,0,0.089,0.001,-0.001,0,,,,,,,,,,,,,62,5,-5,0,,,,,,,,,5610,150,-150,0,1.39,0.21,-0.21,0,1,0.03,-0.03,0,0.15,0.1,-0.1,0,[Fe/H],,,,,4.16,0.07,-0.07,0,10.84,1.28,-1.45,0,,,,,0.5,,,1,,,,,5.19,0.02,-0.02,0,1096.19,43.11,-40.02,0.883723,0.0343196,-0.0343196
NGTS-2 b,NGTS-2,b,1,1,1,Transit,0,4.511164,6.1E-05,-6.1E-05,0,0.063,0.0024,-0.003,0,17.878,0.527,-0.504,0,1.595,0.047,-0.045,0,235.1942,41.3179,-38.1396,0,0.74,0.13,-0.12,0,,,,,,,,,,,,,,,,,235.1942,41.3179,-38.1396,0,0.74,0.13,-0.12,0,0.226,0.04,-0.038,0,0,,,0,,,,,1468,45,-42,0,88.5,1,-1.2,0,,,,,,,,,4.651,0.046,-0.038,0,,,,,0.09619,0.00114,-0.00088,0,,,,,,,,,,,,,65.8,9.5,-9.1,0,,,,,,,,,6478,94,-89,0,1.7,0.05,-0.04,0,1.64,0.19,-0.22,0,-0.06,0.09,-0.09,0,[Fe/H],,,,,4.2,0.03,-0.06,0,2.17,0.37,-0.37,0,0.477,0.03,-0.061,0,15.2,0.8,-0.8,0,,,,,-26.36,0.01,-0.01,0,356.391,8.2,-7.845,2.77925,0.0626398,-0.0626398
NGTS-4 b,NGTS-4,b,1,1,1,Transit,0,1.3373508,8E-06,-8E-06,0,0.019,0.005,-0.005,0,3.18,0.26,-0.26,0,0.284,0.023,-0.023,0,20.6,3,-3,0,0.06481,0.00944,-0.00944,0,,,,,,,,,,,,,,,,,20.6,3,-3,0,0.06481,0.00944,-0.00944,0,3.45,0.95,-0.95,0,0,,,0,,,,,1650,400,-400,0,82.5,5.8,-5.8,0,,,,,,,,,1.8,0.1,-0.1,0,4.79,1.21,-1.21,0,0.035,0.003,-0.003,0,,,,,,,,,0,,,0,13.7,1.9,-1.9,0,,,,,,,,,5143,100,-100,0,0.84,0.01,-0.01,0,0.75,0.02,-0.02,0,-0.28,0.1,-0.1,0,[M/H],,,,,4.5,0.1,-0.1,0,,,,,1.91,0.16,-0.16,0,2.75,0.58,-0.58,0,,,,,111.2,0.2,-0.2,0,280.555,1.822,-1.799,3.53558,0.0228266,-0.0228266
NGTS-5 b,NGTS-5,b,1,1,1,Transit,0,3.3569866,2.6E-06,-2.6E-06,0,0.0382,0.0013,-0.0013,0,12.733,0.258,-0.258,0,1.136,0.023,-0.023,0,72.78307,11.75971,-11.75971,0,0.229,0.037,-0.037,0,,,,,,,,,,,,,,,,,72.78307,11.75971,-11.75971,0,0.229,0.037,-0.037,0,,,,,0,,,0,,,,,952,24,-24,0,86.6,0.2,-0.2,0,,,,,,,,,2.21,0.03,-0.03,0,11.111,0.315,-0.296,0,0.1579,0.0016,-0.0016,0,,,,,,,,,,,,,41,5.9,-6.4,0,,,,,,,,,4987,41,-41,0,0.74,0.01,-0.01,0,0.66,0.07,-0.06,0,0.12,0.1,-0.1,0,[Fe/H],,,,,4.52,0.04,-0.04,0,,,,,,,,,,,,,,,,,-5.52,0,0,0,306.779,2.601,-2.558,3.23104,0.0271996,-0.0271996
NGTS-6 b,NGTS-6,b,1,1,1,Transit,0,0.882059,8E-07,-8E-07,0,0.01677,0.00032,-0.00032,0,14.863,1.087,-1.255,0,1.326,0.097,-0.112,0,425.57437,8.89924,-8.89924,0,1.339,0.028,-0.028,0,,,,,,,,,,,,,,,,,425.57437,8.89924,-8.89924,0,1.339,0.028,-0.028,0,0.711,0.214,-0.136,0,0,,,0,,,,,1284,12,-12,0,78.231,0.262,-0.21,0,0.976,0.015,-0.02,0,,,,,,,,,4.784,0.043,-0.048,0,,,,,,,,,,,,,,,,,322,8,-8,0,,,,,,,,,4730,44,-40,0,0.75,0.01,-0.01,0,0.77,0.03,-0.03,0,0.11,0.09,-0.09,0,[Fe/H],-0.592,0.015,-0.016,0,4.7,1.1,-0.7,0,9.77,0.25,-0.54,0,3.9304,0.0815,-0.0812,0,2.851,0.431,-0.431,0,,,,,-19.14,0.01,-0.01,0,308.262,1.418,-1.407,3.21508,0.0147539,-0.0147539
NGTS-8 b,NGTS-8,b,1,1,1,Transit,0,2.4997,1E-05,-1E-05,0,0.035,0.001,-0.001,0,12.218,0.336,-0.336,0,1.09,0.03,-0.03,0,295.5819,12.7132,-9.5349,0,0.93,0.04,-0.03,0,,,,,,,,,,,,,,,,,295.5819,12.7132,-9.5349,0,0.93,0.04,-0.03,0,0.89,0.08,-0.07,0,0.01,0.014,-0.01,0,503,33,-33,0,1345,19,-19,0,86.9,0.5,-0.5,0,,,,,,,,,2.61,0.06,-0.06,0,7.6,0.18,-0.18,0,0.114,0.002,-0.002,0,,,,,,,,,,,,,149.95,3.56,-3.56,0,,,,,,,,,5241,50,-50,0,0.98,0.02,-0.02,0,0.89,0.05,-0.04,0,0.24,0.09,-0.09,0,[Fe/H],,,,,4.41,0.03,-0.03,0,12.48,3.23,-3.68,0,,,,,3.56,0.67,-0.67,0,,,,,,,,,428.976,5.621,-5.481,2.30266,0.029933,-0.029933
NGTS-9 b,NGTS-9,b,1,1,1,Transit,0,4.43527,2E-05,-2E-05,0,0.058,0.003,-0.002,0,11.994,0.673,-0.673,0,1.07,0.06,-0.06,0,921.707,54.0311,-54.0311,0,2.9,0.17,-0.17,0,,,,,,,,,,,,,,,,,921.707,54.0311,-54.0311,0,2.9,0.17,-0.17,0,2.93,0.53,-0.49,0,0.06,0.076,-0.052,0,729,80,-80,0,1448,36,-36,0,84.1,0.4,-0.4,0,,,,,,,,,2.05,0.07,-0.07,0,9.06,0.31,-0.31,0,0.08,0.004,-0.004,0,,,,,,,,,,,,,293.44,15.08,-15.08,0,,,,,,,,,6330,130,-130,0,1.38,0.04,-0.04,0,1.34,0.05,-0.05,0,0.31,0.15,-0.15,0,[Fe/H],,,,,4.37,0.2,-0.2,0,0.96,0.6,-0.6,0,,,,,6.38,1.05,-1.05,0,,,,,,,,,609.128,15.952,-15.171,1.61358,0.0416065,-0.0416065
OGLE-TR-10 b,OGLE-TR-10,b,1,1,1,Transit,0,3.101278,,,0,0.0434,0.0013,-0.0015,0,14.011,1.569,-1.345,0,1.25,0.14,-0.12,0,197.046,44.494,-44.494,0,0.62,0.14,-0.14,0,,,,,,,,,,,,,,,,,197.046,44.494,-44.494,0,0.62,0.14,-0.14,0,0.4,0.18,-0.12,0,,,,,,,,,,,,,90,0,-3.9,0,,,,,1.21,0.044,-0.044,0,,,,,,,,,,,,,,,,,,,,,,,,,,,,,,,,,,,,,5950,130,,0,1.17,0.13,,0,1.14,0.12,,0,,,,,,0.188,0.126,,0,,,,,,,,,,,,,,,,,,,,,,,,,1344.97,111.665,-111.665,0.72138,0.0597319,-0.0597319
OGLE-TR-111 b,OGLE-TR-111,b,1,1,1,Transit,0,4.0144463,1E-06,-1E-06,0,0.0473,0.0015,-0.0014,0,11.422,0.291,-0.291,0,1.019,0.026,-0.026,0,,,,,,,,,,,,,,,,,,,,,,,,,,,,,,,,,,,,,,,,,,,,,,,,,88.3,0.3,-0.2,0,0.35,0.04,-0.06,0,,,,,2.6797,0.0158,-0.0167,0,12.3,0.2,-0.2,0,0.1261,0.001,-0.0011,0,,,,,,,,,,,,,,,,,,,,,,,,,,,,,0.83,0.02,-0.02,0,,,,,,,,,,,,,,,,,,,,,,,,,,,,,,,,,,,,,,1068.33,64.795,-64.795,0.911592,0.0551755,-0.0551755
OGLE-TR-113 b,OGLE-TR-113,b,1,1,1,Transit,0,1.4324752,,,0,0.02289,0.00016,-0.00015,0,12.251,0.314,-0.213,0,1.093,0.028,-0.019,0,400.449,50.851,-50.851,0,1.26,0.16,-0.16,0,,,,,,,,,,,,,,,,,400.449,50.851,-50.851,0,1.26,0.16,-0.16,0,1.2,0.17,-0.16,0,,,,,,,,,,,,,87.8,1.6,-0.62,0,,,,,2.103,0.047,-0.014,0,,,,,,,,,,,,,,,,,,,,,,,,,,,,,,,,,,,,,4790,75,,0,0.77,0.02,,0,0.78,0.02,,0,,,,,,-0.529,0.03,,0,,,,,,,,,,,,,,,,,,,,,,,,,566.459,11.489,-11.05,1.73751,0.034837,-0.034837
OGLE-TR-132 b,OGLE-TR-132,b,1,1,1,Transit,0,1.689868,,,0,0.03035,0.00057,-0.00053,0,13.45,1.68,-1.23,0,1.2,0.15,-0.11,0,375.02,44.49,-41.32,0,1.18,0.14,-0.13,0,,,,,,,,,,,,,,,,,375.02,44.49,-41.32,0,1.18,0.14,-0.13,0,0.85,0.32,-0.26,0,,,,,,,,,2013,77,-108,0,83.4,2.9,-1.3,0,0.56,0.046,-0.22,0,0.917,,,0,,,,,4.76,0.57,-0.3,0,0.0932,0.0015,-0.002,0,,,,,,,,,,,,,167,18,-18,0,,,,,,,,,6210,75,-75,0,1.32,0.17,-0.12,0,1.3,0.07,-0.07,0,0.37,0.1,-0.1,0,[Fe/H],0.371,0.122,-0.102,0,4.31,0.06,-0.09,0,1.2,1.5,-1.1,0,0.72,0.29,-0.13,0,,,,,,,,,,,,,2012.62,231.82,-231.82,0.473468,0.0543767,-0.0543767
OGLE-TR-182 b,OGLE-TR-182,b,1,1,1,Transit,0,3.9791,1E-05,-1E-05,0,0.051,0.001,-0.001,0,12.666,2.69,-0.897,0,1.13,0.24,-0.08,0,320.995,47.672,-47.672,0,1.01,0.15,-0.15,0,,,,,,,,,,,,,,,,,320.995,47.672,-47.672,0,1.01,0.15,-0.15,0,,,,,0,,,0,,,,,,,,,85.7,0.3,-0.3,0,,,,,1.04,0.083,-0.08,0,,,,,,,,,,,,,,,,,,,,,,,,,,,,,,,,,,,,,5924,64,,0,1.14,0.23,,0,1.14,0.05,,0,,,,,,,,,,,,,,,,,,,,,,,,,,,,,,,,,,2501.75,399.855,-399.855,0.374594,0.0588999,-0.0588999
OGLE-TR-211 b,OGLE-TR-211,b,1,1,1,Transit,0,3.67724,3E-05,-3E-05,0,0.051,0.001,-0.001,0,15.244,2.018,-1.009,0,1.36,0.18,-0.09,0,327.351,63.563,-63.563,0,1.03,0.2,-0.2,0,,,,,,,,,,,,,,,,,327.351,63.563,-63.563,0,1.03,0.2,-0.2,0,,,,,0,,,0,,,,,,,,,87.2,,,-1,,,,,0.723,0.07,-0.066,0,4.4112,0.132,-0.132,0,,,,,,,,,,,,,,,,,,,,,,,,,,,,,,,,,6325,91,,0,1.64,0.21,,0,1.33,0.05,,0,,,,,,,,,,,,,,,,,,,,,,,,,,,,,,,,,,1515.26,109.825,-109.825,0.635107,0.0464218,-0.0464218
OGLE-TR-56 b,OGLE-TR-56,b,1,1,1,Transit,0,1.2119189,,,0,0.02383,0.00046,-0.00051,0,15.278,0.009,-0.009,0,1.363,0.092,-0.09,0,441.77,57.21,-54.03,0,1.39,0.18,-0.17,0,,,,,,,,,,,,,,,,,441.77,57.21,-54.03,0,1.39,0.18,-0.17,0,0.68,0.18,-0.14,0,,,,,,,,,2212,61,-63,0,77.6,0.91,-1,0,0.817,0.016,-0.031,0,0.9168,,,0,,,,,3.74,0.19,-0.15,0,0.1027,0.0019,-0.0019,0,,,,,,,,,,,,,225,27,-27,0,,,,,,,,,6050,100,,0,,,,,,,,,,,,,,0.35,0.085,,0,,,,,,,,,,,,,,,,,,,,,,,,,,,,,,
OGLE2-TR-L9 b,OGLE2-TR-L9,b,1,1,1,Transit,0,2.4855335,7E-07,-7E-07,0,0.0308,0.0005,-0.0005,0,18.046,0.448,-0.448,0,1.61,0.04,-0.04,0,1430.175,476.725,-476.725,0,4.5,1.5,-1.5,0,,,,,,,,,,,,,,,,,1430.175,476.725,-476.725,0,4.5,1.5,-1.5,0,,,,,,,,,,,,,,,,,79.8,0.3,-0.3,0,,,,,1.177,0.021,-0.021,0,,,,,,,,,,,,,,,,,,,,,,,,,,,,,,,,,,,,,6933,58,,0,1.53,0.04,,0,1.52,0.08,,0,,,,,,,,,,,,,,,,,,,,,,39.33,0.38,,0,,,,,,,,,1627.63,80.28,-73.2,0.586731,0.0286905,-0.0286905
PH2 b,PH2,b,1,1,1,Transit,0,282.5255,0.001,-0.001,0,0.828,0.009,-0.009,0,10.12,0.56,-0.56,0,0.903,0.05,-0.05,0,,,,,,,,,,,,,,,,,,,,,,,,,,,,,,,,,,,,,0.41,0.08,-0.29,0,,,,,281,7,-7,0,89.83,0.03,-0.02,0,0.512,0.05,-0.066,0,0.9882,0.0126,-0.0126,0,10.5,,,0,176.7,9.5,-9,0,0.092,0.0002,-0.0004,0,,,,,,,,,3.44,53.86,-3.44,0,,,,,,,,,,,,,5629,42,-45,0,1,0.05,-0.05,0,0.94,0.02,-0.02,0,-0.078,0.032,-0.028,0,[Fe/H],-0.102,0.047,-0.046,0,4.41,0.04,-0.04,0,,,,,1.3,0.3,-0.3,0,1.43,0.78,-0.78,0,,,,,,,,,343.863,3.631,-3.557,2.87962,0.0301634,-0.0301634
POTS-1 b,POTS-1,b,1,1,1,Transit,0,3.1606296,1.57E-06,-1.57E-06,0,0.03734,0.0009,-0.0009,0,10.548,0.404,-0.527,0,0.941,0.036,-0.047,0,734.16,244.72,-244.72,0,2.31,0.77,-0.77,0,,,,,,,,,,,,,,,,,734.16,244.72,-244.72,0,2.31,0.77,-0.77,0,,,,,,,,,,,,,,,,,88.06,0.47,-0.34,0,0.459,0.045,-0.073,0,,,,,,,,,,,,,0.16432,0.00176,-0.00218,0,,,,,,,,,,,,,407,117,-117,0,,,,,,,,,4400,200,-200,0,0.59,0.02,-0.03,0,0.69,0.05,-0.05,0,-0.03,0.15,-0.15,0,[Fe/H],,,,,4.63,0.05,-0.05,0,,,,,4.814,,,0,5.3,,,1,,,,,-16.23,,,0,747.959,46.4025,-46.4025,1.31575,0.0805343,-0.0805343
Qatar-1 b,Qatar-1,b,1,1,1,Transit,0,1.4200242,2.2E-07,-2.2E-07,0,0.02332,0.0004,-0.0004,0,12.812,0.291,-0.28,0,1.143,0.026,-0.025,0,411.27202,16.52716,-15.57367,0,1.294,0.052,-0.049,0,409.04721,16.52716,-15.25584,0,1.287,0.052,-0.048,0,411.24,16.616,-16.616,0,1.2939,0.05228,-0.05228,0,411.27202,16.52716,-15.57367,0,1.294,0.052,-0.049,0,1.076,0.057,-0.053,0,0,,,0,,,,,1418,28,-27,0,84.08,0.16,-0.15,0,0.645,0.01,-0.011,0,2.14,0.019,-0.019,0,1.66104,0.00792,-0.00792,0,6.247,0.067,-0.065,0,0.14629,0.00063,-0.00064,0,,,,,,,,,,,,,261.6,5.5,-5.5,0,,,,,,,,,5013,93,-88,0,0.8,0.02,-0.02,0,0.84,0.04,-0.04,0,0.171,0.097,-0.094,0,[Fe/H],-0.438,0.045,-0.042,0,4.55,0.01,-0.01,0,,,,,2.286,0.074,-0.07,0,1.76,0.21,-0.21,0,,,,,,,,,185.615,0.805,-0.797,5.35866,0.0230701,-0.0230701
Qatar-10 b,Qatar-10,b,1,1,1,Transit,0,1.645321,1E-05,-1E-05,0,0.0286,0.0006,-0.0006,0,17.295,0.448,-0.448,0,1.543,0.04,-0.04,0,233.92288,28.6047,-28.6047,0,0.736,0.09,-0.09,0,,,,,,,,,,,,,,,,,233.92288,28.6047,-28.6047,0,0.736,0.09,-0.09,0,0.248,0.036,-0.036,0,0,,,0,,,,,1955,25,-25,0,85.87,0.96,-0.96,0,0.379,0.055,-0.055,0,,,,,2.772,0.0216,-0.0216,0,4.9,0.12,-0.12,0,0.1265,0.001,-0.001,0,,,,,,,,,,,,,114,13,-13,0,,,,,,,,,6124,46,-46,0,1.25,0.03,-0.03,0,1.16,0.07,-0.07,0,0.016,0.089,-0.089,0,[Fe/H],0.3,0.02,-0.021,0,4.3,0.03,-0.03,0,3.2,1.9,-1.9,0,0.823,0.062,-0.062,0,5.9,0.5,-0.5,0,,,,,-25.49,0.1,-0.1,0,559.068,6.085,-5.957,1.7599,0.0191171,-0.0191171
Qatar-2 b,Qatar-2,b,1,1,1,Transit,0,1.33711647,2.6E-07,-2.6E-07,0,0.02153,0.0002,-0.0002,0,14.056,0.146,-0.146,0,1.254,0.013,-0.013,0,792.635,17.162,-17.162,0,2.494,0.054,-0.054,0,,,,,,,,,,,,,,,,,792.635,17.162,-17.162,0,2.494,0.054,-0.054,0,1.573,0.029,-0.029,0,0,,,0,,,,,1344,14,-14,0,86.12,0.08,-0.08,0,,,,,,,,,,,,,,,,,0.1659,0.00044,-0.00044,0,,,,,,,,,,,,,558.7,5.9,-5.9,0,,,,,,,,,4645,50,-50,0,0.78,0.01,-0.01,0,0.74,0.02,-0.02,0,0.02,0.08,-0.08,0,[m/H],,,,,4.53,0.01,-0.01,0,5,,,0,2.241,0.023,-0.023,0,3.28,0.04,-0.04,0,,,,,,,,,181.374,1.218,-1.203,5.4849,0.0365103,-0.0365103
Qatar-3 b,Qatar-3,b,1,1,1,Transit,0,2.5079204,,,0,0.03783,0.00069,-0.00069,0,12.285,1.569,-1.569,0,1.096,0.14,-0.14,0,1369.8473,149.3801,-149.3801,0,4.31,0.47,-0.47,0,,,,,,,,,,,,,,,,,1369.8473,149.3801,-149.3801,0,4.31,0.47,-0.47,0,4,1.2,-1.2,0,0,,,0,1330,287,-287,0,1681,84,-84,0,86.8,2,-2,0,0.35,0.22,-0.22,0,0.789,0.032,-0.032,0,3.1104,0.0816,-0.0816,0,6.39,0.59,-0.59,0,0.0888,0.0018,-0.0018,0,,,,,,,,,,,,,587,58,-58,0,,,,,,,,,6007,52,-52,0,1.27,0.14,-0.14,0,1.15,0.06,-0.06,0,-0.041,0.081,-0.081,0,[Fe/H],0.279,0.094,-0.12,0,4.29,0.08,-0.08,0,0.31,0.001,-0.001,0,0.78,0.2,-0.2,0,10.2,0.5,-0.5,0,6.31,,,0,6.04,0.1,-0.1,0,735.601,33.463,-30.723,1.33157,0.0588221,-0.0588221
Qatar-4 b,Qatar-4,b,1,1,1,Transit,0,1.8053564,,,0,0.02803,0.00048,-0.00048,0,12.722,1.233,-1.233,0,1.135,0.11,-0.11,0,1938.763,171.6282,-171.6282,0,6.1,0.54,-0.54,0,,,,,,,,,,,,,,,,,1938.763,171.6282,-171.6282,0,6.1,0.54,-0.54,0,5.1,1,-1,0,0,,,0,614,88,-88,0,1385,48,-48,0,87.5,1.6,-1.6,0,0.31,0.19,-0.19,0,1.902,0.083,-0.083,0,2.1384,0.0456,-0.0456,0,7.11,0.48,-0.48,0,0.1379,0.003,-0.003,0,,,,,,,,,,,,,1087,88,-88,0,,,,,,,,,5215,50,-50,0,0.85,0.06,-0.06,0,0.9,0.05,-0.05,0,0.103,0.081,-0.081,0,[Fe/H],-0.318,0.064,-0.075,0,4.53,0.06,-0.06,0,0.17,0.01,-0.01,0,2.07,0.038,-0.038,0,7.1,0.5,-0.5,0,6.05,,,0,-28.76,0.1,-0.1,0,329.036,2.891,-2.843,3.01051,0.0262814,-0.0262814
Qatar-5 b,Qatar-5,b,1,1,1,Transit,0,2.8792319,,,0,0.04127,0.00067,-0.00067,0,12.408,0.717,-0.717,0,1.107,0.064,-0.064,0,1373.0256,57.2094,-57.2094,0,4.32,0.18,-0.18,0,,,,,,,,,,,,,,,,,1373.0256,57.2094,-57.2094,0,4.32,0.18,-0.18,0,3.95,0.58,-0.58,0,0,,,0,669,60,-60,0,1415,31,-31,0,88.74,0.87,-0.87,0,0.18,0.16,-0.16,0,1.126,0.028,-0.028,0,2.9088,0.036,-0.036,0,8.27,0.34,-0.34,0,0.1061,0.0013,-0.0013,0,,,,,,,,,,,,,568,15,-15,0,,,,,,,,,5747,49,-49,0,1.08,0.05,-0.05,0,1.13,0.06,-0.06,0,0.377,0.08,-0.08,0,[Fe/H],0.056,0.044,-0.048,0,4.43,0.04,-0.04,0,0.53,0.004,-0.004,0,1.286,0.15,-0.15,0,4.5,0.5,-0.5,0,12.1,,,0,-9.54,0.1,-0.1,0,367.658,8.089,-7.755,2.69255,0.0581376,-0.0581376
Qatar-7 b,Qatar-7,b,1,1,1,Transit,0,2.032046,9.7E-06,-1.4E-05,0,0.0352,0.0002,-0.0002,0,19.055,0.336,-0.336,0,1.7,0.03,-0.03,0,597.5204,79.4575,-79.4575,0,1.88,0.25,-0.25,0,,,,,,,,,,,,,,,,,597.5204,79.4575,-79.4575,0,1.88,0.25,-0.25,0,0.502,0.071,-0.071,0,0,,,0,,,,,2053,15,-15,0,89,1,-1,0,0.08,0.08,-0.08,0,,,,,3.5784,0.0216,-0.0216,0,4.84,0.05,-0.05,0,0.11,0.001,-0.001,0,,,,,,,,,,,,,239,32,-32,0,,,,,,,,,6387,38,-38,0,1.56,0.02,-0.02,0,1.41,0.03,-0.03,0,0.276,0.071,-0.071,0,[Fe/H],0.563,0.015,-0.016,0,4.2,0.03,-0.03,0,1.69,0.25,-0.25,0,0.521,0.016,-0.016,0,13.8,0.5,-0.5,0,5.9,0.2,-0.2,0,-4.7,0.1,-0.1,0,705.981,26.066,-24.305,1.38842,0.0501244,-0.0501244
Qatar-8 b,Qatar-8,b,1,1,1,Transit,0,3.71495,0.001,-0.001,0,0.0474,0.0008,-0.0008,0,14.404,0.247,-0.247,0,1.285,0.022,-0.022,0,117.91493,19.70546,-19.70546,0,0.371,0.062,-0.062,0,,,,,,,,,,,,,,,,,117.91493,19.70546,-19.70546,0,0.371,0.062,-0.062,0,0.216,0.037,-0.037,0,0,,,0,,,,,1457,14,-14,0,89.29,0.7,-0.7,0,0.096,0.093,-0.093,0,,,,,4.0272,0.0408,-0.0408,0,7.761,0.1,-0.1,0,0.1005,0.0008,-0.0008,0,,,,,,,,,,,,,47.7,8,-8,0,,,,,,,,,5738,51,-51,0,1.31,0.02,-0.02,0,1.03,0.05,-0.05,0,0.025,0.071,-0.071,0,[Fe/H],0.228,0.017,-0.018,0,4.21,0.02,-0.02,0,8.3,2.1,-2.1,0,0.641,0.024,-0.024,0,2.7,0.5,-0.5,0,,,,,5.57,0.1,-0.1,0,281.498,2.588,-2.543,3.5238,0.0321317,-0.0321317
Qatar-9 b,Qatar-9,b,1,1,1,Transit,0,1.540731,3.8E-05,-3.8E-05,0,0.0234,0.0003,-0.0003,0,11.31,0.157,-0.157,0,1.009,0.014,-0.014,0,378.2177,50.8528,-50.8528,0,1.19,0.16,-0.16,0,,,,,,,,,,,,,,,,,378.2177,50.8528,-50.8528,0,1.19,0.16,-0.16,0,1.43,0.2,-0.2,0,0,,,0,,,,,1134,9,-9,0,89.23,0.64,-0.64,0,0.097,0.079,-0.079,0,,,,,1.8672,0.0096,-0.0096,0,7.236,0.069,-0.069,0,0.1489,0.0009,-0.0009,0,,,,,,,,,,,,,259,35,-35,0,,,,,,,,,4309,31,-31,0,0.7,0.01,-0.01,0,0.72,0.02,-0.02,0,0.252,0.076,-0.076,0,[Fe/H],-0.821,0.011,-0.012,0,4.61,0.01,-0.01,0,7.5,4.5,-4.5,0,3.015,0.086,-0.086,0,4.3,0.5,-0.5,0,,,,,2.92,0.1,-0.1,0,213.771,0.84,-0.834,4.649,0.0181785,-0.0181785
SWEEPS-11 b,SWEEPS-11,b,1,1,1,Transit,0,1.796,,,0,0.03,,,0,12.666,2.354,-2.354,0,1.13,0.21,-0.21,0,3082.82,1779.77,-1430.17,0,9.7,5.6,-4.5,0,,,,,,,,,,,,,,,,,3082.82,1779.77,-1430.17,0,9.7,5.6,-4.5,0,,,,,,,,,,,,,,,,,,,,,,,,,0.6,,,0,,,,,,,,,,,,,,,,,,,,,,,,,,,,,,,,,,,,,,,,,1.45,,,0,1.1,,,0,,,,,,,,,,,,,,,,,,,,,,,,,,,,,,,,,,,,,,,
SWEEPS-4 b,SWEEPS-4,b,1,1,1,Transit,0,4.2,,,0,0.055,,,0,9.079,1.121,-1.121,0,0.81,0.1,-0.1,0,1207.7,,,0,3.8,,,0,,,,,,,,,,,,,,,,,1207.7,,,0,3.8,,,0,,,,,,,,,,,,,,,,,,,,,,,,,0.5,,,0,,,,,,,,,,,,,,,,,,,,,,,,,,,,,,,,,,,,,,,,,1.18,,,0,1.24,,,0,,,,,,,,,,,,,,,,,,,,,,,,,,,,,,,,,,,,,,,
TIC 237913194 b,TIC 237913194,b,1,1,1,Transit,0,15.168865,1.8E-05,-1.8E-05,0,0.1207,0.0037,-0.0037,0,12.52,0.605,-0.527,0,1.117,0.054,-0.047,0,617.22586,29.24036,-28.92253,0,1.942,0.092,-0.091,0,,,,,,,,,,,,,,,,,617.22586,29.24036,-28.92253,0,1.942,0.092,-0.091,0,1.847,0.28,-0.26,0,0.575,0.011,-0.011,0,,,,,974,,,0,87,1.5,-1.7,0,0.9,0.017,-0.017,0,,,,,,,,,23.85,0.67,-0.69,0,0.1031,0.0048,-0.0042,0,,,,,,,,,24.1,2.4,-2.4,0,191.3,6.4,-6.2,0,,,,,,,,,5788,80,-80,0,1.09,0.01,-0.01,0,1.03,0.06,-0.06,0,0.14,0.05,-0.05,0,[Fe/H],0.078,0.018,-0.019,0,4.38,0.02,-0.02,0,5.7,1.7,-1.7,0,1.076,0.095,-0.093,0,2.18,0.41,-0.41,0,,,,,,,,,306.063,2.051,-2.025,3.2385,0.0215935,-0.0215935
TOI-122 b,TOI-122,b,1,1,1,Transit,0,5.07803,1.5E-05,-1.5E-05,0,0.0392,0.0007,-0.0007,0,2.72,0.18,-0.18,0,0.243,0.016,-0.016,0,,,,,,,,,,,,,,,,,,,,,,,,,,,,,,,,,,,,,0,,,0,8.8,1,-1,0,471,,,0,88.4,0.6,-0.4,0,0.72,0.07,-0.18,0,0.56,,,0,,,,,25.2,1.5,-1.5,0,0.075,0.003,-0.003,0,,,,,,,,,,,,,,,,,,,,,,,,,3403,100,-100,0,0.33,0.01,-0.01,0,0.31,0.01,-0.01,0,,,,,,-1.854,0.009,-0.009,0,4.88,0.05,-0.05,0,2,,,-1,12.8,9.5,-4.2,0,7.2,,,1,72,22,-22,0,-72.4,1,-1,0,62.118,0.2165,-0.2151,16.0698,0.0555096,-0.0555096
TOI-1231 b,TOI-1231,b,1,1,1,Transit,0,24.245586,6.4E-05,-6.6E-05,0,0.1288,0.0021,-0.0022,0,3.65,0.16,-0.15,0,0.326,0.014,-0.013,0,15.4,3.3,-3.3,0,0.04845,0.01038,-0.01038,0,15.4,3.3,-3.3,0,0.04845,0.01038,-0.01038,0,,,,,,,,,15.4,3.3,-3.3,0,0.04845,0.01038,-0.01038,0,1.74,0.47,-0.42,0,0.087,0.12,-0.061,0,1930,96,-100,0,330,4,-4,0,89.73,0.18,-0.18,0,0.27,0.19,-0.18,0,0.492,0.027,-0.024,0,3.24,0.04,-0.03,0,58.1,2,-2,0,0.0701,0.0019,-0.0017,0,,,,,2458543.7,4.8,-6.3,0,176,81,-90,0,5.6,1.2,-1.2,0,,,,,,,,,3553,51,-52,0,0.48,0.01,-0.01,0,0.48,0.02,-0.02,0,0.041,0.069,-0.063,0,[Fe/H],-1.487,0.013,-0.014,0,4.77,0.03,-0.04,0,,,,,6.31,0.68,-0.64,0,,,,,,,,,,,,,27.6227,0.0609,-0.0609,36.1735,0.0791761,-0.0791761
TOI-1235 b,TOI-1235,b,1,1,1,Transit,0,3.444717,4E-05,-4.2E-05,0,0.03826,0.00048,-0.00049,0,1.694,0.08,-0.077,0,0.151,0.007,-0.007,0,5.9,0.62,-0.61,0,0.01856,0.00195,-0.00192,0,,,,,,,,,,,,,,,,,5.9,0.62,-0.61,0,0.01856,0.00195,-0.00192,0,6.7,1.3,-1.1,0,,,,,60.3,1.6,-1.5,0,775,13,-13,0,88.9,0.62,-0.57,0,0.25,0.12,-0.14,0,,,,,2.094,0.126,-0.086,0,13.29,0.34,-0.38,0,0.02508,0.00084,-0.00085,0,,,,,,,,,,,,,3.4,0.35,-0.34,0,,,,,,,,,3997,51,-51,0,0.62,0.02,-0.02,0,0.63,0.02,-0.02,0,0.33,0.16,-0.16,0,[Fe/H],-1.054,0.001,-0.001,0,4.64,0.04,-0.04,0,5.3,4.7,-4.7,0,3.74,0.3,-0.31,0,2,,,1,,,,,,,,,39.6345,0.0478,-0.0478,25.2016,0.0301893,-0.0301893
TOI-132 b,TOI-132,b,1,1,1,Transit,0,2.1097019,1.2E-05,-1.1E-05,0,0.026,0.002,-0.003,0,3.42,0.13,-0.14,0,0.305,0.012,-0.012,0,22.4,1.9,-1.92,0,0.07048,0.00598,-0.00604,0,,,,,,,,,,,,,,,,,22.4,1.9,-1.92,0,0.07048,0.00598,-0.00604,0,3.08,0.44,-0.46,0,0.059,0.05,-0.037,0,860,,,0,1395,52,-72,0,85.03,1.3,-1.84,0,0.533,0.124,-0.137,0,,,,,,,,,6.362,0.413,-0.627,0,,,,,,,,,,,,,125.88,57.23,-38.05,0,11.38,0.84,-0.85,0,,,,,,,,,5397,46,-46,0,0.9,0.02,-0.02,0,0.97,0.06,-0.06,0,0.16,0.1,-0.1,0,[Fe/H],-0.222,0.035,-0.038,0,4.48,0.23,-0.23,0,6.34,0.42,-2.35,0,1.89,0.15,-0.15,0,3,0.3,-0.3,0,,,,,,,,,163.678,0.993,-0.981,6.08093,0.0365654,-0.0365654
TOI-1478 b,TOI-1478,b,1,1,1,Transit,0,10.180249,1.5E-05,-1.5E-05,0,0.0903,0.0018,-0.0013,0,11.882,0.448,-0.437,0,1.06,0.04,-0.039,0,270.47333,16.52716,-14.93801,0,0.851,0.052,-0.047,0,,,,,,,,,,,,,,,,,270.47333,16.52716,-14.93801,0,0.851,0.052,-0.047,0,0.88,0.13,-0.11,0,0.024,0.032,-0.017,0,,,,,918,11,-11,0,88.51,0.29,-0.22,0,0.481,0.05,-0.076,0,1.083,0.032,-0.032,0,4.1664,0.0552,-0.0552,0,18.54,0.7,-0.6,0,0.104,0.0015,-0.0015,0,,,,,,,,,-110,120,-130,0,82.5,4,-3.8,0,,,,,,,,,5597,83,-82,0,1.05,0.03,-0.03,0,0.95,0.06,-0.04,0,0.078,0.072,-0.066,0,[Fe/H],-0.013,0.016,-0.016,0,4.37,0.04,-0.03,0,9.1,3.1,-3.9,0,1.16,0.14,-0.11,0,4.3,0.5,-0.5,0,,,,,,,,,152.892,0.915,-0.905,6.51199,0.0386512,-0.0386512
TOI-150.01,TOI-150,b,1,1,1,Transit,0,5.857487,8.9E-05,-9.7E-05,0,0.07037,0.00087,-0.00088,0,14.067,0.235,-0.213,0,1.255,0.021,-0.019,0,797.7533,38.1396,-38.1396,0,2.51,0.12,-0.12,0,,,,,,,,,,,,,,,,,797.7533,38.1396,-38.1396,0,2.51,0.12,-0.12,0,1.68,0.12,-0.12,0,0.262,0.045,-0.037,0,,,,,1404,7,-6,0,88.09,0.98,-0.68,0,0.33,0.12,-0.17,0,,,,,5.12,0.21,-0.18,0,9.917,0.092,-0.099,0,0.0826,0.0012,-0.0011,0,,,,,,,,,,,,,240,11,-11,0,,,,,,,,,6255,90,-90,0,1.53,0.01,-0.01,0,1.35,0.04,-0.03,0,0.28,0.036,-0.036,0,[Fe/H],0.497,0.045,-0.039,0,4.13,0.01,-0.01,0,2.346,0.425,-0.901,0,0.5332,0.0144,-0.0165,0,7.96,0.279,-0.279,0,,,,,,,,,336.267,1.927,-1.905,2.94497,0.0168174,-0.0168174
TOI-157 b,TOI-157,b,1,1,1,Transit,0,2.0845435,2.3E-06,-2.3E-06,0,0.03138,0.00025,-0.0002,0,14.415,0.258,-0.224,0,1.286,0.023,-0.02,0,375.0394,41.3179,-38.1396,0,1.18,0.13,-0.12,0,,,,,,,,,,,,,,,,,375.0394,41.3179,-38.1396,0,1.18,0.13,-0.12,0,0.686,0.08,-0.078,0,0,,,0,1062,57,-51,0,1588,21,-20,0,82.01,0.15,-0.16,0,0.8045,0.0069,-0.0068,0,1.283,0.013,-0.012,0,2.14584,0.0132,-0.01248,0,5.785,0.066,-0.069,0,0.11329,0.00056,-0.00054,0,,,,,,,,,,,,,192,20,-20,0,,,,,,,,,5404,70,-67,0,1.17,0.02,-0.01,0,0.95,0.02,-0.02,0,0.24,0.09,-0.09,0,[Fe/H],0.02,0.022,-0.021,0,4.28,0.01,-0.01,0,12.82,0.73,-1.4,0,0.842,0.029,-0.03,0,2.5,,,1,,,,,,,,,355.683,2.848,-2.804,2.78274,0.022173,-0.022173
TOI-1601 b,TOI-1601,b,1,1,1,Transit,0,5.331751,1.1E-05,-1.1E-05,0,0.06864,0.00079,-0.00075,0,13.888,0.516,-0.437,0,1.239,0.046,-0.039,0,314.6517,34.9613,-34.9613,0,0.99,0.11,-0.11,0,,,,,,,,,,,,,,,,,314.6517,34.9613,-34.9613,0,0.99,0.11,-0.11,0,0.64,0.097,-0.093,0,0.036,0.044,-0.026,0,,,,,1619,24,-23,0,88.84,0.81,-1.1,0,0.136,0.13,-0.095,0,0.3395,0.0083,-0.0081,0,6.3048,0.048,-0.048,0,6.76,0.17,-0.2,0,0.05827,0.00071,-0.0007,0,,,,,,,,,-180,110,-100,0,87.3,9.2,-9.9,0,,,,,,,,,5948,87,-89,0,2.19,0.07,-0.06,0,1.52,0.05,-0.05,0,0.329,0.073,-0.075,0,[Fe/H],0.732,0.027,-0.027,0,3.94,0.02,-0.03,0,2.64,0.38,-0.39,0,0.205,0.016,-0.018,0,6.4,0.5,-0.5,0,,,,,,,,,336.608,8.389,-7.998,2.94419,0.0717191,-0.0717191
TOI-163 b,TOI-163,b,1,1,1,Transit,0,4.231306,6.3E-05,-5.7E-05,0,0.058,0.0014,-0.0014,0,16.69,0.381,-0.381,0,1.489,0.034,-0.034,0,387.7526,38.1396,-38.1396,0,1.22,0.12,-0.12,0,,,,,,,,,,,,,,,,,387.7526,38.1396,-38.1396,0,1.22,0.12,-0.12,0,0.49,0.059,-0.055,0,0,,,0,,,,,1669,16,-14,0,87.24,0.47,-0.45,0,0.365,0.053,-0.057,0,,,,,4.93,0.17,-0.15,0,7.57,0.13,-0.14,0,0.09082,0.0016,-0.0015,0,,,,,,,,,,,,,120,12,-11,0,,,,,,,,,6495,90,-90,0,1.65,0.02,-0.03,0,1.44,0.03,-0.03,0,0.22,0.041,-0.041,0,[Fe/H],0.636,0.024,-0.026,0,4.19,0.01,-0.01,0,1.823,0.3,-0.331,0,0.4518,0.0189,-0.0194,0,14.08,0.266,-0.266,0,,,,,,,,,411.719,8.163,-7.857,2.40097,0.0468786,-0.0468786
TOI-1685 b,TOI-1685,b,1,1,1,Transit,0,0.6691403,2.3E-06,-2.1E-06,0,,,,,1.7,0.07,-0.07,0,0.152,0.006,-0.006,0,3.78,0.63,-0.63,0,0.01189,0.00198,-0.00198,0,,,,,,,,,,,,,,,,,3.78,0.63,-0.63,0,0.01189,0.00198,-0.00198,0,4.21,0.95,-0.82,0,,,,,217,13,-13,0,1069,16,-16,0,84.74,0.6,-0.54,0,0.473,0.048,-0.054,0,,,,,,,,,5.158,0.019,-0.018,0,0.0317,0.0009,-0.001,0,,,,,,,,,,,,,4.41,0.73,-0.73,0,,,,,,,,,3434,51,-51,0,0.49,0.01,-0.01,0,0.49,0.02,-0.02,0,-0.13,0.16,-0.16,0,[Fe/H],-1.519,0.007,-0.007,0,4.85,0.04,-0.04,0,1.3,0.7,-0.7,0,5.797,0.064,-0.06,0,2,,,1,18.66,0.71,-0.56,0,-43.4,8.5,-8.5,0,37.6153,0.0728,-0.0725,26.5561,0.0509621,-0.0509621
TOI-169 b,TOI-169,b,1,1,1,Transit,0,2.2554477,6.3E-06,-6.3E-06,0,0.03524,0.00069,-0.00079,0,12.173,0.908,-0.538,0,1.086,0.081,-0.048,0,251.40353,20.34112,-19.0698,0,0.791,0.064,-0.06,0,,,,,,,,,,,,,,,,,251.40353,20.34112,-19.0698,0,0.791,0.064,-0.06,0,0.76,0.14,-0.17,0,0,,,0,1443,73,-66,0,1715,22,-20,0,80.98,0.31,-0.38,0,0.9221,0.014,-0.0098,0,0.75,0.1,-0.053,0,1.7064,0.0288,-0.0288,0,5.88,0.15,-0.16,0,0.0866,0.0056,-0.0031,0,,,,,,,,,,,,,110.5,7.6,-6.9,0,,,,,,,,,5880,54,-49,0,1.29,0.02,-0.02,0,1.15,0.07,-0.07,0,0.24,0.09,-0.09,0,[Fe/H],0.253,0.016,-0.015,0,4.28,0.03,-0.03,0,4.7,2.7,-2,0,0.756,0.06,-0.061,0,2.5,,,1,,,,,,,,,407.84,4.237,-4.152,2.42328,0.0250281,-0.0250281
TOI-172 b,TOI-172,b,1,1,1,Transit,0,9.47725,0.00064,-0.00079,0,0.0914,0.0017,-0.0017,0,10.817,0.359,-0.325,0,0.965,0.032,-0.029,0,1722.6386,69.9226,-63.566,0,5.42,0.22,-0.2,0,1722.6386,69.9226,-66.7443,0,5.42,0.22,-0.21,0,1723.489,69.957,-69.957,0,5.42268,0.22011,-0.22011,0,1722.6386,69.9226,-63.566,0,5.42,0.22,-0.2,0,7.53,0.65,-0.72,0,0.3806,0.0093,-0.009,0,299,19,-16,0,1198,18,-17,0,88.2,1.1,-1,0,0.22,0.12,-0.14,0,0.312,0.01,-0.01,0,4.7136,0.0672,-0.0696,0,11.09,0.28,-0.3,0,0.05588,0.00091,-0.00092,0,,,,,2458326.549,0.025,-0.027,0,57.1,1.7,-1.7,0,517.6,6.2,-6.2,0,,,,,,,,,5645,50,-50,0,1.78,0.05,-0.04,0,1.13,0.07,-0.06,0,0.148,0.079,-0.08,0,[Fe/H],0.461,0.028,-0.028,0,3.99,0.03,-0.03,0,7.4,1.6,-1.5,0,0.286,0.022,-0.023,0,5.1,0.5,-0.5,0,,,,,,,,,342.831,7.371,-7.071,2.88999,0.0609363,-0.0609363
TOI-1728 b,TOI-1728,b,1,1,1,Transit,0,3.49151,6.2E-05,-5.7E-05,0,0.0391,0.0009,-0.0009,0,5.05,0.16,-0.17,0,0.451,0.014,-0.015,0,26.78,5.43,-5.13,0,0.08426,0.01708,-0.01614,0,,,,,,,,,,,,,,,,,26.78,5.43,-5.13,0,0.08426,0.01708,-0.01614,0,1.14,0.26,-0.24,0,0.057,0.054,-0.039,0,57.78,3.48,-3.48,0,767,8,-8,0,88.31,0.58,-0.4,0,0.39,0.11,-0.15,0,,,,,1.96,0.03,-0.03,0,13.48,0.2,-0.2,0,0.074,0.002,-0.002,0,,,,,2458843.707,0.697,-1.01,0,45,104,-187,0,15.12,3.04,-2.87,0,,,,,,,,,3980,31,-32,0,0.62,0.01,-0.01,0,0.65,0.02,-0.02,0,0.25,0.1,-0.1,0,[Fe/H],-1.056,0.01,-0.01,0,4.66,0.02,-0.02,0,7.1,4.6,-4.6,0,3.78,0.19,-0.19,0,2,,,1,,,,,,,,,60.798,0.13635,-0.13635,16.4191,0.0366164,-0.0366164
TOI-1899 b,TOI-1899,b,1,1,1,Transit,0,29.02,0.36,-0.23,0,0.1587,0.0067,-0.0075,0,12.89,0.448,-0.56,0,1.15,0.04,-0.05,0,209.7678,22.2481,-22.2481,0,0.66,0.07,-0.07,0,,,,,,,,,,,,,,,,,209.7678,22.2481,-22.2481,0,0.66,0.07,-0.07,0,0.54,0.09,-0.1,0,0.118,0.073,-0.077,0,2.9,0.2,-0.2,0,362,7,-7,0,89.77,0.15,-0.14,0,0.22,0.15,-0.14,0,,,,,4.67,0.12,-0.1,0,56.22,1.59,-1.66,0,0.194,0.004,-0.005,0,,,,,2458705.37,2.28,-2.48,0,-13,27,-28,0,59.91,6.41,-6.32,0,,,,,,,,,3841,54,-45,0,0.61,0.02,-0.02,0,0.63,0.03,-0.03,0,0.31,0.11,-0.12,0,[Fe/H],,,,,4.67,0.03,-0.02,0,7.4,4.4,-4.6,0,3.95,0.37,-0.29,0,2,,,1,,,,,-28.95,0.07,-0.07,0,128.438,0.25,-0.25,7.75689,0.0150371,-0.0150371
TOI-201 b,TOI-201,b,1,1,1,Transit,0,52.97818,4E-05,-4E-05,0,0.3,0.02,-0.03,0,11.299,0.135,-0.168,0,1.008,0.012,-0.015,0,133.4886,15.8915,-9.5349,0,0.42,0.05,-0.03,0,,,,,,,,,,,,,,,,,133.4886,15.8915,-9.5349,0,0.42,0.05,-0.03,0,,,,,0.28,0.06,-0.09,0,,,,,759,37,-26,0,,,,,,,,,,,,,,,,,,,,,,,,,,,,,,,,,82,14,-9,0,19,1,-2,0,,,,,,,,,6394,75,-75,0,1.32,0.01,-0.01,0,1.32,0.03,-0.03,0,0.24,0.036,-0.036,0,[Fe/H],0.415,0.016,-0.017,0,4.32,0.01,-0.01,0,0.87,0.46,-0.49,0,0.81,0.03,-0.03,0,9.52,0.278,-0.278,0,,,,,,,,,113.825,0.347,-0.345,8.75659,0.0265011,-0.0265011
TOI-220 b,TOI-220,b,1,1,1,Transit,0,10.695264,8.6E-05,-8.6E-05,0,0.08911,0.001,-0.001,0,3.03,0.15,-0.15,0,0.27,0.013,-0.013,0,13.8,1,-1,0,0.04342,0.00315,-0.00315,0,,,,,,,,,,,,,,,,,13.8,1,-1,0,0.04342,0.00315,-0.00315,0,2.73,0.47,-0.47,0,0.032,0.038,-0.023,0,,,,,805,21,-21,0,87.88,0.12,-0.12,0,0.836,0.022,-0.022,0,,,,,2.239,0.055,-0.055,0,22.33,0.8,-0.8,0,0.03235,0.00076,-0.00076,0,,,,,,,,,248,66,-190,0,4.56,0.32,-0.32,0,,,,,,,,,5298,65,-65,0,0.86,0.03,-0.03,0,0.82,0.03,-0.03,0,-0.217,0.044,-0.044,0,[Fe/H],,,,,4.37,0.11,-0.11,0,10.1,1.4,-1.4,0,1.8469,0.2115,-0.2115,0,2.9,0.35,-0.35,0,,,,,26.46,0,0,0,90.7402,0.1715,-0.1709,10.9915,0.0206395,-0.0206395
TOI-237 b,TOI-237,b,1,1,1,Transit,0,5.436098,3.9E-05,-3.9E-05,0,0.0341,0.001,-0.001,0,1.44,0.12,-0.12,0,0.128,0.011,-0.011,0,,,,,,,,,,,,,,,,,,,,,,,,,,,,,,,,,,,,,0,,,0,3.7,0.5,-0.5,0,388,,,0,89.5,0.4,-0.6,0,0.3,0.27,-0.21,0,0.38,,,0,,,,,34.7,2.9,-2.9,0,0.062,0.002,-0.002,0,,,,,,,,,,,,,,,,,,,,,,,,,3212,100,-100,0,0.21,0.01,-0.01,0,0.18,0,0,0,,,,,,-2.387,0.01,-0.011,0,5.04,0.07,-0.07,0,4.5,,,-1,25.6,4.3,-8.7,0,6.4,,,1,102,22,-22,0,7.8,1,-1,0,38.0749,0.2292,-0.2265,26.2368,0.155995,-0.155995
TOI-251 b,TOI-251,b,1,1,1,Transit,0,4.93777,2.8E-05,-2.9E-05,0,0.05741,0.00023,-0.00017,0,2.74,0.18,-0.18,0,0.244,0.016,-0.016,0,317.83,,,1,1,,,1,,,,,,,,,,,,,,,,,317.83,,,1,1,,,1,,,,,0,,,0,,,,,,,,,87.52,0.4,-0.31,0,0.607,0.047,-0.07,0,,,,,2.232,0.0624,-0.048,0,14.02,0.82,-0.61,0,0.02858,0.0011,-0.001,0,,,,,,,,,,,,,120,,,1,,,,,,,,,5875,100,-190,0,0.88,0.04,-0.05,0,1.04,0.01,-0.01,0,-0.106,0.079,-0.07,0,[Fe/H],-0.08,0.052,-0.039,0,4.56,0.05,-0.05,0,0.18,0.14,-0.14,0,,,,,11.5,1,-1,0,3.84,0.48,-0.48,0,-2.06,0.03,-0.03,0,99.523,0.4374,-0.4336,10.0193,0.0436361,-0.0436361
TOI-257 b,TOI-257,b,1,1,1,Transit,0,18.38818,0.00085,-0.00084,0,0.1528,0.0016,-0.0017,0,7.163,0.146,-0.146,0,0.639,0.013,-0.013,0,43.86032,7.31005,-7.31005,0,0.138,0.023,-0.023,0,,,,,,,,,,,,,,,,,43.86032,7.31005,-7.31005,0,0.138,0.023,-0.023,0,0.65,0.12,-0.11,0,0,,,0,186,14,-12,0,1027,18,-18,0,87.91,0.11,-0.1,0,0.643,0.019,-0.02,0,0.124,0.0016,-0.0016,0,6.485,0.031,-0.031,0,17.6,0.36,-0.35,0,0.03521,0.00022,-0.00022,0,,,,,2458385.76,0.0013,-0.0012,0,,,,,8.5,1.4,-1.4,0,,,,,,,,,6095,89,-89,0,1.87,0.03,-0.03,0,1.41,0.04,-0.05,0,0.175,0.099,-0.098,0,[Fe/H],0.636,0.029,-0.029,0,4.04,0.02,-0.02,0,,,,,0.305,0.019,-0.018,0,,,,,,,,,,,,,76.9028,0.1953,-0.1943,12.9746,0.0326954,-0.0326954
TOI-269 b,TOI-269,b,1,1,1,Transit,0,3.6977104,3.7E-06,-3.7E-06,0,0.0345,0.0015,-0.0015,0,2.77,0.12,-0.12,0,0.247,0.011,-0.011,0,8.8,1.4,-1.4,0,0.02769,0.0044,-0.0044,0,,,,,,,,,,,,,,,,,8.8,1.4,-1.4,0,0.02769,0.0044,-0.0044,0,2.28,0.48,-0.42,0,0.425,0.082,-0.086,0,19,4,-3.3,0,531,25,-25,0,88.14,0.78,-0.9,0,0.55,0.12,-0.22,0,,,,,,,,,,,,,0.0638,0.002,-0.0021,0,,,,,,,,,74,15,-15,0,7.6,1.2,-1.2,0,,,,,,,,,3514,70,-70,0,0.4,0.01,-0.01,0,0.39,0.01,-0.01,0,-0.29,0.12,-0.12,0,[Fe/H],,,,,4.83,0.03,-0.03,0,,,,,8.98,0.83,-0.81,0,,,,,,,,,37.23,0,0,0,57.0225,0.0757,-0.0756,17.508,0.023093,-0.023093
TOI-481 b,TOI-481,b,1,1,1,Transit,0,10.33111,2E-05,-2E-05,0,0.097,0.001,-0.001,0,11.097,0.112,-0.112,0,0.99,0.01,-0.01,0,486.2799,9.5349,-9.5349,0,1.53,0.03,-0.03,0,,,,,,,,,,,,,,,,,486.2799,9.5349,-9.5349,0,1.53,0.03,-0.03,0,,,,,0.153,0.006,-0.007,0,,,,,1370,10,-10,0,89.2,0.3,-0.3,0,0.15,0.05,-0.05,0,,,,,,,,,,,,,0.0614,0.0002,-0.0002,0,,,,,,,,,64.8,1.8,-1.8,0,130.3,1.4,-1.4,0,,,,,,,,,5735,72,-72,0,1.66,0.02,-0.02,0,1.14,0.02,-0.01,0,0.26,0.05,-0.05,0,[Fe/H],0.435,0.016,-0.013,0,4.06,0.01,-0.01,0,6.7,0.4,-0.6,0,12.52,0.03,-0.04,0,4.54,0.3,-0.3,0,,,,,,,,,179.366,1.018,-1.007,5.54651,0.0312411,-0.0312411
TOI-519 b,TOI-519,b,1,1,1,Transit,0,1.2652328,5E-07,-5E-07,0,0.012,0.004,-0.004,0,11.994,1.457,-4.596,0,1.07,0.13,-0.41,0,4449.62,,,1,14,,,1,,,,,,,,,,,,,,,,,4449.62,,,1,14,,,1,,,,,,,,,,,,,760,54,-54,0,88.9,0.4,-0.4,0,0.19,0.06,-0.09,0,,,,,1.2332,0.0097,-0.0097,0,10.11,0.14,-0.14,0,0.3,0.0091,-0.0058,0,,,,,,,,,,,,,,,,,,,,,,,,,3350,100,-200,0,0.37,0.02,-0.09,0,0.37,0.03,-0.1,0,,,,,,,,,,,,,,,,,,12.2,0.55,-0.44,0,,,,,,,,,,,,,115.557,0.937,-0.922,8.62578,0.0690788,-0.0690788
TOI-540 b,TOI-540,b,1,1,1,Transit,0,1.2391491,1.7E-06,-1.7E-06,0,0.01223,0.00036,-0.00036,0,0.903,0.052,-0.052,0,0.081,0.005,-0.005,0,,,,,,,,,,,,,,,,,,,,,,,,,,,,,,,,,,,,,0,,,0,23.4,2.1,-2.1,0,611,23,-23,0,86.8,0.28,-0.28,0,0.772,0.029,-0.029,0,,,,,,,,,13.9,0.72,-0.72,0,0.0436,0.0012,-0.0012,0,,,,,,,,,,,,,,,,,,,,,,,,,3216,83,-83,0,0.19,0.01,-0.01,0,0.16,0.01,-0.01,0,,,,,,-2.461,0.026,-0.027,0,,,,,1.1,0.9,-1,0,,,,,13.5,1.5,-1.5,0,0.73,0,0,0,,,,,14.0022,0.0088,-0.0089,71.3886,0.0447734,-0.0447734
TOI-564 b,TOI-564,b,1,1,1,Transit,0,1.651144,1.8E-05,-1.8E-05,0,0.02734,0.00061,-0.00053,0,11.433,7.958,-3.251,0,1.02,0.71,-0.29,0,464.98529,31.783,-30.51168,0,1.463,0.1,-0.096,0,,,,,,,,,,,,,,,,,464.98529,31.783,-30.51168,0,1.463,0.1,-0.096,0,1.7,3.1,-1.4,0,0.072,0.083,-0.05,0,1423,73,-81,0,1714,20,-21,0,78.38,0.71,-0.85,0,0.994,0.083,-0.049,0,0.92,1.7,-0.45,0,1.0272,0.0288,-0.0312,0,,,,,,,,,,,,,2458516.57,0.13,-0.14,0,94,32,-35,0,247,13,-13,0,,,,,,,,,5640,34,-37,0,1.09,0.01,-0.01,0,1,0.07,-0.06,0,0.143,0.076,-0.078,0,[Fe/H],0.033,0.011,-0.012,0,4.36,0.03,-0.03,0,7.3,3.6,-3.5,0,1.095,0.09,-0.075,0,,,,,,,,,,,,,199.581,1.27,-1.253,4.98182,0.0314323,-0.0314323
TOI-628 b,TOI-628,b,1,1,1,Transit,0,3.4095675,7E-06,-6.9E-06,0,0.0486,0.0008,-0.00094,0,11.882,0.46,-0.381,0,1.06,0.041,-0.034,0,2011.8639,92.1707,-98.5273,0,6.33,0.29,-0.31,0,,,,,,,,,,,,,,,,,2011.8639,92.1707,-98.5273,0,6.33,0.29,-0.31,0,6.58,0.7,-0.75,0,0.072,0.021,-0.023,0,,,,,1586,52,-40,0,88.41,1,-0.93,0,0.23,0.13,-0.15,0,0.657,0.012,-0.012,0,3.7824,0.036,-0.0312,0,7.78,0.22,-0.27,0,0.08108,0.00075,-0.00071,0,,,,,,,,,-74,13,-15,0,713,20,-22,0,,,,,,,,,6250,220,-190,0,1.34,0.05,-0.04,0,1.31,0.07,-0.07,0,0.258,0.078,-0.08,0,[Fe/H],0.394,0.066,-0.052,0,4.3,0.03,-0.04,0,1.28,1.6,-0.91,0,0.762,0.067,-0.078,0,6.9,0.5,-0.5,0,,,,,,,,,178.68,3.04,-2.942,5.57048,0.092934,-0.092934
TOI-640 b,TOI-640,b,1,1,1,Transit,0,5.0037775,4.8E-06,-4.8E-06,0,0.06608,0.00098,-0.0011,0,19.851,0.673,-0.628,0,1.771,0.06,-0.056,0,279.6904,50.8528,-50.8528,0,0.88,0.16,-0.16,0,,,,,,,,,,,,,,,,,279.6904,50.8528,-50.8528,0,0.88,0.16,-0.16,0,0.195,0.042,-0.04,0,0.05,0.054,-0.035,0,,,,,1749,26,-30,0,82.54,0.42,-0.59,0,0.8763,0.0063,-0.0067,0,0.764,0.016,-0.015,0,3.6048,0.0408,-0.0408,0,6.82,0.22,-0.24,0,0.08738,0.00091,-0.00086,0,,,,,,,,,159,86,-99,0,78,14,-14,0,,,,,,,,,6460,130,-150,0,2.08,0.06,-0.06,0,1.54,0.07,-0.08,0,0.072,0.085,-0.076,0,[Fe/H],0.834,0.025,-0.036,0,3.99,0.03,-0.04,0,1.99,0.55,-0.4,0,0.24,0.024,-0.025,0,6.1,0.5,-0.5,0,,,,,,,,,341.997,2.839,-2.794,2.8953,0.0239009,-0.0239009
TOI-674 b,TOI-674,b,1,1,1,Transit,0,1.977143,3E-06,-3E-06,0,0.025,0.0008,-0.0008,0,5.25,0.17,-0.17,0,0.468,0.015,-0.015,0,23.6,3.3,-3.3,0,0.07425,0.01038,-0.01038,0,,,,,,,,,,,,,,,,,23.6,3.3,-3.3,0,0.07425,0.01038,-0.01038,0,0.91,0.15,-0.15,0,0,,,0,38.4,0.1,-0.1,0,635,15,-15,0,87.21,0.24,-0.24,0,0.624,0.035,-0.035,0,,,,,,,,,12.8,0.42,-0.42,0,0.114,0.0009,-0.0009,0,,,,,,,,,,,,,21.44,2.94,-2.94,0,,,,,,,,,3514,57,-57,0,0.42,0.01,-0.01,0,0.42,0.01,-0.01,0,0.17,0.12,-0.12,0,[Fe/H],-1.614,0.021,-0.016,0,4.81,0.03,-0.03,0,,,,,10.14,1.04,-1.04,0,0.4,0.04,-0.04,0,52,5,-5,0,13.49,0,0,0,46.0851,0.1159,-0.1153,21.6702,0.0540145,-0.0540145
TOI-677 b,TOI-677,b,1,1,1,Transit,0,11.2366,0.00011,-0.00011,0,0.1038,0.0017,-0.0017,0,13.115,0.336,-0.336,0,1.17,0.03,-0.03,0,392.83788,21.93027,-21.29461,0,1.236,0.069,-0.067,0,,,,,,,,,,,,,,,,,392.83788,21.93027,-21.29461,0,1.236,0.069,-0.067,0,,,,,0.435,0.024,-0.024,0,,,,,1252,21,-21,0,87.63,0.11,-0.1,0,0.723,0.018,-0.024,0,,,,,2.5776,0.024,-0.0168,0,,,,,0.0942,0.001,-0.0012,0,,,,,,,,,70.47,3.61,-3.61,0,,,,,,,,,,,,,6295,77,-77,0,1.28,0.03,-0.03,0,1.18,0.06,-0.06,0,0,0.05,-0.05,0,[Fe/H],,,,,4.29,0.03,-0.03,0,2.92,0.8,-0.73,0,0.8,0.06,-0.06,0,7.8,0.19,-0.19,0,,,,,,,,,141.812,0.622,-0.617,7.02284,0.0305811,-0.0305811
TOI-813 b,TOI-813,b,1,1,1,Transit,0,83.8911,0.0027,-0.0031,0,0.423,0.031,-0.037,0,6.71,0.38,-0.38,0,0.599,0.034,-0.034,0,,,,,,,,,,,,,,,,,,,,,,,,,,,,,,,,,,,,,0,,,0,23.1,4.6,-3.1,0,610,28,-21,0,89.64,0.24,-0.27,0,0.3,0.18,-0.19,0,,,,,,,,,47.2,2.1,-3.8,0,0.03165,0.00072,-0.00061,0,,,,,,,,,,,,,,,,,,,,,,,,,5907,150,-150,0,1.94,0.1,-0.1,0,1.32,0.06,-0.06,0,0.1,0.1,-0.1,0,[Fe/H],,,,,3.86,0.14,-0.14,0,3.73,0.62,-0.62,0,0.254,0.046,-0.037,0,8.2,0.9,-0.9,0,,,,,,,,,263.145,1.578,-1.56,3.77138,0.0224864,-0.0224864
TOI-824 b,TOI-824,b,1,1,1,Transit,0,1.392978,1.8E-05,-1.7E-05,0,0.02177,0.00032,-0.00032,0,2.926,0.202,-0.191,0,0.261,0.018,-0.017,0,18.467,1.843,-1.875,0,0.0581,0.0058,-0.0059,0,,,,,,,,,,,,,,,,,18.467,1.843,-1.875,0,0.0581,0.0058,-0.0059,0,4.03,0.98,-0.78,0,,,,,412,51,-46,0,1253,38,-37,0,83.65,0.39,-0.38,0,0.745,0.022,-0.024,0,0.149,0.014,-0.014,0,1.15344,0.01944,-0.0192,0,6.73,0.22,-0.21,0,0.0387,0.0018,-0.0019,0,,,,,2458597.814,0.00063,-0.00065,0,,,,,13.2,1.2,-1.3,0,,,,,,,,,4600,110,-100,0,0.69,0.03,-0.03,0,0.71,0.03,-0.03,0,-0.092,0.076,-0.077,0,[Fe/H],-0.71,0.058,-0.06,0,4.61,0.03,-0.03,0,7.5,1.8,-2.9,0,2.98,0.3,-0.27,0,2.165,0.21,-0.21,0,,,,,,,,,63.9262,0.1435,-0.1428,15.6142,0.0347774,-0.0347774
TOI-837 b,TOI-837,b,1,1,1,Transit,0,8.3248762,1.57E-05,-1.57E-05,0,,,,,8.631,1.009,-1.009,0,0.77,0.09,-0.09,0,,,,,,,,,381.396,,,1,1.2,,,1,,,,,,,,,381.396,,,1,1.2,,,1,,,,,0,,,0,,,,,,,,,,,,,0.9358,0.0127,-0.0127,0,,,,,1.957,0.039,-0.039,0,17.26,0.6,-0.6,0,0.08,0.01,-0.01,0,,,,,,,,,,,,,,,,,,,,,,,,,6047,162,-162,0,1.02,0.08,-0.08,0,1.12,0.06,-0.06,0,-0.069,0.042,-0.042,0,[Fe/H[,,,,,4.47,0.05,-0.05,0,0.035,0.011,-0.005,0,1.4,0.15,-0.15,0,16.2,1.1,-1.1,0,3,0.05,-0.05,0,,,,,142.488,0.461,-0.458,6.98927,0.0224855,-0.0224855
TOI-849 b,TOI-849,b,1,1,1,Transit,0,0.76552414,2.62E-06,-2.79E-06,0,0.01598,0.00013,-0.00014,0,3.444,0.157,-0.115,0,0.307,0.014,-0.01,0,39.09,2.66,-2.55,0,0.12299,0.00837,-0.00802,0,,,,,,,,,,,,,,,,,39.09,2.66,-2.55,0,0.12299,0.00837,-0.00802,0,5.2,0.7,-0.8,0,0,0,0,0,,,,,,,,,86.8,2.1,-2.4,0,0.212,0.145,-0.14,0,,,,,1.57,0.04,-0.04,0,3.7,0.1,-0.1,0,0.03443,0.00092,-0.00088,0,,,,,,,,,0,0,0,0,28.64,1.87,-1.82,0,,,,,,,,,5373.8,42.5,-41.2,0,0.92,0.03,-0.02,0,0.93,0.02,-0.02,0,0.19,0.03,-0.03,0,[Fe/H],,,,,4.48,0.03,-0.04,0,6.7,2.9,-2.4,0,1.685,0.166,-0.173,0,,,,,,,,,9.35,0,0,0,225.734,1.569,-1.547,4.40128,0.0303511,-0.0303511
TOI-892 b,TOI-892,b,1,1,1,Transit,0,10.62656,7E-05,-7E-05,0,0.092,0.005,-0.005,0,11.994,0.224,-0.224,0,1.07,0.02,-0.02,0,301.9385,22.2481,-22.2481,0,0.95,0.07,-0.07,0,,,,,,,,,,,,,,,,,301.9385,22.2481,-22.2481,0,0.95,0.07,-0.07,0,,,,,0.125,,,1,,,,,1397,40,-40,0,88.2,0.3,-0.5,0,0.43,0.09,-0.13,0,,,,,,,,,14.2,0.8,-0.7,0,0.079,0.001,-0.001,0,,,,,,,,,,,,,74,5,-5,0,,,,,,,,,6261,80,-80,0,1.39,0.02,-0.02,0,1.28,0.03,-0.02,0,0.24,0.05,-0.05,0,[Fe/H],0.431,0.016,-0.016,0,4.26,0.02,-0.02,0,2.2,0.5,-0.5,0,0.482,0.082,-0.072,0,7.69,0.5,-0.5,0,,,,,,,,,340.543,4.894,-4.76,2.9083,0.0413012,-0.0413012
TOI-905 b,TOI-905,b,1,1,1,Transit,0,3.739494,3.8E-05,-3.8E-05,0,0.04666,0.00096,-0.0011,0,13.126,0.594,-0.572,0,1.171,0.053,-0.051,0,211.99261,13.34886,-13.03103,0,0.667,0.042,-0.041,0,,,,,,,,,,,,,,,,,211.99261,13.34886,-13.03103,0,0.667,0.042,-0.041,0,0.515,0.063,-0.057,0,0.024,0.025,-0.017,0,337,46,-38,0,1192,39,-36,0,85.68,0.22,-0.26,0,0.816,0.01,-0.012,0,1.718,0.032,-0.03,0,2.028,0.0264,-0.036,0,,,,,,,,,,,,,2458627.86,0.6,-0.85,0,39,61,-82,0,89.1,3.8,-3.6,0,,,,,,,,,5570,150,-140,0,0.92,0.04,-0.04,0,0.97,0.06,-0.07,0,0.14,0.22,-0.18,0,[Fe/H],-0.137,0.066,-0.061,0,4.5,0.03,-0.03,0,3.4,3.8,-2.3,0,1.76,0.16,-0.16,0,,,,,,,,,,,,,158.649,0.725,-0.718,6.27445,0.0284693,-0.0284693
TOI-954 b,TOI-954,b,1,1,1,Transit,0,3.6849729,2.7E-06,-2.8E-06,0,0.04963,0.00089,-0.0009,0,9.55,0.594,-0.695,0,0.852,0.053,-0.062,0,55.30242,5.72094,-5.40311,0,0.174,0.018,-0.017,0,55.30242,5.72094,-5.40311,0,0.174,0.018,-0.017,0,55.568,5.748,-5.748,0,0.17483,0.01809,-0.01809,0,55.30242,5.72094,-5.40311,0,0.174,0.018,-0.017,0,0.35,0.1,-0.07,0,0.14,0.18,-0.11,0,1393,66,-62,0,1526,123,-164,0,84.4,2.5,-0.6,0,0.56,0.04,-0.24,0,,,,,5.09,0.93,-0.37,0,5.63,0.18,-0.17,0,0.0462,0.0019,-0.0023,0,,,,,,,,,276,9,-174,0,20.7,2,-1.9,0,,,,,,,,,5710,53,-49,0,1.89,0.08,-0.08,0,1.2,0.07,-0.06,0,0.215,0.05,-0.051,0,[Fe/H],0.535,0.029,-0.03,0,3.96,0.03,-0.02,0,6.14,0.3,-0.3,0,0.249,0.025,-0.021,0,5.6,0.5,-0.5,0,,,,,,,,,238.768,1.905,-1.875,4.15951,0.0329002,-0.0329002
TrES-3 b,TrES-3,b,1,1,1,Transit,0,1.30618581,,,0,0.02282,0.00023,-0.0004,0,14.975,0.347,-0.415,0,1.336,0.031,-0.037,0,607.03,23.836,-25.425,0,1.91,0.075,-0.08,0,,,,,,,,,,,,,,,,,607.03,23.836,-25.425,0,1.91,0.075,-0.08,0,0.994,0.095,-0.078,0,0,,,0,,,,,,,,,81.85,0.16,-0.16,0,,,,,2.739,0.067,-0.067,0,,,,,,,,,,,,,,,,,,,,,,,,,,,,,,,,,,,,,5650,75,,0,0.83,0.02,,0,0.93,0.05,,0,,,,,,-0.204,0.044,,0,,,,,,,,,,,,,1.5,1,,0,,,,,,,,,231.337,1.303,-1.288,4.29392,0.0240246,-0.0240246
TrES-5 b,TrES-5,b,1,1,1,Transit,0,1.48224686,6.14E-06,-6.14E-06,0,0.02459,0.0007,-0.0007,0,13.384,0.168,-0.168,0,1.194,0.015,-0.015,0,568.9157,21.61244,-21.61244,0,1.79,0.068,-0.068,0,,,,,,,,,,,,,,,,,568.9157,21.61244,-21.61244,0,1.79,0.068,-0.068,0,1.31,0.052,-0.052,0,,,,,,,,,1480,13,-13,0,84.27,0.26,-0.26,0,,,,,,,,,,,,,6.1,0.1,-0.1,0,0.143,0.0012,-0.0012,0,,,,,,,,,,,,,339.8,10.4,-10.4,0,,,,,,,,,5171,36,-36,0,0.87,0.01,-0.01,0,0.9,0.03,-0.03,0,0.2,0.1,-0.1,0,[Fe/H],,,,,4.52,0.01,-0.01,0,,,,,1.945,0.072,-0.072,0,,,,,,,,,,,,,360.313,1.921,-1.901,2.74649,0.0146091,-0.0146091
WASP-10 b,WASP-10,b,1,1,1,Transit,0,3.0927616,1.12E-05,-1.12E-05,0,0.03781,0.00067,-0.00047,0,12.106,0.224,-0.224,0,1.08,0.02,-0.02,0,1001.12,41.32,-34.96,0,3.15,0.13,-0.11,0,,,,,,,,,,,,,,,,,1001.12,41.32,-34.96,0,3.15,0.13,-0.11,0,4.14,0.27,-0.27,0,,,,,,,,,1370,50,-50,0,88.49,0.22,-0.17,0,0.299,0.029,-0.043,0,2.525,0.024,-0.028,0,2.2271,0.0078,-0.0068,0,11.65,0.09,-0.13,0,0.15918,0.0005,-0.00115,0,,,,,,,,,,,,,533.1,7.5,-7.5,0,,,,,,,,,4675,100,,0,0.7,0.01,,0,0.75,0.04,,0,,,,,,,,,,,,,,,,,,,,,,,,,,,,,,,,,,140.998,0.75,-0.742,7.06364,0.0372441,-0.0372441
WASP-101 b,WASP-101,b,1,1,1,Transit,0,3.58572,4E-06,-4E-06,0,,,,,16.029,1.009,-1.009,0,1.43,0.09,-0.09,0,162.0933,25.4264,-25.4264,0,0.51,0.08,-0.08,0,,,,,,,,,,,,,,,,,162.0933,25.4264,-25.4264,0,0.51,0.08,-0.08,0,,,,,0,,,0,,,,,,,,,85,0.2,-0.2,0,,,,,1.3,0.02,-0.02,0,,,,,8.45,0.3,-0.3,0,,,,,,,,,,,,,,,,,54,4,-4,0,,,,,,,,,6380,120,-120,0,1.31,0.08,-0.08,0,1.41,0.3,-0.3,0,0.2,,,0,[Fe/H],,,,,4.31,0.08,-0.08,0,,,,,0.89,0.09,-0.09,0,,,,,,,,,,,,,201.224,1.152,-1.139,4.94086,0.0280704,-0.0280704
WASP-103 b,WASP-103,b,1,1,1,Transit,0,0.925542,1.9E-05,-1.9E-05,0,0.01985,0.00021,-0.00021,0,17.127,0.818,-0.527,0,1.528,0.073,-0.047,0,473.547,27.968,-27.968,0,1.49,0.088,-0.088,0,,,,,,,,,,,,,,,,,473.547,27.968,-27.968,0,1.49,0.088,-0.088,0,0.55,0.061,-0.07,0,,,,,,,,,2508,75,-70,0,86.3,2.7,-2.7,0,0.19,0.13,-0.13,0,1.195,0.042,-0.038,0,2.593,0.024,-0.024,0,2.978,0.05,-0.096,0,0.1093,0.0019,-0.0017,0,,,,,,,,,,,,,271,15,-15,0,,,,,,,,,6110,160,-160,0,1.44,0.05,-0.03,0,1.22,0.04,-0.04,0,0.06,0.13,-0.13,0,[Fe/H],0.413,0.061,-0.057,0,4.22,0.12,-0.05,0,4,1,-1,0,0.583,0.03,-0.055,0,10.6,0.9,-0.9,0,,,,,-42,0.01,-0.01,0,375.647,,,,,
WASP-105 b,WASP-105,b,1,1,1,Transit,0,7.87288,1E-05,-1E-05,0,0.075,0.003,-0.003,0,10.761,0.336,-0.336,0,0.96,0.03,-0.03,0,572.094,31.783,-31.783,0,1.8,0.1,-0.1,0,,,,,,,,,,,,,,,,,572.094,31.783,-31.783,0,1.8,0.1,-0.1,0,2.65,0.13,-0.13,0,0,,,0,,,,,900,20,-20,0,89.7,0.2,-0.2,0,0.1,0.08,-0.08,0,1.2,0.01,-0.01,0,3.72,0.0144,-0.0144,0,17.9,0.2,-0.2,0,,,,,,,,,,,,,,,,,194,3,-3,0,,,,,,,,,5070,130,-130,0,0.9,0.03,-0.03,0,0.89,0.09,-0.09,0,0.28,0.16,-0.16,0,[Fe/H],,,,,4.2,0.2,-0.2,0,,,,,1.73,0.04,-0.04,0,1.7,1.9,-1.9,0,,,,,24.68,0,0,0,169.272,,,,,
WASP-106 b,WASP-106,b,1,1,1,Transit,0,9.28971,1E-05,-1E-05,0,,,,,11.433,3.363,-3.363,0,1.02,0.3,-0.3,0,514.8846,298.7602,-298.7602,0,1.62,0.94,-0.94,0,,,,,,,,,,,,,,,,,514.8846,298.7602,-298.7602,0,1.62,0.94,-0.94,0,,,,,0,,,0,,,,,,,,,89.49,0.5,-0.5,0,,,,,0.64,0.018,-0.018,0,,,,,13.79,0.44,-0.44,0,,,,,,,,,,,,,,,,,165.3,4.3,-4.3,0,,,,,,,,,6055,136,-136,0,1.31,0.38,-0.38,0,0.93,0.8,-0.8,0,-0.09,,,0,[Fe/H],,,,,4.23,0.02,-0.02,0,,,,,0.57,0.06,-0.06,0,,,,,,,,,,,,,352.181,6.393,-6.172,2.81147,0.050257,-0.050257
WASP-110 b,WASP-110,b,1,1,1,Transit,0,3.77840121,8.2E-07,-8.2E-07,0,,,,,13.877,0.628,-0.628,0,1.238,0.056,-0.056,0,162.09249,20.34102,-20.34102,0,0.51,0.064,-0.064,0,,,,,,,,,,,,,,,,,162.09249,20.34102,-20.34102,0,0.51,0.064,-0.064,0,,,,,0,,,0,,,,,,,,,88.16,0.37,-0.32,0,,,,,,,,,,,,,11.07,0.18,-0.17,0,0.1435,0.0047,-0.0036,0,,,,,,,,,,,,,,,,,,,,,,,,,5400,140,-140,0,,,,,,,,,-0.06,0.1,-0.1,0,[Fe/H],,,,,4.1,0.2,-0.2,0,,,,,,,,,,,,,,,,,,,,,274.96,3.097,-3.03,3.60869,0.0402056,-0.0402056
WASP-113 b,WASP-113,b,1,1,1,Transit,0,4.54216875,4.2E-06,-4.2E-06,0,0.05885,0.0001,-0.0001,0,15.793,1.076,-1.569,0,1.409,0.096,-0.14,0,150.96925,17.16282,-16.52716,0,0.475,0.054,-0.052,0,,,,,,,,,,,,,,,,,150.96925,17.16282,-16.52716,0,0.475,0.054,-0.052,0,0.228,0.073,-0.045,0,0,,,0,,,,,1496,60,-60,0,86.46,1.2,-0.64,0,0.486,0.063,-0.14,0,0.809,0.028,-0.028,0,4.2984,0.0456,-0.0456,0,,,,,,,,,,,,,,,,,0,,,0,48.74,5.2,-5.2,0,,,,,,,,,5890,140,-140,0,1.61,0.09,-0.12,0,1.32,0.07,-0.07,0,0.1,0.09,-0.09,0,[Fe/H],,,,,4.2,0.1,-0.1,0,6.2,1.6,-3.8,0,0.447,0.102,-0.055,0,6.8,0.7,-0.7,0,10.56,1.8,-1.8,1,,,,,435.156,4.433,-4.346,2.26927,0.0230049,-0.0230049
WASP-117 b,WASP-117,b,1,1,1,Transit,0,10.02165,0.00055,-0.00055,0,,,,,11.882,0.785,-0.785,0,1.06,0.07,-0.07,0,95.349,15.8915,-15.8915,0,0.3,0.05,-0.05,0,,,,,,,,,,,,,,,,,95.349,15.8915,-15.8915,0,0.3,0.05,-0.05,0,,,,,0.3,0.02,-0.02,0,,,,,,,,,89.14,0.3,-0.3,0,,,,,0.8,0.052,-0.052,0,,,,,17.43,0.98,-0.98,0,,,,,,,,,,,,,,,,,25.2,0.7,-0.7,0,,,,,,,,,6040,90,-90,0,1.22,0.06,-0.06,0,1.29,0.3,-0.3,0,-0.11,,,0,[Fe/H],,,,,4.28,0.16,-0.16,0,,,,,1,0.17,-0.17,0,,,,,,,,,,,,,157.963,0.636,-0.632,6.30176,0.0252184,-0.0252184
WASP-118 b,WASP-118,b,1,1,1,Transit,0,4.0460435,4.4E-06,-4.4E-06,0,0.05453,0.00048,-0.00048,0,16.141,0.404,-0.404,0,1.44,0.036,-0.036,0,163.36462,6.3566,-6.3566,0,0.514,0.02,-0.02,0,,,,,,,,,,,,,,,,,163.36462,6.3566,-6.3566,0,0.514,0.02,-0.02,0,0.233,0.024,-0.024,0,0,,,0,,,,,1729,36,-36,0,88.7,0.9,-0.9,0,0.16,0.1,-0.1,0,0.755,0.019,-0.019,0,4.8048,0.0456,-0.0456,0,6.92,0.107,-0.104,0,,,,,,,,,,,,,0,,,0,54.6,1.9,-1.9,0,,,,,,,,,6410,125,-125,0,1.7,0.03,-0.03,0,1.32,0.04,-0.04,0,0.16,0.1,-0.1,0,[Fe/H],,,,,4.1,0.01,-0.01,0,1.17,5.72,-0.75,0,0.382,0.017,-0.017,0,9.68,1.14,-1.14,0,6.12,1.11,-1.11,0,5.88,0,0,0,376.658,11.199,-10.58,2.62793,0.0761286,-0.0761286
WASP-119 b,WASP-119,b,1,1,1,Transit,0,2.49979,1E-05,-1E-05,0,0.0363,0.0007,-0.0007,0,15.693,2.242,-2.242,0,1.4,0.2,-0.2,0,390.9309,25.4264,-25.4264,0,1.23,0.08,-0.08,0,,,,,,,,,,,,,,,,,390.9309,25.4264,-25.4264,0,1.23,0.08,-0.08,0,0.7,0.3,-0.3,0,0.058,,,1,,,,,1600,80,-80,0,85,2,-2,0,0.5,0.1,-0.24,0,,,,,3.024,0.144,-0.144,0,6.329,0.664,-0.549,0,,,,,,,,,,,,,,,,,181,10,-10,0,,,,,,,,,5650,100,-100,0,1.2,0.1,-0.1,0,1.02,0.06,-0.06,0,0.14,0.1,-0.1,0,[Fe/H],,,,,4.26,0.08,-0.08,0,8,2.5,-2.5,0,0.76,0.25,-0.25,0,0.7,0.9,-0.9,0,,,,,8.4,0.01,-0.01,0,302.448,2.017,-1.991,3.27755,0.0217442,-0.0217442
WASP-120 b,WASP-120,b,1,1,1,Transit,0,3.6112706,4.3E-06,-4.3E-06,0,0.0514,0.0007,-0.0007,0,16.511,1.076,-1.076,0,1.473,0.096,-0.096,0,1541.4755,66.7443,-66.7443,0,4.85,0.21,-0.21,0,,,,,,,,,,,,,,,,,1541.4755,66.7443,-66.7443,0,4.85,0.21,-0.21,0,2,0.44,-0.34,0,0.057,0.022,-0.018,0,,,,,1880,70,-70,0,82.54,0.78,-0.78,0,0.78,0.02,-0.02,0,0.655,0.016,-0.016,0,3.5592,0.0384,-0.0384,0,5.9,0.33,-0.33,0,,,,,,,,,,,,,-27,48,-28,0,509,17,-17,0,,,,,,,,,6450,120,-120,0,1.87,0.11,-0.11,0,1.39,0.06,-0.06,0,-0.05,0.07,-0.07,0,[Fe/H],,,,,4.04,0.05,-0.05,0,2.6,0.5,-0.5,0,0.299,0.058,-0.044,0,15.1,1.2,-1.2,0,,,,,19.84,0.01,-0.01,0,381.174,3.23,-3.177,2.59467,0.0218854,-0.0218854
WASP-121 b,WASP-121,b,1,1,1,Transit,0,1.2749255,2E-07,-2.5E-07,0,0.02544,0.00049,-0.0005,0,20.905,0.493,-0.493,0,1.865,0.044,-0.044,0,375.99289,20.34112,-19.70546,0,1.183,0.064,-0.062,0,,,,,,,,,,,,,,,,,375.99289,20.34112,-19.70546,0,1.183,0.064,-0.062,0,0.243,0.021,-0.021,0,0,,,0,,,,,2358,52,-52,0,87.6,0.6,-0.6,0,0.16,0.04,-0.042,0,1.551,0.012,-0.012,0,2.8872,0.0072,-0.0072,0,3.754,0.023,-0.028,0,0.12454,0.00047,-0.00048,0,0.0603,0.013,-0.013,0,,,,,,,,,,,,,-257.8,5.3,-5.5,0,,,,,6459,140,-140,0,1.46,0.03,-0.03,0,1.35,0.08,-0.08,0,0.13,0.09,-0.09,0,[Fe/H],0.519,0.038,-0.041,0,4.24,0.01,-0.01,0,1.5,1,-1,0,0.616,0.011,-0.013,0,13.5,0.7,-0.7,0,,,,,38.35,0.02,-0.02,0,269.898,1.58,-1.562,3.67631,0.0214,-0.0214
WASP-124 b,WASP-124,b,1,1,1,Transit,0,3.37265,1E-06,-1E-06,0,0.0449,0.0007,-0.0007,0,13.899,0.336,-0.336,0,1.24,0.03,-0.03,0,190.698,22.2481,-22.2481,0,0.6,0.07,-0.07,0,,,,,,,,,,,,,,,,,190.698,22.2481,-22.2481,0,0.6,0.07,-0.07,0,0.43,0.05,-0.05,0,0.017,,,1,,,,,1400,30,-30,0,86.3,0.2,-0.2,0,0.61,0.02,-0.02,0,,,,,2.5704,0.0144,-0.0144,0,9.434,1.93,-1.369,0,,,,,,,,,,,,,,,,,77,8,-8,0,,,,,,,,,6050,100,-100,0,1.02,0.02,-0.02,0,1.07,0.05,-0.05,0,-0.02,0.11,-0.11,0,[Fe/H],,,,,4.44,0.02,-0.02,0,2.1,1.4,-1.4,0,1.39,0.07,-0.07,0,3.2,0.9,-0.9,0,,,,,-5.88,0.01,-0.01,0,448.637,7.632,-7.384,2.20081,0.0370118,-0.0370118
WASP-13 b,WASP-13,b,1,1,1,Transit,0,4.35301,3E-06,-3E-06,0,,,,,13.675,1.569,-1.569,0,1.22,0.14,-0.14,0,114.4188,28.6047,-28.6047,0,0.36,0.09,-0.09,0,,,,,,,,,,,,,,,,,114.4188,28.6047,-28.6047,0,0.36,0.09,-0.09,0,,,,,0,,,0,,,,,,,,,85.43,0.29,-0.29,0,,,,,0.84,0.016,-0.016,0,,,,,7.35,0.26,-0.26,0,,,,,,,,,,,,,,,,,55.5,3.6,-3.6,0,,,,,,,,,5950,70,-70,0,1.37,0.15,-0.15,0,0.72,0.25,-0.25,0,0,,,0,[Fe/H],,,,,4.06,0.1,-0.1,0,,,,,0.4,0.04,-0.04,0,,,,,,,,,,,,,227.537,3.11,-3.028,4.36696,0.0588143,-0.0588143
WASP-130 b,WASP-130,b,1,1,1,Transit,0,11.55098,1E-05,-1E-05,0,0.1012,0.0014,-0.0014,0,9.976,0.336,-0.336,0,0.89,0.03,-0.03,0,390.9309,12.7132,-12.7132,0,1.23,0.04,-0.04,0,,,,,,,,,,,,,,,,,390.9309,12.7132,-12.7132,0,1.23,0.04,-0.04,0,2.34,0.24,-0.24,0,0,,,0,,,,,833,18,-18,0,88.66,0.12,-0.12,0,0.53,0.03,-0.03,0,0.916,0.014,-0.014,0,3.72,0.024,-0.024,0,,,,,,,,,,,,,,,,,,,,,108,2,-2,0,,,,,,,,,5625,90,-90,0,0.96,0.03,-0.03,0,1.04,0.04,-0.04,0,0.26,0.1,-0.1,0,[Fe/H],,,,,4.49,0.02,-0.02,0,2,,,-1,1.66,0.13,-0.13,0,0.5,0.5,-0.5,0,,,,,1.46,0,0,0,172.256,1.39,-1.368,5.77699,0.0461226,-0.0461226
WASP-131 b,WASP-131,b,1,1,1,Transit,0,5.322023,5E-06,-5E-06,0,0.0607,0.0009,-0.0009,0,13.675,0.56,-0.56,0,1.22,0.05,-0.05,0,85.8141,6.3566,-6.3566,0,0.27,0.02,-0.02,0,,,,,,,,,,,,,,,,,85.8141,6.3566,-6.3566,0,0.27,0.02,-0.02,0,0.2,0.03,-0.03,0,0,,,0,,,,,1460,30,-30,0,85,0.3,-0.3,0,0.73,0.02,-0.02,0,0.665,0.012,-0.012,0,3.8304,0.0336,-0.0336,0,,,,,,,,,,,,,,,,,,,,,30.5,1.7,-1.7,0,,,,,,,,,6030,90,-90,0,1.53,0.05,-0.05,0,1.06,0.06,-0.06,0,-0.18,0.08,-0.08,0,[Fe/H],,,,,4.09,0.03,-0.03,0,4.5,3.5,-3.5,0,0.411,0.037,-0.037,0,3,0.9,-0.9,0,,,,,-19.66,0,0,0,200.075,2.659,-2.591,4.97065,0.06507,-0.06507
WASP-132 b,WASP-132,b,1,1,1,Transit,0,7.133521,9E-06,-9E-06,0,0.067,0.001,-0.001,0,9.752,0.336,-0.336,0,0.87,0.03,-0.03,0,130.3103,9.5349,-9.5349,0,0.41,0.03,-0.03,0,,,,,,,,,,,,,,,,,130.3103,9.5349,-9.5349,0,0.41,0.03,-0.03,0,0.84,0.08,-0.08,0,0,,,0,,,,,763,16,-16,0,89.6,0.3,-0.3,0,0.14,0.12,-0.12,0,1.46,0.03,-0.03,0,3.0816,0.0216,-0.0216,0,,,,,,,,,,,,,,,,,,,,,51,3,-3,0,,,,,,,,,4775,100,-100,0,0.74,0.02,-0.02,0,0.8,0.04,-0.04,0,0.22,0.13,-0.13,0,[Fe/H],,,,,4.61,0.02,-0.02,0,0.5,,,-1,2.82,0.1,-0.2,0,0.9,0.8,-0.8,0,,,,,31.07,0,0,0,122.91,0.568,-0.562,8.10734,0.0371024,-0.0371024
WASP-133 b,WASP-133,b,1,1,1,Transit,0,2.176423,1E-06,-1E-06,0,0.0345,0.0007,-0.0007,0,13.563,0.56,-0.56,0,1.21,0.05,-0.05,0,368.6828,28.6047,-28.6047,0,1.16,0.09,-0.09,0,,,,,,,,,,,,,,,,,368.6828,28.6047,-28.6047,0,1.16,0.09,-0.09,0,0.88,0.09,-0.09,0,0.17,,,1,,,,,1790,40,-40,0,87,1,-1,0,0.2,0.1,-0.1,0,,,,,3.4392,0.0168,-0.0168,0,5.155,0.081,-0.155,0,,,,,,,,,,,,,,,,,170,10,-10,0,,,,,,,,,5700,100,-100,0,1.44,0.05,-0.05,0,1.16,0.08,-0.08,0,0.29,0.12,-0.12,0,[Fe/H],,,,,4.18,0.02,-0.02,0,6.8,1.8,-1.8,0,0.55,0.04,-0.04,0,0.3,0.7,-0.7,0,,,,,-23.91,0.01,-0.01,0,559.084,16.967,-16.012,1.7619,0.0522979,-0.0522979
WASP-135 b,WASP-135,b,1,1,1,Transit,0,1.4013794,8E-07,-8E-07,0,0.0243,0.0005,-0.0005,0,14.572,1.009,-1.009,0,1.3,0.09,-0.09,0,603.877,25.4264,-25.4264,0,1.9,0.08,-0.08,0,,,,,,,,,,,,,,,,,603.877,25.4264,-25.4264,0,1.9,0.08,-0.08,0,1.16,0.23,-0.23,0,0,,,0,,,,,,,,,82,0.6,-0.6,0,0.8,0.03,-0.03,0,1.94,0.08,-0.08,0,1.656,0.024,-0.024,0,,,,,,,,,,,,,,,,,,,,,346,3,-3,0,,,,,,,,,5675,60,-60,0,0.96,0.05,-0.05,0,0.98,0.06,-0.06,0,0.02,0.13,-0.13,0,[Fe/H],,,,,4.47,0.03,-0.03,0,0.6,1.4,-0.35,0,1.58,0.21,-0.21,0,4.67,0.89,-0.89,0,,,,,-32.33,0,0,0,298.214,1.42,-1.407,3.32442,0.015772,-0.015772
WASP-136 b,WASP-136,b,1,1,1,Transit,0,5.215357,6E-06,-6E-06,0,0.0661,0.0012,-0.0012,0,15.468,1.793,-1.793,0,1.38,0.16,-0.16,0,479.9233,25.4264,-25.4264,0,1.51,0.08,-0.08,0,,,,,,,,,,,,,,,,,479.9233,25.4264,-25.4264,0,1.51,0.08,-0.08,0,0.773,0.306,-0.197,0,,,,,,,,,1742,82,-82,0,84.7,1.6,-1.3,0,0.59,0.08,-0.14,0,0.411,0.015,-0.015,0,5.4528,0.0792,-0.0792,0,,,,,,,,,,,,,,,,,,,,,,,,,,,,,,,,,6260,100,-100,0,2.21,0.22,-0.22,0,1.41,0.07,-0.07,0,-0.18,0.1,-0.1,0,[Fe/H],,,,,3.9,0.06,-0.06,0,3.62,0.7,-0.7,0,0.186,0.042,-0.042,0,13.1,0.8,-0.8,0,,,,,,,,,275.587,4.606,-4.46,3.60091,0.0592231,-0.0592231
WASP-138 b,WASP-138,b,1,1,1,Transit,0,3.634433,5E-06,-5E-06,0,0.0494,0.0007,-0.0007,0,12.218,0.56,-0.56,0,1.09,0.05,-0.05,0,387.7526,25.4264,-25.4264,0,1.22,0.08,-0.08,0,,,,,,,,,,,,,,,,,387.7526,25.4264,-25.4264,0,1.22,0.08,-0.08,0,1.2,0.13,-0.194,0,,,,,,,,,1590,31,-31,0,88.5,0.9,-1.2,0,0.19,0.12,-0.15,0,0.683,0.013,-0.013,0,3.7728,0.0288,-0.0288,0,,,,,,,,,,,,,,,,,,,,,,,,,,,,,,,,,6272,96,-96,0,1.36,0.05,-0.05,0,1.22,0.05,-0.05,0,-0.09,0.1,-0.1,0,[Fe/H],,,,,4.25,0.02,-0.02,0,3.44,0.93,-0.93,0,0.687,0.062,-0.062,0,7.7,1.1,-1.1,0,,,,,,,,,414.234,7.647,-7.379,2.38571,0.0434476,-0.0434476
WASP-141 b,WASP-141,b,1,1,1,Transit,0,3.310651,5E-06,-5E-06,0,0.0469,0.0007,-0.0007,0,13.563,0.897,-0.897,0,1.21,0.08,-0.08,0,854.9627,47.6745,-47.6745,0,2.69,0.15,-0.15,0,,,,,,,,,,,,,,,,,854.9627,47.6745,-47.6745,0,2.69,0.15,-0.15,0,1.98,0.33,-0.33,0,0,,,0,,,,,1540,50,-50,0,87.6,1.3,-1.3,0,0.31,0.12,-0.12,0,0.83,0.02,-0.02,0,3.6,0.024,-0.024,0,,,,,,,,,,,,,,,,,,,,,315,15,-15,0,,,,,,,,,5900,120,-120,0,1.37,0.07,-0.07,0,1.25,0.06,-0.06,0,0.29,0.09,-0.09,0,[Fe/H],,,,,4.26,0.04,-0.04,0,5,,,-1,0.69,0.1,-0.1,0,3.9,0.8,-0.8,0,,,,,33.83,0.01,-0.01,0,516.543,8.641,-8.366,1.90731,0.0316279,-0.0316279
WASP-142 b,WASP-142,b,1,1,1,Transit,0,2.052868,2E-06,-2E-06,0,0.0347,0.0007,-0.0007,0,17.15,0.897,-0.897,0,1.53,0.08,-0.08,0,266.9772,28.6047,-28.6047,0,0.84,0.09,-0.09,0,,,,,,,,,,,,,,,,,266.9772,28.6047,-28.6047,0,0.84,0.09,-0.09,0,0.31,0.07,-0.07,0,0,,,0,,,,,2000,60,-60,0,80.2,0.6,-0.6,0,0.77,0.02,-0.02,0,0.916,0.026,-0.026,0,2.6808,0.0384,-0.0384,0,,,,,,,,,,,,,,,,,,,,,109,10,-10,0,,,,,,,,,6010,140,-140,0,1.64,0.08,-0.08,0,1.33,0.08,-0.08,0,0.26,0.12,-0.12,0,[Fe/H],,,,,4.13,0.04,-0.04,0,2,,,1,0.42,0.06,-0.06,0,3.1,1.4,-1.4,0,,,,,47.13,0.01,-0.01,0,730.933,24.175,-22.702,1.34024,0.04351,-0.04351
WASP-144 b,WASP-144,b,1,1,1,Transit,0,2.2783152,1.3E-06,-1.3E-06,0,0.0316,0.0005,-0.0005,0,9.528,0.56,-0.56,0,0.85,0.05,-0.05,0,139.8452,19.0698,-19.0698,0,0.44,0.06,-0.06,0,,,,,,,,,,,,,,,,,139.8452,19.0698,-19.0698,0,0.44,0.06,-0.06,0,0.95,0.2,-0.2,0,0,,,0,,,,,1260,40,-40,0,86.9,0.5,-0.5,0,0.45,0.07,-0.07,0,1.165,0.028,-0.028,0,1.9536,0.0168,-0.0168,0,8.39,0.23,-0.23,0,,,,,,,,,,,,,,,,,78,11,-11,0,,,,,,,,,5200,140,-140,0,0.81,0.04,-0.04,0,0.81,0.04,-0.04,0,0.18,0.14,-0.14,0,,,,,,4.53,0.03,-0.03,0,8.71,4.12,-4.12,0,2.17,0.23,-0.23,0,1.9,1.2,-1.2,0,,,,,16.11,0.01,-0.01,0,355.513,10.668,-10.075,2.78766,0.0813424,-0.0813424
WASP-147 b,WASP-147,b,1,1,1,Transit,0,4.60273,2.7E-05,-2.7E-05,0,0.0549,0.0012,-0.0013,0,12.498,1.569,-1.042,0,1.115,0.14,-0.093,0,87.40325,8.89924,-8.58141,0,0.275,0.028,-0.027,0,,,,,,,,,,,,,,,,,87.40325,8.89924,-8.58141,0,0.275,0.028,-0.027,0,0.263,0.081,-0.08,0,0,,,0,,,,,1404,69,-43,0,87.9,1.5,-1.6,0,0.31,0.19,-0.21,0,0.64,0.062,-0.059,0,4.3944,0.0984,-0.0792,0,8.29,0.4,-0.74,0,0.08,0.0038,-0.0038,0,,,,,,,,,,,,,32.7,2.8,-2.8,0,,,,,,,,,5702,100,-100,0,1.43,0.14,-0.08,0,1.04,0.07,-0.07,0,0.092,0.069,-0.071,0,[Fe/H],,,,,,,,,8.47,0.78,-0.78,0,0.509,0.076,-0.12,0,0.3,0.8,-0.3,0,,,,,-1.62,0,0,0,436.098,9.35,-8.973,2.2651,0.0477939,-0.0477939
WASP-15 b,WASP-15,b,1,1,1,Transit,0,3.7521,1E-05,-1E-05,0,,,,,15.805,4.035,-4.035,0,1.41,0.36,-0.36,0,171.6282,92.1707,-92.1707,0,0.54,0.29,-0.29,0,,,,,,,,,,,,,,,,,171.6282,92.1707,-92.1707,0,0.54,0.29,-0.29,0,,,,,0,,,0,,,,,,,,,85.96,0.35,-0.35,0,,,,,0.97,0.012,-0.012,0,,,,,7.29,0.38,-0.38,0,,,,,,,,,,,,,,,,,63.4,1.2,-1.2,0,,,,,,,,,6300,100,-100,0,1.48,0.38,-0.38,0,1.18,0.93,-0.93,0,-0.17,,,0,[Fe/H],,,,,4.35,0.15,-0.15,0,,,,,0.52,0.08,-0.08,0,,,,,,,,,,,,,282.091,3.371,-3.294,3.51679,0.0415564,-0.0415564
WASP-150 b,WASP-150,b,1,1,1,Transit,0,5.644207,3E-06,-4E-06,0,0.0694,0.0011,-0.0008,0,11.994,0.269,-0.28,0,1.07,0.024,-0.025,0,2688.8418,88.9924,-63.566,0,8.46,0.28,-0.2,0,,,,,,,,,,,,,,,,,2688.8418,88.9924,-63.566,0,8.46,0.28,-0.2,0,8.54,0.66,-0.62,0,0.3775,0.0038,-0.0029,0,,,,,1460,11,-11,0,84.01,0.25,-0.2,0,0.758,0.011,-0.014,0,0.44,0.01,-0.01,0,3.1176,0.024,-0.036,0,,,,,,,,,,,,,,,,,,,,,,,,,,,,,,,,,6218,49,-45,0,1.65,0.02,-0.03,0,1.39,0.07,-0.05,0,0.156,0.1,-0.089,0,[Fe/H],,,,,4.15,0.03,-0.02,0,2.95,0.229,-0.229,0,0.619,0.045,-0.035,0,8.82,0.95,-0.95,0,,,,,,,,,527.995,5.817,-5.694,1.8652,0.0204884,-0.0204884
WASP-151 b,WASP-151,b,1,1,1,Transit,0,4.533471,4E-06,-4E-06,0,0.055,0.001,-0.001,0,12.666,0.336,-0.336,0,1.13,0.03,-0.03,0,98.5273,12.7132,-9.5349,0,0.31,0.04,-0.03,0,,,,,,,,,,,,,,,,,98.5273,12.7132,-9.5349,0,0.31,0.04,-0.03,0,0.29,0.04,-0.03,0,0.003,,,1,460,20,-20,0,1290,20,-10,0,89.2,0.6,-0.6,0,,,,,,,,,3.66,0.02,-0.01,0,10.34,0.11,-0.19,0,0.1011,0.0005,-0.0003,0,,,,,,,,,-50,120,-30,0,37,4,-3,0,,,,,,,,,5871,57,-57,0,1.14,0.03,-0.03,0,1.08,0.08,-0.08,0,0.1,0.1,-0.1,0,[Fe/H],,,,,4.35,0.02,-0.03,0,5.1,1.3,-1.3,0,1.02,0.03,-0.06,0,4.25,0.9,-0.9,0,,,,,,,,,453.099,10.052,-9.633,2.17906,0.0475662,-0.0475662
WASP-153 b,WASP-153,b,1,1,1,Transit,0,3.332609,2E-06,-2E-06,0,0.048,0.001,-0.001,0,17.374,1.121,-0.897,0,1.55,0.1,-0.08,0,123.9537,6.3566,-6.3566,0,0.39,0.02,-0.02,0,,,,,,,,,,,,,,,,,123.9537,6.3566,-6.3566,0,0.39,0.02,-0.02,0,0.15,0.03,-0.03,0,0.009,,,1,1400,200,-100,0,1700,40,-40,0,84.1,0.7,-0.7,0,,,,,,,,,3.84,0.05,-0.05,0,6,0.3,-0.2,0,0.092,0.001,-0.001,0,,,,,,,,,,,,,44,2,-2,0,,,,,,,,,5914,64,-64,0,1.73,0.1,-0.09,0,1.34,0.09,-0.09,0,0.34,0.11,-0.11,0,[Fe/H],,,,,4.1,0.06,-0.06,0,4,0.8,-0.8,0,0.37,0.06,-0.04,0,5.19,0.95,-0.95,0,,,,,,,,,610.176,9.017,-8.762,1.61032,0.0236925,-0.0236925
WASP-156 b,WASP-156,b,1,1,1,Transit,0,3.836169,3E-06,-3E-06,0,0.0453,0.0009,-0.0009,0,5.717,0.224,-0.224,0,0.51,0.02,-0.02,0,40.68224,3.1783,-2.86047,0,0.128,0.01,-0.009,0,,,,,,,,,,,,,,,,,40.68224,3.1783,-2.86047,0,0.128,0.01,-0.009,0,1.3,0.1,-0.1,0,0.007,,,1,150,10,-10,0,970,30,-20,0,89.1,0.6,-0.9,0,,,,,,,,,2.41,0.04,-0.03,0,12.8,0.3,-0.7,0,0.0685,0.0012,-0.0008,0,,,,,,,,,,,,,19,1,-1,0,,,,,,,,,4910,61,-61,0,0.76,0.03,-0.03,0,0.84,0.05,-0.05,0,0.24,0.12,-0.12,0,[Fe/H],,,,,4.6,0.04,-0.07,0,6.4,4,-4,0,2.68,0.14,-0.42,0,3.8,0.91,-0.91,0,,,,,,,,,122.066,0.648,-0.641,8.16366,0.0429522,-0.0429522
WASP-157 b,WASP-157,b,1,1,1,Transit,0,3.951623,1.8E-05,-1.8E-05,0,0.0499,0.0006,-0.0006,0,11.19,0.28,-0.28,0,0.998,0.025,-0.025,0,,,,,,,,,,,,,,,,,,,,,,,,,,,,,,,,,,,,,,,,,,,,,1193,24,-24,0,,,,,0.87,0.01,-0.01,0,,,,,,,,,10.49,0.26,-0.23,0,0.0935,0.0009,-0.0009,0,,,,,,,,,,,,,,,,,,,,,,,,,5772,86,-86,0,1.1,0.03,-0.03,0,1.06,0.04,-0.04,0,0.25,0.06,-0.06,0,[Fe/H],,,,,4.38,0.03,-0.03,0,,,,,1.4,0.099,-0.094,0,,,,,,,,,,,,,334.037,6.51,-6.27,2.96628,0.0568149,-0.0568149
WASP-158 b,WASP-158,b,1,1,1,Transit,0,3.656333,4E-06,-4E-06,0,0.0517,0.0018,-0.0018,0,11.994,1.681,-1.681,0,1.07,0.15,-0.15,0,886.7457,73.1009,-73.1009,0,2.79,0.23,-0.23,0,,,,,,,,,,,,,,,,,886.7457,73.1009,-73.1009,0,2.79,0.23,-0.23,0,3.1,0.7,-1,0,0,,,0,,,,,1590,80,-80,0,87.7,1.5,-1.5,0,0.32,0.23,-0.23,0,0.63,0.05,-0.05,0,3.576,0.0888,-0.0888,0,8,0.4,-1,0,,,,,,,,,,,,,,,,,295,15,-15,0,,,,,,,,,6350,150,-150,0,1.39,0.18,-0.18,0,1.38,0.14,-0.14,0,0.24,0.1,-0.1,0,,,,,,4.3,0.05,-0.11,0,1.93,0.93,-0.93,0,0.75,0.11,-0.24,0,9.3,1.3,-1.3,0,,,,,24.2,0.01,-0.01,0,524.993,12.575,-12.01,1.87646,0.0442526,-0.0442526
WASP-159 b,WASP-159,b,1,1,1,Transit,0,3.840401,7E-06,-7E-06,0,0.0538,0.0015,-0.0015,0,15.468,1.009,-1.009,0,1.38,0.09,-0.09,0,174.8065,25.4264,-25.4264,0,0.55,0.08,-0.08,0,,,,,,,,,,,,,,,,,174.8065,25.4264,-25.4264,0,0.55,0.08,-0.08,0,0.28,0.05,-0.05,0,0,,,0,,,,,1850,50,-50,0,88.1,1.4,-1.4,0,0.18,0.15,-0.15,0,0.453,0.018,-0.018,0,5.5872,0.0504,-0.0504,0,5.44,0.15,-0.29,0,,,,,,,,,,,,,,,,,57,8,-8,0,,,,,,,,,6120,140,-140,0,2.11,0.1,-0.1,0,1.41,0.12,-0.12,0,0.22,0.12,-0.12,0,,,,,,3.94,0.04,-0.04,0,3.4,0.95,-0.95,0,0.21,0.03,-0.03,0,5.7,0.4,-0.4,0,,,,,35.16,0.01,-0.01,0,715.383,10.775,-10.466,1.36892,0.020597,-0.020597
WASP-16 b,WASP-16,b,1,1,1,Transit,0,3.1186,1.4E-05,-1.4E-05,0,,,,,13.675,1.121,-1.121,0,1.22,0.1,-0.1,0,394.1092,79.4575,-79.4575,0,1.24,0.25,-0.25,0,,,,,,,,,,,,,,,,,394.1092,79.4575,-79.4575,0,1.24,0.25,-0.25,0,,,,,0,,,0,,,,,,,,,85.22,0.35,-0.35,0,,,,,1.2,0.045,-0.045,0,,,,,9.52,0.57,-0.57,0,,,,,,,,,,,,,,,,,116.7,2.2,-2.2,0,,,,,,,,,5700,150,-150,0,1.14,0.09,-0.09,0,1.78,0.54,-0.54,0,0.01,,,0,[Fe/H],,,,,4.49,0.04,-0.04,0,,,,,1.68,0.3,-0.3,0,,,,,,,,,,,,,194.134,1.944,-1.907,5.12299,0.0506985,-0.0506985
WASP-161 b,WASP-161,b,1,1,1,Transit,0,5.4060425,4.8E-06,-4.8E-06,0,0.0673,0.0023,-0.0023,0,12.812,0.729,-0.65,0,1.143,0.065,-0.058,0,791.3967,66.7443,-66.7443,0,2.49,0.21,-0.21,0,,,,,,,,,,,,,,,,,791.3967,66.7443,-66.7443,0,2.49,0.21,-0.21,0,2.2,0.29,-0.29,0,,,,,990,250,-190,0,1557,34,-29,0,89.01,0.69,-1,0,0.14,0.15,-0.1,0,0.45092,0.00023,-0.00023,0,5.1288,0.0528,-0.0528,0,8.49,0.13,-0.28,0,0.0671,0.0017,-0.0017,0,,,,,,,,,,,,,230,12,-12,0,,,,,,,,,6400,100,-100,0,1.71,0.08,-0.07,0,1.39,0.14,-0.14,0,0.16,0.09,-0.09,0,[Fe/H],0.647,0.052,-0.05,0,4.11,0.02,-0.03,0,,,,,0.398,0.018,-0.038,0,18,0.8,-0.8,0,,,,,,,,,343.08,4.142,-4.046,2.88635,0.034516,-0.034516
WASP-162 b,WASP-162,b,1,1,1,Transit,0,9.62468,1E-05,-1E-05,0,0.0871,0.0013,-0.0013,0,11.209,0.56,-0.56,0,1,0.05,-0.05,0,1652.716,63.566,-63.566,0,5.2,0.2,-0.2,0,,,,,,,,,,,,,,,,,1652.716,63.566,-63.566,0,5.2,0.2,-0.2,0,6.9,0.8,-0.8,0,0.434,0.005,-0.005,0,,,,,910,20,-20,0,89.3,0.5,-0.5,0,0.18,0.14,-0.14,0,0.87,0.03,-0.03,0,4.2576,0.036,-0.036,0,17,0.4,-0.6,0,,,,,,,,,,,,,-1.9,2.2,-2.2,0,507,8,-8,0,,,,,,,,,5300,100,-100,0,1.11,0.05,-0.05,0,0.95,0.04,-0.04,0,0.28,0.13,-0.13,0,,,,,,4.33,0.03,-0.03,0,12.97,2.35,-2.35,0,1,0.1,-0.1,0,1,0.8,-0.8,0,,,,,16.82,0,0,0,310.841,4.122,-4.017,3.1888,0.0417941,-0.0417941
WASP-163 b,WASP-163,b,1,1,1,Transit,0,1.6096884,1.5E-06,-1.5E-06,0,0.0266,0.0014,-0.0014,0,13.473,1.087,-1.087,0,1.202,0.097,-0.097,0,594.3421,66.7443,-66.7443,0,1.87,0.21,-0.21,0,,,,,,,,,,,,,,,,,594.3421,66.7443,-66.7443,0,1.87,0.21,-0.21,0,1.42,0.31,-0.23,0,,,,,1200,330,-330,0,1638,68,-68,0,85.42,1.1,-0.85,0,0.448,0.063,-0.094,0,1.417,0.067,-0.067,0,2.232,0.024,-0.024,0,5.62,0.26,-0.21,0,0.119,0.003,-0.003,0,,,,,,,,,,,,,329,14,-14,0,,,,,,,,,5500,200,-200,0,1.01,0.07,-0.07,0,0.97,0.15,-0.15,0,-0.34,0.21,-0.21,0,[Fe/H],-0.076,0.093,-0.098,0,4.41,0.04,-0.04,0,,,,,1.3,0.2,-0.1,0,5,,,1,,,,,,,,,261.386,3.663,-3.564,3.79808,0.0524708,-0.0524708
WASP-164 b,WASP-164,b,1,1,1,Transit,0,1.7771255,2.8E-06,-2.8E-06,0,0.02818,0.00065,-0.00072,0,12.644,0.46,-0.482,0,1.128,0.041,-0.043,0,676.9779,38.1396,-41.3179,0,2.13,0.12,-0.13,0,,,,,,,,,,,,,,,,,676.9779,38.1396,-41.3179,0,2.13,0.12,-0.13,0,1.96,0.2,-0.17,0,0,,,0,,,,,1610,58,-53,0,82.73,0.22,-0.21,0,0.8216,0.0084,-0.0091,0,1.542,0.033,-0.033,0,1.60368,0.0204,-0.02016,0,6.5,0.13,-0.13,0,0.1242,0.0013,-0.0013,0,,,,,,,,,,,,,367,12,-12,0,,,,,,,,,5806,190,-200,0,0.93,0.03,-0.03,0,0.95,0.07,-0.07,0,-0.01,0.19,-0.2,0,[Fe/H],,,,,,,,,4.08,2.38,-2.38,0,1.642,0.1,-0.094,0,,,,,,,,,12.26,0,0,0,327.506,4.012,-3.918,3.02504,0.0366854,-0.0366854
WASP-165 b,WASP-165,b,1,1,1,Transit,0,3.465509,2.3E-05,-2.3E-05,0,0.04823,0.00091,-0.00092,0,14.123,2.13,-1.906,0,1.26,0.19,-0.17,0,209.13214,30.82951,-29.24036,0,0.658,0.097,-0.092,0,,,,,,,,,,,,,,,,,209.13214,30.82951,-29.24036,0,0.658,0.097,-0.092,0,0.44,0.25,-0.15,0,0,,,0,,,,,1624,93,-89,0,84.9,2.5,-1.7,0,0.53,0.11,-0.22,0,0.544,0.067,-0.059,0,4.176,0.096,-0.0816,0,5.93,0.67,-0.55,0,0.0738,0.0044,-0.0041,0,,,,,,,,,,,,,76,10,-10,0,,,,,,,,,5599,150,-150,0,1.75,0.18,-0.18,0,1.25,0.07,-0.07,0,0.33,0.13,-0.13,0,[Fe/H],,,,,,,,,4.77,0.92,-0.92,0,0.328,0.13,-0.083,0,,,,,,,,,25.66,0,0,0,602.236,28.638,-26.194,1.63358,0.0749392,-0.0749392
WASP-166 b,WASP-166,b,1,1,1,Transit,0,5.44354,4E-06,-4E-06,0,0.0641,0.0011,-0.0011,0,7.062,0.336,-0.336,0,0.63,0.03,-0.03,0,32.10083,1.58915,-1.58915,0,0.101,0.005,-0.005,0,,,,,,,,,,,,,,,,,32.10083,1.58915,-1.58915,0,0.101,0.005,-0.005,0,0.54,0.09,-0.09,0,0,,,0,440,40,-40,0,1270,30,-30,0,88,0.7,-0.7,0,0.39,0.1,-0.1,0,0.281,0.007,-0.007,0,3.6,0.024,-0.024,0,11.3,0.6,-0.6,0,,,,,,,,,,,,,,,,,10.4,0.4,-0.4,0,3,5,-5,0,,,,,6050,50,-50,0,1.22,0.06,-0.06,0,1.19,0.06,-0.06,0,0.19,0.05,-0.05,0,[Fe/H],,,,,4.34,0.05,-0.05,0,2.1,0.9,-0.9,0,0.92,0.14,-0.14,0,5.1,0.3,-0.3,0,12.1,0.9,-0.9,0,23.63,0,0,0,114.173,0.591,-0.586,8.73006,0.0448234,-0.0448234
WASP-167 b,WASP-167,b,1,1,1,Transit,0,2.0219596,6E-07,-6E-07,0,0.0365,0.0006,-0.0006,0,17.71,0.56,-0.56,0,1.58,0.05,-0.05,0,2542.64,,,1,8,,,1,,,,,,,,,,,,,,,,,2542.64,,,1,8,,,1,,,,,,,,,,,,,2329,64,-64,0,79.9,0.3,-0.3,0,0.77,0.01,-0.01,0,0.82,0.01,-0.01,0,2.724,0.0192,-0.0192,0,,,,,,,,,,,,,,,,,,,,,,,,,-165,5,-5,0,,,,,7000,250,-250,0,1.79,0.05,-0.05,0,1.59,0.08,-0.08,0,0.1,0.1,-0.1,0,[Fe/H],,,,,4.13,0.02,-0.02,0,1.29,0.36,-0.27,0,0.39,0.03,-0.03,0,49.94,0.04,-0.04,0,1.81,,,1,-3.41,0.01,-0.01,0,423.552,10.91,-10.385,2.33416,0.0588558,-0.0588558
WASP-169 b,WASP-169,b,1,1,1,Transit,0,5.6114118,9.2E-06,-9.2E-06,0,0.0681,0.0014,-0.0014,0,14.617,1.681,-0.818,0,1.304,0.15,-0.073,0,178.30263,19.38763,-19.38763,0,0.561,0.061,-0.061,0,,,,,,,,,,,,,,,,,178.30263,19.38763,-19.38763,0,0.561,0.061,-0.061,0,0.33,0.074,-0.094,0,0,,,0,,,,,1604,74,-42,0,87.9,1.4,-2,0,0.27,0.19,-0.19,0,0.446,0.028,-0.028,0,6.0528,0.1008,-0.0816,0,7.3,0.68,-0.26,0,,,,,,,,,,,,,,,,,52.9,5.4,-5.4,0,,,,,,,,,6110,101,-101,0,2.01,0.19,-0.09,0,1.34,0.08,-0.08,0,0.06,0.07,-0.07,0,[Fe/H],,,,,3.96,0.03,-0.08,0,3.802,0.779,-0.779,0,0.234,0.027,-0.055,0,4.3,0.9,-0.9,0,,,,,67.66,0,0,0,627.066,14.159,-13.559,1.56647,0.0349681,-0.0349681
WASP-17 b,WASP-17,b,1,1,1,Transit,0,3.73543,8E-06,-8E-06,0,,,,,20.961,2.69,-2.69,0,1.87,0.24,-0.24,0,247.9074,73.1009,-73.1009,0,0.78,0.23,-0.23,0,,,,,,,,,,,,,,,,,247.9074,73.1009,-73.1009,0,0.78,0.23,-0.23,0,,,,,0,,,0,,,,,,,,,86.63,0.42,-0.42,0,,,,,1.7,0.018,-0.018,0,,,,,8.97,0.62,-0.62,0,,,,,,,,,,,,,,,,,59.2,2.9,-2.9,0,,,,,,,,,6550,100,-100,0,1.49,0.19,-0.19,0,2.28,0.99,-0.99,0,-0.25,,,0,[Fe/H],,,,,4.2,0.2,-0.2,0,,,,,0.98,0.2,-0.2,0,,,,,,,,,,,,,405.908,8.779,-8.421,2.43656,0.0517685,-0.0517685
WASP-170 b,WASP-170,b,1,1,1,Transit,0,2.34478022,3.6E-06,-3.6E-06,0,0.0337,0.0018,-0.0018,0,12.285,0.953,-0.953,0,1.096,0.085,-0.085,0,508.528,63.566,-63.566,0,1.6,0.2,-0.2,0,,,,,,,,,,,,,,,,,508.528,63.566,-63.566,0,1.6,0.2,-0.2,0,1.6,0.32,-0.25,0,,,,,680,170,-180,0,1422,42,-42,0,84.87,0.28,-0.28,0,0.689,0.021,-0.021,0,1.382,0.001,-0.001,0,2.04,0.024,-0.024,0,7.71,0.21,-0.18,0,0.1175,0.0041,-0.0041,0,,,,,,,,,,,,,255,15,-15,0,,,,,,,,,5600,150,-150,0,0.94,0.06,-0.06,0,0.93,0.15,-0.15,0,0.22,0.09,-0.09,0,[Fe/H],-0.114,0.073,-0.087,0,4.47,0.03,-0.03,0,,,,,1.58,0.13,-0.11,0,5.6,1,-1,0,,,,,,,,,305.603,3.71,-3.623,3.24391,0.03896,-0.03896
WASP-171 b,WASP-171,b,1,1,1,Transit,0,3.8186244,3.8E-06,-3.8E-06,0,0.0504,0.00083,-0.00083,0,10.985,0.785,-0.448,0,0.98,0.07,-0.04,0,344.52772,29.87602,-29.87602,0,1.084,0.094,-0.094,0,,,,,,,,,,,,,,,,,344.52772,29.87602,-29.87602,0,1.084,0.094,-0.094,0,1.5,0.23,-0.29,0,0,,,0,,,,,1642,51,-35,0,88.3,1.1,-1.9,0,0.19,0.19,-0.13,0,0.382,0.018,-0.018,0,4.5792,0.0576,-0.0576,0,6.64,0.38,-0.13,0,,,,,,,,,,,,,,,,,126,10,-10,0,,,,,,,,,5965,100,-100,0,1.64,0.09,-0.05,0,1.17,0.06,-0.06,0,0.04,0.07,-0.07,0,[Fe/H],,,,,4.08,0.02,-0.05,0,5.908,1.051,-1.051,0,0.381,0.024,-0.059,0,6.3,0.9,-0.9,0,,,,,10.48,0.01,-0.01,0,757.84,19.761,-18.798,1.29143,0.0332973,-0.0332973
WASP-172 b,WASP-172,b,1,1,1,Transit,0,5.477433,7E-06,-7E-06,0,0.0694,0.0011,-0.0011,0,17.598,1.121,-1.121,0,1.57,0.1,-0.1,0,149.3801,31.783,-31.783,0,0.47,0.1,-0.1,0,,,,,,,,,,,,,,,,,149.3801,31.783,-31.783,0,0.47,0.1,-0.1,0,0.16,0.05,-0.05,0,0,,,0,,,,,1740,60,-60,0,86.7,1.1,-1.1,0,0.45,0.12,-0.12,0,0.72,0.02,-0.02,0,5.2944,0.048,-0.048,0,8,0.5,-0.5,0,,,,,,,,,,,,,,,,,42,9,-9,0,,,,,,,,,6900,140,-140,0,1.91,0.1,-0.1,0,1.49,0.07,-0.07,0,-0.1,0.08,-0.08,0,,,,,,4.05,0.05,-0.05,0,1.79,0.28,-0.28,0,0.3,0.06,-0.06,0,13.7,1,-1,0,,,,,-20.28,0.01,-0.01,0,538.11,15.269,-14.463,1.83142,0.0509027,-0.0509027
WASP-174 b,WASP-174,b,1,1,1,Transit,0,4.2337,3E-06,-3E-06,0,0.0559,0.0009,-0.0009,0,14.572,5.604,-5.604,0,1.3,0.5,-0.5,0,413.179,,,1,1.3,,,1,,,,,,,,,,,,,,,,,413.179,,,1,1.3,,,1,,,,,,,,,,,,,1490,50,-50,0,84.2,0.5,-0.5,0,0.94,0.03,-0.03,0,0.86,0.03,-0.03,0,2.04,0.048,-0.048,0,,,,,,,,,,,,,,,,,,,,,140,,,1,31,1,-1,0,,,,,6400,100,-100,0,1.31,0.08,-0.08,0,1.3,0.06,-0.06,0,0.09,0.09,-0.09,0,[Fe/H],,,,,4.32,0.04,-0.04,0,1.65,0.85,-0.85,0,0.8,0.3,-0.3,0,16.5,0.5,-0.5,0,,,,,,,,,410.149,10.376,-9.884,2.41143,0.0597165,-0.0597165
WASP-175 b,WASP-175,b,1,1,1,Transit,0,3.0652907,1.1E-06,-1.6E-06,0,0.04403,0.00055,-0.00055,0,13.54,0.908,-0.908,0,1.208,0.081,-0.081,0,314.6517,41.3179,-41.3179,0,0.99,0.13,-0.13,0,,,,,,,,,,,,,,,,,314.6517,41.3179,-41.3179,0,0.99,0.13,-0.13,0,0.74,0.2,-0.15,0,0,,,0,,,,,1571,49,-49,0,85.33,0.62,-0.62,0,0.64,0.043,-0.061,0,1.064,0.036,-0.036,0,2.676,0.0408,-0.0408,0,7.86,0.41,-0.41,0,,,,,,,,,,,,,,,,,124,17,-17,0,,,,,,,,,6229,100,-100,0,1.2,0.06,-0.06,0,1.21,0.04,-0.04,0,0.15,0.069,-0.069,0,[Fe/H],,,,,4.36,0.04,-0.04,0,1.745,0.995,-0.995,0,0.977,0.176,-0.133,0,4,,,1,,,,,5.38,0.01,-0.01,0,539.36,11.942,-11.444,1.82602,0.0398757,-0.0398757
WASP-176 b,WASP-176,b,1,1,1,Transit,0,3.899052,5E-06,-5E-06,0,0.0535,0.001,-0.0019,0,16.87,0.56,-0.504,0,1.505,0.05,-0.045,0,271.74465,22.88376,-21.93027,0,0.855,0.072,-0.069,0,,,,,,,,,,,,,,,,,271.74465,22.88376,-21.93027,0,0.855,0.072,-0.069,0,0.31,0.042,-0.042,0,0,,,0,,,,,1721,28,-21,0,86.7,1.3,-1.1,0,0.347,0.098,-0.12,0,0.64,0.02,-0.02,0,5.1528,0.0504,-0.0456,0,,,,,,,,,,,,,,,,,,,,,,,,,,,,,,,,,5941,77,-79,0,1.93,0.05,-0.04,0,1.34,0.08,-0.13,0,0.164,0.081,-0.082,0,[Fe/H],,,,,4,0.04,-0.05,0,4.81,0.191,-0.191,0,0.371,0.042,-0.045,0,3.8,1,-1,0,,,,,,,,,568.42,11.93,-11.458,1.73126,0.035904,-0.035904
WASP-177 b,WASP-177,b,1,1,1,Transit,0,3.071722,1E-06,-1E-06,0,0.03957,0.00058,-0.00058,0,17.71,7.398,-4.035,0,1.58,0.66,-0.36,0,161.45764,12.07754,-12.07754,0,0.508,0.038,-0.038,0,,,,,,,,,,,,,,,,,161.45764,12.07754,-12.07754,0,0.508,0.038,-0.038,0,0.172,0.203,-0.11,0,,,,,,,,,1142,32,-32,0,84.14,0.66,-0.83,0,0.98,0.092,-0.06,0,1.85,0.35,-0.14,0,1.6128,0.0312,-0.0312,0,9.61,0.42,-0.53,0,,,,,,,,,,,,,,,,,77.3,5.2,-5.2,0,,,,,,,,,5017,70,-70,0,0.89,0.05,-0.05,0,0.88,0.04,-0.04,0,0.25,0.04,-0.04,0,[Fe/H],,,,,4.49,0.05,-0.04,0,9.7,3.9,-3.9,0,1.78,0.32,-0.21,0,1.8,1,-1,0,,,,,-7.14,0,0,0,176.818,2.428,-2.364,5.62826,0.0760422,-0.0760422
WASP-178 b,WASP-178,b,1,1,1,Transit,0,3.3448285,1.2E-06,-1.2E-06,0,0.0558,0.001,-0.001,0,20.288,1.009,-1.009,0,1.81,0.09,-0.09,0,527.5978,38.1396,-38.1396,0,1.66,0.12,-0.12,0,,,,,,,,,,,,,,,,,527.5978,38.1396,-38.1396,0,1.66,0.12,-0.12,0,0.37,0.07,-0.07,0,0,,,0,,,,,2470,60,-60,0,85.7,0.6,-0.6,0,0.54,0.05,-0.05,0,1.243,0.028,-0.028,0,3.4704,0.0384,-0.0384,0,7.17,0.21,-0.21,0,,,,,,,,,,,,,,,,,139,9,-9,0,,,,,,,,,9360,150,-150,0,1.67,0.07,-0.07,0,2.07,0.11,-0.11,0,0.21,0.16,-0.16,0,[Fe/H],,,,,4.31,0.04,-0.04,0,,,,,0.62,0.07,-0.07,0,8.2,0.6,-0.6,0,,,,,-23.91,0.01,-0.01,0,427.678,11.35,-10.786,2.31187,0.0599943,-0.0599943
WASP-181 b,WASP-181,b,1,1,1,Transit,0,4.5195064,3.4E-06,-3.4E-06,0,0.05427,0.00069,-0.00069,0,13.271,0.796,-0.661,0,1.184,0.071,-0.059,0,95.03117,10.80622,-10.80622,0,0.299,0.034,-0.034,0,,,,,,,,,,,,,,,,,95.03117,10.80622,-10.80622,0,0.299,0.034,-0.034,0,0.237,0.044,-0.044,0,,,,,,,,,1186,32,-26,0,88.38,0.76,-0.59,0,0.34,0.1,-0.15,0,1.59,0.038,-0.038,0,3.0648,0.036,-0.036,0,12.09,0.54,-0.54,0,,,,,,,,,,,,,,,,,35.7,3.9,-3.9,0,,,,,,,,,5839,70,-70,0,0.96,0.04,-0.04,0,1.04,0.04,-0.04,0,0.09,0.04,-0.04,0,[Fe/H],,,,,4.49,0.04,-0.04,0,2.5,1.7,-1.7,0,1.64,0.21,-0.21,0,3.3,0.9,-0.9,0,,,,,-8.55,0.01,-0.01,0,437.495,7.964,-7.689,2.25727,0.0405782,-0.0405782
WASP-182 b,WASP-182,b,1,1,1,Transit,0,3.3769848,2.4E-06,-2.4E-06,0,0.0451,0.0009,-0.0009,0,9.528,0.336,-0.336,0,0.85,0.03,-0.03,0,47.03884,3.49613,-3.49613,0,0.148,0.011,-0.011,0,,,,,,,,,,,,,,,,,47.03884,3.49613,-3.49613,0,0.148,0.011,-0.011,0,0.318,0.058,-0.058,0,0,,,0,,,,,1479,34,-34,0,83.88,0.33,-0.33,0,0.775,0.019,-0.019,0,0.426,0.017,-0.017,0,2.5968,0.036,-0.036,0,8.3,1.9,-1.4,0,,,,,,,,,,,,,,,,,19,1.2,-1.2,0,,,,,,,,,5638,100,-100,0,1.34,0.03,-0.03,0,1.08,0.06,-0.06,0,0.27,0.11,-0.11,0,[Fe/H],,,,,4.22,0.03,-0.03,0,5.952,2.684,-2.684,0,0.636,0.058,-0.058,0,1.4,1,-1,0,30,2,-2,0,-34.13,0,0,0,327.602,4.598,-4.474,3.02448,0.0419391,-0.0419391
WASP-183 b,WASP-183,b,1,1,1,Transit,0,4.1117771,5.1E-06,-5.1E-06,0,0.04632,0.00075,-0.00075,0,16.477,10.536,-3.699,0,1.47,0.94,-0.33,0,159.55066,14.93801,-14.93801,0,0.502,0.047,-0.047,0,,,,,,,,,,,,,,,,,159.55066,14.93801,-14.93801,0,0.502,0.047,-0.047,0,0.21,0.24,-0.16,0,,,,,,,,,1111,30,-30,0,85.37,0.61,-0.88,0,0.916,0.163,-0.091,0,2.26,0.6,-0.36,0,2.016,0.12,-0.12,0,11.44,0.54,-0.54,0,,,,,,,,,,,,,,,,,74.8,6.6,-6.6,0,,,,,,,,,5313,72,-72,0,0.87,0.04,-0.04,0,0.78,0.04,-0.04,0,-0.31,0.04,-0.04,0,[Fe/H],,,,,4.45,0.04,-0.04,0,14.9,1.7,-1.7,0,1.68,0.24,-0.24,0,1,1,-1,0,,,,,68.71,0.01,-0.01,0,325.377,3.979,-3.885,3.04488,0.0368576,-0.0368576
WASP-184 b,WASP-184,b,1,1,1,Transit,0,5.1817,1E-05,-1E-05,0,0.0627,0.0012,-0.0012,0,14.908,1.009,-1.009,0,1.33,0.09,-0.09,0,181.1631,31.783,-31.783,0,0.57,0.1,-0.1,0,,,,,,,,,,,,,,,,,181.1631,31.783,-31.783,0,0.57,0.1,-0.1,0,0.32,0.09,-0.09,0,0,,,0,,,,,1480,50,-50,0,86.9,1.1,-1.1,0,0.44,0.14,-0.14,0,0.69,0.03,-0.03,0,4.776,0.0648,-0.0648,0,8.19,0.42,-0.42,0,,,,,,,,,,,,,,,,,58,10,-10,0,,,,,,,,,6000,100,-100,0,1.65,0.09,-0.09,0,1.23,0.07,-0.07,0,0.12,0.08,-0.08,0,[Fe/H],,,,,4.09,0.05,-0.05,0,4.7,1.1,-1.1,0,0.38,0.07,-0.07,0,4.5,1.1,-1.1,0,,,,,8.37,0.01,-0.01,0,663.231,16.965,-16.152,1.48,0.0373331,-0.0373331
WASP-185 b,WASP-185,b,1,1,1,Transit,0,9.38755,2E-05,-2E-05,0,0.0904,0.0017,-0.0017,0,14.011,0.897,-0.897,0,1.25,0.08,-0.08,0,311.4734,19.0698,-19.0698,0,0.98,0.06,-0.06,0,,,,,,,,,,,,,,,,,311.4734,19.0698,-19.0698,0,0.98,0.06,-0.06,0,0.66,0.16,-0.16,0,0.24,0.04,-0.04,0,,,,,1160,35,-35,0,86.8,0.3,-0.3,0,0.81,0.03,-0.03,0,0.73,0.05,-0.05,0,4.608,0.144,-0.144,0,12.9,0.7,-0.7,0,,,,,,,,,,,,,-42,7,-7,0,88,4,-4,0,,,,,,,,,5900,100,-100,0,1.5,0.08,-0.08,0,1.12,0.06,-0.06,0,-0.02,0.06,-0.06,0,[Fe/H],,,,,4.13,0.05,-0.05,0,6.6,1.6,-1.6,0,0.47,0.08,-0.08,0,2.8,0.9,-0.9,0,,,,,23.87,0,0,0,279.35,3.439,-3.358,3.55163,0.0432184,-0.0432184
WASP-186 b,WASP-186,b,1,1,1,Transit,0,5.026799,1.2E-05,-1.4E-05,0,0.06,0.0012,-0.0013,0,12.442,0.336,-0.336,0,1.11,0.03,-0.03,0,1341.2426,57.2094,-57.2094,0,4.22,0.18,-0.18,0,,,,,,,,,,,,,,,,,1341.2426,57.2094,-57.2094,0,4.22,0.18,-0.18,0,3.821,0.398,-0.37,0,0.33,0.01,-0.01,0,,,,,,,,,,,,,0.84,0.01,-0.02,0,0.61,0.03,-0.03,0,2.704,0.048,-0.051,0,,,,,,,,,,,,,,,,,173,3,-3,0,530.29,8.43,-8.59,0,,,,,,,,,6361,105,-82,0,1.47,0.02,-0.02,0,1.22,0.07,-0.08,0,-0.08,0.14,-0.14,0,[Fe/H],,,,,4.19,0.03,-0.03,0,3.1,1,-0.08,0,0.546,0.039,-0.038,0,15.6,0.9,-0.9,0,,,,,,,,,278.514,3.387,-3.307,3.56212,0.0428159,-0.0428159
WASP-187 b,WASP-187,b,1,1,1,Transit,0,5.147878,5E-06,-9E-06,0,0.0653,0.0013,-0.0013,0,18.383,0.56,-0.56,0,1.64,0.05,-0.05,0,254.264,28.6047,-28.6047,0,0.8,0.09,-0.09,0,,,,,,,,,,,,,,,,,254.264,28.6047,-28.6047,0,0.8,0.09,-0.09,0,0.224,0.034,-0.031,0,0,,,0,,,,,,,,,,,,,0.76,0.02,-0.02,0,0.35,0.02,-0.02,0,5.82,0.095,-0.091,0,,,,,,,,,,,,,,,,,0,,,0,70,6.84,-7.75,0,,,,,,,,,6150,92,-85,0,2.83,0.05,-0.05,0,1.54,0.09,-0.09,0,0,0.11,-0.11,0,[Fe/H],,,,,3.72,0.03,-0.03,0,2.55,0.49,-0.25,0,0.096,0.007,-0.007,0,15.3,1,-1,0,,,,,,,,,371.414,6.271,-6.07,2.66418,0.0443852,-0.0443852
WASP-19 b,WASP-19,b,1,1,1,Transit,0,0.78883899,4E-08,-4E-08,0,0.01634,0.00024,-0.00024,0,15.603,0.448,-0.448,0,1.392,0.04,-0.04,0,339.76027,12.07754,-11.75971,0,1.069,0.038,-0.037,0,,,,,,,,,,,,,,,,,339.76027,12.07754,-11.75971,0,1.069,0.038,-0.037,0,0.492,0.046,-0.046,0,0.002,0.014,-0.002,0,,,,,2520,,,0,78.78,0.58,-0.58,0,,,,,,,,,,,,,3.46,0.08,-0.08,0,0.1409,0.0013,-0.0013,0,,,,,,,,,259,13,-170,0,,,,,,,,,,,,,5568,71,-71,0,1,0.02,-0.02,0,0.9,0.04,-0.04,0,0.15,0.07,-0.07,0,[Fe/H],,,,,4.45,0.05,-0.05,0,,,,,,,,,,,,,,,,,,,,,268.325,1.72,-1.698,3.69808,0.0235561,-0.0235561
WASP-190 b,WASP-190,b,1,1,1,Transit,0,5.367753,4E-06,-4E-06,0,0.0663,0.0008,-0.0008,0,12.89,1.009,-1.009,0,1.15,0.09,-0.09,0,317.83,31.783,-31.783,0,1,0.1,-0.1,0,,,,,,,,,,,,,,,,,317.83,31.783,-31.783,0,1,0.1,-0.1,0,,,,,0,,,0,,,,,1500,50,-50,0,87.1,0.7,-0.7,0,0.45,0.09,-0.09,0,0.62,0.02,-0.02,0,4.464,0.048,-0.048,0,,,,,,,,,,,,,,,,,,,,,99,9,-9,0,21,6,-6,0,,,,,6400,100,-100,0,1.6,0.1,-0.1,0,1.35,0.05,-0.05,0,-0.02,0.05,-0.05,0,[Fe/H],,,,,4.17,0.04,-0.04,0,,,,,0.48,0.07,-0.07,0,13.3,0.6,-0.6,0,,,,,0.82,0.01,-0.01,0,542.251,10.131,-9.773,1.81569,0.0335851,-0.0335851
WASP-192 b,WASP-192,b,1,1,1,Transit,0,2.8786765,2.8E-06,-2.8E-06,0,0.0408,0.0008,-0.0008,0,13.787,0.897,-0.897,0,1.23,0.08,-0.08,0,731.009,50.8528,-50.8528,0,2.3,0.16,-0.16,0,,,,,,,,,,,,,,,,,731.009,50.8528,-50.8528,0,2.3,0.16,-0.16,0,1.62,0.41,-0.41,0,0,,,0,,,,,1620,60,-60,0,82.7,0.6,-0.6,0,0.84,0.03,-0.03,0,0.926,0.061,-0.061,0,2.3136,0.096,-0.096,0,6.65,0.34,-0.34,0,,,,,,,,,,,,,,,,,307,17,-17,0,,,,,,,,,5910,145,-145,0,1.32,0.07,-0.07,0,1.09,0.06,-0.06,0,0.14,0.08,-0.08,0,[Fe/H],,,,,4.24,0.05,-0.05,0,5.7,1.9,-1.9,0,0.671,0.113,-0.113,0,3.1,1.1,-1.1,0,,,,,15.9,0.01,-0.01,0,508.885,16.646,-15.641,1.93929,0.0617762,-0.0617762
WASP-21 b,WASP-21,b,1,1,1,Transit,0,4.322482,1.9E-05,-2.4E-05,0,0.052,0.00041,-0.00044,0,11.99,0.56,-0.56,0,1.07,0.06,-0.06,0,95.345,3.496,-3.496,0,0.3,0.011,-0.011,0,,,,,,,,,,,,,,,,,95.345,3.496,-3.496,0,0.3,0.011,-0.011,0,0.32,0.07,-0.07,0,0,,,0,,,,,,,,,88.75,0.84,-0.7,0,0.23,0.12,-0.15,0,1.082,0.037,-0.035,0,3.3552,0.1152,-0.096,0,,,,,,,,,,,,,,,,,,,,,37.2,1.1,-1.1,0,,,,,,,,,,,,,,,,,,,,,,,,,,,,,,,,,,,,,,,,,,1.5,0.6,-0.6,0,,,,,-89.45,,,0,258.426,2.907,-2.845,3.84125,0.0427423,-0.0427423
WASP-22 b,WASP-22,b,1,1,1,Transit,0,3.53269,1E-05,-1E-05,0,,,,,13.787,1.569,-1.569,0,1.23,0.14,-0.14,0,212.9461,60.3877,-60.3877,0,0.67,0.19,-0.19,0,,,,,,,,,,,,,,,,,212.9461,60.3877,-60.3877,0,0.67,0.19,-0.19,0,,,,,0.02,0.01,-0.01,0,,,,,,,,,89.2,0.5,-0.5,0,,,,,1,0.04,-0.04,0,,,,,8.94,0.85,-0.85,0,,,,,,,,,,,,,,,,,70,1.7,-1.7,0,,,,,,,,,6000,100,-100,0,1.24,0.13,-0.13,0,1.46,0.63,-0.63,0,-0.05,,,0,[Fe/H],,,,,4.5,0.2,-0.2,0,,,,,1.08,0.31,-0.31,0,,,,,,,,,,,,,317.652,5.638,-5.447,3.12015,0.0545003,-0.0545003
WASP-23 b,WASP-23,b,1,1,1,Transit,0,2.9444256,1.1E-06,-1.3E-06,0,0.0376,0.0016,-0.0024,0,10.783,0.527,-0.628,0,0.962,0.047,-0.056,0,280.95,27.968,-31.464,0,0.884,0.088,-0.099,0,,,,,,,,,,,,,,,,,280.95,27.968,-31.464,0,0.884,0.088,-0.099,0,,,,,0.062,,,1,,,,,,,,,88.39,0.79,-0.45,0,,,,,1.691,0.01,-0.011,0,2.39424,0.00744,-0.00936,0,,,,,,,,,,,,,,,,,,,,,,,,,,,,,,,,,5150,100,,0,0.77,0.05,,0,0.78,0.13,,0,,,,,,,,,,,,,,,,,,,,,,2.2,0.3,,0,,,,,,,,,207.49,1.031,-1.022,4.79072,0.023668,-0.023668
WASP-25 b,WASP-25,b,1,1,1,Transit,0,3.76483,5E-06,-5E-06,0,,,,,11.994,1.121,-1.121,0,1.07,0.1,-0.1,0,139.8452,31.783,-31.783,0,0.44,0.1,-0.1,0,,,,,,,,,,,,,,,,,139.8452,31.783,-31.783,0,0.44,0.1,-0.1,0,,,,,0,,,0,,,,,,,,,88,0.5,-0.5,0,,,,,1.9,0.02,-0.02,0,,,,,11.1,0.52,-0.52,0,,,,,,,,,,,,,,,,,75.5,5.3,-5.3,0,,,,,,,,,5750,100,-100,0,0.8,0.08,-0.08,0,0.67,0.22,-0.22,0,-0.05,,,0,[Fe/H],,,,,4.5,0.15,-0.15,0,,,,,1.82,0.25,-0.25,0,,,,,,,,,,,,,211.416,1.468,-1.447,4.70138,0.0323683,-0.0323683
WASP-28 b,WASP-28,b,1,1,1,Transit,0,3.40883,6E-06,-6E-06,0,0.04469,0.00076,-0.00076,0,13.597,0.471,-0.471,0,1.213,0.042,-0.042,0,288.26,13.666,-13.666,0,0.907,0.043,-0.043,0,,,,,,,,,,,,,,,,,288.26,13.666,-13.666,0,0.907,0.043,-0.043,0,0.676,0.063,-0.063,0,0,,,0,,,,,1468,37,-37,0,88.61,0.67,-0.67,0,0.21,0.1,-0.1,0,1.3,0.027,-0.027,0,3.2376,0.024,-0.024,0,8.79,0.19,-0.19,0,,,,,,,,,,,,,,,,,120.5,4.2,-4.2,0,8,18,-18,0,,,,,6150,140,-140,0,1.09,0.03,-0.03,0,1.02,0.05,-0.05,0,-0.29,0.1,-0.1,0,[Fe/H],,,,,4.37,0.02,-0.02,0,5,3,-2,0,1.104,0.082,-0.082,0,3.25,0.34,-0.34,0,,,,,24.22,0,0,0,348.494,5.654,-5.479,2.84134,0.0454775,-0.0454775
WASP-29 b,WASP-29,b,1,1,1,Transit,0,3.92273,4E-06,-4E-06,0,,,,,8.631,0.785,-0.785,0,0.77,0.07,-0.07,0,73.1009,15.8915,-15.8915,0,0.23,0.05,-0.05,0,,,,,,,,,,,,,,,,,73.1009,15.8915,-15.8915,0,0.23,0.05,-0.05,0,,,,,0.03,0.04,-0.04,0,,,,,,,,,88.8,0.7,-0.7,0,,,,,1,0.04,-0.04,0,,,,,12.18,0.69,-0.69,0,,,,,,,,,,,,,,,,,35.6,2.7,-2.7,0,,,,,,,,,4800,150,-150,0,0.79,0.07,-0.07,0,0.77,0.25,-0.25,0,0.11,,,0,[Fe/H],,,,,4.5,0.2,-0.2,0,,,,,2.22,0.38,-0.38,0,,,,,,,,,,,,,87.5953,0.3117,-0.3095,11.3874,0.0401793,-0.0401793
WASP-31 b,WASP-31,b,1,1,1,Transit,0,3.4059096,5E-06,-5E-06,0,0.04659,0.00035,-0.00035,0,17.363,0.56,-0.56,0,1.549,0.05,-0.05,0,151.916,9.217,-9.217,0,0.478,0.029,-0.029,0,,,,,,,,,,,,,,,,,151.916,9.217,-9.217,0,0.478,0.029,-0.029,0,0.172,0.019,-0.019,0,0,,,0,,,,,,,,,84.41,0.22,-0.22,0,,,,,1.615,0.027,-0.027,0,2.6472,0.0312,-0.0312,0,,,,,,,,,,,,,,,,,,,,,,,,,,,,,,,,,6302,102,,0,1.25,0.03,,0,1.16,0.03,,0,,,,,,,,,,,,,,,,,,,,,,7.9,0.6,,0,,,,,,,,,383.829,6.437,-6.231,2.57716,0.0426622,-0.0426622
WASP-32 b,WASP-32,b,1,1,1,Transit,0,2.71866,2E-06,-2E-06,0,,,,,10.761,1.681,-1.681,0,0.96,0.15,-0.15,0,835.8929,260.6206,-260.6206,0,2.63,0.82,-0.82,0,,,,,,,,,,,,,,,,,835.8929,260.6206,-260.6206,0,2.63,0.82,-0.82,0,,,,,0,,,0,,,,,,,,,85.1,0.2,-0.2,0,,,,,1.1,0.01,-0.01,0,,,,,7.72,0.25,-0.25,0,,,,,,,,,,,,,,,,,478,11,-11,0,,,,,,,,,6140,95,-95,0,0.95,0.15,-0.15,0,0.72,0.34,-0.34,0,-0.13,,,0,[Fe/H],,,,,4.4,0.02,-0.02,0,,,,,1.18,0.11,-0.11,0,,,,,,,,,,,,,275.994,3.344,-3.267,3.59493,0.0430664,-0.0430664
WASP-34 b,WASP-34,b,1,1,1,Transit,0,4.31768,5E-06,-5E-06,0,,,,,11.209,0.897,-0.897,0,1,0.08,-0.08,0,177.9848,54.0311,-54.0311,0,0.56,0.17,-0.17,0,,,,,,,,,,,,,,,,,177.9848,54.0311,-54.0311,0,0.56,0.17,-0.17,0,,,,,0.04,0.01,-0.01,0,,,,,,,,,85.2,0.2,-0.2,0,,,,,1.3,0.026,-0.026,0,,,,,12.07,1.58,-1.58,0,,,,,,,,,,,,,,,,,72.1,1.2,-1.2,0,,,,,,,,,5700,100,-100,0,0.91,0.08,-0.08,0,0.96,0.45,-0.45,0,-0.02,,,0,[Fe/H],,,,,4.5,0.1,-0.1,0,,,,,1.78,0.7,-0.7,0,,,,,,,,,,,,,132.096,0.857,-0.846,7.54178,0.0484137,-0.0484137
WASP-35 b,WASP-35,b,1,1,1,Transit,0,3.16158,2E-06,-2E-06,0,,,,,14.572,0.785,-0.785,0,1.3,0.07,-0.07,0,225.6593,31.783,-31.783,0,0.71,0.1,-0.1,0,,,,,,,,,,,,,,,,,225.6593,31.783,-31.783,0,0.71,0.1,-0.1,0,,,,,0,,,0,,,,,,,,,87.96,0.28,-0.28,0,,,,,1.5,0.01,-0.01,0,,,,,8.53,0.21,-0.21,0,,,,,,,,,,,,,,,,,94.8,7.1,-7.1,0,,,,,,,,,5990,80,-80,0,1.08,0.06,-0.06,0,1.05,0.19,-0.19,0,-0.15,,,0,[Fe/H],,,,,4.4,0.01,-0.01,0,,,,,1.17,0.09,-0.09,0,,,,,,,,,,,,,202.218,1.698,-1.669,4.91668,0.0408566,-0.0408566
WASP-37 b,WASP-37,b,1,1,1,Transit,0,3.577469,1.1E-05,-1.1E-05,0,0.0446,0.0019,-0.0019,0,13.002,0.785,-0.673,0,1.16,0.07,-0.06,0,572.07,54.029,-54.029,0,1.8,0.17,-0.17,0,,,,,,,,,,,,,,,,,572.07,54.029,-54.029,0,1.8,0.17,-0.17,0,1.53,0.16,-0.2,0,0,,,0,,,,,,,,,88.82,0.77,-0.86,0,,,,,1.427,0.03,-0.023,0,3.1296,0.0432,-0.0408,0,,,,,,,,,,,,,,,,,,,,,,,,,,,,,,,,,5800,150,,0,1,0.05,,0,0.93,0.12,,0,,,,,,-0.021,0.077,,0,,,,,,,,,,,,,2.4,1.6,,0,,,,,,,,,392.791,7.822,-7.526,2.51833,0.0493415,-0.0493415
WASP-38 b,WASP-38,b,1,1,1,Transit,0,6.87188,1E-05,-1E-05,0,,,,,13.787,0.673,-0.673,0,1.23,0.06,-0.06,0,1093.3352,114.4188,-114.4188,0,3.44,0.36,-0.36,0,,,,,,,,,,,,,,,,,1093.3352,114.4188,-114.4188,0,3.44,0.36,-0.36,0,,,,,0.03,0,0,0,,,,,,,,,89.5,0.35,-0.35,0,,,,,0.69,0.01,-0.01,0,,,,,12.11,0.27,-0.27,0,,,,,,,,,,,,,,,,,252,4,-4,0,,,,,,,,,6180,50,-50,0,1.52,0.07,-0.07,0,1.76,0.28,-0.28,0,-0.02,,,0,[Fe/H],,,,,4.25,0.01,-0.01,0,,,,,0.71,0.05,-0.05,0,,,,,,,,,,,,,136.24,0.807,-0.798,7.31146,0.0428979,-0.0428979
WASP-39 b,WASP-39,b,1,1,1,Transit,0,4.055259,9E-06,-9E-06,0,0.0486,0.0005,-0.0005,0,14.235,0.448,-0.448,0,1.27,0.04,-0.04,0,88.989,9.535,-9.535,0,0.28,0.03,-0.03,0,,,,,,,,,,,,,,,,,88.989,9.535,-9.535,0,0.28,0.03,-0.03,0,0.186,0.027,-0.027,0,0,,,0,,,,,,,,,87.83,0.25,-0.22,0,,,,,2.11,0.03,-0.04,0,2.8032,0.0192,-0.0192,0,,,,,,,,,,,,,,,,,,,,,,,,,,,,,,,,,5400,150,,0,0.9,0.02,,0,0.93,0.03,,0,,,,,,,,,,,,,,,,,,,,,,1.4,0.6,,0,,,,,-58.48,0,,0,213.982,1.76,-1.731,4.64482,0.0378357,-0.0378357
WASP-4 b,WASP-4,b,1,1,1,Transit,0,1.33823147,2E-08,-2E-08,0,0.0226,0.0007,-0.0008,0,14.807,0.437,-0.437,0,1.321,0.039,-0.039,0,376.94638,28.6047,-31.14734,0,1.186,0.09,-0.098,0,,,,,,,,,,,,,,,,,376.94638,28.6047,-31.14734,0,1.186,0.09,-0.098,0,,,,,0,,,0,,,,,,,,,89.06,0.65,-0.84,0,,,,,,,,,,,,,5.451,0.023,-0.052,0,0.15201,0.0004,-0.00033,0,,,,,,,,,,,,,241.1,2.8,-3.1,0,,,,,,,,,5400,90,-90,0,0.89,0.03,-0.03,0,0.86,0.08,-0.09,0,-0.07,0.19,-0.19,0,[Fe/H],,,,,4.47,0.11,-0.11,0,7,,,0,1.711,0.022,-0.048,0,,,,,,,,,,,,,267.206,3.771,-3.67,3.71451,0.0517115,-0.0517115
WASP-42 b,WASP-42,b,1,1,1,Transit,0,4.9816819,1.1E-06,-1.1E-06,0,0.0561,0.0012,-0.0012,0,12.576,0.437,-0.437,0,1.122,0.039,-0.039,0,167.49641,8.89924,-8.89924,0,0.527,0.028,-0.028,0,,,,,,,,,,,,,,,,,167.49641,8.89924,-8.89924,0,0.527,0.028,-0.028,0,0.464,0.04,-0.04,0,,,,,,,,,1021,19,-19,0,88,0.17,-0.17,0,,,,,,,,,,,,,13.5,0.32,-0.3,0,0.1293,0.0008,-0.0008,0,,,,,,,,,,,,,64.8,1.7,-1.7,0,,,,,,,,,5315,79,-79,0,0.89,0.03,-0.03,0,0.95,0.06,-0.06,0,0.29,0.05,-0.05,0,[Fe/H],,,,,4.51,0.02,-0.02,0,4.4,4.4,-3.4,0,1.885,0.13,-0.13,0,,,,,,,,,,,,,177.291,1.32,-1.301,5.612,0.0413711,-0.0413711
WASP-43 b,WASP-43,b,1,1,1,Transit,0,0.813475,1E-06,-1E-06,0,0.0142,0.0004,-0.0004,0,10.424,0.785,-1.009,0,0.93,0.07,-0.09,0,565.714,31.782,-31.782,0,1.78,0.1,-0.1,0,,,,,,,,,,,,,,,,,565.714,31.782,-31.782,0,1.78,0.1,-0.1,0,2.939,0.971,-0.545,0,0,,,0,,,,,,,,,82.6,1.3,-0.9,0,,,,,2.55,0.12,-0.12,0,1.1592,0.0264,-0.0264,0,,,,,,,,,,,,,,,,,,,,,,,,,,,,,,,,,4400,200,,0,0.6,0.04,,0,0.58,0.05,,0,,,,,,,,,,,,,,,,,,,,,,4,0.4,,0,,,,,-3.59,0,,0,86.7467,0.3281,-0.3257,11.4991,0.0431134,-0.0431134
WASP-44 b,WASP-44,b,1,1,1,Transit,0,2.423804,8E-06,-8E-06,0,0.03453,0.00065,-0.00065,0,12.33,0.908,-0.852,0,1.1,0.081,-0.076,0,276.5121,20.02329,-19.70546,0,0.87,0.063,-0.062,0,276.19427,20.02329,-19.70546,0,0.869,0.063,-0.062,0,276.8,20.067,-20.067,0,0.8709,0.06314,-0.06314,0,276.5121,20.02329,-19.70546,0,0.87,0.063,-0.062,0,0.811,0.188,-0.155,0,,,,,533,72,-64,0,1337,43,-42,0,86.21,0.68,-0.64,0,0.541,0.061,-0.074,0,1.56,0.06,-0.06,0,2.2368,0.048,-0.0456,0,8.2,0.43,-0.42,0,0.1248,0.0023,-0.0023,0,,,,,,,,,,,,,138,8,-9,0,,,,,,,,,5420,100,-100,0,0.91,0.05,-0.05,0,0.94,0.05,-0.05,0,-0.003,0.1,-0.1,0,[Fe/H],-0.198,0.064,-0.064,0,4.49,0.04,-0.04,0,,,,,1.77,0.3,-0.25,0,,,,,,,,,-4.04,0.01,-0.01,0,364.512,5.656,-5.49,2.71508,0.0416225,-0.0416225
WASP-46 b,WASP-46,b,1,1,1,Transit,0,1.43036763,9.3E-07,-9.3E-07,0,0.02335,0.00072,-0.00072,0,13.159,0.415,-0.415,0,1.174,0.037,-0.037,0,607.0553,41.3179,-41.3179,0,1.91,0.13,-0.13,0,,,,,,,,,,,,,,,,,607.0553,41.3179,-41.3179,0,1.91,0.13,-0.13,0,1.467,0.069,-0.069,0,,,,,,,,,1636,44,-44,0,82.8,0.17,-0.17,0,,,,,,,,,,,,,5.851,0.038,-0.037,0,0.14075,0.00035,-0.00035,0,,,,,,,,,,,,,,,,,,,,,,,,,5600,,,0,0.86,0.03,-0.03,0,0.83,0.08,-0.08,0,-0.3,,,0,[Fe/H],,,,,4.49,0.01,-0.01,0,9.6,3.7,-5.5,0,1.845,0.035,-0.035,0,,,,,,,,,,,,,375.31,4.462,-4.36,2.63604,0.0310759,-0.0310759
WASP-48 b,WASP-48,b,1,1,1,Transit,0,2.14363,3E-06,-3E-06,0,,,,,16.814,2.242,-2.242,0,1.5,0.2,-0.2,0,254.264,73.1009,-73.1009,0,0.8,0.23,-0.23,0,,,,,,,,,,,,,,,,,254.264,73.1009,-73.1009,0,0.8,0.23,-0.23,0,,,,,0,,,0,,,,,,,,,80.09,0.62,-0.62,0,,,,,0.96,0.02,-0.02,0,,,,,4.25,0.18,-0.18,0,,,,,,,,,,,,,,,,,136,11.3,-11.3,0,,,,,,,,,5920,150,-150,0,1.58,0.21,-0.21,0,0.88,0.36,-0.36,0,-0.12,,,0,[Fe/H],,,,,4.03,0.03,-0.03,0,,,,,0.32,0.04,-0.04,0,,,,,,,,,,,,,454.144,4.465,-4.381,2.17324,0.021284,-0.021284
WASP-5 b,WASP-5,b,1,1,1,Transit,0,1.6284279,2.2E-06,-4.9E-06,0,0.0267,0.0012,-0.0008,0,12.184,0.762,-0.796,0,1.087,0.068,-0.071,0,502.15,41.32,-31.78,0,1.58,0.13,-0.1,0,,,,,,,,,,,,,,,,,502.15,41.32,-31.78,0,1.58,0.13,-0.1,0,1.64,0.35,-0.21,0,0.038,0.026,-0.018,0,,,,,1706,52,-48,0,86.9,2.8,-0.7,0,0.31,0.06,-0.28,0,1.18,0.022,-0.029,0,2.3688,0.0528,-0.048,0,,,,,,,,,,,,,,,,,34.38,26.93,-22.35,0,279.7,9.2,-6.3,0,,,,,,,,,5700,100,-100,0,1.03,0.06,-0.07,0,0.96,0.13,-0.09,0,0.09,0.09,-0.09,0,[Fe/H],,,,,4.39,0.04,-0.04,0,5.4,4.4,-4.3,0,1.24,0.17,-0.17,0,3.5,1,-1,0,,,,,20.01,0,0,0,309.137,3.414,-3.341,3.20634,0.0350741,-0.0350741
WASP-50 b,WASP-50,b,1,1,1,Transit,0,1.9551,5E-06,-5E-06,0,0.0293,0.0013,-0.0013,0,13.07,0.482,-0.482,0,1.166,0.043,-0.043,0,466.8287,29.24036,-29.24036,0,1.4688,0.092,-0.092,0,,,,,,,,,,,,,,,,,466.8287,29.24036,-29.24036,0,1.4688,0.092,-0.092,0,1.325,0.214,-0.214,0,,,,,,,,,1395,33,-33,0,84.88,0.27,-0.27,0,0.669,0.018,-0.007,0,,,,,1.8336,0.0264,-0.0264,0,7.51,0.1,-0.1,0,0.139,0.0006,-0.0006,0,,,,,,,,,,,,,256.6,4.4,-4.4,0,,,,,,,,,5400,100,-100,0,0.84,0.03,-0.03,0,0.89,0.08,-0.07,0,,,,,,,,,,,,,,,,,,,,,,,,,,,,,,,,,,184.848,1.879,-1.841,5.38163,0.054026,-0.054026
WASP-52 b,WASP-52,b,1,1,1,Transit,0,1.7497798,1.2E-06,-1.2E-06,0,0.0272,0.0003,-0.0003,0,14.24,0.34,-0.34,0,1.27,0.03,-0.03,0,146.2,6.36,-6.36,0,0.46,0.02,-0.02,0,,,,,,,,,,,,,,,,,146.2,6.36,-6.36,0,0.46,0.02,-0.02,0,0.29,0.03,-0.03,0,0,,,0,,,,,1315,35,-35,0,85.35,0.2,-0.2,0,0.6,0.02,-0.02,0,2.71,0.04,-0.04,0,1.8096,0.012,-0.012,0,7.3801,0.1106,-0.1073,0,,,,,,,,,,,,,,,,,,,,,24,17,-9,0,,,,,5000,100,-100,0,0.79,0.02,-0.02,0,0.87,0.03,-0.03,0,0.03,0.12,-0.12,0,[Fe/H],,,,,4.58,0.01,-0.01,0,0.4,0.3,-0.2,0,2.48,0.11,-0.11,0,3.6,0.9,-0.9,0,,,,,-1.04,0,0,0,174.818,1.343,-1.323,5.69176,0.0432971,-0.0432971
WASP-57 b,WASP-57,b,1,1,1,Transit,0,2.83891856,8.1E-07,-8.1E-07,0,0.03769,0.00097,-0.00097,0,11.769,0.594,-0.594,0,1.05,0.053,-0.053,0,204.68252,19.70546,-19.70546,0,0.644,0.062,-0.062,0,,,,,,,,,,,,,,,,,204.68252,19.70546,-19.70546,0,0.644,0.062,-0.062,0,0.693,0.096,-0.096,0,,,,,,,,,1338,29,-29,0,86.05,0.28,-0.28,0,,,,,,,,,,,,,8.7489,0.2278,-0.2165,0,0.1182,0.0013,-0.0013,0,,,,,,,,,,,,,,,,,,,,,,,,,5600,100,-100,0,0.93,0.03,-0.03,0,0.89,0.07,-0.07,0,-0.25,0.1,-0.1,0,[Fe/H],,,,,4.45,0.03,-0.03,0,,,,,1.568,0.12,-0.12,0,,,,,,,,,,,,,398.276,5.82,-5.657,2.48261,0.0358967,-0.0358967
WASP-59 b,WASP-59,b,1,1,1,Transit,0,7.919585,1E-05,-1E-05,0,0.0697,0.0011,-0.0011,0,8.687,0.762,-0.762,0,0.775,0.068,-0.068,0,274.276,14.302,-14.302,0,0.863,0.045,-0.045,0,,,,,,,,,,,,,,,,,274.276,14.302,-14.302,0,0.863,0.045,-0.045,0,2.4,0.7,-0.7,0,0.1,0.042,-0.042,0,,,,,670,35,-35,0,89.27,0.52,-0.52,0,0.29,0.18,-0.18,0,1.69,0.08,-0.08,0,2.448,0.048,-0.048,0,24.39,1.926,-1.663,0,,,,,,,,,,,,,74,15,-15,0,,,,,,,,,,,,,4650,150,-150,0,0.61,0.04,-0.04,0,0.72,0.04,-0.04,0,-0.15,0.11,-0.11,0,[Fe/H],,,,,4.72,0.06,-0.06,0,0.5,0.7,-0.4,0,4.38,0.9,-0.9,0,2.3,1.2,-1.2,0,,,,,-56.8,0,0,0,115.936,0.574,-0.568,8.59679,0.0421369,-0.0421369
WASP-6 b,WASP-6,b,1,1,1,Transit,0,3.36101,2.8E-06,-2.8E-06,0,,,,,11.545,1.121,-1.121,0,1.03,0.1,-0.1,0,117.5971,25.4264,-25.4264,0,0.37,0.08,-0.08,0,,,,,,,,,,,,,,,,,117.5971,25.4264,-25.4264,0,0.37,0.08,-0.08,0,,,,,0.05,0.02,-0.02,0,,,,,,,,,88.47,0.56,-0.56,0,,,,,2.1,0.022,-0.022,0,,,,,10.62,0.41,-0.41,0,,,,,,,,,,,,,,,,,74.3,1.5,-1.5,0,,,,,,,,,5450,100,-100,0,0.73,0.07,-0.07,0,0.55,0.17,-0.17,0,-0.2,,,0,[Fe/H],,,,,4.6,0.2,-0.2,0,,,,,2.01,0.23,-0.23,0,,,,,,,,,,,,,197.119,1.632,-1.607,5.04464,0.0413555,-0.0413555
WASP-60 b,WASP-60,b,1,1,1,Transit,0,4.305,6E-06,-6E-06,0,,,,,9.864,1.345,-1.345,0,0.88,0.12,-0.12,0,174.8065,60.3877,-60.3877,0,0.55,0.19,-0.19,0,,,,,,,,,,,,,,,,,174.8065,60.3877,-60.3877,0,0.55,0.19,-0.19,0,,,,,0,,,0,,,,,,,,,87.9,1.6,-1.6,0,,,,,0.6,0.06,-0.06,0,,,,,10.04,1.16,-1.16,0,,,,,,,,,,,,,,,,,60.8,3.8,-3.8,0,,,,,,,,,5900,100,-100,0,1.17,0.15,-0.15,0,1.19,0.61,-0.61,0,-0.04,,,0,[Fe/H],,,,,4.2,0.1,-0.1,0,,,,,1.03,0.36,-0.36,0,,,,,,,,,,,,,431.052,7.554,-7.303,2.29163,0.039669,-0.039669
WASP-61 b,WASP-61,b,1,1,1,Transit,0,3.8559,3E-06,-3E-06,0,,,,,15.805,2.466,-2.466,0,1.41,0.22,-0.22,0,851.7844,266.9772,-266.9772,0,2.68,0.84,-0.84,0,,,,,,,,,,,,,,,,,851.7844,266.9772,-266.9772,0,2.68,0.84,-0.84,0,,,,,0,,,0,,,,,,,,,89.35,0.56,-0.56,0,,,,,0.88,0.01,-0.01,0,,,,,8.15,0.24,-0.24,0,,,,,,,,,,,,,,,,,233,0,0,0,,,,,,,,,6250,150,-150,0,1.55,0.24,-0.24,0,1.82,0.85,-0.85,0,-0.1,,,0,[Fe/H],,,,,4.26,0.01,-0.01,0,,,,,0.69,0.06,-0.06,0,,,,,,,,,,,,,488.66,5.558,-5.436,2.01762,0.0228479,-0.0228479
WASP-62 b,WASP-62,b,1,1,1,Transit,0,4.41195,3E-06,-3E-06,0,,,,,14.796,0.897,-0.897,0,1.32,0.08,-0.08,0,165.2716,25.4264,-25.4264,0,0.52,0.08,-0.08,0,,,,,,,,,,,,,,,,,165.2716,25.4264,-25.4264,0,0.52,0.08,-0.08,0,,,,,0,,,0,,,,,,,,,88.3,0.75,-0.75,0,,,,,1.2,0.02,-0.02,0,,,,,9.55,0.41,-0.41,0,,,,,,,,,,,,,,,,,60,4,-4,0,,,,,,,,,6230,80,-80,0,1.23,0.08,-0.08,0,1.11,0.25,-0.25,0,0.04,,,0,[Fe/H],,,,,4.45,0.1,-0.1,0,,,,,0.85,0.11,-0.11,0,,,,,,,,,,,,,175.631,0.59,-0.586,5.66486,0.0189104,-0.0189104
WASP-63 b,WASP-63,b,1,1,1,Transit,0,4.37808,6E-06,-6E-06,0,,,,,15.805,1.569,-1.569,0,1.41,0.14,-0.14,0,117.5971,28.6047,-28.6047,0,0.37,0.09,-0.09,0,,,,,,,,,,,,,,,,,117.5971,28.6047,-28.6047,0,0.37,0.09,-0.09,0,,,,,0,,,0,,,,,,,,,87.8,1.3,-1.3,0,,,,,0.61,0.017,-0.017,0,,,,,6.59,0.3,-0.3,0,,,,,,,,,,,,,,,,,39,3,-3,0,,,,,,,,,5550,100,-100,0,1.86,0.19,-0.19,0,1.28,0.42,-0.42,0,0.08,,,0,[Fe/H],,,,,4.01,0.03,-0.03,0,,,,,0.28,0.04,-0.04,0,,,,,,,,,,,,,290.684,2.034,-2.008,3.41141,0.0237401,-0.0237401
WASP-65 b,WASP-65,b,1,1,1,Transit,0,2.3114243,1.5E-06,-1.5E-06,0,0.0334,0.0016,-0.0017,0,12.464,0.661,-0.661,0,1.112,0.059,-0.059,0,492.62,50.85,-50.85,0,1.55,0.16,-0.16,0,,,,,,,,,,,,,,,,,492.62,50.85,-50.85,0,1.55,0.16,-0.16,0,1.5,0.09,-0.11,0,0,,,0,,,,,1480,10,-10,0,88.8,0.8,-0.7,0,0.149,0.082,-0.095,0,1.28,0.015,-0.015,0,2.73504,0.0108,-0.0108,0,,,,,,,,,,,,,,,,,,,,,249,5,-5,0,,,,,,,,,5600,100,-100,0,1.01,0.05,-0.05,0,0.93,0.14,-0.14,0,-0.07,0.07,-0.07,0,[Fe/H],,,,,4.4,0.02,-0.02,0,8,,,-1,1.28,0.04,-0.06,0,3.6,0.5,-0.5,0,,,,,-3.19,0,0,0,273.703,2.733,-2.68,3.62506,0.0358575,-0.0358575
WASP-66 b,WASP-66,b,1,1,1,Transit,0,4.08605,7E-06,-7E-06,0,,,,,15.693,3.139,-3.139,0,1.4,0.28,-0.28,0,746.9005,311.4734,-311.4734,0,2.35,0.98,-0.98,0,,,,,,,,,,,,,,,,,746.9005,311.4734,-311.4734,0,2.35,0.98,-0.98,0,,,,,0,,,0,,,,,,,,,85.9,0.9,-0.9,0,,,,,0.67,0.016,-0.016,0,,,,,6.73,0.37,-0.37,0,,,,,,,,,,,,,,,,,246,11,-11,0,,,,,,,,,6600,150,-150,0,1.76,0.35,-0.35,0,1.33,0.83,-0.83,0,-0.31,,,0,[Fe/H],,,,,4.3,0.2,-0.2,0,,,,,0.34,0.06,-0.06,0,,,,,,,,,,,,,500.258,13.509,-12.828,1.9717,0.052185,-0.052185
WASP-67 b,WASP-67,b,1,1,1,Transit,0,4.61442,1E-05,-1E-05,0,,,,,12.89,1.233,-1.233,0,1.15,0.11,-0.11,0,136.6669,28.6047,-28.6047,0,0.43,0.09,-0.09,0,,,,,,,,,,,,,,,,,136.6669,28.6047,-28.6047,0,0.43,0.09,-0.09,0,,,,,0,,,0,,,,,,,,,85.8,0.35,-0.35,0,,,,,1.8,0.09,-0.09,0,,,,,12.83,0.63,-0.63,0,,,,,,,,,,,,,,,,,56,4,-4,0,,,,,,,,,5200,100,-100,0,0.88,0.08,-0.08,0,0.91,0.28,-0.28,0,-0.07,,,0,[Fe/H],,,,,4.35,0.15,-0.15,0,,,,,1.88,0.28,-0.28,0,,,,,,,,,,,,,189.469,1.557,-1.533,5.24956,0.0427099,-0.0427099
WASP-69 b,WASP-69,b,1,1,1,Transit,0,3.86814,2E-06,-2E-06,0,,,,,12.442,0.448,-0.448,0,1.11,0.04,-0.04,0,92.1707,9.5349,-9.5349,0,0.29,0.03,-0.03,0,,,,,,,,,,,,,,,,,92.1707,9.5349,-9.5349,0,0.29,0.03,-0.03,0,,,,,0,,,0,,,,,,,,,86.71,0.2,-0.2,0,,,,,1.8,0.042,-0.042,0,,,,,12,0.46,-0.46,0,,,,,,,,,,,,,,,,,38.1,2.4,-2.4,0,,,,,,,,,4700,50,-50,0,0.86,0.03,-0.03,0,0.98,0.14,-0.14,0,0.15,,,0,[Fe/H],,,,,4.5,0.15,-0.15,0,,,,,2.18,0.25,-0.25,0,,,,,,,,,,,,,49.9605,0.132,-0.1313,19.9871,0.0523379,-0.0523379
WASP-7 b,WASP-7,b,1,1,1,Transit,0,4.9546416,3.5E-06,-3.5E-06,0,0.0617,0.0011,-0.0011,0,14.908,1.042,-1.042,0,1.33,0.093,-0.093,0,305.1168,41.3179,-41.3179,0,0.96,0.13,-0.13,0,,,,,,,,,,,,,,,,,305.1168,41.3179,-41.3179,0,0.96,0.13,-0.13,0,0.55,0.13,-0.13,0,,,,,,,,,1487,48,-48,0,87.03,0.93,-0.93,0,,,,,,,,,,,,,9.074,0.532,-0.476,0,0.0956,0.0016,-0.0016,0,,,,,,,,,,,,,97,13,-13,0,,,,,,,,,6400,100,-100,0,1.43,0.09,-0.09,0,1.28,0.07,-0.07,0,0,0.1,-0.1,0,[Fe/H],,,,,4.23,0.05,-0.05,0,2.4,0.9,-1.1,0,0.611,0.104,-0.104,0,,,,,,,,,,,,,162.303,1.296,-1.276,6.13303,0.0484422,-0.0484422
WASP-71 b,WASP-71,b,1,1,1,Transit,0,2.90367,7E-06,-7E-06,0,,,,,13.227,1.345,-1.345,0,1.18,0.12,-0.12,0,441.7837,104.8839,-104.8839,0,1.39,0.33,-0.33,0,,,,,,,,,,,,,,,,,441.7837,104.8839,-104.8839,0,1.39,0.33,-0.33,0,,,,,0,,,0,,,,,,,,,84.2,1.8,-1.8,0,,,,,0.44,0.015,-0.015,0,,,,,4.3,0.27,-0.27,0,,,,,,,,,,,,,,,,,236.4,3.7,-3.7,0,,,,,,,,,6050,100,-100,0,1.82,0.19,-0.19,0,0.76,0.27,-0.27,0,0.15,,,0,[Fe/H],,,,,3.9,0.05,-0.05,0,,,,,0.18,0.03,-0.03,0,,,,,,,,,,,,,362.715,6.98,-6.725,2.72889,0.0516817,-0.0516817
WASP-72 b,WASP-72,b,1,1,1,Transit,0,2.21673,2E-06,-2E-06,0,,,,,14.46,2.018,-2.018,0,1.29,0.18,-0.18,0,731.009,222.481,-222.481,0,2.3,0.7,-0.7,0,,,,,,,,,,,,,,,,,731.009,222.481,-222.481,0,2.3,0.7,-0.7,0,,,,,0,,,0,,,,,,,,,86.8,2.55,-2.55,0,,,,,0.37,0.03,-0.03,0,,,,,4.61,0.35,-0.35,0,,,,,,,,,,,,,,,,,181.3,4.7,-4.7,0,,,,,,,,,6250,100,-100,0,2.18,0.29,-0.29,0,2.78,1.28,-1.28,0,-0.06,,,0,[Fe/H],,,,,4.09,0.05,-0.05,0,,,,,0.38,0.08,-0.08,0,,,,,,,,,,,,,434.754,8.537,-8.221,2.27183,0.043988,-0.043988
WASP-73 b,WASP-73,b,1,1,1,Transit,0,4.08722,0.00022,-0.00022,0,,,,,15.917,2.466,-2.466,0,1.42,0.22,-0.22,0,908.9938,292.4036,-292.4036,0,2.86,0.92,-0.92,0,,,,,,,,,,,,,,,,,908.9938,292.4036,-292.4036,0,2.86,0.92,-0.92,0,,,,,0,,,0,,,,,,,,,87.4,2.1,-2.1,0,,,,,0.33,0.03,-0.03,0,,,,,5.75,0.39,-0.39,0,,,,,,,,,,,,,,,,,196.3,4.1,-4.1,0,,,,,,,,,6030,120,-120,0,2.55,0.38,-0.38,0,2.52,1.22,-1.22,0,0.14,,,0,[Fe/H],,,,,3.93,0.05,-0.05,0,,,,,0.21,0.04,-0.04,0,,,,,,,,,,,,,316.678,2.993,-2.938,3.12923,0.0293421,-0.0293421
WASP-74 b,WASP-74,b,1,1,1,Transit,0,2.13775,1E-06,-1E-06,0,,,,,15.244,1.121,-1.121,0,1.36,0.1,-0.1,0,228.8376,38.1396,-38.1396,0,0.72,0.12,-0.12,0,,,,,,,,,,,,,,,,,228.8376,38.1396,-38.1396,0,0.72,0.12,-0.12,0,,,,,0,,,0,,,,,,,,,79.81,0.24,-0.24,0,,,,,0.96,0.014,-0.014,0,,,,,4.86,0.2,-0.2,0,,,,,,,,,,,,,,,,,114.1,1.4,-1.4,0,,,,,,,,,5990,110,-110,0,1.42,0.1,-0.1,0,0.98,0.24,-0.24,0,0.39,,,0,[Fe/H],,,,,4.39,0.07,-0.07,0,,,,,0.48,0.06,-0.06,0,,,,,,,,,,,,,149.216,1.149,-1.132,6.67342,0.0508421,-0.0508421
WASP-78 b,WASP-78,b,1,1,1,Transit,0,2.17518,5E-06,-5E-06,0,,,,,21.633,5.044,-5.044,0,1.93,0.45,-0.45,0,352.7913,171.6282,-171.6282,0,1.11,0.54,-0.54,0,,,,,,,,,,,,,,,,,352.7913,171.6282,-171.6282,0,1.11,0.54,-0.54,0,,,,,0,,,0,,,,,,,,,83.2,1.95,-1.95,0,,,,,0.65,0.01,-0.01,0,,,,,3.54,0.21,-0.21,0,,,,,,,,,,,,,,,,,113.8,9.1,-9.1,0,,,,,,,,,6100,150,-150,0,2.46,0.58,-0.58,0,1.87,1.36,-1.36,0,-0.35,,,0,[Fe/H],,,,,4.1,0.2,-0.2,0,,,,,0.18,0.03,-0.03,0,,,,,,,,,,,,,754.258,17.102,-16.373,1.29679,0.0292027,-0.0292027
WASP-79 b,WASP-79,b,1,1,1,Transit,0,3.66238,5E-06,-5E-06,0,,,,,18.719,1.681,-1.681,0,1.67,0.15,-0.15,0,270.1555,57.2094,-57.2094,0,0.85,0.18,-0.18,0,,,,,,,,,,,,,,,,,270.1555,57.2094,-57.2094,0,0.85,0.18,-0.18,0,,,,,0,,,0,,,,,,,,,85.4,0.6,-0.6,0,,,,,1.1,0.051,-0.051,0,,,,,7.03,0.36,-0.36,0,,,,,,,,,,,,,,,,,88.2,7.8,-7.8,0,,,,,,,,,6600,100,-100,0,1.6,0.14,-0.14,0,1.43,0.43,-0.43,0,0.03,,,0,[Fe/H],,,,,4.2,0.15,-0.15,0,,,,,0.49,0.08,-0.08,0,,,,,,,,,,,,,246.69,1.82,-1.794,4.02497,0.0294686,-0.0294686
WASP-80 b,WASP-80,b,1,1,1,Transit,0,3.06785234,8.3E-07,-7.9E-07,0,0.0344,0.001,-0.0011,0,11.198,0.336,-0.347,0,0.999,0.03,-0.031,0,170.99254,11.12405,-11.44188,0,0.538,0.035,-0.036,0,,,,,,,,,,,,,,,,,170.99254,11.12405,-11.44188,0,0.538,0.035,-0.036,0,0.717,0.039,-0.032,0,0.002,0.01,-0.002,0,,,,,825,19,-19,0,89.02,0.11,-0.1,0,0.215,0.02,-0.022,0,2.937,0.013,-0.013,0,2.131,0.0031,-0.0034,0,12.63,0.08,-0.13,0,0.17137,0.00037,-0.00039,0,0.0455,0.01,-0.01,0,,,,,94,120,-21,0,109,3.1,-4.4,0,-14,15,-14,0,,,,,4143,92,-94,0,0.59,0.02,-0.02,0,0.58,0.05,-0.05,0,-0.13,0.15,-0.17,0,[Fe/H],,,,,4.66,0.01,-0.02,0,,,,,4.05,0.077,-0.121,0,1.27,0.14,-0.17,0,,,,,,,,,49.7876,0.11605,-0.11605,20.0565,0.0464605,-0.0464605
WASP-81 b,WASP-81,b,1,1,1,Transit,0,2.7164762,2.3E-06,-2.3E-06,0,0.03908,0.0007,-0.00072,0,16.018,0.572,-0.516,0,1.429,0.051,-0.046,0,231.69807,11.44188,-11.12405,0,0.729,0.036,-0.035,0,,,,,,,,,,,,,,,,,231.69807,11.44188,-11.12405,0,0.729,0.036,-0.035,0,0.332,0.031,-0.031,0,0.066,,,1,,,,,1623,38,-37,0,88.69,0.88,-0.92,0,,,,,,,,,,,,,6.56,0.13,-0.16,0,,,,,,,,,,,,,,,,,100.8,3.4,-3.3,0,,,,,,,,,5870,120,-120,0,1.28,0.04,-0.04,0,1.08,0.06,-0.06,0,-0.36,0.14,-0.14,0,[Fe/H],0.246,0.047,-0.047,0,4.26,0.02,-0.03,0,,,,,0.723,0.042,-0.052,0,,,,,,,,,,,,,398.505,7.132,-6.889,2.48163,0.0437948,-0.0437948
WASP-82 b,WASP-82,b,1,1,1,Transit,0,2.70579,2E-06,-2E-06,0,,,,,18.159,1.457,-1.457,0,1.62,0.13,-0.13,0,371.8611,63.566,-63.566,0,1.17,0.2,-0.2,0,,,,,,,,,,,,,,,,,371.8611,63.566,-63.566,0,1.17,0.2,-0.2,0,,,,,0,,,0,,,,,,,,,87.9,1.65,-1.65,0,,,,,0.63,0.01,-0.01,0,,,,,4.43,0.15,-0.15,0,,,,,,,,,,,,,,,,,130.7,1.9,-1.9,0,,,,,,,,,6480,90,-90,0,2.1,0.16,-0.16,0,1.48,0.37,-0.37,0,0.12,,,0,[Fe/H],,,,,3.96,0.03,-0.03,0,,,,,0.22,0.02,-0.02,0,,,,,,,,,,,,,275.664,3.122,-3.055,3.59924,0.0403327,-0.0403327
WASP-83 b,WASP-83,b,1,1,1,Transit,0,4.971252,1.5E-05,-1.5E-05,0,0.059,0.001,-0.001,0,11.657,0.897,-0.56,0,1.04,0.08,-0.05,0,95.349,9.5349,-9.5349,0,0.3,0.03,-0.03,0,,,,,,,,,,,,,,,,,95.349,9.5349,-9.5349,0,0.3,0.03,-0.03,0,0.35,0.07,-0.07,0,0,,,0,,,,,1120,30,-30,0,88.9,0.7,-0.7,0,0.23,0.15,-0.15,0,1.04,0.04,-0.04,0,3.3648,0.036,-0.036,0,,,,,,,,,,,,,,,,,,,,,32.9,3.1,-3.1,0,,,,,,,,,5510,110,-110,0,1.05,0.06,-0.04,0,1.11,0.09,-0.09,0,0.29,0.12,-0.12,0,[Fe/H],,,,,4.44,0.02,-0.04,0,5,,,-1,1.4,0.1,-0.18,0,0.5,,,1,,,,,31.55,0,0,0,271.103,3.716,-3.618,3.66066,0.0495099,-0.0495099
WASP-84 b,WASP-84,b,1,1,1,Transit,0,8.5234865,7E-06,-7E-06,0,0.0771,0.0012,-0.0012,0,10.559,0.247,-0.247,0,0.942,0.022,-0.022,0,220.565,8.899,-8.899,0,0.694,0.028,-0.028,0,,,,,,,,,,,,,,,,,220.565,8.899,-8.899,0,0.694,0.028,-0.028,0,1.104,0.064,-0.064,0,0,,,0,,,,,797,16,-16,0,88.368,0.05,-0.05,0,0.632,0.012,-0.012,0,1.678,0.015,-0.015,0,2.74848,0.01104,-0.01104,0,,,,,,,,,,,,,,,,,,,,,77.4,2,-2,0,,,,,,,,,5314,88,-88,0,0.75,0.01,-0.01,0,0.84,0.04,-0.04,0,0,0.1,-0.1,0,[Fe/H],,,,,4.4,0.1,-0.1,0,1,,,0,2.839,0.099,-0.099,0,4.1,0.3,-0.3,0,,,,,-11.58,0,0,0,100.588,0.489,-0.484,9.91295,0.0477217,-0.0477217
WASP-88 b,WASP-88,b,1,1,1,Transit,0,4.954,1.9E-05,-1.9E-05,0,,,,,16.365,2.354,-2.354,0,1.46,0.21,-0.21,0,133.4886,44.4962,-44.4962,0,0.42,0.14,-0.14,0,,,,,,,,,,,,,,,,,133.4886,44.4962,-44.4962,0,0.42,0.14,-0.14,0,,,,,0,,,0,,,,,,,,,88,1.45,-1.45,0,,,,,0.7,0.03,-0.03,0,,,,,6.67,0.31,-0.31,0,,,,,,,,,,,,,,,,,52.4,6.6,-6.6,0,,,,,,,,,6430,130,-130,0,1.8,0.26,-0.26,0,0.94,0.42,-0.42,0,-0.08,,,0,[Fe/H],,,,,3.96,0.04,-0.04,0,,,,,0.23,0.03,-0.03,0,,,,,,,,,,,,,523.756,8.792,-8.511,1.88108,0.0312898,-0.0312898
WASP-89 b,WASP-89,b,1,1,1,Transit,0,3.3564227,2.5E-06,-2.5E-06,0,0.0427,0.0012,-0.0012,0,11.657,0.448,-0.448,0,1.04,0.04,-0.04,0,1875.197,127.132,-127.132,0,5.9,0.4,-0.4,0,,,,,,,,,,,,,,,,,1875.197,127.132,-127.132,0,5.9,0.4,-0.4,0,7,0.44,-0.44,0,0.193,0.009,-0.009,0,,,,,1120,20,-20,0,89.4,0.5,-0.5,0,0.1,0.08,-0.08,0,1.49,0.02,-0.02,0,2.46,0.0096,-0.0096,0,,,,,,,,,,,,,,,,,28,4,-4,0,848,13,-13,0,,,,,,,,,5130,90,-90,0,0.88,0.03,-0.03,0,0.92,0.08,-0.08,0,0.15,0.14,-0.14,0,[Fe/H],,,,,4.51,0.02,-0.02,0,1.3,1.5,-0.8,0,1.92,0.1,-0.1,0,2.5,0.9,-0.9,0,,,,,21.09,0.01,-0.01,0,290.946,2.692,-2.645,3.40855,0.0312849,-0.0312849
WASP-90 b,WASP-90,b,1,1,1,Transit,0,3.916243,3E-06,-3E-06,0,0.0562,0.0012,-0.0012,0,18.271,1.009,-1.009,0,1.63,0.09,-0.09,0,200.2329,22.2481,-22.2481,0,0.63,0.07,-0.07,0,,,,,,,,,,,,,,,,,200.2329,22.2481,-22.2481,0,0.63,0.07,-0.07,0,0.193,0.036,-0.036,0,0,,,0,,,,,1840,50,-50,0,82.1,0.4,-0.4,0,0.841,0.013,-0.013,0,0.71,0.02,-0.02,0,3.3552,0.0528,-0.0528,0,,,,,,,,,,,,,,,,,,,,,60,6,-6,0,,,,,,,,,6430,130,-130,0,1.98,0.09,-0.09,0,1.55,0.1,-0.1,0,0.11,0.14,-0.14,0,[Fe/H],,,,,4.03,0.03,-0.03,0,4.4,8.4,-2.4,0,0.28,0.03,-0.03,0,6,0.5,-0.5,0,,,,,4.36,0,0,0,466.433,19.928,-18.384,2.11996,0.0871969,-0.0871969
WASP-91 b,WASP-91,b,1,1,1,Transit,0,2.798581,3E-06,-3E-06,0,0.037,0.001,-0.001,0,11.545,0.448,-0.448,0,1.03,0.04,-0.04,0,425.8922,25.4264,-25.4264,0,1.34,0.08,-0.08,0,,,,,,,,,,,,,,,,,425.8922,25.4264,-25.4264,0,1.34,0.08,-0.08,0,1.59,0.13,-0.13,0,0,,,0,,,,,1160,30,-30,0,86.8,0.4,-0.4,0,0.51,0.04,-0.04,0,1.5,0.03,-0.03,0,2.3424,0.0192,-0.0192,0,9.1,0.3,-0.3,0,,,,,,,,,,,,,,,,,217,5,-5,0,,,,,,,,,4920,80,-80,0,0.86,0.03,-0.03,0,0.84,0.07,-0.07,0,0.19,0.13,-0.13,0,[Fe/H],,,,,4.3,0.2,-0.2,0,,,,,1.83,0.14,-0.14,0,2.4,0.4,-0.4,0,,,,,2.78,0,0,0,149.942,0.519,-0.516,6.64038,0.0228382,-0.0228382
WASP-92 b,WASP-92,b,1,1,1,Transit,0,2.1746742,1.6E-06,-1.6E-06,0,0.0348,0.00036,-0.00036,0,16.376,0.863,-0.863,0,1.461,0.077,-0.077,0,255.85315,21.61244,-21.61244,0,0.805,0.068,-0.068,0,,,,,,,,,,,,,,,,,255.85315,21.61244,-21.61244,0,0.805,0.068,-0.068,0,0.346,0.059,-0.059,0,0,,,0,,,,,1871,56,-56,0,83.75,0.69,-0.69,0,0.608,0.043,-0.043,0,1.254,0.029,-0.029,0,2.7672,0.0288,-0.0288,0,5.587,0.217,-0.202,0,,,,,,,,,,,,,0,,,0,111.6,9.2,-9.2,0,,,,,,,,,6280,120,-120,0,1.34,0.06,-0.06,0,1.19,0.04,-0.04,0,0,0.14,-0.14,0,[Fe/H],,,,,4.26,0.03,-0.03,0,2.29,6.8,-1.51,0,0.697,0.077,-0.077,0,5.73,1.15,-1.15,0,10.07,2.58,-2.58,0,-29.17,0.01,-0.01,0,575.889,6.527,-6.385,1.70764,0.0193193,-0.0193193
WASP-93 b,WASP-93,b,1,1,1,Transit,0,2.7325321,2E-06,-2E-06,0,0.04211,0.00035,-0.00035,0,17.901,0.863,-0.863,0,1.597,0.077,-0.077,0,467.2101,92.1707,-92.1707,0,1.47,0.29,-0.29,0,,,,,,,,,,,,,,,,,467.2101,92.1707,-92.1707,0,1.47,0.29,-0.29,0,0.479,0.112,-0.112,0,0,,,0,,,,,1942,38,-38,0,81.18,0.29,-0.29,0,0.9036,0.009,-0.009,0,1.097,0.013,-0.013,0,2.2344,0.024,-0.024,0,5.938,0.133,-0.128,0,,,,,,,,,,,,,0,,,0,174,34,-34,0,,,,,,,,,6700,100,-100,0,1.52,0.04,-0.04,0,1.33,0.03,-0.03,0,0.07,0.17,-0.17,0,[Fe/H],,,,,4.2,0.02,-0.02,0,0.7,0.65,-0.65,0,0.53,0.039,-0.039,0,37,3,-3,0,1.45,0.4,-0.4,0,-2.79,0.03,-0.03,0,370.284,7.938,-7.617,2.67335,0.0562674,-0.0562674
WASP-95 b,WASP-95,b,1,1,1,Transit,0,2.18467,1E-06,-1E-06,0,,,,,13.787,1.009,-1.009,0,1.23,0.09,-0.09,0,457.6752,88.9924,-88.9924,0,1.44,0.28,-0.28,0,,,,,,,,,,,,,,,,,457.6752,88.9924,-88.9924,0,1.44,0.28,-0.28,0,,,,,0,,,0,,,,,,,,,88.4,1.65,-1.65,0,,,,,1,0.03,-0.03,0,,,,,6.51,0.39,-0.39,0,,,,,,,,,,,,,,,,,175.7,1.7,-1.7,0,,,,,,,,,5830,140,-140,0,1.23,0.09,-0.09,0,1.46,0.42,-0.42,0,0.14,,,0,[Fe/H],,,,,4.36,0.07,-0.07,0,,,,,1.09,0.2,-0.2,0,,,,,,,,,,,,,137.544,0.795,-0.786,7.24182,0.0414511,-0.0414511
WASP-96 b,WASP-96,b,1,1,1,Transit,0,3.4252602,2.7E-06,-2.7E-06,0,0.0453,0.0013,-0.0013,0,13.45,0.67,-0.67,0,1.2,0.06,-0.06,0,152.55,9.53,-9.53,0,0.48,0.03,-0.03,0,,,,,,,,,,,,,,,,,152.55,9.53,-9.53,0,0.48,0.03,-0.03,0,0.37,0.05,-0.05,0,0,,,0,,,,,1285,40,-40,0,85.6,0.2,-0.2,0,0.71,0.019,-0.019,0,1.38,0.03,-0.03,0,2.4264,0.0264,-0.0264,0,,,,,,,,,,,,,,,,,,,,,62,4,-4,0,,,,,,,,,5540,140,-140,0,1.05,0.05,-0.05,0,1.06,0.09,-0.09,0,0.14,0.19,-0.19,0,[Fe/H],,,,,4.42,0.02,-0.02,0,8,26,-8,0,1.299,0.103,-0.103,0,1.5,1.3,-1.3,0,,,,,-1.23,0,0,0,352.464,4.746,-4.623,2.80882,0.0374194,-0.0374194
WASP-97 b,WASP-97,b,1,1,1,Transit,0,2.07276,1E-06,-1E-06,0,,,,,12.778,0.673,-0.673,0,1.14,0.06,-0.06,0,432.2488,60.3877,-60.3877,0,1.36,0.19,-0.19,0,,,,,,,,,,,,,,,,,432.2488,60.3877,-60.3877,0,1.36,0.19,-0.19,0,,,,,0,,,0,,,,,,,,,88,1.15,-1.15,0,,,,,1.2,0.02,-0.02,0,,,,,6.72,0.28,-0.28,0,,,,,,,,,,,,,,,,,194.5,2.3,-2.3,0,,,,,,,,,5640,100,-100,0,1.08,0.06,-0.06,0,1.18,0.24,-0.24,0,0.23,,,0,[Fe/H],,,,,4.45,0.08,-0.08,0,,,,,1.34,0.17,-0.17,0,,,,,,,,,,,,,151.068,0.511,-0.507,6.59064,0.0221196,-0.0221196
WASP-99 b,WASP-99,b,1,1,1,Transit,0,5.75251,4E-05,-4E-05,0,,,,,11.433,0.673,-0.673,0,1.02,0.06,-0.06,0,772.3269,117.5971,-117.5971,0,2.43,0.37,-0.37,0,,,,,,,,,,,,,,,,,772.3269,117.5971,-117.5971,0,2.43,0.37,-0.37,0,,,,,0,,,0,,,,,,,,,88.8,1.1,-1.1,0,,,,,0.41,0.02,-0.02,0,,,,,8.77,0.47,-0.47,0,,,,,,,,,,,,,,,,,242.2,1.7,-1.7,0,,,,,,,,,6150,100,-100,0,1.64,0.09,-0.09,0,1.21,0.28,-0.28,0,0.21,,,0,[Fe/H],,,,,4.3,0.1,-0.1,0,,,,,0.39,0.06,-0.06,0,,,,,,,,,,,,,158.66,0.809,-0.8,6.27403,0.0317206,-0.0317206
WTS-1 b,WTS-1,b,1,1,1,Transit,0,3.352057,1.3E-05,-1.5E-05,0,0.047,0.001,-0.001,0,16.7,1.79,-2.02,0,1.49,0.16,-0.18,0,1274.44,111.24,-111.24,0,4.01,0.35,-0.35,0,,,,,,,,,,,,,,,,,1274.44,111.24,-111.24,0,4.01,0.35,-0.35,0,1.61,0.56,-0.56,0,0.1,,,1,,,,,1500,100,-100,0,85.5,1,-0.7,0,0.69,0.05,-0.09,0,1.7636,0.086,-0.0917,0,,,,,,,,,0.1328,0.0032,-0.0035,0,,,,,,,,,,,,,,,,,,,,,,,,,6250,200,-200,0,1.15,0.1,-0.12,0,1.2,0.1,-0.1,0,-0.5,0.5,-0.5,0,[Fe/H],,,,,4.4,0.1,-0.1,0,2.55,1.95,-1.95,0,1.1129,0.4367,-0.2536,0,7,2,-2,0,,,,,,,,,2346.01,341.4,-265.8,0.403034,0.05145,-0.05145
WTS-2 b,WTS-2,b,1,1,1,Transit,0,1.0187068,6.5E-07,-6.5E-07,0,0.01855,0.00062,-0.00062,0,15.278,0.684,-0.684,0,1.363,0.061,-0.061,0,355.9696,50.8528,-50.8528,0,1.12,0.16,-0.16,0,,,,,,,,,,,,,,,,,355.9696,50.8528,-50.8528,0,1.12,0.16,-0.16,0,0.54,0.11,-0.11,0,0,,,0,,,,,2000,100,-100,0,83.55,0.53,-0.53,0,0.584,0.033,-0.033,0,,,,,,,,,,,,,0.1863,0.0021,-0.0021,0,,,,,,,,,,,,,256,32,-32,0,,,,,,,,,5000,250,-250,0,0.75,0.03,-0.03,0,0.82,0.08,-0.08,0,0.2,0.3,-0.2,0,[Fe/H],,,,,4.6,0.02,-0.02,0,0.6,,,-1,2.72,0.23,-0.23,0,2.2,1,-1,0,,,,,-20.03,0.02,-0.02,0,,,,,,
Wendelstein-1 b,Wendelstein-1,b,1,1,1,Transit,0,2.663416,1E-06,-1E-06,0,0.0282,0.0015,-0.0015,0,11.561,0.068,-0.068,0,1.031,0.006,-0.006,0,188.15536,52.44195,-41.00007,0,0.592,0.165,-0.129,0,,,,,,,,,,,,,,,,,188.15536,52.44195,-41.00007,0,0.592,0.165,-0.129,0,0.72,0.23,-0.17,0,0.012,,,1,,,,,2198,,,1,86.12,0.43,-0.39,0,,,,,,,,,,,,,,,,,0.1698,0.001,-0.001,0,,,,,,,,,,,,,115.56,32.59,-32.59,0,,,,,,,,,4251,175,-175,0,0.61,0.09,-0.09,0,0.65,0.1,-0.1,0,,,,,,,,,,,,,,,,,,,,,,,,,,,,,,,,,,305.3,3.002,-2.945,3.24702,0.0316572,-0.0316572
Wendelstein-2 b,Wendelstein-2,b,1,1,1,Transit,0,1.7522239,8E-07,-8E-07,0,0.0234,0.0015,-0.0015,0,12.993,0.229,-0.235,0,1.159,0.02,-0.021,0,232.33373,171.94603,-98.84513,0,0.731,0.541,-0.311,0,,,,,,,,,,,,,,,,,232.33373,171.94603,-98.84513,0,0.731,0.541,-0.311,0,0.62,0.46,-0.26,0,0.057,,,1,,,,,2470,,,1,87.87,0.98,-1.04,0,,,,,,,,,,,,,,,,,0.176,0.004,-0.004,0,,,,,,,,,,,,,155.584,66.116,-66.116,0,,,,,,,,,4591,195,-195,0,0.66,0.1,-0.1,0,0.73,0.11,-0.11,0,,,,,,,,,,,,,,,,,,,,,,,,,,,,,,,,,,565.541,14.296,-13.619,1.74094,0.0432736,-0.0432736
Wolf 503 b,Wolf 503,b,1,1,1,Transit,0,6.00118,8E-05,-0.00011,0,0.0571,0.002,-0.002,0,2.03,0.076,-0.073,0,0.181,0.007,-0.007,0,,,,,,,,,,,,,,,,,,,,,,,,,,,,,,,,,,,,,,,,,69.6,3,-3,0,805,9,-9,0,,,,,0.387,0.067,-0.061,0,,,,,1.321,0.051,-0.039,0,,,,,0.02694,0.00026,-0.00026,0,,,,,,,,,,,,,,,,,,,,,,,,,4716,60,-60,0,0.69,0.03,-0.02,0,0.69,0.02,-0.02,0,-0.47,0.08,-0.08,0,[Fe/H],-0.644,0.017,-0.02,0,4.62,0.02,-0.01,0,11,2,-2,0,,,,,,,,,,,,,-46.83,0.01,-0.01,0,44.526,0.0964,-0.0961,22.43,0.0481894,-0.0481894
XO-1 b,XO-1,b,1,1,1,Transit,0,3.94153,2.7E-05,-2.7E-05,0,,,,,12.778,0.785,-0.785,0,1.14,0.07,-0.07,0,263.7989,41.3179,-41.3179,0,0.83,0.13,-0.13,0,,,,,,,,,,,,,,,,,263.7989,41.3179,-41.3179,0,0.83,0.13,-0.13,0,,,,,0,,,0,,,,,,,,,88.81,0.5,-0.5,0,,,,,1.8,0.012,-0.012,0,,,,,11.37,0.47,-0.47,0,,,,,,,,,,,,,,,,,116,9,-9,0,,,,,,,,,5750,75,-75,0,0.88,0.05,-0.05,0,0.88,0.19,-0.19,0,0.02,,,0,[Fe/H],,,,,4.51,0.02,-0.02,0,,,,,1.79,0.22,-0.22,0,,,,,,,,,,,,,163.553,0.622,-0.617,6.08537,0.0230002,-0.0230002
XO-3 b,XO-3,b,1,1,1,Transit,0,3.19154,0.00014,-0.00014,0,,,,,15.805,1.345,-1.345,0,1.41,0.12,-0.12,0,2316.9807,378.2177,-378.2177,0,7.29,1.19,-1.19,0,,,,,,,,,,,,,,,,,2316.9807,378.2177,-378.2177,0,7.29,1.19,-1.19,0,,,,,0.29,0,0,0,,,,,,,,,79.32,1.36,-1.36,0,,,,,0.89,0.078,-0.078,0,,,,,4.95,0.18,-0.18,0,,,,,,,,,,,,,,,,,1488,10,-10,0,,,,,,,,,6429,50,-50,0,1.54,0.11,-0.11,0,0.58,0.14,-0.14,0,-0.18,,,0,[Fe/H],,,,,3.95,0.06,-0.06,0,,,,,0.22,0.02,-0.02,0,,,,,,,,,,,,,213.053,2.724,-2.658,4.66603,0.0588164,-0.0588164
XO-4 b,XO-4,b,1,1,1,Transit,0,4.12508,4E-06,-4E-06,0,,,,,14.011,0.897,-0.897,0,1.25,0.08,-0.08,0,451.3186,60.3877,-60.3877,0,1.42,0.19,-0.19,0,,,,,,,,,,,,,,,,,451.3186,60.3877,-60.3877,0,1.42,0.19,-0.19,0,,,,,0,,,0,,,,,,,,,88.8,0.6,-0.6,0,,,,,0.78,0.012,-0.012,0,,,,,7.68,0.11,-0.11,0,,,,,,,,,,,,,,,,,168.6,6.2,-6.2,0,,,,,,,,,6397,70,-70,0,1.45,0.09,-0.09,0,1.1,0.22,-0.22,0,-0.04,,,0,[Fe/H],,,,,4.18,0.03,-0.03,0,,,,,0.5,0.02,-0.02,0,,,,,,,,,,,,,272.655,2.914,-2.855,3.63921,0.0385063,-0.0385063
XO-5 b,XO-5,b,1,1,1,Transit,0,4.1877558,6E-07,-6E-07,0,0.0515,0.0005,-0.0005,0,12.78,0.34,-0.34,0,1.14,0.03,-0.03,0,378.2,9.53,-9.53,0,1.19,0.03,-0.03,0,,,,,,,,,,,,,,,,,378.2,9.53,-9.53,0,1.19,0.03,-0.03,0,1.06,0.08,-0.08,0,0,,,0,,,,,1230,20,-20,0,86.8,0.2,-0.2,0,0.55,0.03,-0.03,0,1.08,0.01,-0.01,0,3.1176,0.0168,-0.0168,0,,,,,0.1039,0.0007,-0.0007,0,,,,,,,,,,,,,146,3,-3,0,,,,,,,,,5430,70,-70,0,1.13,0.03,-0.03,0,1.04,0.03,-0.03,0,0.05,0.06,-0.06,0,[Fe/H],,,,,4.35,0.02,-0.02,0,,,,,1.01,0.06,-0.06,0,,,,,,,,,,,,,276.211,3.919,-3.812,3.59238,0.0502799,-0.0502799
XO-6 b,XO-6,b,1,1,1,Transit,0,3.7650007,8.1E-06,-8.1E-06,0,0.0815,0.0077,-0.0077,0,23.203,2.466,-2.466,0,2.07,0.22,-0.22,0,1398.452,,,1,4.4,,,1,,,,,,,,,,,,,,,,,1398.452,,,1,4.4,,,1,0.62,,,1,0,,,0,,,,,1577,28,-28,0,86,0.2,-0.2,0,0.633,0.034,-0.034,0,,,,,2.9,0.1,-0.1,0,9.08,0.17,-0.17,0,0.11,0.006,-0.006,0,,,,,,,,,,,,,450,,,1,-20.7,2.3,-2.3,0,,,,,6720,100,-100,0,1.93,0.18,-0.18,0,1.47,0.06,-0.06,0,-0.07,0.1,-0.1,0,[Fe/H],,,,,4.04,0.1,-0.1,0,1.88,0.9,-0.2,0,1,0.056,-0.056,0,48,3,-3,0,,,,,,,,,235.479,2.443,-2.393,4.21833,0.0432756,-0.0432756
XO-7 b,XO-7,b,1,1,1,Transit,0,2.8641424,4.3E-06,-4.3E-06,0,0.04421,0.00062,-0.00062,0,15.39,0.291,-0.291,0,1.373,0.026,-0.026,0,225.34147,10.80622,-10.80622,0,0.709,0.034,-0.034,0,,,,,,,,,,,,,,,,,225.34147,10.80622,-10.80622,0,0.709,0.034,-0.034,0,0.34,0.027,-0.027,0,0.038,0.033,-0.033,0,1540,81,-81,0,1743,23,-23,0,83.45,0.29,-0.29,0,0.709,0.023,-0.023,0,0.909,0.018,-0.018,0,2.772,0.0336,-0.0336,0,6.43,0.14,-0.14,0,0.09532,0.00093,-0.00093,0,,,,,,,,,,,,,80.5,3.2,-3.2,0,,,,,,,,,6250,100,-100,0,1.48,0.02,-0.02,0,1.41,0.06,-0.06,0,0.432,0.057,-0.057,0,[Fe/H],,,,,4.25,0.02,-0.02,0,1.18,0.98,-0.71,0,,,,,6,1,-1,0,,,,,-12.98,0.01,-0.01,0,234.149,1.194,-1.181,4.24195,0.0215007,-0.0215007
