# This file was produced by the NASA Exoplanet Archive  http://exoplanetarchive.ipac.caltech.edu,,,,,,,,,,,,,,,,,,,,,,,,,,,,,,,,,,,,,,,,,,,,,,,,,,,,,,,,,,,,,,,,,,,,,,,,,,,,,,,,,,,,,,,,,,,,,,,,,
# Mon Oct 10 09:23:49 2022,,,,,,,,,,,,,,,,,,,,,,,,,,,,,,,,,,,,,,,,,,,,,,,,,,,,,,,,,,,,,,,,,,,,,,,,,,,,,,,,,,,,,,,,,,,,,,,,,
#,,,,,,,,,,,,,,,,,,,,,,,,,,,,,,,,,,,,,,,,,,,,,,,,,,,,,,,,,,,,,,,,,,,,,,,,,,,,,,,,,,,,,,,,,,,,,,,,,
# User preference: *,,,,,,,,,,,,,,,,,,,,,,,,,,,,,,,,,,,,,,,,,,,,,,,,,,,,,,,,,,,,,,,,,,,,,,,,,,,,,,,,,,,,,,,,,,,,,,,,,
#,,,,,,,,,,,,,,,,,,,,,,,,,,,,,,,,,,,,,,,,,,,,,,,,,,,,,,,,,,,,,,,,,,,,,,,,,,,,,,,,,,,,,,,,,,,,,,,,,
# CONSTRAINT:  where (sy_snum = 1,,,,,,,,,,,,,,,,,,,,,,,,,,,,,,,,,,,,,,,,,,,,,,,,,,,,,,,,,,,,,,,,,,,,,,,,,,,,,,,,,,,,,,,,,,,,,,,,,
# CONSTRAINT:  and sy_pnum = 1,,,,,,,,,,,,,,,,,,,,,,,,,,,,,,,,,,,,,,,,,,,,,,,,,,,,,,,,,,,,,,,,,,,,,,,,,,,,,,,,,,,,,,,,,,,,,,,,,
# CONSTRAINT:  and sy_mnum = 0,,,,,,,,,,,,,,,,,,,,,,,,,,,,,,,,,,,,,,,,,,,,,,,,,,,,,,,,,,,,,,,,,,,,,,,,,,,,,,,,,,,,,,,,,,,,,,,,,
# CONSTRAINT:  and cb_flag = 0,,,,,,,,,,,,,,,,,,,,,,,,,,,,,,,,,,,,,,,,,,,,,,,,,,,,,,,,,,,,,,,,,,,,,,,,,,,,,,,,,,,,,,,,,,,,,,,,,
# CONSTRAINT:  and pl_controv_flag = 0,,,,,,,,,,,,,,,,,,,,,,,,,,,,,,,,,,,,,,,,,,,,,,,,,,,,,,,,,,,,,,,,,,,,,,,,,,,,,,,,,,,,,,,,,,,,,,,,,
# CONSTRAINT:  and pl_orbperstr < 10,,,,,,,,,,,,,,,,,,,,,,,,,,,,,,,,,,,,,,,,,,,,,,,,,,,,,,,,,,,,,,,,,,,,,,,,,,,,,,,,,,,,,,,,,,,,,,,,,
# CONSTRAINT:  and pl_massestr < 25000,,,,,,,,,,,,,,,,,,,,,,,,,,,,,,,,,,,,,,,,,,,,,,,,,,,,,,,,,,,,,,,,,,,,,,,,,,,,,,,,,,,,,,,,,,,,,,,,,
# CONSTRAINT:  and pl_orbeccenstr in [0,0.45],,,,,,,,,,,,,,,,,,,,,,,,,,,,,,,,,,,,,,,,,,,,,,,,,,,,,,,,,,,,,,,,,,,,,,,,,,,,,,,,,,,,,,,,,,,,,,,,
# CONSTRAINT:  and st_massstr in [0.4,1.2],,,,,,,,,,,,,,,,,,,,,,,,,,,,,,,,,,,,,,,,,,,,,,,,,,,,,,,,,,,,,,,,,,,,,,,,,,,,,,,,,,,,,,,,,,,,,,,,
# CONSTRAINT:  and st_metstr in [-1.014,0.537],,,,,,,,,,,,,,,,,,,,,,,,,,,,,,,,,,,,,,,,,,,,,,,,,,,,,,,,,,,,,,,,,,,,,,,,,,,,,,,,,,,,,,,,,,,,,,,,
# CONSTRAINT:  and st_agestr in [0,10]),,,,,,,,,,,,,,,,,,,,,,,,,,,,,,,,,,,,,,,,,,,,,,,,,,,,,,,,,,,,,,,,,,,,,,,,,,,,,,,,,,,,,,,,,,,,,,,,
#,,,,,,,,,,,,,,,,,,,,,,,,,,,,,,,,,,,,,,,,,,,,,,,,,,,,,,,,,,,,,,,,,,,,,,,,,,,,,,,,,,,,,,,,,,,,,,,,,
# COLUMN pl_name:        Planet Name,,,,,,,,,,,,,,,,,,,,,,,,,,,,,,,,,,,,,,,,,,,,,,,,,,,,,,,,,,,,,,,,,,,,,,,,,,,,,,,,,,,,,,,,,,,,,,,,,
# COLUMN hostname:       Host Name,,,,,,,,,,,,,,,,,,,,,,,,,,,,,,,,,,,,,,,,,,,,,,,,,,,,,,,,,,,,,,,,,,,,,,,,,,,,,,,,,,,,,,,,,,,,,,,,,
# COLUMN default_flag:   Default Parameter Set,,,,,,,,,,,,,,,,,,,,,,,,,,,,,,,,,,,,,,,,,,,,,,,,,,,,,,,,,,,,,,,,,,,,,,,,,,,,,,,,,,,,,,,,,,,,,,,,,
# COLUMN sy_snum:        Number of Stars,,,,,,,,,,,,,,,,,,,,,,,,,,,,,,,,,,,,,,,,,,,,,,,,,,,,,,,,,,,,,,,,,,,,,,,,,,,,,,,,,,,,,,,,,,,,,,,,,
# COLUMN sy_pnum:        Number of Planets,,,,,,,,,,,,,,,,,,,,,,,,,,,,,,,,,,,,,,,,,,,,,,,,,,,,,,,,,,,,,,,,,,,,,,,,,,,,,,,,,,,,,,,,,,,,,,,,,
# COLUMN sy_mnum:        Number of Moons,,,,,,,,,,,,,,,,,,,,,,,,,,,,,,,,,,,,,,,,,,,,,,,,,,,,,,,,,,,,,,,,,,,,,,,,,,,,,,,,,,,,,,,,,,,,,,,,,
# COLUMN cb_flag:        Circumbinary Flag,,,,,,,,,,,,,,,,,,,,,,,,,,,,,,,,,,,,,,,,,,,,,,,,,,,,,,,,,,,,,,,,,,,,,,,,,,,,,,,,,,,,,,,,,,,,,,,,,
# COLUMN discoverymethod: Discovery Method,,,,,,,,,,,,,,,,,,,,,,,,,,,,,,,,,,,,,,,,,,,,,,,,,,,,,,,,,,,,,,,,,,,,,,,,,,,,,,,,,,,,,,,,,,,,,,,,,
# COLUMN disc_year:      Discovery Year,,,,,,,,,,,,,,,,,,,,,,,,,,,,,,,,,,,,,,,,,,,,,,,,,,,,,,,,,,,,,,,,,,,,,,,,,,,,,,,,,,,,,,,,,,,,,,,,,
# COLUMN disc_facility:  Discovery Facility,,,,,,,,,,,,,,,,,,,,,,,,,,,,,,,,,,,,,,,,,,,,,,,,,,,,,,,,,,,,,,,,,,,,,,,,,,,,,,,,,,,,,,,,,,,,,,,,,
# COLUMN soltype:        Solution Type,,,,,,,,,,,,,,,,,,,,,,,,,,,,,,,,,,,,,,,,,,,,,,,,,,,,,,,,,,,,,,,,,,,,,,,,,,,,,,,,,,,,,,,,,,,,,,,,,
# COLUMN pl_controv_flag: Controversial Flag,,,,,,,,,,,,,,,,,,,,,,,,,,,,,,,,,,,,,,,,,,,,,,,,,,,,,,,,,,,,,,,,,,,,,,,,,,,,,,,,,,,,,,,,,,,,,,,,,
# COLUMN pl_refname:     Planetary Parameter Reference,,,,,,,,,,,,,,,,,,,,,,,,,,,,,,,,,,,,,,,,,,,,,,,,,,,,,,,,,,,,,,,,,,,,,,,,,,,,,,,,,,,,,,,,,,,,,,,,,
# COLUMN pl_orbper:      Orbital Period [days],,,,,,,,,,,,,,,,,,,,,,,,,,,,,,,,,,,,,,,,,,,,,,,,,,,,,,,,,,,,,,,,,,,,,,,,,,,,,,,,,,,,,,,,,,,,,,,,,
# COLUMN pl_orbpererr1:  Orbital Period Upper Unc. [days],,,,,,,,,,,,,,,,,,,,,,,,,,,,,,,,,,,,,,,,,,,,,,,,,,,,,,,,,,,,,,,,,,,,,,,,,,,,,,,,,,,,,,,,,,,,,,,,,
# COLUMN pl_orbpererr2:  Orbital Period Lower Unc. [days],,,,,,,,,,,,,,,,,,,,,,,,,,,,,,,,,,,,,,,,,,,,,,,,,,,,,,,,,,,,,,,,,,,,,,,,,,,,,,,,,,,,,,,,,,,,,,,,,
# COLUMN pl_orbperlim:   Orbital Period Limit Flag,,,,,,,,,,,,,,,,,,,,,,,,,,,,,,,,,,,,,,,,,,,,,,,,,,,,,,,,,,,,,,,,,,,,,,,,,,,,,,,,,,,,,,,,,,,,,,,,,
# COLUMN pl_orbsmax:     Orbit Semi-Major Axis [au]),,,,,,,,,,,,,,,,,,,,,,,,,,,,,,,,,,,,,,,,,,,,,,,,,,,,,,,,,,,,,,,,,,,,,,,,,,,,,,,,,,,,,,,,,,,,,,,,,
# COLUMN pl_orbsmaxerr1: Orbit Semi-Major Axis Upper Unc. [au],,,,,,,,,,,,,,,,,,,,,,,,,,,,,,,,,,,,,,,,,,,,,,,,,,,,,,,,,,,,,,,,,,,,,,,,,,,,,,,,,,,,,,,,,,,,,,,,,
# COLUMN pl_orbsmaxerr2: Orbit Semi-Major Axis Lower Unc. [au],,,,,,,,,,,,,,,,,,,,,,,,,,,,,,,,,,,,,,,,,,,,,,,,,,,,,,,,,,,,,,,,,,,,,,,,,,,,,,,,,,,,,,,,,,,,,,,,,
# COLUMN pl_orbsmaxlim:  Orbit Semi-Major Axis Limit Flag,,,,,,,,,,,,,,,,,,,,,,,,,,,,,,,,,,,,,,,,,,,,,,,,,,,,,,,,,,,,,,,,,,,,,,,,,,,,,,,,,,,,,,,,,,,,,,,,,
# COLUMN pl_rade:        Planet Radius [Earth Radius],,,,,,,,,,,,,,,,,,,,,,,,,,,,,,,,,,,,,,,,,,,,,,,,,,,,,,,,,,,,,,,,,,,,,,,,,,,,,,,,,,,,,,,,,,,,,,,,,
# COLUMN pl_radeerr1:    Planet Radius Upper Unc. [Earth Radius],,,,,,,,,,,,,,,,,,,,,,,,,,,,,,,,,,,,,,,,,,,,,,,,,,,,,,,,,,,,,,,,,,,,,,,,,,,,,,,,,,,,,,,,,,,,,,,,,
# COLUMN pl_radeerr2:    Planet Radius Lower Unc. [Earth Radius],,,,,,,,,,,,,,,,,,,,,,,,,,,,,,,,,,,,,,,,,,,,,,,,,,,,,,,,,,,,,,,,,,,,,,,,,,,,,,,,,,,,,,,,,,,,,,,,,
# COLUMN pl_radelim:     Planet Radius Limit Flag,,,,,,,,,,,,,,,,,,,,,,,,,,,,,,,,,,,,,,,,,,,,,,,,,,,,,,,,,,,,,,,,,,,,,,,,,,,,,,,,,,,,,,,,,,,,,,,,,
# COLUMN pl_radj:        Planet Radius [Jupiter Radius],,,,,,,,,,,,,,,,,,,,,,,,,,,,,,,,,,,,,,,,,,,,,,,,,,,,,,,,,,,,,,,,,,,,,,,,,,,,,,,,,,,,,,,,,,,,,,,,,
# COLUMN pl_radjerr1:    Planet Radius Upper Unc. [Jupiter Radius],,,,,,,,,,,,,,,,,,,,,,,,,,,,,,,,,,,,,,,,,,,,,,,,,,,,,,,,,,,,,,,,,,,,,,,,,,,,,,,,,,,,,,,,,,,,,,,,,
# COLUMN pl_radjerr2:    Planet Radius Lower Unc. [Jupiter Radius],,,,,,,,,,,,,,,,,,,,,,,,,,,,,,,,,,,,,,,,,,,,,,,,,,,,,,,,,,,,,,,,,,,,,,,,,,,,,,,,,,,,,,,,,,,,,,,,,
# COLUMN pl_radjlim:     Planet Radius Limit Flag,,,,,,,,,,,,,,,,,,,,,,,,,,,,,,,,,,,,,,,,,,,,,,,,,,,,,,,,,,,,,,,,,,,,,,,,,,,,,,,,,,,,,,,,,,,,,,,,,
# COLUMN pl_masse:       Planet Mass [Earth Mass],,,,,,,,,,,,,,,,,,,,,,,,,,,,,,,,,,,,,,,,,,,,,,,,,,,,,,,,,,,,,,,,,,,,,,,,,,,,,,,,,,,,,,,,,,,,,,,,,
# COLUMN pl_masseerr1:   Planet Mass [Earth Mass] Upper Unc.,,,,,,,,,,,,,,,,,,,,,,,,,,,,,,,,,,,,,,,,,,,,,,,,,,,,,,,,,,,,,,,,,,,,,,,,,,,,,,,,,,,,,,,,,,,,,,,,,
# COLUMN pl_masseerr2:   Planet Mass [Earth Mass] Lower Unc.,,,,,,,,,,,,,,,,,,,,,,,,,,,,,,,,,,,,,,,,,,,,,,,,,,,,,,,,,,,,,,,,,,,,,,,,,,,,,,,,,,,,,,,,,,,,,,,,,
# COLUMN pl_masselim:    Planet Mass [Earth Mass] Limit Flag,,,,,,,,,,,,,,,,,,,,,,,,,,,,,,,,,,,,,,,,,,,,,,,,,,,,,,,,,,,,,,,,,,,,,,,,,,,,,,,,,,,,,,,,,,,,,,,,,
# COLUMN pl_massj:       Planet Mass [Jupiter Mass],,,,,,,,,,,,,,,,,,,,,,,,,,,,,,,,,,,,,,,,,,,,,,,,,,,,,,,,,,,,,,,,,,,,,,,,,,,,,,,,,,,,,,,,,,,,,,,,,
# COLUMN pl_massjerr1:   Planet Mass [Jupiter Mass] Upper Unc.,,,,,,,,,,,,,,,,,,,,,,,,,,,,,,,,,,,,,,,,,,,,,,,,,,,,,,,,,,,,,,,,,,,,,,,,,,,,,,,,,,,,,,,,,,,,,,,,,
# COLUMN pl_massjerr2:   Planet Mass [Jupiter Mass] Lower Unc.,,,,,,,,,,,,,,,,,,,,,,,,,,,,,,,,,,,,,,,,,,,,,,,,,,,,,,,,,,,,,,,,,,,,,,,,,,,,,,,,,,,,,,,,,,,,,,,,,
# COLUMN pl_massjlim:    Planet Mass [Jupiter Mass] Limit Flag,,,,,,,,,,,,,,,,,,,,,,,,,,,,,,,,,,,,,,,,,,,,,,,,,,,,,,,,,,,,,,,,,,,,,,,,,,,,,,,,,,,,,,,,,,,,,,,,,
# COLUMN pl_orbeccen:    Eccentricity,,,,,,,,,,,,,,,,,,,,,,,,,,,,,,,,,,,,,,,,,,,,,,,,,,,,,,,,,,,,,,,,,,,,,,,,,,,,,,,,,,,,,,,,,,,,,,,,,
# COLUMN pl_orbeccenerr1: Eccentricity Upper Unc.,,,,,,,,,,,,,,,,,,,,,,,,,,,,,,,,,,,,,,,,,,,,,,,,,,,,,,,,,,,,,,,,,,,,,,,,,,,,,,,,,,,,,,,,,,,,,,,,,
# COLUMN pl_orbeccenerr2: Eccentricity Lower Unc.,,,,,,,,,,,,,,,,,,,,,,,,,,,,,,,,,,,,,,,,,,,,,,,,,,,,,,,,,,,,,,,,,,,,,,,,,,,,,,,,,,,,,,,,,,,,,,,,,
# COLUMN pl_orbeccenlim: Eccentricity Limit Flag,,,,,,,,,,,,,,,,,,,,,,,,,,,,,,,,,,,,,,,,,,,,,,,,,,,,,,,,,,,,,,,,,,,,,,,,,,,,,,,,,,,,,,,,,,,,,,,,,
# COLUMN pl_ratror:      Ratio of Planet to Stellar Radius,,,,,,,,,,,,,,,,,,,,,,,,,,,,,,,,,,,,,,,,,,,,,,,,,,,,,,,,,,,,,,,,,,,,,,,,,,,,,,,,,,,,,,,,,,,,,,,,,
# COLUMN pl_ratrorerr1:  Ratio of Planet to Stellar Radius Upper Unc.,,,,,,,,,,,,,,,,,,,,,,,,,,,,,,,,,,,,,,,,,,,,,,,,,,,,,,,,,,,,,,,,,,,,,,,,,,,,,,,,,,,,,,,,,,,,,,,,,
# COLUMN pl_ratrorerr2:  Ratio of Planet to Stellar Radius Lower Unc.,,,,,,,,,,,,,,,,,,,,,,,,,,,,,,,,,,,,,,,,,,,,,,,,,,,,,,,,,,,,,,,,,,,,,,,,,,,,,,,,,,,,,,,,,,,,,,,,,
# COLUMN pl_ratrorlim:   Ratio of Planet to Stellar Radius Limit Flag,,,,,,,,,,,,,,,,,,,,,,,,,,,,,,,,,,,,,,,,,,,,,,,,,,,,,,,,,,,,,,,,,,,,,,,,,,,,,,,,,,,,,,,,,,,,,,,,,
# COLUMN pl_trueobliq:   True Obliquity [deg],,,,,,,,,,,,,,,,,,,,,,,,,,,,,,,,,,,,,,,,,,,,,,,,,,,,,,,,,,,,,,,,,,,,,,,,,,,,,,,,,,,,,,,,,,,,,,,,,
# COLUMN pl_trueobliqerr1: True Obliquity Upper Unc. [deg],,,,,,,,,,,,,,,,,,,,,,,,,,,,,,,,,,,,,,,,,,,,,,,,,,,,,,,,,,,,,,,,,,,,,,,,,,,,,,,,,,,,,,,,,,,,,,,,,
# COLUMN pl_trueobliqerr2: True Obliquity Lower Unc. [deg],,,,,,,,,,,,,,,,,,,,,,,,,,,,,,,,,,,,,,,,,,,,,,,,,,,,,,,,,,,,,,,,,,,,,,,,,,,,,,,,,,,,,,,,,,,,,,,,,
# COLUMN pl_trueobliqlim: True Obliquity Limit Flag,,,,,,,,,,,,,,,,,,,,,,,,,,,,,,,,,,,,,,,,,,,,,,,,,,,,,,,,,,,,,,,,,,,,,,,,,,,,,,,,,,,,,,,,,,,,,,,,,
# COLUMN st_refname:     Stellar Parameter Reference,,,,,,,,,,,,,,,,,,,,,,,,,,,,,,,,,,,,,,,,,,,,,,,,,,,,,,,,,,,,,,,,,,,,,,,,,,,,,,,,,,,,,,,,,,,,,,,,,
# COLUMN st_teff:        Stellar Effective Temperature [K],,,,,,,,,,,,,,,,,,,,,,,,,,,,,,,,,,,,,,,,,,,,,,,,,,,,,,,,,,,,,,,,,,,,,,,,,,,,,,,,,,,,,,,,,,,,,,,,,
# COLUMN st_tefferr1:    Stellar Effective Temperature Upper Unc. [K],,,,,,,,,,,,,,,,,,,,,,,,,,,,,,,,,,,,,,,,,,,,,,,,,,,,,,,,,,,,,,,,,,,,,,,,,,,,,,,,,,,,,,,,,,,,,,,,,
# COLUMN st_tefferr2:    Stellar Effective Temperature Lower Unc. [K],,,,,,,,,,,,,,,,,,,,,,,,,,,,,,,,,,,,,,,,,,,,,,,,,,,,,,,,,,,,,,,,,,,,,,,,,,,,,,,,,,,,,,,,,,,,,,,,,
# COLUMN st_tefflim:     Stellar Effective Temperature Limit Flag,,,,,,,,,,,,,,,,,,,,,,,,,,,,,,,,,,,,,,,,,,,,,,,,,,,,,,,,,,,,,,,,,,,,,,,,,,,,,,,,,,,,,,,,,,,,,,,,,
# COLUMN st_rad:         Stellar Radius [Solar Radius],,,,,,,,,,,,,,,,,,,,,,,,,,,,,,,,,,,,,,,,,,,,,,,,,,,,,,,,,,,,,,,,,,,,,,,,,,,,,,,,,,,,,,,,,,,,,,,,,
# COLUMN st_raderr1:     Stellar Radius Upper Unc. [Solar Radius],,,,,,,,,,,,,,,,,,,,,,,,,,,,,,,,,,,,,,,,,,,,,,,,,,,,,,,,,,,,,,,,,,,,,,,,,,,,,,,,,,,,,,,,,,,,,,,,,
# COLUMN st_raderr2:     Stellar Radius Lower Unc. [Solar Radius],,,,,,,,,,,,,,,,,,,,,,,,,,,,,,,,,,,,,,,,,,,,,,,,,,,,,,,,,,,,,,,,,,,,,,,,,,,,,,,,,,,,,,,,,,,,,,,,,
# COLUMN st_radlim:      Stellar Radius Limit Flag,,,,,,,,,,,,,,,,,,,,,,,,,,,,,,,,,,,,,,,,,,,,,,,,,,,,,,,,,,,,,,,,,,,,,,,,,,,,,,,,,,,,,,,,,,,,,,,,,
# COLUMN st_mass:        Stellar Mass [Solar mass],,,,,,,,,,,,,,,,,,,,,,,,,,,,,,,,,,,,,,,,,,,,,,,,,,,,,,,,,,,,,,,,,,,,,,,,,,,,,,,,,,,,,,,,,,,,,,,,,
# COLUMN st_masserr1:    Stellar Mass Upper Unc. [Solar mass],,,,,,,,,,,,,,,,,,,,,,,,,,,,,,,,,,,,,,,,,,,,,,,,,,,,,,,,,,,,,,,,,,,,,,,,,,,,,,,,,,,,,,,,,,,,,,,,,
# COLUMN st_masserr2:    Stellar Mass Lower Unc. [Solar mass],,,,,,,,,,,,,,,,,,,,,,,,,,,,,,,,,,,,,,,,,,,,,,,,,,,,,,,,,,,,,,,,,,,,,,,,,,,,,,,,,,,,,,,,,,,,,,,,,
# COLUMN st_masslim:     Stellar Mass Limit Flag,,,,,,,,,,,,,,,,,,,,,,,,,,,,,,,,,,,,,,,,,,,,,,,,,,,,,,,,,,,,,,,,,,,,,,,,,,,,,,,,,,,,,,,,,,,,,,,,,
# COLUMN st_met:         Stellar Metallicity [dex],,,,,,,,,,,,,,,,,,,,,,,,,,,,,,,,,,,,,,,,,,,,,,,,,,,,,,,,,,,,,,,,,,,,,,,,,,,,,,,,,,,,,,,,,,,,,,,,,
# COLUMN st_meterr1:     Stellar Metallicity Upper Unc. [dex],,,,,,,,,,,,,,,,,,,,,,,,,,,,,,,,,,,,,,,,,,,,,,,,,,,,,,,,,,,,,,,,,,,,,,,,,,,,,,,,,,,,,,,,,,,,,,,,,
# COLUMN st_meterr2:     Stellar Metallicity Lower Unc. [dex],,,,,,,,,,,,,,,,,,,,,,,,,,,,,,,,,,,,,,,,,,,,,,,,,,,,,,,,,,,,,,,,,,,,,,,,,,,,,,,,,,,,,,,,,,,,,,,,,
# COLUMN st_metlim:      Stellar Metallicity Limit Flag,,,,,,,,,,,,,,,,,,,,,,,,,,,,,,,,,,,,,,,,,,,,,,,,,,,,,,,,,,,,,,,,,,,,,,,,,,,,,,,,,,,,,,,,,,,,,,,,,
# COLUMN st_metratio:    Stellar Metallicity Ratio,,,,,,,,,,,,,,,,,,,,,,,,,,,,,,,,,,,,,,,,,,,,,,,,,,,,,,,,,,,,,,,,,,,,,,,,,,,,,,,,,,,,,,,,,,,,,,,,,
# COLUMN st_lum:         Stellar Luminosity [log(Solar)],,,,,,,,,,,,,,,,,,,,,,,,,,,,,,,,,,,,,,,,,,,,,,,,,,,,,,,,,,,,,,,,,,,,,,,,,,,,,,,,,,,,,,,,,,,,,,,,,
# COLUMN st_lumerr1:     Stellar Luminosity Upper Unc. [log(Solar)],,,,,,,,,,,,,,,,,,,,,,,,,,,,,,,,,,,,,,,,,,,,,,,,,,,,,,,,,,,,,,,,,,,,,,,,,,,,,,,,,,,,,,,,,,,,,,,,,
# COLUMN st_lumerr2:     Stellar Luminosity Lower Unc. [log(Solar)],,,,,,,,,,,,,,,,,,,,,,,,,,,,,,,,,,,,,,,,,,,,,,,,,,,,,,,,,,,,,,,,,,,,,,,,,,,,,,,,,,,,,,,,,,,,,,,,,
# COLUMN st_lumlim:      Stellar Luminosity Limit Flag,,,,,,,,,,,,,,,,,,,,,,,,,,,,,,,,,,,,,,,,,,,,,,,,,,,,,,,,,,,,,,,,,,,,,,,,,,,,,,,,,,,,,,,,,,,,,,,,,
# COLUMN st_logg:        Stellar Surface Gravity [log10(cm/s**2)],,,,,,,,,,,,,,,,,,,,,,,,,,,,,,,,,,,,,,,,,,,,,,,,,,,,,,,,,,,,,,,,,,,,,,,,,,,,,,,,,,,,,,,,,,,,,,,,,
# COLUMN st_loggerr1:    Stellar Surface Gravity Upper Unc. [log10(cm/s**2)],,,,,,,,,,,,,,,,,,,,,,,,,,,,,,,,,,,,,,,,,,,,,,,,,,,,,,,,,,,,,,,,,,,,,,,,,,,,,,,,,,,,,,,,,,,,,,,,,
# COLUMN st_loggerr2:    Stellar Surface Gravity Lower Unc. [log10(cm/s**2)],,,,,,,,,,,,,,,,,,,,,,,,,,,,,,,,,,,,,,,,,,,,,,,,,,,,,,,,,,,,,,,,,,,,,,,,,,,,,,,,,,,,,,,,,,,,,,,,,
# COLUMN st_logglim:     Stellar Surface Gravity Limit Flag,,,,,,,,,,,,,,,,,,,,,,,,,,,,,,,,,,,,,,,,,,,,,,,,,,,,,,,,,,,,,,,,,,,,,,,,,,,,,,,,,,,,,,,,,,,,,,,,,
# COLUMN st_age:         Stellar Age [Gyr],,,,,,,,,,,,,,,,,,,,,,,,,,,,,,,,,,,,,,,,,,,,,,,,,,,,,,,,,,,,,,,,,,,,,,,,,,,,,,,,,,,,,,,,,,,,,,,,,
# COLUMN st_ageerr1:     Stellar Age Upper Unc. [Gyr],,,,,,,,,,,,,,,,,,,,,,,,,,,,,,,,,,,,,,,,,,,,,,,,,,,,,,,,,,,,,,,,,,,,,,,,,,,,,,,,,,,,,,,,,,,,,,,,,
# COLUMN st_ageerr2:     Stellar Age Lower Unc. [Gyr],,,,,,,,,,,,,,,,,,,,,,,,,,,,,,,,,,,,,,,,,,,,,,,,,,,,,,,,,,,,,,,,,,,,,,,,,,,,,,,,,,,,,,,,,,,,,,,,,
# COLUMN st_agelim:      Stellar Age Limit Flag,,,,,,,,,,,,,,,,,,,,,,,,,,,,,,,,,,,,,,,,,,,,,,,,,,,,,,,,,,,,,,,,,,,,,,,,,,,,,,,,,,,,,,,,,,,,,,,,,
# COLUMN st_dens:        Stellar Density [g/cm**3],,,,,,,,,,,,,,,,,,,,,,,,,,,,,,,,,,,,,,,,,,,,,,,,,,,,,,,,,,,,,,,,,,,,,,,,,,,,,,,,,,,,,,,,,,,,,,,,,
# COLUMN st_denserr1:    Stellar Density Upper Unc. [g/cm**3],,,,,,,,,,,,,,,,,,,,,,,,,,,,,,,,,,,,,,,,,,,,,,,,,,,,,,,,,,,,,,,,,,,,,,,,,,,,,,,,,,,,,,,,,,,,,,,,,
# COLUMN st_denserr2:    Stellar Density Lower Unc. [g/cm**3],,,,,,,,,,,,,,,,,,,,,,,,,,,,,,,,,,,,,,,,,,,,,,,,,,,,,,,,,,,,,,,,,,,,,,,,,,,,,,,,,,,,,,,,,,,,,,,,,
# COLUMN st_denslim:     Stellar Density Limit Flag,,,,,,,,,,,,,,,,,,,,,,,,,,,,,,,,,,,,,,,,,,,,,,,,,,,,,,,,,,,,,,,,,,,,,,,,,,,,,,,,,,,,,,,,,,,,,,,,,
# COLUMN st_rotp:        Stellar Rotational Period [days],,,,,,,,,,,,,,,,,,,,,,,,,,,,,,,,,,,,,,,,,,,,,,,,,,,,,,,,,,,,,,,,,,,,,,,,,,,,,,,,,,,,,,,,,,,,,,,,,
# COLUMN st_rotperr1:    Stellar Rotational Period [days] Upper Unc.,,,,,,,,,,,,,,,,,,,,,,,,,,,,,,,,,,,,,,,,,,,,,,,,,,,,,,,,,,,,,,,,,,,,,,,,,,,,,,,,,,,,,,,,,,,,,,,,,
# COLUMN st_rotperr2:    Stellar Rotational Period [days] Lower Unc.,,,,,,,,,,,,,,,,,,,,,,,,,,,,,,,,,,,,,,,,,,,,,,,,,,,,,,,,,,,,,,,,,,,,,,,,,,,,,,,,,,,,,,,,,,,,,,,,,
# COLUMN st_rotplim:     Stellar Rotational Period Limit Flag,,,,,,,,,,,,,,,,,,,,,,,,,,,,,,,,,,,,,,,,,,,,,,,,,,,,,,,,,,,,,,,,,,,,,,,,,,,,,,,,,,,,,,,,,,,,,,,,,
# COLUMN sy_refname:     System Parameter Reference,,,,,,,,,,,,,,,,,,,,,,,,,,,,,,,,,,,,,,,,,,,,,,,,,,,,,,,,,,,,,,,,,,,,,,,,,,,,,,,,,,,,,,,,,,,,,,,,,
# COLUMN rastr:          RA [sexagesimal],,,,,,,,,,,,,,,,,,,,,,,,,,,,,,,,,,,,,,,,,,,,,,,,,,,,,,,,,,,,,,,,,,,,,,,,,,,,,,,,,,,,,,,,,,,,,,,,,
# COLUMN ra:             RA [deg],,,,,,,,,,,,,,,,,,,,,,,,,,,,,,,,,,,,,,,,,,,,,,,,,,,,,,,,,,,,,,,,,,,,,,,,,,,,,,,,,,,,,,,,,,,,,,,,,
# COLUMN decstr:         Dec [sexagesimal],,,,,,,,,,,,,,,,,,,,,,,,,,,,,,,,,,,,,,,,,,,,,,,,,,,,,,,,,,,,,,,,,,,,,,,,,,,,,,,,,,,,,,,,,,,,,,,,,
# COLUMN dec:            Dec [deg],,,,,,,,,,,,,,,,,,,,,,,,,,,,,,,,,,,,,,,,,,,,,,,,,,,,,,,,,,,,,,,,,,,,,,,,,,,,,,,,,,,,,,,,,,,,,,,,,
# COLUMN sy_dist:        Distance [pc],,,,,,,,,,,,,,,,,,,,,,,,,,,,,,,,,,,,,,,,,,,,,,,,,,,,,,,,,,,,,,,,,,,,,,,,,,,,,,,,,,,,,,,,,,,,,,,,,
# COLUMN sy_disterr1:    Distance [pc] Upper Unc,,,,,,,,,,,,,,,,,,,,,,,,,,,,,,,,,,,,,,,,,,,,,,,,,,,,,,,,,,,,,,,,,,,,,,,,,,,,,,,,,,,,,,,,,,,,,,,,,
# COLUMN sy_disterr2:    Distance [pc] Lower Unc,,,,,,,,,,,,,,,,,,,,,,,,,,,,,,,,,,,,,,,,,,,,,,,,,,,,,,,,,,,,,,,,,,,,,,,,,,,,,,,,,,,,,,,,,,,,,,,,,
# COLUMN rowupdate:      Date of Last Update,,,,,,,,,,,,,,,,,,,,,,,,,,,,,,,,,,,,,,,,,,,,,,,,,,,,,,,,,,,,,,,,,,,,,,,,,,,,,,,,,,,,,,,,,,,,,,,,,
# COLUMN pl_pubdate:     Planetary Parameter Reference Publication Date,,,,,,,,,,,,,,,,,,,,,,,,,,,,,,,,,,,,,,,,,,,,,,,,,,,,,,,,,,,,,,,,,,,,,,,,,,,,,,,,,,,,,,,,,,,,,,,,,
# COLUMN releasedate:    Release Date,,,,,,,,,,,,,,,,,,,,,,,,,,,,,,,,,,,,,,,,,,,,,,,,,,,,,,,,,,,,,,,,,,,,,,,,,,,,,,,,,,,,,,,,,,,,,,,,,
#,,,,,,,,,,,,,,,,,,,,,,,,,,,,,,,,,,,,,,,,,,,,,,,,,,,,,,,,,,,,,,,,,,,,,,,,,,,,,,,,,,,,,,,,,,,,,,,,,
pl_name,hostname,default_flag,sy_snum,sy_pnum,sy_mnum,cb_flag,discoverymethod,disc_year,disc_facility,soltype,pl_controv_flag,pl_refname,pl_orbper,pl_orbpererr1,pl_orbpererr2,pl_orbperlim,pl_orbsmax,pl_orbsmaxerr1,pl_orbsmaxerr2,pl_orbsmaxlim,pl_rade,pl_radeerr1,pl_radeerr2,pl_radelim,pl_radj,pl_radjerr1,pl_radjerr2,pl_radjlim,pl_masse,pl_masseerr1,pl_masseerr2,pl_masselim,pl_massj,pl_massjerr1,pl_massjerr2,pl_massjlim,pl_orbeccen,pl_orbeccenerr1,pl_orbeccenerr2,pl_orbeccenlim,pl_ratror,pl_ratrorerr1,pl_ratrorerr2,pl_ratrorlim,pl_trueobliq,pl_trueobliqerr1,pl_trueobliqerr2,pl_trueobliqlim,st_refname,st_teff,st_tefferr1,st_tefferr2,st_tefflim,st_rad,st_raderr1,st_raderr2,st_radlim,st_mass,st_masserr1,st_masserr2,st_masslim,st_met,st_meterr1,st_meterr2,st_metlim,st_metratio,st_lum,st_lumerr1,st_lumerr2,st_lumlim,st_logg,st_loggerr1,st_loggerr2,st_logglim,st_age,st_ageerr1,st_ageerr2,st_agelim,st_dens,st_denserr1,st_denserr2,st_denslim,st_rotp,st_rotperr1,st_rotperr2,st_rotplim,sy_refname,rastr,ra,decstr,dec,sy_dist,sy_disterr1,sy_disterr2,rowupdate,pl_pubdate,releasedate
WASP-25 b,WASP-25,0,1,1,0,0,Transit,2010,SuperWASP,Published Confirmed,0,<a refstr=BONOMO_ET_AL__2017 href=https://ui.adsabs.harvard.edu/abs/2017A&A...602A.107B/abstract target=ref>Bonomo et al. 2017</a>,3.7648327,0.0000009,-0.0000009,0,0.04738,0.00047,-0.00047,0,13.675,0.673,-0.56,0,1.22,0.06,-0.05,0,182.43442,13.34886,-13.34886,0,0.574,0.042,-0.042,0,0.083,,,1,,,,,,,,,<a refstr=BONOMO_ET_AL__2017 href=https://ui.adsabs.harvard.edu/abs/2017A&A...602A.107B/abstract target=ref>Bonomo et al. 2017</a>,5750,100,-100,0,0.92,0.04,-0.04,0,1,0.03,-0.03,0,-0.05,0.1,-0.1,0,[Fe/H],,,,,,,,,0.02,4,-0.01,0,,,,,,,,,<a refstr=STASSUN_ET_AL__2019 href=https://ui.adsabs.harvard.edu/abs/2019AJ....158..138S/abstract target=ref>TICv8</a>,13h01m26.34s,195.3597581,-27d31m20.02s,-27.5222273,211.416,1.468,-1.447,3/18/2019,2017-06,3/21/2019
Qatar-4 b,Qatar-4,1,1,1,0,0,Transit,2017,Qatar,Published Confirmed,0,<a refstr=ALSUBAI_ET_AL__2017 href=https://ui.adsabs.harvard.edu/abs/2017AJ....153..200A/abstract target=ref>Alsubai et al. 2017</a>,1.8053564,,,0,0.02803,0.00048,-0.00048,0,12.722,1.233,-1.233,0,1.135,0.11,-0.11,0,1938.763,171.6282,-171.6282,0,6.1,0.54,-0.54,0,0,,,0,0.1379,0.003,-0.003,0,,,,,<a refstr=ALSUBAI_ET_AL__2017 href=https://ui.adsabs.harvard.edu/abs/2017AJ....153..200A/abstract target=ref>Alsubai et al. 2017</a>,5215,50,-50,0,0.85,0.06,-0.06,0,0.9,0.05,-0.05,0,0.103,0.081,-0.081,0,[Fe/H],-0.318,0.064,-0.075,0,4.53,0.06,-0.06,0,0.17,0.01,-0.01,0,2.07,0.038,-0.038,0,6.05,,,0,<a refstr=STASSUN_ET_AL__2019 href=https://ui.adsabs.harvard.edu/abs/2019AJ....158..138S/abstract target=ref>TICv8</a>,00h19m26.23s,4.859275,+44d01m39.35s,44.0275965,329.036,2.891,-2.843,4/24/2017,2017-04,4/27/2017
TOI-251 b,TOI-251,1,1,1,0,0,Transit,2021,Transiting Exoplanet Survey Satellite (TESS),Published Confirmed,0,<a refstr=ZHOU_ET_AL__2021 href=https://ui.adsabs.harvard.edu/abs/2021AJ....161....2Z/abstract target=ref>Zhou et al. 2021</a>,4.93777,0.000028,-0.000029,0,0.05741,0.00023,-0.00017,0,2.74,0.18,-0.18,0,0.244,0.016,-0.016,0,317.83,,,1,1,,,1,0,,,0,0.02858,0.0011,-0.001,0,,,,,<a refstr=ZHOU_ET_AL__2021 href=https://ui.adsabs.harvard.edu/abs/2021AJ....161....2Z/abstract target=ref>Zhou et al. 2021</a>,5875,100,-190,0,0.88,0.04,-0.05,0,1.04,0.01,-0.01,0,-0.106,0.079,-0.07,0,[Fe/H],-0.08,0.052,-0.039,0,4.56,0.05,-0.05,0,0.18,0.14,-0.14,0,,,,,3.84,0.48,-0.48,0,<a refstr=STASSUN_ET_AL__2019 href=https://ui.adsabs.harvard.edu/abs/2019AJ....158..138S/abstract target=ref>TICv8</a>,23h32m14.90s,353.0620655,-37d15m21.11s,-37.2558629,99.523,0.4374,-0.4336,12/10/2020,2021-01,12/17/2020
Kepler-63 b,Kepler-63,1,1,1,0,0,Transit,2013,Kepler,Published Confirmed,0,<a refstr=SANCHIS_OJEDA_ET_AL__2013 href=https://ui.adsabs.harvard.edu/abs/2013ApJ...775...54S/abstract target=ref> Sanchis-Ojeda et al. 2013 </a>,9.4341505,0.000001,-0.000001,0,0.08,0.002,-0.002,0,6.11,0.2,-0.2,0,0.545,0.018,-0.018,0,120,,,1,0.378,,,1,0.45,,,1,0.0622,0.001,-0.001,0,145,9,-14,0,<a refstr=SANCHIS_OJEDA_ET_AL__2013 href=https://ui.adsabs.harvard.edu/abs/2013ApJ...775...54S/abstract target=ref> Sanchis-Ojeda et al. 2013 </a>,5576,50,-50,0,0.9,0.03,-0.02,0,0.98,0.04,-0.04,0,0.05,0.08,-0.08,0,[Fe/H],-0.157,0.045,-0.038,0,4.52,0.02,-0.02,0,0.21,0.045,-0.045,0,1.895,0.125,-0.117,0,,,,,<a refstr=STASSUN_ET_AL__2019 href=https://ui.adsabs.harvard.edu/abs/2019AJ....158..138S/abstract target=ref>TICv8</a>,19h16m54.31s,289.2262876,+49d32m53.81s,49.5482814,194.033,0.959,-0.949,12/2/2019,2013-09,5/14/2014
TOI-1268 b,TOI-1268,1,1,1,0,0,Transit,2022,Transiting Exoplanet Survey Satellite (TESS),Published Confirmed,0,<a refstr=_SCARON_UBJAK_ET_AL__2022 href=https://ui.adsabs.harvard.edu/abs/2022arXiv220113341S/abstract target=ref>&Scaron;ubjak et al. 2022</a>,8.1577094,0.0000045,-0.0000045,0,0.0711,0.0063,-0.0058,0,9.1,0.6,-0.6,0,0.812,0.054,-0.054,0,96.4,8.2,-8.3,0,0.30331,0.0258,-0.02611,0,0.105,0.04,-0.039,0,0.091,0.001,-0.001,0,,,,,<a refstr=_SCARON_UBJAK_ET_AL__2022 href=https://ui.adsabs.harvard.edu/abs/2022arXiv220113341S/abstract target=ref>&Scaron;ubjak et al. 2022</a>,5300,100,-100,0,0.92,0.06,-0.06,0,0.96,0.04,-0.04,0,0.36,0.06,-0.06,0,[Fe/H],,,,,4.55,0.1,-0.1,0,0.245,0.135,-0.135,0,1.31,0.24,-0.19,0,10.9,0.5,-0.5,0,<a refstr=STASSUN_ET_AL__2019 href=https://ui.adsabs.harvard.edu/abs/2019AJ....158..138S/abstract target=ref>TICv8</a>,13h13m33.26s,198.3885831,+62d18m19.37s,62.3053799,109.557,0.545,-0.54,3/28/2022,2022-01,3/28/2022
TOI-1807 b,TOI-1807,0,1,1,0,0,Transit,2021,Transiting Exoplanet Survey Satellite (TESS),Published Confirmed,0,<a refstr=NARDIELLO_ET_AL__2022 href=https://ui.adsabs.harvard.edu/abs/2022arXiv220603496N/abstract target=ref>Nardiello et al. 2022</a>,0.549374,0.00001,-0.000013,0,0.012,0.0003,-0.0003,0,1.37,0.09,-0.09,0,0.122,0.008,-0.008,0,2.57,0.5,-0.5,0,0.00809,0.00157,-0.00157,0,0,,,0,0.0182,0.0006,-0.0006,0,,,,,<a refstr=NARDIELLO_ET_AL__2022 href=https://ui.adsabs.harvard.edu/abs/2022arXiv220603496N/abstract target=ref>Nardiello et al. 2022</a>,4730,75,-75,0,0.69,0.04,-0.04,0,0.76,0.03,-0.03,0,-0.04,0.02,-0.02,0,[Fe/H],-0.668,0.031,-0.034,0,4.55,0.05,-0.05,0,0.3,0.08,-0.08,0,2.4,0.4,-0.4,0,8.8,0.1,-0.1,0,<a refstr=STASSUN_ET_AL__2019 href=https://ui.adsabs.harvard.edu/abs/2019AJ....158..138S/abstract target=ref>TICv8</a>,13h25m07.83s,201.2826259,+38d55m20.52s,38.9223671,42.5775,0.0622,-0.062,6/27/2022,2022-06,6/27/2022
Qatar-3 b,Qatar-3,1,1,1,0,0,Transit,2017,Qatar,Published Confirmed,0,<a refstr=ALSUBAI_ET_AL__2017 href=https://ui.adsabs.harvard.edu/abs/2017AJ....153..200A/abstract target=ref>Alsubai et al. 2017</a>,2.5079204,,,0,0.03783,0.00069,-0.00069,0,12.285,1.569,-1.569,0,1.096,0.14,-0.14,0,1369.8473,149.3801,-149.3801,0,4.31,0.47,-0.47,0,0,,,0,0.0888,0.0018,-0.0018,0,,,,,<a refstr=ALSUBAI_ET_AL__2017 href=https://ui.adsabs.harvard.edu/abs/2017AJ....153..200A/abstract target=ref>Alsubai et al. 2017</a>,6007,52,-52,0,1.27,0.14,-0.14,0,1.15,0.06,-0.06,0,-0.041,0.081,-0.081,0,[Fe/H],0.279,0.094,-0.12,0,4.29,0.08,-0.08,0,0.31,0.001,-0.001,0,0.78,0.2,-0.2,0,6.31,,,0,<a refstr=STASSUN_ET_AL__2019 href=https://ui.adsabs.harvard.edu/abs/2019AJ....158..138S/abstract target=ref>TICv8</a>,23h56m36.47s,359.1519716,+36d12m46.64s,36.2129562,735.601,33.463,-30.723,4/24/2017,2017-04,4/27/2017
HATS-55 b,HATS-55,1,1,1,0,0,Transit,2019,HATSouth,Published Confirmed,0,<a refstr=ESPINOZA_ET_AL__2019 href=https://ui.adsabs.harvard.edu/abs/2019AJ....158...63E/abstract target=ref>Espinoza et al. 2019</a>,4.2042001,0.0000033,-0.0000033,0,0.05412,0.00014,-0.00018,0,14.022,0.291,-0.291,0,1.251,0.026,-0.026,0,292.72143,24.15508,-24.15508,0,0.921,0.076,-0.076,0,0.092,,,1,0.1141,0.002,-0.002,0,,,,,<a refstr=ESPINOZA_ET_AL__2019 href=https://ui.adsabs.harvard.edu/abs/2019AJ....158...63E/abstract target=ref>Espinoza et al. 2019</a>,6214,36,-36,0,1.13,0.01,-0.01,0,1.2,0.01,-0.01,0,0.108,0.046,-0.03,0,[Fe/H],0.229,0.014,-0.014,0,4.41,0.01,-0.01,0,0.4,0.29,-0.13,0,1.179,0.029,-0.029,0,,,,,<a refstr=STASSUN_ET_AL__2019 href=https://ui.adsabs.harvard.edu/abs/2019AJ....158..138S/abstract target=ref>TICv8</a>,07h37m08.01s,114.2833819,-32d45m19.51s,-32.7554188,609.838,6.099,-5.982,8/9/2019,2019-08,8/15/2019
WASP-52 b,WASP-52,1,1,1,0,0,Transit,2012,SuperWASP,Published Confirmed,0,<a refstr=HEBRARD_ET_AL__2013 href=https://ui.adsabs.harvard.edu/abs/2013A%26A...549A.134H/abstract target=ref> Hebrard et al. 2013 </a>,1.7497798,0.0000012,-0.0000012,0,0.0272,0.0003,-0.0003,0,14.24,0.34,-0.34,0,1.27,0.03,-0.03,0,146.2,6.36,-6.36,0,0.46,0.02,-0.02,0,0,,,0,,,,,,,,,<a refstr=HEBRARD_ET_AL__2013 href=https://ui.adsabs.harvard.edu/abs/2013A%26A...549A.134H/abstract target=ref> Hebrard et al. 2013 </a>,5000,100,-100,0,0.79,0.02,-0.02,0,0.87,0.03,-0.03,0,0.03,0.12,-0.12,0,[Fe/H],,,,,4.58,0.01,-0.01,0,0.4,0.3,-0.2,0,2.48,0.11,-0.11,0,,,,,<a refstr=STASSUN_ET_AL__2019 href=https://ui.adsabs.harvard.edu/abs/2019AJ....158..138S/abstract target=ref>TICv8</a>,23h13m58.75s,348.4947931,+08d45m39.89s,8.7610793,174.818,1.343,-1.323,5/14/2014,2013-01,5/14/2014
Kepler-45 b,Kepler-45,1,1,1,0,0,Transit,2011,Kepler,Published Confirmed,0,<a refstr=JOHNSON_ET_AL__2012 href=https://ui.adsabs.harvard.edu/abs/2012AJ....143..111J/abstract target=ref> Johnson et al. 2012 </a>,2.455239,0.000004,-0.000004,0,0.03,,,0,10.76,1.23,-1.23,0,0.96,0.11,-0.11,0,160.497,28.604,-28.604,0,0.505,0.09,-0.09,0,0.11,0.1,-0.09,0,0.179,0.002,-0.002,0,,,,,<a refstr=JOHNSON_ET_AL__2012 href=https://ui.adsabs.harvard.edu/abs/2012AJ....143..111J/abstract target=ref> Johnson et al. 2012 </a>,3820,90,-90,0,0.55,0.11,-0.11,0,0.59,0.06,-0.06,0,0.28,0.14,-0.14,0,[Fe/H],,,,,4.7,0.2,-0.2,0,0.5,,,0,4,2,-2,0,,,,,<a refstr=STASSUN_ET_AL__2019 href=https://ui.adsabs.harvard.edu/abs/2019AJ....158..138S/abstract target=ref>TICv8</a>,19h31m29.50s,292.8729292,+41d03m51.02s,41.0641727,381.949,6.3825,-6.3825,5/14/2014,2012-05,5/14/2014
WASP-59 b,WASP-59,1,1,1,0,0,Transit,2012,SuperWASP,Published Confirmed,0,<a refstr=HEBRARD_ET_AL__2013 href=https://ui.adsabs.harvard.edu/abs/2013A%26A...549A.134H/abstract target=ref> Hebrard et al. 2013 </a>,7.919585,0.00001,-0.00001,0,0.0697,0.0011,-0.0011,0,8.687,0.762,-0.762,0,0.775,0.068,-0.068,0,274.276,14.302,-14.302,0,0.863,0.045,-0.045,0,0.1,0.042,-0.042,0,,,,,,,,,<a refstr=HEBRARD_ET_AL__2013 href=https://ui.adsabs.harvard.edu/abs/2013A%26A...549A.134H/abstract target=ref> Hebrard et al. 2013 </a>,4650,150,-150,0,0.61,0.04,-0.04,0,0.72,0.04,-0.04,0,-0.15,0.11,-0.11,0,[Fe/H],,,,,4.72,0.06,-0.06,0,0.5,0.7,-0.4,0,4.38,0.9,-0.9,0,,,,,<a refstr=STASSUN_ET_AL__2019 href=https://ui.adsabs.harvard.edu/abs/2019AJ....158..138S/abstract target=ref>TICv8</a>,23h18m29.51s,349.6229547,+24d53m21.40s,24.889277,115.936,0.574,-0.568,5/14/2014,2013-01,5/14/2014
Qatar-5 b,Qatar-5,1,1,1,0,0,Transit,2017,Qatar,Published Confirmed,0,<a refstr=ALSUBAI_ET_AL__2017 href=https://ui.adsabs.harvard.edu/abs/2017AJ....153..200A/abstract target=ref>Alsubai et al. 2017</a>,2.8792319,,,0,0.04127,0.00067,-0.00067,0,12.408,0.717,-0.717,0,1.107,0.064,-0.064,0,1373.0256,57.2094,-57.2094,0,4.32,0.18,-0.18,0,0,,,0,0.1061,0.0013,-0.0013,0,,,,,<a refstr=ALSUBAI_ET_AL__2017 href=https://ui.adsabs.harvard.edu/abs/2017AJ....153..200A/abstract target=ref>Alsubai et al. 2017</a>,5747,49,-49,0,1.08,0.05,-0.05,0,1.13,0.06,-0.06,0,0.377,0.08,-0.08,0,[Fe/H],0.056,0.044,-0.048,0,4.43,0.04,-0.04,0,0.53,0.004,-0.004,0,1.286,0.15,-0.15,0,12.1,,,0,<a refstr=STASSUN_ET_AL__2019 href=https://ui.adsabs.harvard.edu/abs/2019AJ....158..138S/abstract target=ref>TICv8</a>,00h28m12.94s,7.0539375,+42d03m40.84s,42.0613451,367.658,8.089,-7.755,4/24/2017,2017-04,4/27/2017
CoRoT-18 b,CoRoT-18,0,1,1,0,0,Transit,2011,CoRoT,Published Confirmed,0,<a refstr=BONOMO_ET_AL__2017 href=https://ui.adsabs.harvard.edu/abs/2017A&A...602A.107B/abstract target=ref>Bonomo et al. 2017</a>,1.9000693,0.0000028,-0.0000028,0,0.0295,0.0015,-0.0017,0,14.684,2.018,-2.018,0,1.31,0.18,-0.18,0,1099.6918,120.7754,-120.7754,0,3.46,0.38,-0.38,0,0.025,,,1,,,,,,,,,<a refstr=BONOMO_ET_AL__2017 href=https://ui.adsabs.harvard.edu/abs/2017A&A...602A.107B/abstract target=ref>Bonomo et al. 2017</a>,5440,100,-100,0,1,0.13,-0.13,0,0.95,0.15,-0.15,0,-0.1,0.1,-0.1,0,[Fe/H],,,,,,,,,0.6,0,-0.6,0,,,,,5.4,0.4,-0.4,0,<a refstr=STASSUN_ET_AL__2019 href=https://ui.adsabs.harvard.edu/abs/2019AJ....158..138S/abstract target=ref>TICv8</a>,06h32m41.38s,98.1724172,-00d01m53.78s,-0.0316045,764.889,27.614,-25.784,3/18/2019,2017-06,3/21/2019
WASP-135 b,WASP-135,1,1,1,0,0,Transit,2015,SuperWASP,Published Confirmed,0,<a refstr=SPAKE_ET_AL__2016 href=https://ui.adsabs.harvard.edu/abs/2016PASP..128b4401S/abstract target=ref>Spake et al. 2016</a>,1.4013794,0.0000008,-0.0000008,0,0.0243,0.0005,-0.0005,0,14.572,1.009,-1.009,0,1.3,0.09,-0.09,0,603.877,25.4264,-25.4264,0,1.9,0.08,-0.08,0,0,,,0,,,,,,,,,<a refstr=SPAKE_ET_AL__2016 href=https://ui.adsabs.harvard.edu/abs/2016PASP..128b4401S/abstract target=ref>Spake et al. 2016</a>,5675,60,-60,0,0.96,0.05,-0.05,0,0.98,0.06,-0.06,0,0.02,0.13,-0.13,0,[Fe/H],,,,,4.47,0.03,-0.03,0,0.6,1.4,-0.35,0,1.58,0.21,-0.21,0,,,,,<a refstr=STASSUN_ET_AL__2019 href=https://ui.adsabs.harvard.edu/abs/2019AJ....158..138S/abstract target=ref>TICv8</a>,17h49m08.37s,267.2848846,+29d52m44.55s,29.8790428,298.214,1.42,-1.407,12/2/2015,2016-02,12/3/2015
WTS-2 b,WTS-2,1,1,1,0,0,Transit,2014,United Kingdom Infrared Telescope,Published Confirmed,0,<a refstr=BIRKBY_ET_AL__2014 href=https://ui.adsabs.harvard.edu/abs/2014MNRAS.440.1470B/abstract target=ref> Birkby et al. 2014 </a>,1.0187068,0.00000065,-0.00000065,0,0.01855,0.00062,-0.00062,0,15.278,0.684,-0.684,0,1.363,0.061,-0.061,0,355.9696,50.8528,-50.8528,0,1.12,0.16,-0.16,0,0,,,0,0.1863,0.0021,-0.0021,0,,,,,<a refstr=BIRKBY_ET_AL__2014 href=https://ui.adsabs.harvard.edu/abs/2014MNRAS.440.1470B/abstract target=ref> Birkby et al. 2014 </a>,5000,250,-250,0,0.75,0.03,-0.03,0,0.82,0.08,-0.08,0,0.2,0.3,-0.2,0,[Fe/H],,,,,4.6,0.02,-0.02,0,0.6,,,-1,2.72,0.23,-0.23,0,,,,,<a refstr=STASSUN_ET_AL__2019 href=https://ui.adsabs.harvard.edu/abs/2019AJ....158..138S/abstract target=ref>TICv8</a>,19h34m55.87s,293.7327826,+36d48m55.78s,36.8154936,,,,4/24/2015,2014-05,4/24/2015
Kepler-41 b,Kepler-41,0,1,1,0,0,Transit,2011,Kepler,Published Confirmed,0,<a refstr=SANTERNE_ET_AL__2011 href=https://ui.adsabs.harvard.edu/abs/2011arXiv1108.0550S/abstract target=ref> Santerne et al. 2011 </a>,1.855558,0.000007,-0.000007,0,0.03,0.001,-0.001,0,9.98,0.56,-0.56,0,0.89,0.05,-0.05,0,174.8,28.6,-28.6,0,0.55,0.09,-0.09,0,0,,,0,0.0895,0.0019,-0.0019,0,,,,,<a refstr=SANTERNE_ET_AL__2011 href=https://ui.adsabs.harvard.edu/abs/2011arXiv1108.0550S/abstract target=ref> Santerne et al. 2011 </a>,5620,140,-140,0,1.02,0.03,-0.03,0,1.12,0.07,-0.07,0,0.29,0.16,-0.16,0,[Fe/H],,,,,4.47,0.12,-0.12,0,0.65,2.5,-0.3,0,1.46,0.04,-0.04,0,,,,,<a refstr=STASSUN_ET_AL__2019 href=https://ui.adsabs.harvard.edu/abs/2019AJ....158..138S/abstract target=ref>TICv8</a>,19h38m03.18s,294.5132465,+45d58m53.92s,45.9816453,1093.08,27,-27,5/3/2016,2011-12,5/14/2014
K2-100 b,K2-100,1,1,1,0,0,Transit,2016,K2,Published Confirmed,0,<a refstr=BARRAG_AACUTE_N_ET_AL__2019 href=https://ui.adsabs.harvard.edu/abs/2019MNRAS.490..698B/abstract target=ref>Barrag&aacute;n et al. 2019</a>,1.6739035,0.0000004,-0.0000004,0,0.0301,0.0014,-0.0014,0,3.88,0.16,-0.16,0,0.346,0.014,-0.014,0,21.8,6.2,-6.2,0,0.06859,0.01951,-0.01951,0,0,,,0,0.02867,0.00028,-0.00028,0,,,,,<a refstr=BARRAG_AACUTE_N_ET_AL__2019 href=https://ui.adsabs.harvard.edu/abs/2019MNRAS.490..698B/abstract target=ref>Barrag&aacute;n et al. 2019</a>,5945,110,-110,0,1.24,0.05,-0.05,0,1.15,0.05,-0.05,0,0.22,0.09,-0.09,0,[Fe/H],,,,,4.33,0.1,-0.1,0,0.75,0.004,-0.007,0,0.85,0.12,-0.1,0,,,,,<a refstr=STASSUN_ET_AL__2019 href=https://ui.adsabs.harvard.edu/abs/2019AJ....158..138S/abstract target=ref>TICv8</a>,08h38m24.26s,129.6010863,+20d06m21.63s,20.1060074,188.959,2.471,-2.41,7/12/2021,2019-11,7/12/2021
Kepler-45 b,Kepler-45,0,1,1,0,0,Transit,2011,Kepler,Published Confirmed,0,<a refstr=BONOMO_ET_AL__2017 href=https://ui.adsabs.harvard.edu/abs/2017A&A...602A.107B/abstract target=ref>Bonomo et al. 2017</a>,2.4552339,0.0000048,-0.0000048,0,0.02987,0.00099,-0.001,0,10.761,1.233,-1.233,0,0.96,0.11,-0.11,0,153.82972,23.20159,-22.56593,0,0.484,0.073,-0.071,0,0.23,,,1,,,,,,,,,<a refstr=BONOMO_ET_AL__2017 href=https://ui.adsabs.harvard.edu/abs/2017A&A...602A.107B/abstract target=ref>Bonomo et al. 2017</a>,3820,90,-90,0,0.55,0.11,-0.11,0,0.59,0.06,-0.06,0,0.28,0.14,-0.14,0,,,,,,,,,,0.8,0.7,-0.5,0,,,,,15.8,0.2,-0.2,0,<a refstr=STASSUN_ET_AL__2019 href=https://ui.adsabs.harvard.edu/abs/2019AJ....158..138S/abstract target=ref>TICv8</a>,19h31m29.50s,292.8729292,+41d03m51.02s,41.0641727,381.949,6.3825,-6.3825,3/18/2019,2017-06,3/21/2019
Kepler-74 b,Kepler-74,0,1,1,0,0,Transit,2013,Kepler,Published Confirmed,0,<a refstr=BONOMO_ET_AL__2017 href=https://ui.adsabs.harvard.edu/abs/2017A&A...602A.107B/abstract target=ref>Bonomo et al. 2017</a>,7.340711,0.000006,-0.000006,0,0.07813,0.00084,-0.00088,0,10.761,0.224,-0.224,0,0.96,0.02,-0.02,0,191.96932,27.96904,-29.87602,0,0.604,0.088,-0.094,0,0.32,,,1,,,,,,,,,<a refstr=BONOMO_ET_AL__2017 href=https://ui.adsabs.harvard.edu/abs/2017A&A...602A.107B/abstract target=ref>Bonomo et al. 2017</a>,6000,100,-100,0,1.12,0.04,-0.04,0,1.18,0.04,-0.04,0,0.42,0.11,-0.11,0,,,,,,,,,,0.8,0.9,-0.5,0,,,,,,,,,<a refstr=STASSUN_ET_AL__2019 href=https://ui.adsabs.harvard.edu/abs/2019AJ....158..138S/abstract target=ref>TICv8</a>,19h32m22.21s,293.0925275,+41d21m19.83s,41.3555095,1177.55,28.485,-28.485,3/18/2019,2017-06,3/21/2019
Kepler-74 b,Kepler-74,1,1,1,0,0,Transit,2013,Kepler,Published Confirmed,0,<a refstr=BONOMO_ET_AL__2015 href=https://ui.adsabs.harvard.edu/abs/2015A&A...575A..85B/abstract target=ref>Bonomo et al. 2015</a>,7.340711,0.000006,-0.000006,0,0.0781,0.0007,-0.0007,0,10.76,0.22,-0.22,0,0.96,0.02,-0.02,0,200.22,38.14,-38.14,0,0.63,0.12,-0.12,0,0,,,0,0.0912,0.0009,-0.0009,0,,,,,<a refstr=BONOMO_ET_AL__2015 href=https://ui.adsabs.harvard.edu/abs/2015A&A...575A..85B/abstract target=ref>Bonomo et al. 2015</a>,6000,100,-100,0,1.12,0.04,-0.04,0,1.18,0.04,-0.04,0,0.42,0.11,-0.11,0,[Fe/H],,,,,4.44,0.01,-0.01,0,0.8,0.9,-0.5,0,1.3,0.05,-0.04,0,,,,,<a refstr=STASSUN_ET_AL__2019 href=https://ui.adsabs.harvard.edu/abs/2019AJ....158..138S/abstract target=ref>TICv8</a>,19h32m22.21s,293.0925275,+41d21m19.83s,41.3555095,1177.55,28.485,-28.485,1/29/2015,2015-03,1/29/2015
K2-77 b,K2-77,1,1,1,0,0,Transit,2016,K2,Published Confirmed,0,<a refstr=GAIDOS_ET_AL__2017 href=https://ui.adsabs.harvard.edu/abs/2017MNRAS.464..850G/abstract target=ref>Gaidos et al. 2017</a>,8.199796,0.000683,-0.000719,0,,,,,2.3,0.16,-0.16,0,0.205,0.014,-0.014,0,603.877,,,1,1.9,,,1,0.14,0.22,-0.09,0,0.0278,0.0022,-0.0011,0,,,,,<a refstr=GAIDOS_ET_AL__2017 href=https://ui.adsabs.harvard.edu/abs/2017MNRAS.464..850G/abstract target=ref>Gaidos et al. 2017</a>,4970,45,-45,0,0.76,0.03,-0.03,0,0.8,0.12,-0.12,0,0.29,0.06,-0.06,0,[Fe/H],-0.5,0.034,-0.037,0,4.47,0.13,-0.13,0,0.85,0.45,-0.45,0,2.5,0.4,-0.4,0,19.8,2.9,-2.9,0,<a refstr=STASSUN_ET_AL__2019 href=https://ui.adsabs.harvard.edu/abs/2019AJ....158..138S/abstract target=ref>TICv8</a>,03h40m54.85s,55.228521,+12d34m20.81s,12.572448,141.731,0.874,-0.863,9/27/2016,2017-01,9/29/2016
TrES-3 b,TrES-3,0,1,1,0,0,Transit,2007,TrES,Published Confirmed,0,<a refstr=BONOMO_ET_AL__2017 href=https://ui.adsabs.harvard.edu/abs/2017A&A...602A.107B/abstract target=ref>Bonomo et al. 2017</a>,1.30618648,0.00000007,-0.00000007,0,0.02284,0.00024,-0.00037,0,14.975,0.347,-0.415,0,1.336,0.031,-0.037,0,572.41183,24.79074,-26.37989,0,1.801,0.078,-0.083,0,0.043,,,1,,,,,,,,,<a refstr=BONOMO_ET_AL__2017 href=https://ui.adsabs.harvard.edu/abs/2017A&A...602A.107B/abstract target=ref>Bonomo et al. 2017</a>,5650,75,-75,0,0.83,0.01,-0.02,0,0.93,0.03,-0.05,0,-0.19,0.08,-0.08,0,[Fe/H],,,,,,,,,0.9,2.8,-0.8,0,,,,,,,,,<a refstr=STASSUN_ET_AL__2019 href=https://ui.adsabs.harvard.edu/abs/2019AJ....158..138S/abstract target=ref>TICv8</a>,17h52m06.99s,268.0291106,+37d32m46.78s,37.5463268,231.337,1.303,-1.288,3/18/2019,2017-06,3/21/2019
CoRoT-4 b,CoRoT-4,0,1,1,0,0,Transit,2008,CoRoT,Published Confirmed,0,<a refstr=BONOMO_ET_AL__2017 href=https://ui.adsabs.harvard.edu/abs/2017A&A...602A.107B/abstract target=ref>Bonomo et al. 2017</a>,9.20205,0.00037,-0.00037,0,0.09025,0.00068,-0.00055,0,13.339,0.616,-0.616,0,1.19,0.055,-0.055,0,223.43449,22.56593,-23.20159,0,0.703,0.071,-0.073,0,0.14,,,1,,,,,,,,,<a refstr=BONOMO_ET_AL__2017 href=https://ui.adsabs.harvard.edu/abs/2017A&A...602A.107B/abstract target=ref>Bonomo et al. 2017</a>,6190,60,-60,0,1.17,0.01,-0.03,0,1.16,0.03,-0.02,0,0.05,0.07,-0.07,0,,,,,,,,,,1,1,-0.3,0,,,,,8.9,1.1,-1.1,0,<a refstr=STASSUN_ET_AL__2019 href=https://ui.adsabs.harvard.edu/abs/2019AJ....158..138S/abstract target=ref>TICv8</a>,06h48m46.71s,102.1946233,-00d40m22.03s,-0.6727861,726.412,15.181,-14.582,3/18/2019,2017-06,3/21/2019
WASP-31 b,WASP-31,0,1,1,0,0,Transit,2010,SuperWASP,Published Confirmed,0,<a refstr=BONOMO_ET_AL__2017 href=https://ui.adsabs.harvard.edu/abs/2017A&A...602A.107B/abstract target=ref>Bonomo et al. 2017</a>,3.405886,0.00000078,-0.00000078,0,0.04663,0.00034,-0.00034,0,17.363,0.56,-0.56,0,1.549,0.05,-0.05,0,155.41887,7.94575,-7.94575,0,0.489,0.025,-0.025,0,0.047,,,1,,,,,,,,,<a refstr=BONOMO_ET_AL__2017 href=https://ui.adsabs.harvard.edu/abs/2017A&A...602A.107B/abstract target=ref>Bonomo et al. 2017</a>,6300,100,-100,0,1.25,0.03,-0.03,0,1.17,0.03,-0.03,0,-0.2,0.09,-0.09,0,[Fe/H],,,,,,,,,1,3,-0.5,0,,,,,,,,,<a refstr=STASSUN_ET_AL__2019 href=https://ui.adsabs.harvard.edu/abs/2019AJ....158..138S/abstract target=ref>TICv8</a>,11h17m45.33s,169.4388603,-19d03m17.20s,-19.0547781,383.829,6.437,-6.231,3/18/2019,2017-06,3/21/2019
WASP-84 b,WASP-84,1,1,1,0,0,Transit,2014,SuperWASP,Published Confirmed,0,<a refstr=ANDERSON_ET_AL__2014 href=https://ui.adsabs.harvard.edu/abs/2014MNRAS.445.1114A/abstract target=ref>Anderson et al. 2014</a>,8.5234865,0.000007,-0.000007,0,0.0771,0.0012,-0.0012,0,10.559,0.247,-0.247,0,0.942,0.022,-0.022,0,220.565,8.899,-8.899,0,0.694,0.028,-0.028,0,0,,,0,,,,,,,,,<a refstr=ANDERSON_ET_AL__2014 href=https://ui.adsabs.harvard.edu/abs/2014MNRAS.445.1114A/abstract target=ref>Anderson et al. 2014</a>,5314,88,-88,0,0.75,0.01,-0.01,0,0.84,0.04,-0.04,0,0,0.1,-0.1,0,[Fe/H],,,,,4.4,0.1,-0.1,0,1,,,0,2.839,0.099,-0.099,0,,,,,<a refstr=STASSUN_ET_AL__2019 href=https://ui.adsabs.harvard.edu/abs/2019AJ....158..138S/abstract target=ref>TICv8</a>,08h44m25.68s,131.1069959,+01d51m35.62s,1.8598933,100.588,0.489,-0.484,2/5/2021,2014-12,2/11/2021
XO-1 b,XO-1,0,1,1,0,0,Transit,2006,XO,Published Confirmed,0,<a refstr=BONOMO_ET_AL__2017 href=https://ui.adsabs.harvard.edu/abs/2017A&A...602A.107B/abstract target=ref>Bonomo et al. 2017</a>,3.94150685,0.00000018,-0.00000018,0,0.0493,0.00091,-0.00096,0,13.518,0.527,-0.471,0,1.206,0.047,-0.042,0,290.17879,12.07754,-12.07754,0,0.913,0.038,-0.038,0,0.019,,,1,,,,,,,,,<a refstr=BONOMO_ET_AL__2017 href=https://ui.adsabs.harvard.edu/abs/2017A&A...602A.107B/abstract target=ref>Bonomo et al. 2017</a>,5750,75,-75,0,0.93,0.04,-0.03,0,1.03,0.06,-0.06,0,0.02,0.08,-0.08,0,,,,,,,,,,1,3.1,-0.9,0,,,,,,,,,<a refstr=STASSUN_ET_AL__2019 href=https://ui.adsabs.harvard.edu/abs/2019AJ....158..138S/abstract target=ref>TICv8</a>,16h02m11.83s,240.5492745,+28d10m10.65s,28.1696248,163.553,0.622,-0.617,3/18/2019,2017-06,3/21/2019
WASP-89 b,WASP-89,1,1,1,0,0,Transit,2015,SuperWASP,Published Confirmed,0,<a refstr=HELLIER_ET_AL__2015 href=https://ui.adsabs.harvard.edu/abs/2015AJ....150...18H/abstract target=ref>Hellier et al. 2015</a>,3.3564227,0.0000025,-0.0000025,0,0.0427,0.0012,-0.0012,0,11.657,0.448,-0.448,0,1.04,0.04,-0.04,0,1875.197,127.132,-127.132,0,5.9,0.4,-0.4,0,0.193,0.009,-0.009,0,,,,,,,,,<a refstr=HELLIER_ET_AL__2015 href=https://ui.adsabs.harvard.edu/abs/2015AJ....150...18H/abstract target=ref>Hellier et al. 2015</a>,5130,90,-90,0,0.88,0.03,-0.03,0,0.92,0.08,-0.08,0,0.15,0.14,-0.14,0,[Fe/H],,,,,4.51,0.02,-0.02,0,1.3,1.5,-0.8,0,1.92,0.1,-0.1,0,,,,,<a refstr=STASSUN_ET_AL__2019 href=https://ui.adsabs.harvard.edu/abs/2019AJ....158..138S/abstract target=ref>TICv8</a>,20h55m36.01s,313.9000261,-18d58m17.07s,-18.9714084,290.946,2.692,-2.645,7/8/2015,2015-07,7/9/2015
Qatar-2 b,Qatar-2,0,1,1,0,0,Transit,2011,Qatar,Published Confirmed,0,<a refstr=DAI_ET_AL__2017 href=https://ui.adsabs.harvard.edu/abs/2017AJ....153...40D/abstract target=ref>Dai et al. 2017</a>,1.33711655,0.00000004,-0.00000004,0,0.0216,0.00057,-0.00057,0,12.89,0.336,-0.336,0,1.15,0.03,-0.03,0,826.358,286.047,-286.047,0,2.6,0.9,-0.9,0,0,,,0,0.16208,0.00018,-0.00018,0,,,,,<a refstr=DAI_ET_AL__2017 href=https://ui.adsabs.harvard.edu/abs/2017AJ....153...40D/abstract target=ref>Dai et al. 2017</a>,4645,50,-50,0,0.71,0.02,-0.02,0,0.74,0.04,-0.04,0,-0.02,0.08,-0.08,0,[Fe/H],,,,,4.6,0.02,-0.02,0,1.4,0.3,-0.3,0,,,,,18.5,1.9,-1.9,0,<a refstr=STASSUN_ET_AL__2019 href=https://ui.adsabs.harvard.edu/abs/2019AJ....158..138S/abstract target=ref>TICv8</a>,13h50m37.32s,207.6554928,-06d48m14.66s,-6.8040714,181.374,1.218,-1.203,6/6/2018,2017-01,5/31/2018
CoRoT-13 b,CoRoT-13,0,1,1,0,0,Transit,2010,CoRoT,Published Confirmed,0,<a refstr=BONOMO_ET_AL__2017 href=https://ui.adsabs.harvard.edu/abs/2017A&A...602A.107B/abstract target=ref>Bonomo et al. 2017</a>,4.03519,0.00003,-0.00003,0,0.05107,0.0003,-0.00031,0,9.92,0.157,-0.157,0,0.885,0.014,-0.014,0,423.03173,23.20159,-23.20159,0,1.331,0.073,-0.073,0,0.067,,,1,,,,,,,,,<a refstr=BONOMO_ET_AL__2017 href=https://ui.adsabs.harvard.edu/abs/2017A&A...602A.107B/abstract target=ref>Bonomo et al. 2017</a>,5945,90,-90,0,1.01,0.03,-0.03,0,1.09,0.02,-0.02,0,0.01,0.07,-0.07,0,,,,,,,,,,1.6,1.5,-1.5,0,,,,,,,,,<a refstr=STASSUN_ET_AL__2019 href=https://ui.adsabs.harvard.edu/abs/2019AJ....158..138S/abstract target=ref>TICv8</a>,06h50m53.07s,102.7211432,-05d05m11.24s,-5.0864557,1148.93,62.12,-56.15,3/18/2019,2017-06,3/21/2019
CoRoT-13 b,CoRoT-13,1,1,1,0,0,Transit,2010,CoRoT,Published Confirmed,0,<a refstr=CABRERA_ET_AL__2010 href=https://ui.adsabs.harvard.edu/abs/2010A%26A...522A.110C/abstract target=ref> Cabrera et al. 2010 </a>,4.03519,0.00003,-0.00003,0,0.051,0.0031,-0.0031,0,9.92,0.157,-0.157,0,0.885,0.014,-0.014,0,415.704,20.976,-20.976,0,1.308,0.066,-0.066,0,0,,,0,0.0909,0.0014,-0.0014,0,,,,,<a refstr=CABRERA_ET_AL__2010 href=https://ui.adsabs.harvard.edu/abs/2010A%26A...522A.110C/abstract target=ref> Cabrera et al. 2010 </a>,5945,90,-90,0,1.01,0.03,-0.03,0,1.09,0.02,-0.02,0,0.01,0.07,-0.07,0,[Fe/H],,,,,4.46,0.05,-0.05,0,1.635,1.515,-1.515,0,1.468,0.131,-0.131,0,,,,,<a refstr=STASSUN_ET_AL__2019 href=https://ui.adsabs.harvard.edu/abs/2019AJ....158..138S/abstract target=ref>TICv8</a>,06h50m53.07s,102.7211432,-05d05m11.24s,-5.0864557,1148.93,62.12,-56.15,5/14/2014,2010-11,5/14/2014
GJ 3470 b,GJ 3470,0,1,1,0,0,Radial Velocity,2012,La Silla Observatory,Published Confirmed,0,<a refstr=KOSIAREK_ET_AL__2019 href=https://ui.adsabs.harvard.edu/abs/2019AJ....157...97K/abstract target=ref>Kosiarek et al. 2019</a>,3.336649,0.000084,-0.000081,0,,,,,3.88,0.32,-0.32,0,0.346,0.029,-0.029,0,12.58,1.31,-1.28,0,0.03958,0.00412,-0.00403,0,0.114,0.052,-0.051,0,,,,,,,,,<a refstr=KOSIAREK_ET_AL__2019 href=https://ui.adsabs.harvard.edu/abs/2019AJ....157...97K/abstract target=ref>Kosiarek et al. 2019</a>,3652,50,-50,0,0.48,0.04,-0.04,0,0.51,0.06,-0.06,0,0.2,0.1,-0.1,0,[Fe/H],-1.538,0.029,-0.031,0,4.66,0.04,-0.04,0,1.65,1.35,-1.35,0,,,,,21.54,0.49,-0.49,0,<a refstr=STASSUN_ET_AL__2019 href=https://ui.adsabs.harvard.edu/abs/2019AJ....158..138S/abstract target=ref>TICv8</a>,07h59m05.64s,119.7735021,+15d23m28.35s,15.391209,29.4214,0.0508,-0.0507,5/4/2020,2019-03,5/7/2020
Kepler-17 b,Kepler-17,0,1,1,0,0,Transit,2011,Kepler,Published Confirmed,0,<a refstr=BONOMO_ET_AL__2017 href=https://ui.adsabs.harvard.edu/abs/2017A&A...602A.107B/abstract target=ref>Bonomo et al. 2017</a>,1.48571091,0.00000021,-0.00000021,0,0.0268,0.00046,-0.00048,0,14.908,0.448,-0.448,0,1.33,0.04,-0.04,0,785.0401,38.1396,-34.9613,0,2.47,0.12,-0.11,0,0.02,,,1,,,,,,,,,<a refstr=BONOMO_ET_AL__2017 href=https://ui.adsabs.harvard.edu/abs/2017A&A...602A.107B/abstract target=ref>Bonomo et al. 2017</a>,5781,85,-85,0,1.05,0.03,-0.03,0,1.16,0.06,-0.06,0,0.26,0.1,-0.1,0,,,,,,,,,,1.8,0,-1.8,0,,,,,12.01,0.16,-0.16,0,<a refstr=STASSUN_ET_AL__2019 href=https://ui.adsabs.harvard.edu/abs/2019AJ....158..138S/abstract target=ref>TICv8</a>,19h53m34.86s,298.3952437,+47d48m53.95s,47.8149865,720.753,10.343,-10.343,3/18/2019,2017-06,3/21/2019
LTT 9779 b,LTT 9779,1,1,1,0,0,Transit,2020,Transiting Exoplanet Survey Satellite (TESS),Published Confirmed,0,<a refstr=JENKINS_ET_AL__2020 href=https://ui.adsabs.harvard.edu/abs/2020NatAs.tmp..180J/abstract target=ref>Jenkins et al. 2020</a>,0.792052,0.0000093,-0.0000093,0,0.01679,0.00014,-0.00012,0,4.72,0.23,-0.23,0,0.421,0.021,-0.021,0,29.32,0.78,-0.81,0,0.09225,0.00245,-0.00255,0,0,,,0,0.0455,0.0022,-0.0017,0,,,,,<a refstr=JENKINS_ET_AL__2020 href=https://ui.adsabs.harvard.edu/abs/2020NatAs.tmp..180J/abstract target=ref>Jenkins et al. 2020</a>,5443,14,-13,0,0.95,0.01,-0.01,0,0.77,0.29,-0.21,0,0.27,0.03,-0.03,0,[Fe/H],-0.149,0.006,-0.006,0,4.35,0.16,-0.12,0,1.9,1.7,-1.2,0,1.81,0.06,-0.07,0,45,,,0,<a refstr=STASSUN_ET_AL__2019 href=https://ui.adsabs.harvard.edu/abs/2019AJ....158..138S/abstract target=ref>TICv8</a>,23h54m40.53s,358.6688767,-37d37m41.61s,-37.6282237,80.4373,0.3174,-0.315,9/17/2020,2020-09,9/24/2020
WASP-69 b,WASP-69,0,1,1,0,0,Transit,2014,SuperWASP,Published Confirmed,0,<a refstr=ANDERSON_ET_AL__2014 href=https://ui.adsabs.harvard.edu/abs/2014MNRAS.445.1114A/abstract target=ref>Anderson et al. 2014</a>,3.8681382,0.0000017,-0.0000017,0,0.04525,0.00053,-0.00053,0,9.113,0.314,-0.314,0,1.057,0.047,-0.047,0,82.632,5.403,-5.403,0,0.26,0.017,-0.017,0,0,,,0,,,,,,,,,<a refstr=ANDERSON_ET_AL__2014 href=https://ui.adsabs.harvard.edu/abs/2014MNRAS.445.1114A/abstract target=ref>Anderson et al. 2014</a>,4715,50,-50,0,0.81,0.03,-0.03,0,0.83,0.03,-0.03,0,0.144,0.077,-0.077,0,[Fe/H],,,,,4.54,0.02,-0.02,0,2,,,0,2.17,0.18,-0.18,0,,,,,<a refstr=STASSUN_ET_AL__2019 href=https://ui.adsabs.harvard.edu/abs/2019AJ....158..138S/abstract target=ref>TICv8</a>,21h00m06.23s,315.0259661,-05d05m41.49s,-5.094857,49.9605,0.132,-0.1313,4/25/2018,2014-12,10/15/2014
K2-182 b,K2-182,1,1,1,0,0,Transit,2018,K2,Published Confirmed,0,<a refstr=AKANA_MURPHY_ET_AL__2021 href=https://ui.adsabs.harvard.edu/abs/2021AJ....162..294A/abstract target=ref>Akana Murphy et al. 2021</a>,4.7369683,0.0000023,-0.0000023,0,0.0526,0.0003,-0.0003,0,2.69,0.07,-0.05,0,0.24,0.006,-0.004,0,20,5,-5,0,0.06293,0.01573,-0.01573,0,0.04,0.19,-0.03,0,0.03111,0.00063,-0.00052,0,,,,,<a refstr=AKANA_MURPHY_ET_AL__2021 href=https://ui.adsabs.harvard.edu/abs/2021AJ....162..294A/abstract target=ref>Akana Murphy et al. 2021</a>,5170,100,-100,0,0.79,0.01,-0.01,0,0.86,0.02,-0.02,0,0.12,0.06,-0.06,0,[Fe/H],-0.408,0.015,-0.014,0,4.61,0.1,-0.1,0,2.07,2.14,-1.36,0,,,,,,,,,<a refstr=STASSUN_ET_AL__2019 href=https://ui.adsabs.harvard.edu/abs/2019AJ....158..138S/abstract target=ref>TICv8</a>,08h40m43.21s,130.180046,+10d58m58.62s,10.9829509,154.83,1.256,-1.236,3/28/2022,2021-12,3/28/2022
HAT-P-23 b,HAT-P-23,0,1,1,0,0,Transit,2010,HATNet,Published Confirmed,0,<a refstr=CICERI_ET_AL__2015 href=https://ui.adsabs.harvard.edu/abs/2015A&A...577A..54C/abstract target=ref>Ciceri et al. 2015</a>,1.21288287,0.00000017,-0.00000017,0,0.02302,0.00032,-0.00032,0,13.72,0.41,-0.41,0,1.224,0.037,-0.037,0,658,38,-38,0,2.07,0.12,-0.12,0,0,,,0,0.11616,0.00081,-0.00081,0,,,,,<a refstr=CICERI_ET_AL__2015 href=https://ui.adsabs.harvard.edu/abs/2015A&A...577A..54C/abstract target=ref>Ciceri et al. 2015</a>,5885,72,-72,0,1.09,0.03,-0.03,0,1.1,0.05,-0.05,0,0.13,0.08,-0.08,0,[Fe/H],,,,,4.41,0.02,-0.02,0,2.1,3.6,-4.9,0,1.204,0.072,-0.072,0,,,,,<a refstr=STASSUN_ET_AL__2019 href=https://ui.adsabs.harvard.edu/abs/2019AJ....158..138S/abstract target=ref>TICv8</a>,20h24m29.74s,306.1239076,+16d45m43.73s,16.7621462,364.813,4.772,-4.653,4/25/2018,2015-05,3/26/2015
HATS-4 b,HATS-4,1,1,1,0,0,Transit,2014,HATSouth,Published Confirmed,0,<a refstr=JORDAN_ET_AL__2014 href=https://ui.adsabs.harvard.edu/abs/2014AJ....148...29J/abstract target=ref> Jordan et al. 2014 </a>,2.516729,0.000002,-0.000002,0,0.0362,0.0002,-0.0002,0,11.433,0.415,-0.415,0,1.02,0.037,-0.037,0,420.471,8.899,-8.899,0,1.323,0.028,-0.028,0,0.013,0.016,-0.016,0,0.1132,0.0029,-0.0029,0,,,,,<a refstr=JORDAN_ET_AL__2014 href=https://ui.adsabs.harvard.edu/abs/2014AJ....148...29J/abstract target=ref> Jordan et al. 2014 </a>,5403,50,-50,0,0.93,0.02,-0.02,0,1,0.02,-0.02,0,0.43,0.08,-0.08,0,[Fe/H],-0.187,0.032,-0.035,0,4.51,0.02,-0.02,0,2.1,1.6,-1.6,0,,,,,,,,,<a refstr=STASSUN_ET_AL__2019 href=https://ui.adsabs.harvard.edu/abs/2019AJ....158..138S/abstract target=ref>TICv8</a>,06h16m26.90s,94.1120914,-22d32m48.78s,-22.5468824,416.459,2.726,-2.691,7/2/2014,2014-08,7/2/2014
HATS-4 b,HATS-4,0,1,1,0,0,Transit,2014,HATSouth,Published Confirmed,0,<a refstr=BONOMO_ET_AL__2017 href=https://ui.adsabs.harvard.edu/abs/2017A&A...602A.107B/abstract target=ref>Bonomo et al. 2017</a>,2.516729,0.000002,-0.000002,0,0.03623,0.00024,-0.00025,0,11.433,0.415,-0.415,0,1.02,0.037,-0.037,0,416.03947,12.7132,-12.39537,0,1.309,0.04,-0.039,0,0.024,,,1,,,,,,,,,<a refstr=BONOMO_ET_AL__2017 href=https://ui.adsabs.harvard.edu/abs/2017A&A...602A.107B/abstract target=ref>Bonomo et al. 2017</a>,5403,50,-50,0,0.93,0.02,-0.02,0,1,0.02,-0.02,0,0.43,0.08,-0.08,0,,,,,,,,,,2.1,1.6,-1.6,0,,,,,,,,,<a refstr=STASSUN_ET_AL__2019 href=https://ui.adsabs.harvard.edu/abs/2019AJ....158..138S/abstract target=ref>TICv8</a>,06h16m26.90s,94.1120914,-22d32m48.78s,-22.5468824,416.459,2.726,-2.691,3/18/2019,2017-06,3/21/2019
WASP-124 b,WASP-124,1,1,1,0,0,Transit,2016,SuperWASP-South,Published Confirmed,0,<a refstr=MAXTED_ET_AL__2016 href=https://ui.adsabs.harvard.edu/abs/2016A&A...591A..55M/abstract target=ref>Maxted et al. 2016</a>,3.37265,0.000001,-0.000001,0,0.0449,0.0007,-0.0007,0,13.899,0.336,-0.336,0,1.24,0.03,-0.03,0,190.698,22.2481,-22.2481,0,0.6,0.07,-0.07,0,0.017,,,1,,,,,,,,,<a refstr=MAXTED_ET_AL__2016 href=https://ui.adsabs.harvard.edu/abs/2016A&A...591A..55M/abstract target=ref>Maxted et al. 2016</a>,6050,100,-100,0,1.02,0.02,-0.02,0,1.07,0.05,-0.05,0,-0.02,0.11,-0.11,0,[Fe/H],,,,,4.44,0.02,-0.02,0,2.1,1.4,-1.4,0,1.39,0.07,-0.07,0,,,,,<a refstr=STASSUN_ET_AL__2019 href=https://ui.adsabs.harvard.edu/abs/2019AJ....158..138S/abstract target=ref>TICv8</a>,22h10m51.44s,332.7143373,-30d44m58.99s,-30.7497189,448.637,7.632,-7.384,5/3/2016,2016-06,5/5/2016
WASP-166 b,WASP-166,1,1,1,0,0,Transit,2019,WASP-South,Published Confirmed,0,<a refstr=HELLIER_ET_AL__2019 href=https://ui.adsabs.harvard.edu/abs/2019MNRAS.488.3067H/abstract target=ref>Hellier et al. 2019</a>,5.44354,0.000004,-0.000004,0,0.0641,0.0011,-0.0011,0,7.062,0.336,-0.336,0,0.63,0.03,-0.03,0,32.10083,1.58915,-1.58915,0,0.101,0.005,-0.005,0,0,,,0,,,,,,,,,<a refstr=HELLIER_ET_AL__2019 href=https://ui.adsabs.harvard.edu/abs/2019MNRAS.488.3067H/abstract target=ref>Hellier et al. 2019</a>,6050,50,-50,0,1.22,0.06,-0.06,0,1.19,0.06,-0.06,0,0.19,0.05,-0.05,0,[Fe/H],,,,,4.34,0.05,-0.05,0,2.1,0.9,-0.9,0,0.92,0.14,-0.14,0,12.1,0.9,-0.9,0,<a refstr=STASSUN_ET_AL__2019 href=https://ui.adsabs.harvard.edu/abs/2019AJ....158..138S/abstract target=ref>TICv8</a>,09h39m30.03s,144.8751047,-20d58m56.71s,-20.9824191,114.173,0.591,-0.586,7/19/2019,2019-09,7/25/2019
WASP-84 b,WASP-84,0,1,1,0,0,Transit,2014,SuperWASP,Published Confirmed,0,<a refstr=ANDERSON_ET_AL__2015 href=https://ui.adsabs.harvard.edu/abs/2015ApJ...800L...9A/abstract target=ref>Anderson et al. 2015</a>,8.5234962,0.0000037,-0.0000037,0,0.0775,0.0017,-0.0017,0,10.94,0.28,-0.28,0,0.976,0.025,-0.025,0,218.34921,10.48839,-10.48839,0,0.687,0.033,-0.033,0,0,,,0,,,,,17.3,7.7,-7.7,0,<a refstr=ANDERSON_ET_AL__2015 href=https://ui.adsabs.harvard.edu/abs/2015ApJ...800L...9A/abstract target=ref>Anderson et al. 2015</a>,5280,80,-80,0,0.77,0.02,-0.02,0,0.85,0.06,-0.06,0,0.09,0.12,-0.12,0,[Fe/H],,,,,4.6,0.01,-0.01,0,2.1,1.6,-1.6,0,2.653,0.069,-0.069,0,14.36,0.35,-0.35,0,<a refstr=STASSUN_ET_AL__2019 href=https://ui.adsabs.harvard.edu/abs/2019AJ....158..138S/abstract target=ref>TICv8</a>,08h44m25.68s,131.1069959,+01d51m35.62s,1.8598933,100.588,0.489,-0.484,12/2/2019,2015-02,12/5/2019
K2-30 b,K2-30,0,1,1,0,0,Transit,2016,K2,Published Confirmed,0,<a refstr=BRAHM_ET_AL__2016 href=https://ui.adsabs.harvard.edu/abs/2016PASP..128l4402B/abstract target=ref>Brahm et al. 2016</a>,4.09849,0.00002,-0.00002,0,0.0419,0.0016,-0.0012,0,11.982,0.258,-0.213,0,1.069,0.023,-0.019,0,187.20187,7.31009,-6.99226,0,0.589,0.023,-0.022,0,0.08,,,1,0.13097,0.0009,-0.0009,0,,,,,<a refstr=BRAHM_ET_AL__2016 href=https://ui.adsabs.harvard.edu/abs/2016PASP..128l4402B/abstract target=ref>Brahm et al. 2016</a>,5575,50,-50,0,0.84,0.02,-0.01,0,0.92,0.01,-0.01,0,0.06,0.04,-0.04,0,[Fe/H],-0.27,0.027,-0.026,0,4.6,0.05,-0.05,0,2.2,1.8,-0.8,0,2.202,0.09,-0.14,0,,,,,<a refstr=STASSUN_ET_AL__2019 href=https://ui.adsabs.harvard.edu/abs/2019AJ....158..138S/abstract target=ref>TICv8</a>,03h29m22.09s,52.3420548,+22d17m57.66s,22.2993491,333.042,3.021,-2.968,7/6/2016,2016-12,7/7/2016
WASP-32 b,WASP-32,0,1,1,0,0,Transit,2010,SuperWASP,Published Confirmed,0,<a refstr=BONOMO_ET_AL__2017 href=https://ui.adsabs.harvard.edu/abs/2017A&A...602A.107B/abstract target=ref>Bonomo et al. 2017</a>,2.7186591,0.0000024,-0.0000024,0,0.03904,0.00062,-0.00061,0,12.33,0.448,-0.448,0,1.1,0.04,-0.04,0,1109.2267,38.1396,-34.9613,0,3.49,0.12,-0.11,0,0.004,,,1,,,,,,,,,<a refstr=BONOMO_ET_AL__2017 href=https://ui.adsabs.harvard.edu/abs/2017A&A...602A.107B/abstract target=ref>Bonomo et al. 2017</a>,6140,90,-100,0,1.09,0.03,-0.03,0,1.07,0.05,-0.05,0,-0.13,0.1,-0.1,0,[Fe/H],,,,,,,,,2.22,0.62,-0.73,0,,,,,11.6,1,-1,0,<a refstr=STASSUN_ET_AL__2019 href=https://ui.adsabs.harvard.edu/abs/2019AJ....158..138S/abstract target=ref>TICv8</a>,00h15m50.81s,3.9617073,+01d12m01.84s,1.2005122,275.994,3.344,-3.267,3/18/2019,2017-06,3/21/2019
WASP-92 b,WASP-92,1,1,1,0,0,Transit,2016,SuperWASP,Published Confirmed,0,<a refstr=HAY_ET_AL__2016 href=https://ui.adsabs.harvard.edu/abs/2016MNRAS.463.3276H/abstract target=ref>Hay et al. 2016</a>,2.1746742,0.0000016,-0.0000016,0,0.0348,0.00036,-0.00036,0,16.376,0.863,-0.863,0,1.461,0.077,-0.077,0,255.85315,21.61244,-21.61244,0,0.805,0.068,-0.068,0,0,,,0,,,,,,,,,<a refstr=HAY_ET_AL__2016 href=https://ui.adsabs.harvard.edu/abs/2016MNRAS.463.3276H/abstract target=ref>Hay et al. 2016</a>,6280,120,-120,0,1.34,0.06,-0.06,0,1.19,0.04,-0.04,0,0,0.14,-0.14,0,[Fe/H],,,,,4.26,0.03,-0.03,0,2.29,6.8,-1.51,0,0.697,0.077,-0.077,0,10.07,2.58,-2.58,0,<a refstr=STASSUN_ET_AL__2019 href=https://ui.adsabs.harvard.edu/abs/2019AJ....158..138S/abstract target=ref>TICv8</a>,16h26m46.09s,246.6920395,+51d02m28.08s,51.0411328,575.889,6.527,-6.385,9/6/2016,2016-12,9/8/2016
WASP-16 b,WASP-16,0,1,1,0,0,Transit,2009,SuperWASP,Published Confirmed,0,<a refstr=BONOMO_ET_AL__2017 href=https://ui.adsabs.harvard.edu/abs/2017A&A...602A.107B/abstract target=ref>Bonomo et al. 2017</a>,3.1186068,0.0000012,-0.0000012,0,0.0422,0.001,-0.0017,0,11.299,0.93,-0.673,0,1.008,0.083,-0.06,0,288.58964,14.30235,-22.56593,0,0.908,0.045,-0.071,0,0.018,,,1,,,,,,,,,<a refstr=BONOMO_ET_AL__2017 href=https://ui.adsabs.harvard.edu/abs/2017A&A...602A.107B/abstract target=ref>Bonomo et al. 2017</a>,5700,150,-150,0,0.95,0.06,-0.05,0,1.02,0.07,-0.13,0,0.01,0.1,-0.1,0,,,,,,,,,,2.3,5.8,-2.2,0,,,,,,,,,<a refstr=STASSUN_ET_AL__2019 href=https://ui.adsabs.harvard.edu/abs/2019AJ....158..138S/abstract target=ref>TICv8</a>,14h18m43.92s,214.6830109,-20d16m31.57s,-20.2754374,194.134,1.944,-1.907,3/18/2019,2017-06,3/21/2019
WASP-95 b,WASP-95,0,1,1,0,0,Transit,2014,SuperWASP,Published Confirmed,0,<a refstr=HELLIER_ET_AL__2014 href=https://ui.adsabs.harvard.edu/abs/2014MNRAS.440.1982H/abstract target=ref> Hellier et al. 2014 </a>,2.184673,0.0000014,-0.0000014,0,0.03416,0.00083,-0.00083,0,13.56,0.67,-0.67,0,1.21,0.06,-0.06,0,359.13,31.78,-12.71,0,1.13,0.1,-0.04,0,0,,,0,,,,,,,,,<a refstr=HELLIER_ET_AL__2014 href=https://ui.adsabs.harvard.edu/abs/2014MNRAS.440.1982H/abstract target=ref> Hellier et al. 2014 </a>,5630,130,-130,0,1.13,0.08,-0.04,0,1.11,0.09,-0.09,0,0.14,0.16,-0.16,0,[Fe/H],,,,,4.38,0.02,-0.04,0,2.4,1.7,-1,0,1.1,0.06,-0.18,0,,,,,<a refstr=STASSUN_ET_AL__2019 href=https://ui.adsabs.harvard.edu/abs/2019AJ....158..138S/abstract target=ref>TICv8</a>,22h29m49.88s,337.4578243,-48d00m11.16s,-48.0030988,137.544,0.795,-0.786,4/25/2018,2014-05,5/14/2014
CoRoT-6 b,CoRoT-6,0,1,1,0,0,Transit,2009,CoRoT,Published Confirmed,0,<a refstr=BONOMO_ET_AL__2017 href=https://ui.adsabs.harvard.edu/abs/2017A&A...602A.107B/abstract target=ref>Bonomo et al. 2017</a>,8.886593,0.00004,-0.00004,0,0.0854,0.0013,-0.0014,0,13.07,0.392,-0.392,0,1.166,0.035,-0.035,0,937.5985,88.9924,-88.9924,0,2.95,0.28,-0.28,0,0.18,,,1,,,,,,,,,<a refstr=BONOMO_ET_AL__2017 href=https://ui.adsabs.harvard.edu/abs/2017A&A...602A.107B/abstract target=ref>Bonomo et al. 2017</a>,6090,50,-50,0,1.02,0.03,-0.03,0,1.05,0.05,-0.05,0,-0.2,0.1,-0.1,0,[Fe/H],,,,,,,,,2.5,2.1,-1.7,0,,,,,6.4,0.5,-0.5,0,<a refstr=STASSUN_ET_AL__2019 href=https://ui.adsabs.harvard.edu/abs/2019AJ....158..138S/abstract target=ref>TICv8</a>,18h44m17.41s,281.0725563,+06d39m47.54s,6.6632062,645.294,12.453,-11.997,3/18/2019,2017-06,3/21/2019
GJ 3470 b,GJ 3470,0,1,1,0,0,Radial Velocity,2012,La Silla Observatory,Published Confirmed,0,<a refstr=BIDDLE_ET_AL__2014 href=https://ui.adsabs.harvard.edu/abs/2014MNRAS.443.1810B/abstract target=ref> Biddle et al. 2014</a>,3.3366487,0.0000043,-0.0000033,0,0.031,0.0028,-0.0028,0,3.88,0.32,-0.32,0,0.346,0.029,-0.029,0,13.73,1.61,-1.61,0,0.043,0.005,-0.005,0,0.017,0.016,-0.012,0,0.07642,0.00037,-0.00037,0,,,,,<a refstr=BIDDLE_ET_AL__2014 href=https://ui.adsabs.harvard.edu/abs/2014MNRAS.443.1810B/abstract target=ref> Biddle et al. 2014</a>,3652,50,-50,0,0.48,0.04,-0.04,0,0.51,0.06,-0.06,0,0.18,0.08,-0.08,0,[Fe/H],,,,,4.78,0.12,-0.12,0,2.5,1.5,-1.5,0,6.51,1.55,-1.55,0,,,,,<a refstr=STASSUN_ET_AL__2019 href=https://ui.adsabs.harvard.edu/abs/2019AJ....158..138S/abstract target=ref>TICv8</a>,07h59m05.64s,119.7735021,+15d23m28.35s,15.391209,29.4214,0.0508,-0.0507,1/28/2019,2014-09,7/23/2014
HAT-P-12 b,HAT-P-12,0,1,1,0,0,Transit,2009,HATNet,Published Confirmed,0,<a refstr=BONOMO_ET_AL__2017 href=https://ui.adsabs.harvard.edu/abs/2017A&A...602A.107B/abstract target=ref>Bonomo et al. 2017</a>,3.21305929,0.00000035,-0.00000035,0,0.03838,0.00031,-0.00033,0,10.749,0.325,-0.235,0,0.959,0.029,-0.021,0,66.23577,3.05117,-2.9876,0,0.2084,0.0096,-0.0094,0,0.035,,,1,,,,,,,,,<a refstr=BONOMO_ET_AL__2017 href=https://ui.adsabs.harvard.edu/abs/2017A&A...602A.107B/abstract target=ref>Bonomo et al. 2017</a>,4650,60,-60,0,0.7,0.02,-0.01,0,0.73,0.02,-0.02,0,-0.29,0.05,-0.05,0,[Fe/H],,,,,,,,,2.5,2,-2,0,,,,,,,,,<a refstr=STASSUN_ET_AL__2019 href=https://ui.adsabs.harvard.edu/abs/2019AJ....158..138S/abstract target=ref>TICv8</a>,13h57m33.27s,209.3886452,+43d29m35.92s,43.49331,142.751,0.453,-0.45,3/18/2019,2017-06,3/21/2019
HAT-P-12 b,HAT-P-12,1,1,1,0,0,Transit,2009,HATNet,Published Confirmed,0,<a refstr=HARTMAN_ET_AL__2009 href=https://ui.adsabs.harvard.edu/abs/2009ApJ...706..785H/abstract target=ref> Hartman et al. 2009 </a>,3.2130598,0.0000021,-0.0000021,0,0.0384,0.0003,-0.0003,0,10.749,0.325,-0.235,0,0.959,0.029,-0.021,0,67.059,3.814,-3.814,0,0.211,0.012,-0.012,0,0,,,0,0.1406,0.0013,-0.0013,0,,,,,<a refstr=HARTMAN_ET_AL__2009 href=https://ui.adsabs.harvard.edu/abs/2009ApJ...706..785H/abstract target=ref> Hartman et al. 2009 </a>,4650,60,-60,0,0.7,0.02,-0.01,0,0.73,0.02,-0.02,0,-0.29,0.05,-0.05,0,[Fe/H],-0.678,0.04,-0.02,0,4.61,0.01,-0.01,0,2.5,2,-2,0,,,,,,,,,<a refstr=STASSUN_ET_AL__2019 href=https://ui.adsabs.harvard.edu/abs/2019AJ....158..138S/abstract target=ref>TICv8</a>,13h57m33.27s,209.3886452,+43d29m35.92s,43.49331,142.751,0.453,-0.45,5/14/2014,2009-11,5/14/2014
HATS-13 b,HATS-13,1,1,1,0,0,Transit,2015,HATSouth,Published Confirmed,0,<a refstr=MANCINI_ET_AL__2015 href=https://ui.adsabs.harvard.edu/abs/2015A&A...580A..63M/abstract target=ref>Mancini et al. 2015</a>,3.0440499,0.0000027,-0.0000027,0,0.04057,0.00041,-0.00041,0,13.585,0.392,-0.392,0,1.212,0.035,-0.035,0,172.58169,22.88376,-22.88376,0,0.543,0.072,-0.072,0,0.181,,,1,0.1402,0.0016,-0.0016,0,,,,,<a refstr=MANCINI_ET_AL__2015 href=https://ui.adsabs.harvard.edu/abs/2015A&A...580A..63M/abstract target=ref>Mancini et al. 2015</a>,5523,69,-69,0,0.89,0.02,-0.02,0,0.96,0.03,-0.03,0,0.05,0.06,-0.06,0,[Fe/H],,,,,4.52,0.02,-0.02,0,2.5,1.7,-1.7,0,1.93,0.11,-0.11,0,,,,,<a refstr=STASSUN_ET_AL__2019 href=https://ui.adsabs.harvard.edu/abs/2019AJ....158..138S/abstract target=ref>TICv8</a>,21h07m50.76s,316.9614798,-26d05m48.19s,-26.0967205,421.855,8.501,-8.177,8/12/2015,2015-08,8/13/2015
HATS-13 b,HATS-13,0,1,1,0,0,Transit,2015,HATSouth,Published Confirmed,0,<a refstr=BONOMO_ET_AL__2017 href=https://ui.adsabs.harvard.edu/abs/2017A&A...602A.107B/abstract target=ref>Bonomo et al. 2017</a>,3.0440499,0.0000027,-0.0000027,0,0.04059,0.00041,-0.00042,0,13.585,0.392,-0.392,0,1.212,0.035,-0.035,0,188.15536,27.65121,-31.14734,0,0.592,0.087,-0.098,0,0.22,,,1,,,,,,,,,<a refstr=BONOMO_ET_AL__2017 href=https://ui.adsabs.harvard.edu/abs/2017A&A...602A.107B/abstract target=ref>Bonomo et al. 2017</a>,5523,69,-69,0,0.89,0.02,-0.02,0,0.96,0.03,-0.03,0,0.05,0.06,-0.06,0,,,,,,,,,,2.5,1.7,-1.7,0,,,,,,,,,<a refstr=STASSUN_ET_AL__2019 href=https://ui.adsabs.harvard.edu/abs/2019AJ....158..138S/abstract target=ref>TICv8</a>,21h07m50.76s,316.9614798,-26d05m48.19s,-26.0967205,421.855,8.501,-8.177,3/18/2019,2017-06,3/21/2019
HATS-57 b,HATS-57,1,1,1,0,0,Transit,2019,HATSouth,Published Confirmed,0,<a refstr=ESPINOZA_ET_AL__2019 href=https://ui.adsabs.harvard.edu/abs/2019AJ....158...63E/abstract target=ref>Espinoza et al. 2019</a>,2.350621,0.0000013,-0.0000013,0,0.03493,0.00021,-0.0003,0,12.767,0.314,-0.314,0,1.139,0.028,-0.028,0,1000.21101,23.20159,-23.20159,0,3.147,0.073,-0.073,0,0.028,,,1,0.1218,0.0023,-0.0023,0,,,,,<a refstr=ESPINOZA_ET_AL__2019 href=https://ui.adsabs.harvard.edu/abs/2019AJ....158...63E/abstract target=ref>Espinoza et al. 2019</a>,5587,19,-19,0,0.96,0.01,-0.01,0,1.03,0.02,-0.03,0,0.268,0.043,-0.043,0,[Fe/H],-0.094,0.01,-0.01,0,4.48,0.02,-0.02,0,2.5,1.5,-1.1,0,1.633,0.075,-0.075,0,12.71,0.04,-0.04,0,<a refstr=STASSUN_ET_AL__2019 href=https://ui.adsabs.harvard.edu/abs/2019AJ....158..138S/abstract target=ref>TICv8</a>,04h03m47.59s,60.9482779,-19d03m24.55s,-19.0568182,279.485,3.118,-3.05,8/9/2019,2019-08,8/15/2019
WTS-1 b,WTS-1,1,1,1,0,0,Transit,2012,United Kingdom Infrared Telescope,Published Confirmed,0,<a refstr=CAPPETTA_ET_AL__2012 href=https://ui.adsabs.harvard.edu/abs/2012MNRAS.427.1877C/abstract target=ref> Cappetta et al. 2012 </a>,3.352057,0.000013,-0.000015,0,0.047,0.001,-0.001,0,16.7,1.79,-2.02,0,1.49,0.16,-0.18,0,1274.44,111.24,-111.24,0,4.01,0.35,-0.35,0,0.1,,,1,0.1328,0.0032,-0.0035,0,,,,,<a refstr=CAPPETTA_ET_AL__2012 href=https://ui.adsabs.harvard.edu/abs/2012MNRAS.427.1877C/abstract target=ref> Cappetta et al. 2012 </a>,6250,200,-200,0,1.15,0.1,-0.12,0,1.2,0.1,-0.1,0,-0.5,0.5,-0.5,0,[Fe/H],,,,,4.4,0.1,-0.1,0,2.55,1.95,-1.95,0,1.1129,0.4367,-0.2536,0,,,,,<a refstr=STASSUN_ET_AL__2019 href=https://ui.adsabs.harvard.edu/abs/2019AJ....158..138S/abstract target=ref>TICv8</a>,19h35m56.41s,293.9850284,+36d17m46.66s,36.2962939,2346.01,341.4,-265.8,5/14/2014,2012-12,5/14/2014
HAT-P-5 b,HAT-P-5,0,1,1,0,0,Transit,2007,HATNet,Published Confirmed,0,<a refstr=BONOMO_ET_AL__2017 href=https://ui.adsabs.harvard.edu/abs/2017A&A...602A.107B/abstract target=ref>Bonomo et al. 2017</a>,2.7884736,0.00000052,-0.00000052,0,0.04073,0.0005,-0.00093,0,14.056,0.572,-0.628,0,1.254,0.051,-0.056,0,324.1866,31.783,-31.783,0,1.02,0.1,-0.1,0,0.072,,,1,,,,,,,,,<a refstr=BONOMO_ET_AL__2017 href=https://ui.adsabs.harvard.edu/abs/2017A&A...602A.107B/abstract target=ref>Bonomo et al. 2017</a>,5960,100,-100,0,1.17,0.05,-0.05,0,1.16,0.04,-0.08,0,0.24,0.15,-0.15,0,,,,,,,,,,2.6,2.1,-1.4,0,,,,,,,,,<a refstr=STASSUN_ET_AL__2019 href=https://ui.adsabs.harvard.edu/abs/2019AJ....158..138S/abstract target=ref>TICv8</a>,18h17m37.33s,274.4055335,+36d37m17.26s,36.6214617,303.336,1.812,-1.791,3/18/2019,2017-06,3/21/2019
HAT-P-5 b,HAT-P-5,0,1,1,0,0,Transit,2007,HATNet,Published Confirmed,0,<a refstr=BAKOS_ET_AL__2007 href=https://ui.adsabs.harvard.edu/abs/2007ApJ...671L.173B/abstract target=ref> Bakos et al. 2007 </a>,2.788491,0.000025,-0.000025,0,0.04075,0.00076,-0.00076,0,14.12,0.56,-0.56,0,1.26,0.05,-0.05,0,336.89,34.96,-34.96,0,1.06,0.11,-0.11,0,0,,,0,0.1106,0.0006,-0.0006,0,,,,,<a refstr=BAKOS_ET_AL__2007 href=https://ui.adsabs.harvard.edu/abs/2007ApJ...671L.173B/abstract target=ref> Bakos et al. 2007 </a>,5960,100,-100,0,1.17,0.05,-0.05,0,1.16,0.06,-0.06,0,0.24,0.15,-0.15,0,[Fe/H],0.187,0.064,-0.064,0,4.37,0.03,-0.03,0,2.6,1.8,-1.8,0,,,,,,,,,<a refstr=STASSUN_ET_AL__2019 href=https://ui.adsabs.harvard.edu/abs/2019AJ....158..138S/abstract target=ref>TICv8</a>,18h17m37.33s,274.4055335,+36d37m17.26s,36.6214617,303.336,1.812,-1.791,4/25/2018,2007-12,5/14/2014
HAT-P-61 b,HAT-P-61,1,1,1,0,0,Transit,2021,HATNet,Published Confirmed,0,<a refstr=BAKOS_ET_AL__2021 href=https://ui.adsabs.harvard.edu/abs/2021AJ....162....7B/abstract target=ref>Bakos et al. 2021</a>,1.90231289,0.00000077,-0.00000077,0,0.0301,0.00034,-0.00034,0,10.077,0.303,-0.303,0,0.899,0.027,-0.027,0,335.94463,22.24799,-22.24799,0,1.057,0.07,-0.07,0,0.113,,,1,0.0984,0.0025,-0.0025,0,,,,,<a refstr=BAKOS_ET_AL__2021 href=https://ui.adsabs.harvard.edu/abs/2021AJ....162....7B/abstract target=ref>Bakos et al. 2021</a>,5587,45,-45,0,0.94,0.01,-0.01,0,1,0.03,-0.03,0,0.194,0.06,-0.06,0,[Fe/H],-0.115,0.017,-0.018,0,4.5,0.02,-0.02,0,2.6,2,-2,0,1.715,0.094,-0.094,0,,,,,<a refstr=STASSUN_ET_AL__2019 href=https://ui.adsabs.harvard.edu/abs/2019AJ....158..138S/abstract target=ref>TICv8</a>,05h01m55.24s,75.4801665,+50d07m52.24s,50.1311784,338.84,4.149,-4.051,7/26/2021,2021-07,7/26/2021
WASP-57 b,WASP-57,0,1,1,0,0,Transit,2012,SuperWASP,Published Confirmed,0,<a refstr=FAEDI_ET_AL__2013 href=https://ui.adsabs.harvard.edu/abs/2013A%26A...551A..73F/abstract target=ref> Faedi et al. 2013 </a>,2.838971,0.000002,-0.000002,0,0.0386,0.0004,-0.0004,0,10.267,0.191,-0.157,0,0.916,0.017,-0.014,0,213.573,15.573,-14.62,0,0.672,0.049,-0.046,0,0,,,0,0.11265,0.00062,-0.00062,0,,,,,<a refstr=FAEDI_ET_AL__2013 href=https://ui.adsabs.harvard.edu/abs/2013A%26A...551A..73F/abstract target=ref> Faedi et al. 2013 </a>,5600,100,-100,0,0.84,0.07,-0.16,0,0.95,0.03,-0.03,0,-0.25,0.1,-0.1,0,[Fe/H],,,,,4.57,0.01,-0.01,0,2.6,2.2,-1.8,0,2.307,0.062,-0.089,0,,,,,<a refstr=STASSUN_ET_AL__2019 href=https://ui.adsabs.harvard.edu/abs/2019AJ....158..138S/abstract target=ref>TICv8</a>,14h55m16.79s,223.8199788,-02d03m27.67s,-2.0576866,398.276,5.82,-5.657,5/14/2014,2013-03,5/14/2014
CoRoT-30 b,CoRoT-30,1,1,1,0,0,Transit,2020,CoRoT,Published Confirmed,0,<a refstr=BORD_EACUTE__ET_AL__2020 href=https://ui.adsabs.harvard.edu/abs/2020A&A...635A.122B/abstract target=ref>Bord&eacute; et al. 2020</a>,9.06005,0.00024,-0.00024,0,0.0844,0.0012,-0.0012,0,11.31,0.852,-0.852,0,1.009,0.076,-0.076,0,921.707,69.9226,-69.9226,0,2.9,0.22,-0.22,0,0.007,0.031,-0.031,0,0.114,0.0032,-0.0032,0,,,,,<a refstr=BORD_EACUTE__ET_AL__2020 href=https://ui.adsabs.harvard.edu/abs/2020A&A...635A.122B/abstract target=ref>Bord&eacute; et al. 2020</a>,5650,100,-100,0,0.91,0.09,-0.03,0,0.98,0.03,-0.05,0,0.02,0.1,-0.1,0,[Fe/H],,,,,4.4,0.1,-0.1,0,3,3.7,-2.4,0,,,,,,,,,<a refstr=STASSUN_ET_AL__2019 href=https://ui.adsabs.harvard.edu/abs/2019AJ....158..138S/abstract target=ref>TICv8</a>,18h30m24.28s,277.6011767,+06d50m09.36s,6.8359338,1032.23,48.57,-44.467,4/10/2020,2020-03,4/16/2020
CoRoT-8 b,CoRoT-8,1,1,1,0,0,Transit,2010,CoRoT,Published Confirmed,0,<a refstr=BORDE_ET_AL__2010 href=https://ui.adsabs.harvard.edu/abs/2010A%26A...520A..66B/abstract target=ref> Borde et al. 2010 </a>,6.21229,0.00003,-0.00003,0,0.063,0.001,-0.001,0,6.39,0.22,-0.22,0,0.57,0.02,-0.02,0,69.92,9.53,-9.53,0,0.22,0.03,-0.03,0,0,,,0,0.075,0.001,-0.001,0,,,,,<a refstr=BORDE_ET_AL__2010 href=https://ui.adsabs.harvard.edu/abs/2010A%26A...520A..66B/abstract target=ref> Borde et al. 2010 </a>,5080,80,-80,0,0.77,0.02,-0.02,0,0.88,0.04,-0.04,0,0.3,0.1,-0.1,0,[M/H],,,,,4.58,0.08,-0.08,0,3,,,1,2.7,0.1,-0.1,0,,,,,<a refstr=STASSUN_ET_AL__2019 href=https://ui.adsabs.harvard.edu/abs/2019AJ....158..138S/abstract target=ref>TICv8</a>,19h26m21.26s,291.5885696,+01d25m34.67s,1.4262972,322.037,2.714,-2.714,5/14/2014,2010-09,5/14/2014
CoRoT-8 b,CoRoT-8,0,1,1,0,0,Transit,2010,CoRoT,Published Confirmed,0,<a refstr=BONOMO_ET_AL__2017 href=https://ui.adsabs.harvard.edu/abs/2017A&A...602A.107B/abstract target=ref>Bonomo et al. 2017</a>,6.212381,0.000057,-0.000057,0,0.06339,0.00096,-0.00098,0,6.389,0.224,-0.224,0,0.57,0.02,-0.02,0,69.28694,10.48839,-13.03103,0,0.218,0.033,-0.041,0,0.19,,,1,,,,,,,,,<a refstr=BONOMO_ET_AL__2017 href=https://ui.adsabs.harvard.edu/abs/2017A&A...602A.107B/abstract target=ref>Bonomo et al. 2017</a>,5080,80,-80,0,0.77,0.02,-0.02,0,0.88,0.04,-0.04,0,0.3,0.1,-0.1,0,,,,,,,,,,3,0,-3,0,,,,,,,,,<a refstr=STASSUN_ET_AL__2019 href=https://ui.adsabs.harvard.edu/abs/2019AJ....158..138S/abstract target=ref>TICv8</a>,19h26m21.26s,291.5885696,+01d25m34.67s,1.4262972,322.037,2.714,-2.714,3/18/2019,2017-06,3/21/2019
HATS-33 b,HATS-33,1,1,1,0,0,Transit,2016,HATSouth,Published Confirmed,0,<a refstr=DE_VAL_BORRO_ET_AL__2016 href=https://ui.adsabs.harvard.edu/abs/2016AJ....152..161D/abstract target=ref>de Val-Borro et al. 2016</a>,2.5495551,0.0000061,-0.0000061,0,0.03727,0.00037,-0.00037,0,13.787,1.255,-0.908,0,1.23,0.112,-0.081,0,378.85336,16.84499,-16.84499,0,1.192,0.053,-0.053,0,0.08,,,1,0.1237,0.008,-0.008,0,,,,,<a refstr=DE_VAL_BORRO_ET_AL__2016 href=https://ui.adsabs.harvard.edu/abs/2016AJ....152..161D/abstract target=ref>de Val-Borro et al. 2016</a>,5659,85,-85,0,1.02,0.05,-0.04,0,1.06,0.03,-0.03,0,0.29,0.05,-0.05,0,[Fe/H],-0.018,0.051,-0.058,0,4.45,0.04,-0.04,0,3,1.7,-1.7,0,1.4,0.16,-0.16,0,,,,,<a refstr=STASSUN_ET_AL__2019 href=https://ui.adsabs.harvard.edu/abs/2019AJ....158..138S/abstract target=ref>TICv8</a>,19h38m32.09s,294.6336944,-55d19m48.97s,-55.3302692,248.46,2.164,-2.127,11/30/2016,2016-12,12/1/2016
TOI-3693 b,TOI-3693,1,1,1,0,0,Transit,2022,Transiting Exoplanet Survey Satellite (TESS),Published Confirmed,0,<a refstr=YEE_ET_AL__2022 href=https://ui.adsabs.harvard.edu/abs/2022AJ....164...70Y/abstract target=ref>Yee et al. 2022</a>,9.088516,0.000026,-0.000027,0,0.0813,0.0011,-0.0012,0,12.599,0.325,-0.258,0,1.124,0.029,-0.023,0,324.18498,76.27882,-69.92225,0,1.02,0.24,-0.22,0,0,0.048,-0.052,0,,,,,,,,,<a refstr=YEE_ET_AL__2022 href=https://ui.adsabs.harvard.edu/abs/2022AJ....164...70Y/abstract target=ref>Yee et al. 2022</a>,5321,86,-82,0,0.79,0.02,-0.01,0,0.87,0.04,-0.04,0,0.071,0.079,-0.076,0,[Fe/H],-0.344,0.031,-0.03,0,4.58,0.01,-0.02,0,3,3.8,-2.1,0,2.48,0.1,-0.16,0,,,,,<a refstr=STASSUN_ET_AL__2019 href=https://ui.adsabs.harvard.edu/abs/2019AJ....158..138S/abstract target=ref>TICv8</a>,01h02m37.05s,15.6543938,+51d18m14.01s,51.3038918,176.436,1.224,-1.208,8/29/2022,2022-08,8/29/2022
WASP-22 b,WASP-22,0,1,1,0,0,Transit,2010,SuperWASP,Published Confirmed,0,<a refstr=MAXTED_ET_AL__2010 href=https://ui.adsabs.harvard.edu/abs/2010AJ....140.2007M/abstract target=ref> Maxted et al. 2010 </a>,3.53269,0.00004,-0.00004,0,0.0468,0.0004,-0.0004,0,12.554,0.448,-0.448,0,1.12,0.04,-0.04,0,177.9848,6.3566,-6.3566,0,0.56,0.02,-0.02,0,0.023,0.012,-0.012,0,,,,,,,,,<a refstr=MAXTED_ET_AL__2010 href=https://ui.adsabs.harvard.edu/abs/2010AJ....140.2007M/abstract target=ref> Maxted et al. 2010 </a>,6000,100,-100,0,1.13,0.03,-0.03,0,1.1,0.3,-0.3,0,-0.05,0.08,-0.08,0,[Fe/H],,,,,4.37,0.02,-0.02,0,3,1,-1,0,1.07,0.08,-0.08,0,16,3,-3,0,<a refstr=STASSUN_ET_AL__2019 href=https://ui.adsabs.harvard.edu/abs/2019AJ....158..138S/abstract target=ref>TICv8</a>,03h31m16.33s,52.8180374,-23d49m11.25s,-23.8197924,317.652,5.638,-5.447,4/25/2018,2010-12,10/6/2016
WASP-5 b,WASP-5,0,1,1,0,0,Transit,2008,SuperWASP,Published Confirmed,0,<a refstr=ANDERSON_ET_AL__2008 href=https://ui.adsabs.harvard.edu/abs/2008MNRAS.387L...4A/abstract target=ref> Anderson et al. 2008 </a>,1.6284296,0.0000048,-0.0000037,0,0.02683,0.00088,-0.00075,0,12.218,1.054,-0.65,0,1.09,0.094,-0.058,0,502.15,41.32,-25.43,0,1.58,0.13,-0.08,0,0,,,0,,,,,,,,,<a refstr=ANDERSON_ET_AL__2008 href=https://ui.adsabs.harvard.edu/abs/2008MNRAS.387L...4A/abstract target=ref> Anderson et al. 2008 </a>,5880,150,-150,0,1.03,0.07,-0.04,0,0.97,0.1,-0.08,0,0,0.2,-0.2,0,[M/H],,,,,4.4,0.04,-0.05,0,3.05,1.35,-1.35,0,,,,,,,,,<a refstr=STASSUN_ET_AL__2019 href=https://ui.adsabs.harvard.edu/abs/2019AJ....158..138S/abstract target=ref>TICv8</a>,23h57m23.77s,359.3490277,-41d16m37.99s,-41.2772202,309.137,3.414,-3.341,10/29/2014,2008-06,10/29/2014
HD 209458 b,HD 209458,0,1,1,0,0,Radial Velocity,1999,W. M. Keck Observatory,Published Confirmed,0,<a refstr=BONOMO_ET_AL__2017 href=https://ui.adsabs.harvard.edu/abs/2017A&A...602A.107B/abstract target=ref>Bonomo et al. 2017</a>,3.52474859,0.00000038,-0.00000038,0,0.04707,0.00045,-0.00047,0,15.233,0.179,-0.213,0,1.359,0.016,-0.019,0,216.76006,4.44962,-4.76745,0,0.682,0.014,-0.015,0,0.0081,,,1,,,,,,,,,<a refstr=BONOMO_ET_AL__2017 href=https://ui.adsabs.harvard.edu/abs/2017A&A...602A.107B/abstract target=ref>Bonomo et al. 2017</a>,6065,50,-50,0,1.16,0.01,-0.02,0,1.12,0.03,-0.03,0,0,0.05,-0.05,0,,,,,,,,,,3.1,0.8,-0.7,0,,,,,10.65,0.75,-0.75,0,<a refstr=STASSUN_ET_AL__2019 href=https://ui.adsabs.harvard.edu/abs/2019AJ....158..138S/abstract target=ref>TICv8</a>,22h03m10.81s,330.7950219,+18d53m03.27s,18.8842419,48.3016,0.124,-0.1234,3/18/2019,2017-06,3/21/2019
HAT-P-25 b,HAT-P-25,0,1,1,0,0,Transit,2010,HATNet,Published Confirmed,0,<a refstr=BONOMO_ET_AL__2017 href=https://ui.adsabs.harvard.edu/abs/2017A&A...602A.107B/abstract target=ref>Bonomo et al. 2017</a>,3.652836,0.000019,-0.000019,0,0.04659,0.00049,-0.0005,0,13.339,0.908,-0.628,0,1.19,0.081,-0.056,0,180.20961,6.99226,-6.99226,0,0.567,0.022,-0.022,0,0.033,,,1,,,,,,,,,<a refstr=BONOMO_ET_AL__2017 href=https://ui.adsabs.harvard.edu/abs/2017A&A...602A.107B/abstract target=ref>Bonomo et al. 2017</a>,5500,80,-80,0,0.96,0.05,-0.04,0,1.01,0.03,-0.03,0,0.31,0.08,-0.08,0,,,,,,,,,,3.2,2.3,-2.3,0,,,,,,,,,<a refstr=STASSUN_ET_AL__2019 href=https://ui.adsabs.harvard.edu/abs/2019AJ....158..138S/abstract target=ref>TICv8</a>,03h13m44.51s,48.4354731,+25d11m50.48s,25.1973548,300.384,4.3,-4.182,3/18/2019,2017-06,3/21/2019
HAT-P-25 b,HAT-P-25,0,1,1,0,0,Transit,2010,HATNet,Published Confirmed,0,<a refstr=QUINN_ET_AL__2010 href=https://ui.adsabs.harvard.edu/abs/2010arXiv1008.3565Q/abstract target=ref> Quinn et al. 2010 </a>,3.652836,0.000019,-0.000019,0,0.0466,0.0005,-0.0005,0,13.339,0.908,-0.628,0,1.19,0.081,-0.056,0,180.202,6.992,-6.992,0,0.567,0.022,-0.022,0,0.032,0.022,-0.022,0,0.1275,0.0024,-0.0024,0,,,,,<a refstr=QUINN_ET_AL__2010 href=https://ui.adsabs.harvard.edu/abs/2010arXiv1008.3565Q/abstract target=ref> Quinn et al. 2010 </a>,5500,80,-80,0,0.96,0.05,-0.04,0,1.01,0.03,-0.03,0,0.31,0.08,-0.08,0,[Fe/H],-0.125,0.054,-0.062,0,4.48,0.04,-0.04,0,3.2,2.3,-2.3,0,,,,,,,,,<a refstr=STASSUN_ET_AL__2019 href=https://ui.adsabs.harvard.edu/abs/2019AJ....158..138S/abstract target=ref>TICv8</a>,03h13m44.51s,48.4354731,+25d11m50.48s,25.1973548,300.384,4.3,-4.182,1/14/2019,2012-01,5/14/2014
HATS-71 b,HATS-71,1,1,1,0,0,Transit,2020,HATSouth,Published Confirmed,0,<a refstr=BAKOS_ET_AL__2020 href=https://ui.adsabs.harvard.edu/abs/2020AJ....159..267B/abstract target=ref>Bakos et al. 2020</a>,3.7955202,0.000001,-0.000001,0,0.03745,0.00015,-0.00015,0,11.478,0.202,-0.202,0,1.024,0.018,-0.018,0,117.5971,76.2792,-76.2792,0,0.37,0.24,-0.24,0,0,,,0,0.2202,0.0024,-0.0024,0,,,,,<a refstr=BAKOS_ET_AL__2020 href=https://ui.adsabs.harvard.edu/abs/2020AJ....159..267B/abstract target=ref>Bakos et al. 2020</a>,3405,10,-10,0,0.48,0.01,-0.01,0,0.49,0.01,-0.01,0,0.17,0.036,-0.036,0,[Fe/H],-1.56,0.01,-0.01,0,4.77,0.01,-0.01,0,3.2,3.8,-1.5,0,6.26,0.17,-0.17,0,41.72,0.14,-0.14,0,<a refstr=STASSUN_ET_AL__2019 href=https://ui.adsabs.harvard.edu/abs/2019AJ....158..138S/abstract target=ref>TICv8</a>,01h02m12.45s,15.5518893,-61d45m22.08s,-61.7561333,140.225,0.865,-0.855,9/17/2020,2020-06,9/24/2020
Qatar-10 b,Qatar-10,1,1,1,0,0,Transit,2019,Qatar,Published Confirmed,0,<a refstr=ALSUBAI_ET_AL__2019 href=https://ui.adsabs.harvard.edu/abs/2019AJ....157..224A/abstract target=ref>Alsubai et al. 2019</a>,1.645321,0.00001,-0.00001,0,0.0286,0.0006,-0.0006,0,17.295,0.448,-0.448,0,1.543,0.04,-0.04,0,233.92288,28.6047,-28.6047,0,0.736,0.09,-0.09,0,0,,,0,0.1265,0.001,-0.001,0,,,,,<a refstr=ALSUBAI_ET_AL__2019 href=https://ui.adsabs.harvard.edu/abs/2019AJ....157..224A/abstract target=ref>Alsubai et al. 2019</a>,6124,46,-46,0,1.25,0.03,-0.03,0,1.16,0.07,-0.07,0,0.016,0.089,-0.089,0,[Fe/H],0.3,0.02,-0.021,0,4.3,0.03,-0.03,0,3.2,1.9,-1.9,0,0.823,0.062,-0.062,0,,,,,<a refstr=STASSUN_ET_AL__2019 href=https://ui.adsabs.harvard.edu/abs/2019AJ....158..138S/abstract target=ref>TICv8</a>,18h57m46.54s,284.4439052,+69d34m15.01s,69.5708373,559.068,6.085,-5.957,4/30/2019,2019-06,5/2/2019
NGTS-15 b,NGTS-15,1,1,1,0,0,Transit,2021,Paranal Observatory,Published Confirmed,0,<a refstr=TILBROOK_ET_AL__2021 href=https://ui.adsabs.harvard.edu/abs/2021MNRAS.tmp..893T/abstract target=ref>Tilbrook et al. 2021</a>,3.27623,0.00001,-0.00001,0,0.0441,0.0046,-0.0046,0,12.33,1.121,-1.121,0,1.1,0.1,-0.1,0,238.68913,32.4185,-27.9689,0,0.751,0.102,-0.088,0,0,,,0,0.119,0.003,-0.003,0,,,,,<a refstr=TILBROOK_ET_AL__2021 href=https://ui.adsabs.harvard.edu/abs/2021MNRAS.tmp..893T/abstract target=ref>Tilbrook et al. 2021</a>,5600,150,-150,0,0.95,0.08,-0.08,0,0.99,0.03,-0.03,0,0.15,0.1,-0.1,0,[Fe/H],,,,,4.4,0.12,-0.13,0,3.28,4.23,-3.56,0,,,,,,,,,<a refstr=STASSUN_ET_AL__2019 href=https://ui.adsabs.harvard.edu/abs/2019AJ....158..138S/abstract target=ref>TICv8</a>,04h53m25.27s,73.3553101,-32d48m01.25s,-32.8003484,786.485,10.685,-10.408,4/23/2021,2021-03,4/23/2021
CoRoT-22 b,CoRoT-22,1,1,1,0,0,Transit,2014,CoRoT,Published Confirmed,0,<a refstr=MOUTOU_ET_AL__2014 href=https://ui.adsabs.harvard.edu/abs/2014MNRAS.444.2783M/abstract target=ref>Moutou et al. 2014</a>,9.75598,0.00011,-0.00011,0,0.092,0.0014,-0.0014,0,4.88,0.17,-0.39,0,0.435,0.015,-0.035,0,12.2,14,-8.8,0,0.038,0.044,-0.028,0,0.077,0.3,-0.042,0,0.03927,0.0006,-0.00037,0,,,,,<a refstr=MOUTOU_ET_AL__2014 href=https://ui.adsabs.harvard.edu/abs/2014MNRAS.444.2783M/abstract target=ref>Moutou et al. 2014</a>,5939,54,-120,0,1.14,0.04,-0.09,0,1.1,0.05,-0.05,0,0.17,0.07,-0.12,0,[Fe/H],,,,,4.36,0.07,-0.03,0,3.3,2,-2,0,1.027,0.268,-0.1,0,,,,,<a refstr=STASSUN_ET_AL__2019 href=https://ui.adsabs.harvard.edu/abs/2019AJ....158..138S/abstract target=ref>TICv8</a>,18h42m40.11s,280.6671392,+06d13m09.00s,6.2191669,627.158,11.187,-10.808,8/21/2014,2014-08,8/21/2014
HATS-10 b,HATS-10,0,1,1,0,0,Transit,2015,HATSouth,Published Confirmed,0,<a refstr=BONOMO_ET_AL__2017 href=https://ui.adsabs.harvard.edu/abs/2017A&A...602A.107B/abstract target=ref>Bonomo et al. 2017</a>,3.312846,0.0000058,-0.0000058,0,0.04493,0.00071,-0.00076,0,10.862,0.684,-0.504,0,0.969,0.061,-0.045,0,185.93055,30.82951,-38.1396,0,0.585,0.097,-0.12,0,0.28,,,1,,,,,,,,,<a refstr=BONOMO_ET_AL__2017 href=https://ui.adsabs.harvard.edu/abs/2017A&A...602A.107B/abstract target=ref>Bonomo et al. 2017</a>,5880,120,-120,0,1.1,0.06,-0.04,0,1.1,0.05,-0.05,0,0.15,0.1,-0.1,0,,,,,,,,,,3.3,1.7,-1.7,0,,,,,,,,,<a refstr=STASSUN_ET_AL__2019 href=https://ui.adsabs.harvard.edu/abs/2019AJ....158..138S/abstract target=ref>TICv8</a>,19h37m13.64s,294.3068385,-22d12m16.15s,-22.2044872,534.889,7.724,-7.512,3/18/2019,2017-06,3/21/2019
TOI-905 b,TOI-905,1,1,1,0,0,Transit,2020,Transiting Exoplanet Survey Satellite (TESS),Published Confirmed,0,<a refstr=DAVIS_ET_AL__2020 href=https://ui.adsabs.harvard.edu/abs/2020AJ....160..229D/abstract target=ref>Davis et al. 2020</a>,3.739494,0.000038,-0.000038,0,0.04666,0.00096,-0.0011,0,13.126,0.594,-0.572,0,1.171,0.053,-0.051,0,211.99261,13.34886,-13.03103,0,0.667,0.042,-0.041,0,0.024,0.025,-0.017,0,,,,,,,,,<a refstr=DAVIS_ET_AL__2020 href=https://ui.adsabs.harvard.edu/abs/2020AJ....160..229D/abstract target=ref>Davis et al. 2020</a>,5570,150,-140,0,0.92,0.04,-0.04,0,0.97,0.06,-0.07,0,0.14,0.22,-0.18,0,[Fe/H],-0.137,0.066,-0.061,0,4.5,0.03,-0.03,0,3.4,3.8,-2.3,0,1.76,0.16,-0.16,0,,,,,<a refstr=STASSUN_ET_AL__2019 href=https://ui.adsabs.harvard.edu/abs/2019AJ....158..138S/abstract target=ref>TICv8</a>,15h10m38.08s,227.6586754,-71d21m41.87s,-71.3616316,158.649,0.725,-0.718,2/8/2021,2020-11,2/11/2021
HAT-P-37 b,HAT-P-37,0,1,1,0,0,Transit,2011,HATNet,Published Confirmed,0,<a refstr=BONOMO_ET_AL__2017 href=https://ui.adsabs.harvard.edu/abs/2017A&A...602A.107B/abstract target=ref>Bonomo et al. 2017</a>,2.797436,0.000007,-0.000007,0,0.03793,0.00056,-0.00058,0,13.204,0.863,-0.863,0,1.178,0.077,-0.077,0,381.396,38.1396,-34.9613,0,1.2,0.12,-0.11,0,0.14,,,1,,,,,,,,,<a refstr=BONOMO_ET_AL__2017 href=https://ui.adsabs.harvard.edu/abs/2017A&A...602A.107B/abstract target=ref>Bonomo et al. 2017</a>,5500,100,-100,0,0.88,0.06,-0.04,0,0.93,0.04,-0.04,0,0.03,0.1,-0.1,0,,,,,,,,,,3.6,4.1,-2.2,0,,,,,,,,,<a refstr=STASSUN_ET_AL__2019 href=https://ui.adsabs.harvard.edu/abs/2019AJ....158..138S/abstract target=ref>TICv8</a>,18h57m11.05s,284.2960393,+51d16m08.84s,51.2691212,390.594,2.723,-2.686,3/18/2019,2017-06,3/21/2019
HATS-5 b,HATS-5,0,1,1,0,0,Transit,2014,HATSouth,Published Confirmed,0,<a refstr=BONOMO_ET_AL__2017 href=https://ui.adsabs.harvard.edu/abs/2017A&A...602A.107B/abstract target=ref>Bonomo et al. 2017</a>,4.763387,0.00001,-0.00001,0,0.05428,0.00056,-0.0006,0,10.223,0.28,-0.28,0,0.912,0.025,-0.025,0,75.64354,4.44962,-4.44962,0,0.238,0.014,-0.014,0,0.044,,,1,,,,,,,,,<a refstr=BONOMO_ET_AL__2017 href=https://ui.adsabs.harvard.edu/abs/2017A&A...602A.107B/abstract target=ref>Bonomo et al. 2017</a>,5304,50,-50,0,0.87,0.02,-0.02,0,0.94,0.03,-0.03,0,0.19,0.08,-0.08,0,,,,,,,,,,3.6,2.6,-1.9,0,,,,,,,,,<a refstr=STASSUN_ET_AL__2019 href=https://ui.adsabs.harvard.edu/abs/2019AJ....158..138S/abstract target=ref>TICv8</a>,04h28m53.48s,67.2228465,-21d28m55.40s,-21.4820568,246.384,1.742,-1.719,3/18/2019,2017-06,3/21/2019
HATS-5 b,HATS-5,1,1,1,0,0,Transit,2014,HATSouth,Published Confirmed,0,<a refstr=ZHOU_ET_AL__2014 href=https://ui.adsabs.harvard.edu/abs/2014AJ....147..144Z/abstract target=ref> Zhou et al. 2014 </a>,4.763387,0.00001,-0.00001,0,0.0542,0.0006,-0.0006,0,10.223,0.28,-0.28,0,0.912,0.025,-0.025,0,75.323,3.814,-3.914,0,0.237,0.012,-0.012,0,0.019,0.019,-0.019,0,0.1076,0.0004,-0.0004,0,,,,,<a refstr=ZHOU_ET_AL__2014 href=https://ui.adsabs.harvard.edu/abs/2014AJ....147..144Z/abstract target=ref> Zhou et al. 2014 </a>,5304,50,-50,0,0.87,0.02,-0.02,0,0.94,0.03,-0.03,0,0.19,0.08,-0.08,0,[Fe/H],-0.268,0.031,-0.033,0,4.53,0.02,-0.02,0,3.6,2.6,-1.9,0,,,,,,,,,<a refstr=STASSUN_ET_AL__2019 href=https://ui.adsabs.harvard.edu/abs/2019AJ....158..138S/abstract target=ref>TICv8</a>,04h28m53.48s,67.2228465,-21d28m55.40s,-21.4820568,246.384,1.742,-1.719,5/14/2014,2014-06,5/14/2014
Kepler-76 b,Kepler-76,0,1,1,0,0,Orbital Brightness Modulation,2013,Kepler,Published Confirmed,0,<a refstr=BONOMO_ET_AL__2017 href=https://ui.adsabs.harvard.edu/abs/2017A&A...602A.107B/abstract target=ref>Bonomo et al. 2017</a>,1.5449287,0.00000027,-0.00000027,0,0.0278,0.0015,-0.0016,0,14.011,0.897,-0.897,0,1.25,0.08,-0.08,0,635.66,85.8141,-82.6358,0,2,0.27,-0.26,0,0.078,,,1,,,,,,,,,<a refstr=BONOMO_ET_AL__2017 href=https://ui.adsabs.harvard.edu/abs/2017A&A...602A.107B/abstract target=ref>Bonomo et al. 2017</a>,6409,95,-95,0,1.32,0.08,-0.08,0,1.2,0.2,-0.2,0,-0.1,0.2,-0.2,0,[Fe/H],,,,,,,,,3.6,3.7,-1.3,0,,,,,,,,,<a refstr=STASSUN_ET_AL__2019 href=https://ui.adsabs.harvard.edu/abs/2019AJ....158..138S/abstract target=ref>TICv8</a>,19h36m46.11s,294.1921185,+39d37m08.30s,39.6189727,822.96,10.435,-10.182,3/18/2019,2017-06,3/21/2019
WASP-60 b,WASP-60,0,1,1,0,0,Transit,2012,SuperWASP,Published Confirmed,0,<a refstr=HEBRARD_ET_AL__2013 href=https://ui.adsabs.harvard.edu/abs/2013A%26A...549A.134H/abstract target=ref> Hebrard et al. 2013 </a>,4.3050011,0.0000062,-0.0000062,0,0.0531,0.0006,-0.0006,0,9.64,1.35,-1.35,0,0.86,0.12,-0.12,0,163.358,10.806,-10.806,0,0.514,0.034,-0.034,0,0,,,0,,,,,,,,,<a refstr=HEBRARD_ET_AL__2013 href=https://ui.adsabs.harvard.edu/abs/2013A%26A...549A.134H/abstract target=ref> Hebrard et al. 2013 </a>,5900,100,-100,0,1.14,0.13,-0.13,0,1.08,0.04,-0.04,0,-0.04,0.09,-0.09,0,[Fe/H],,,,,4.35,0.09,-0.09,0,3.6,4.3,-2.1,0,1.01,0.28,-0.28,0,,,,,<a refstr=STASSUN_ET_AL__2019 href=https://ui.adsabs.harvard.edu/abs/2019AJ....158..138S/abstract target=ref>TICv8</a>,23h46m40.01s,356.6667136,+31d09m21.28s,31.1559115,431.052,7.554,-7.303,4/25/2018,2013-01,5/14/2014
HATS-24 b,HATS-24,1,1,1,0,0,Transit,2017,HATSouth,Published Confirmed,0,<a refstr=OLIVEIRA_ET_AL__2019 href=https://ui.adsabs.harvard.edu/abs/2019RNAAS...3b..35O/abstract target=ref>Oliveira et al. 2019</a>,1.3484978,0.0000009,-0.0000009,0,0.0238,0.001,-0.001,0,15.637,0.639,-0.639,0,1.395,0.057,-0.057,0,718.2958,54.0311,-54.0311,0,2.26,0.17,-0.17,0,0,,,0,0.12801,0.00017,-0.00017,0,,,,,<a refstr=OLIVEIRA_ET_AL__2019 href=https://ui.adsabs.harvard.edu/abs/2019RNAAS...3b..35O/abstract target=ref>Oliveira et al. 2019</a>,6125,94,-94,0,1.12,0.04,-0.05,0,1.07,0.03,-0.05,0,-0.229,0.058,-0.058,0,[Fe/H],0.19,0.021,-0.021,0,4.37,0.04,-0.04,0,3.7,2,-1.8,0,,,,,,,,,<a refstr=STASSUN_ET_AL__2019 href=https://ui.adsabs.harvard.edu/abs/2019AJ....158..138S/abstract target=ref>TICv8</a>,17h55m33.77s,268.8907069,-61d44m50.64s,-61.7474,494.182,12.468,-11.88,7/8/2019,2019-02,7/11/2019
Kepler-15 b,Kepler-15,1,1,1,0,0,Transit,2011,Kepler,Published Confirmed,0,<a refstr=ENDL_ET_AL__2011 href=https://ui.adsabs.harvard.edu/abs/2011ApJS..197...13E/abstract target=ref> Endl et al. 2011 </a>,4.942782,0.0000013,-0.0000013,0,0.05714,0.00086,-0.00093,0,10.76,0.67,-0.78,0,0.96,0.06,-0.07,0,209.76,25.43,-28.6,0,0.66,0.08,-0.09,0,0.06,,,0,0.0996,0.00055,-0.00053,0,,,,,<a refstr=ENDL_ET_AL__2011 href=https://ui.adsabs.harvard.edu/abs/2011ApJS..197...13E/abstract target=ref> Endl et al. 2011 </a>,5515,122,-130,0,0.99,0.06,-0.07,0,1.02,0.04,-0.05,0,0.36,0.07,-0.07,0,[Fe/H],-0.087,0.078,-0.088,0,4.46,0.05,-0.05,0,3.7,1.5,-3.6,0,1.47,0.26,-0.28,0,,,,,<a refstr=STASSUN_ET_AL__2019 href=https://ui.adsabs.harvard.edu/abs/2019AJ....158..138S/abstract target=ref>TICv8</a>,19h44m48.13s,296.2005506,+49d08m24.11s,49.1400304,739.412,11.158,-11.158,5/14/2014,2011-11,5/14/2014
Kepler-15 b,Kepler-15,0,1,1,0,0,Transit,2011,Kepler,Published Confirmed,0,<a refstr=BONOMO_ET_AL__2017 href=https://ui.adsabs.harvard.edu/abs/2017A&A...602A.107B/abstract target=ref>Bonomo et al. 2017</a>,4.9427809,0.0000014,-0.0000014,0,0.05705,0.00069,-0.00066,0,10.761,0.673,-0.785,0,0.96,0.06,-0.07,0,201.18639,14.62018,-14.30235,0,0.633,0.046,-0.045,0,0.068,,,1,,,,,,,,,<a refstr=BONOMO_ET_AL__2017 href=https://ui.adsabs.harvard.edu/abs/2017A&A...602A.107B/abstract target=ref>Bonomo et al. 2017</a>,5520,120,-130,0,0.99,0.06,-0.07,0,1.02,0.04,-0.03,0,0.36,0.07,-0.07,0,,,,,,,,,,3.7,1.5,-3.6,0,,,,,,,,,<a refstr=STASSUN_ET_AL__2019 href=https://ui.adsabs.harvard.edu/abs/2019AJ....158..138S/abstract target=ref>TICv8</a>,19h44m48.13s,296.2005506,+49d08m24.11s,49.1400304,739.412,11.158,-11.158,3/18/2019,2017-06,3/21/2019
K2-291 b,K2-291,1,1,1,0,0,Transit,2019,K2,Published Confirmed,0,<a refstr=KOSIAREK_ET_AL__2019 href=https://ui.adsabs.harvard.edu/abs/2019AJ....157..116K/abstract target=ref>Kosiarek et al. 2019</a>,2.225177,0.000066,-0.000068,0,0.03261,0.00044,-0.00044,0,1.589,0.095,-0.072,0,0.142,0.008,-0.006,0,6.49,1.16,-1.16,0,0.02042,0.00365,-0.00365,0,0,,,0,0.01614,0.00062,-0.00033,0,,,,,<a refstr=KOSIAREK_ET_AL__2019 href=https://ui.adsabs.harvard.edu/abs/2019AJ....157..116K/abstract target=ref>Kosiarek et al. 2019</a>,5520,60,-60,0,0.9,0.04,-0.03,0,0.93,0.04,-0.04,0,0.08,0.04,-0.05,0,[Fe/H],-0.166,0.009,-0.01,0,4.5,0.05,-0.05,0,3.72,3.7,-2.51,0,,,,,,,,,<a refstr=STASSUN_ET_AL__2019 href=https://ui.adsabs.harvard.edu/abs/2019AJ....158..138S/abstract target=ref>TICv8</a>,05h05m47.03s,76.44594,+21d32m53.52s,21.548199,90.0562,0.4953,-0.49,1/22/2019,2019-03,1/24/2019
HAT-P-54 b,HAT-P-54,1,1,1,0,0,Transit,2015,HATNet,Published Confirmed,0,<a refstr=BAKOS_ET_AL__2015 href=https://ui.adsabs.harvard.edu/abs/2015AJ....149..149B/abstract target=ref>Bakos et al. 2015</a>,3.799847,0.000014,-0.000014,0,0.04117,0.00043,-0.00043,0,10.581,0.314,-0.314,0,0.944,0.028,-0.028,0,241.5508,10.17056,-10.17056,0,0.76,0.032,-0.032,0,0.074,,,1,0.1572,0.002,-0.002,0,,,,,<a refstr=BAKOS_ET_AL__2015 href=https://ui.adsabs.harvard.edu/abs/2015AJ....149..149B/abstract target=ref>Bakos et al. 2015</a>,4390,50,-50,0,0.62,0.01,-0.01,0,0.65,0.02,-0.02,0,-0.127,0.08,-0.08,0,[Fe/H],-0.902,0.03,-0.032,0,4.67,0.01,-0.01,0,3.9,4.3,-2.1,0,,,,,,,,,<a refstr=STASSUN_ET_AL__2019 href=https://ui.adsabs.harvard.edu/abs/2019AJ....158..138S/abstract target=ref>TICv8</a>,06h39m35.52s,99.8979924,+25d28m56.64s,25.4824005,143.651,0.583,-0.579,4/24/2015,2015-04,4/24/2015
HD 97658 b,HD 97658,1,1,1,0,0,Radial Velocity,2010,W. M. Keck Observatory,Published Confirmed,0,<a refstr=ELLIS_ET_AL__2021 href=https://ui.adsabs.harvard.edu/abs/2021AJ....162..118E/abstract target=ref>Ellis et al. 2021</a>,9.4897116,0.0000008,-0.0000008,0,,,,,2.12,0.06,-0.06,0,0.189,0.005,-0.005,0,8.3,1.1,-1.1,0,0.02611,0.00346,-0.00346,0,0.05,0.04,-0.03,0,0.0267,0.0007,-0.0007,0,,,,,<a refstr=ELLIS_ET_AL__2021 href=https://ui.adsabs.harvard.edu/abs/2021AJ....162..118E/abstract target=ref>Ellis et al. 2021</a>,5212,43,-43,0,0.73,0.01,-0.01,0,0.85,0.08,-0.08,0,-0.23,0.03,-0.03,0,[Fe/H],-0.455,0.009,-0.009,0,4.64,0.04,-0.04,0,3.9,2.6,-2.03,0,3.1,0.3,-0.3,0,,,,,<a refstr=STASSUN_ET_AL__2019 href=https://ui.adsabs.harvard.edu/abs/2019AJ....158..138S/abstract target=ref>TICv8</a>,11h14m33.04s,168.6376584,+25d42m38.15s,25.7105962,21.5618,0.0254,-0.0253,8/10/2021,2021-09,8/10/2021
K2-30 b,K2-30,1,1,1,0,0,Transit,2016,K2,Published Confirmed,0,<a refstr=JOHNSON_ET_AL__2016 href=https://ui.adsabs.harvard.edu/abs/2016AJ....151..171J/abstract target=ref>Johnson et al. 2016</a>,4.098503,0.000011,-0.000011,0,0.04839,0.00076,-0.00076,0,11.646,0.56,-0.572,0,1.039,0.05,-0.051,0,184.02357,8.89924,-8.58141,0,0.579,0.028,-0.027,0,0,,,0,0.1266,0.0015,-0.0016,0,,,,,<a refstr=JOHNSON_ET_AL__2016 href=https://ui.adsabs.harvard.edu/abs/2016AJ....151..171J/abstract target=ref>Johnson et al. 2016</a>,5425,40,-40,0,0.84,0.03,-0.03,0,0.9,0.04,-0.04,0,-0.15,0.05,-0.05,0,[Fe/H],-0.256,0.036,-0.038,0,4.54,0.03,-0.03,0,3.9,2.1,-1.9,0,2.11,0.22,-0.19,0,,,,,<a refstr=STASSUN_ET_AL__2019 href=https://ui.adsabs.harvard.edu/abs/2019AJ....158..138S/abstract target=ref>TICv8</a>,03h29m22.09s,52.3420548,+22d17m57.66s,22.2993491,333.042,3.021,-2.968,4/13/2016,2016-06,4/14/2016
WASP-15 b,WASP-15,0,1,1,0,0,Transit,2009,SuperWASP,Published Confirmed,0,<a refstr=BONOMO_ET_AL__2017 href=https://ui.adsabs.harvard.edu/abs/2017A&A...602A.107B/abstract target=ref>Bonomo et al. 2017</a>,3.75209748,0.00000081,-0.00000081,0,0.0499,0.0017,-0.0018,0,16.006,0.863,-0.863,0,1.428,0.077,-0.077,0,172.26386,17.16282,-16.84499,0,0.542,0.054,-0.053,0,0.055,,,1,,,,,,,,,<a refstr=BONOMO_ET_AL__2017 href=https://ui.adsabs.harvard.edu/abs/2017A&A...602A.107B/abstract target=ref>Bonomo et al. 2017</a>,6300,100,-100,0,1.48,0.07,-0.07,0,1.18,0.12,-0.12,0,-0.17,0.11,-0.11,0,[Fe/H],,,,,,,,,3.9,2.8,-1.3,0,,,,,,,,,<a refstr=STASSUN_ET_AL__2019 href=https://ui.adsabs.harvard.edu/abs/2019AJ....158..138S/abstract target=ref>TICv8</a>,13h55m42.72s,208.9280111,-32d09m34.96s,-32.1597118,282.091,3.371,-3.294,3/18/2019,2017-06,3/21/2019
CoRoT-29 b,CoRoT-29,0,1,1,0,0,Transit,2015,CoRoT,Published Confirmed,0,<a refstr=BONOMO_ET_AL__2017 href=https://ui.adsabs.harvard.edu/abs/2017A&A...602A.107B/abstract target=ref>Bonomo et al. 2017</a>,2.85057,0.000006,-0.000006,0,0.039,0.0018,-0.002,0,10.088,1.793,-1.793,0,0.9,0.16,-0.16,0,266.9772,41.3179,-38.1396,0,0.84,0.13,-0.12,0,0.12,,,1,,,,,,,,,<a refstr=BONOMO_ET_AL__2017 href=https://ui.adsabs.harvard.edu/abs/2017A&A...602A.107B/abstract target=ref>Bonomo et al. 2017</a>,5260,100,-100,0,0.9,0.12,-0.12,0,0.97,0.14,-0.14,0,0.2,0.1,-0.1,0,,,,,,,,,,4,4,-3,0,,,,,,,,,<a refstr=STASSUN_ET_AL__2019 href=https://ui.adsabs.harvard.edu/abs/2019AJ....158..138S/abstract target=ref>TICv8</a>,18h35m36.50s,278.9020691,+06d28m46.45s,6.4795703,806.507,44.027,-39.76,3/18/2019,2017-06,3/21/2019
HAT-P-23 b,HAT-P-23,0,1,1,0,0,Transit,2010,HATNet,Published Confirmed,0,<a refstr=BAKOS_ET_AL__2010 href=https://ui.adsabs.harvard.edu/abs/2010arXiv1008.3388B/abstract target=ref> Bakos et al. 2010 </a>,1.212884,0.000002,-0.000002,0,0.0232,0.0002,-0.0002,0,15.334,1.009,-1.009,0,1.368,0.09,-0.09,0,664.237,35.278,-35.278,0,2.09,0.111,-0.111,0,0.106,0.044,-0.044,0,0.1169,0.0012,-0.0012,0,,,,,<a refstr=BAKOS_ET_AL__2010 href=https://ui.adsabs.harvard.edu/abs/2010arXiv1008.3388B/abstract target=ref> Bakos et al. 2010 </a>,5905,80,-80,0,1.2,0.07,-0.07,0,1.13,0.04,-0.04,0,0.15,0.04,-0.04,0,[Fe/H],0.199,0.059,-0.068,0,4.33,0.05,-0.05,0,4,1,-1,0,,,,,,,,,<a refstr=STASSUN_ET_AL__2019 href=https://ui.adsabs.harvard.edu/abs/2019AJ....158..138S/abstract target=ref>TICv8</a>,20h24m29.74s,306.1239076,+16d45m43.73s,16.7621462,364.813,4.772,-4.653,4/25/2018,2011-12,5/14/2014
HAT-P-23 b,HAT-P-23,0,1,1,0,0,Transit,2010,HATNet,Published Confirmed,0,<a refstr=BONOMO_ET_AL__2017 href=https://ui.adsabs.harvard.edu/abs/2017A&A...602A.107B/abstract target=ref>Bonomo et al. 2017</a>,1.21288287,0.00000017,-0.00000017,0,0.0232,0.00024,-0.00024,0,15.334,1.009,-1.009,0,1.368,0.09,-0.09,0,626.1251,38.1396,-38.1396,0,1.97,0.12,-0.12,0,0.052,,,1,,,,,,,,,<a refstr=BONOMO_ET_AL__2017 href=https://ui.adsabs.harvard.edu/abs/2017A&A...602A.107B/abstract target=ref>Bonomo et al. 2017</a>,5905,80,-80,0,1.2,0.07,-0.07,0,1.13,0.04,-0.04,0,0.15,0.04,-0.04,0,,,,,,,,,,4,1,-1,0,,,,,,,,,<a refstr=STASSUN_ET_AL__2019 href=https://ui.adsabs.harvard.edu/abs/2019AJ....158..138S/abstract target=ref>TICv8</a>,20h24m29.74s,306.1239076,+16d45m43.73s,16.7621462,364.813,4.772,-4.653,3/18/2019,2017-06,3/21/2019
KOI-4777.01,KOI-4777,1,1,1,0,0,Transit,2014,Kepler,Published Confirmed,0,<a refstr=CA_NTILDE_AS_ET_AL__2022 href=https://ui.adsabs.harvard.edu/abs/2022AJ....163....3C/abstract target=ref>Ca&ntilde;as et al. 2022</a>,0.412,0.000001,-0.000001,0,0.008,0.0003,-0.0003,0,0.51,0.03,-0.03,0,0.045,0.003,-0.003,0,99.2,,,1,0.31212,,,1,0,,,0,0.0116,0.0006,-0.0006,0,,,,,<a refstr=CA_NTILDE_AS_ET_AL__2022 href=https://ui.adsabs.harvard.edu/abs/2022AJ....163....3C/abstract target=ref>Ca&ntilde;as et al. 2022</a>,3515,69,-69,0,0.4,0.01,-0.01,0,0.41,0.02,-0.02,0,0.1,0.1,-0.1,0,[Fe/H],,,,,4.77,0.04,-0.04,0,4,1,-2,0,8.9,0.6,-0.6,0,44,1,-1,0,<a refstr=STASSUN_ET_AL__2019 href=https://ui.adsabs.harvard.edu/abs/2019AJ....158..138S/abstract target=ref>TICv8</a>,19h09m02.92s,287.2621474,+42d01m56.01s,42.0322257,172.245,1.243,-1.226,1/10/2022,2022-01,1/10/2022
Kepler-12 b,Kepler-12,0,1,1,0,0,Transit,2011,Kepler,Published Confirmed,0,<a refstr=BONOMO_ET_AL__2017 href=https://ui.adsabs.harvard.edu/abs/2017A&A...602A.107B/abstract target=ref>Bonomo et al. 2017</a>,4.4379637,0.0000002,-0.0000002,0,0.05563,0.00084,-0.00085,0,18.999,0.314,-0.359,0,1.695,0.028,-0.032,0,137.62039,13.34886,-12.7132,0,0.433,0.042,-0.04,0,0.021,,,1,,,,,,,,,<a refstr=BONOMO_ET_AL__2017 href=https://ui.adsabs.harvard.edu/abs/2017A&A...602A.107B/abstract target=ref>Bonomo et al. 2017</a>,5950,100,-100,0,1.48,0.03,-0.03,0,1.17,0.05,-0.05,0,0.07,0.04,-0.04,0,,,,,,,,,,4,0.3,-0.4,0,,,,,,,,,<a refstr=STASSUN_ET_AL__2019 href=https://ui.adsabs.harvard.edu/abs/2019AJ....158..138S/abstract target=ref>TICv8</a>,19h04m58.43s,286.2434458,+50d02m25.32s,50.0403671,881.386,9.854,-9.643,3/18/2019,2017-06,3/21/2019
Kepler-12 b,Kepler-12,0,1,1,0,0,Transit,2011,Kepler,Published Confirmed,0,<a refstr=FORTNEY_ET_AL__2011 href=https://ui.adsabs.harvard.edu/abs/2011ApJS..197....9F/abstract target=ref> Fortney et al. 2011 </a>,4.4379637,0.0000002,-0.0000002,0,0.0556,0.0007,-0.0007,0,18.999,0.314,-0.359,0,1.695,0.028,-0.032,0,136.979,13.03,-12.713,0,0.431,0.041,-0.04,0,0.01,,,1,,,,,,,,,<a refstr=FORTNEY_ET_AL__2011 href=https://ui.adsabs.harvard.edu/abs/2011ApJS..197....9F/abstract target=ref> Fortney et al. 2011 </a>,5947,100,-100,0,1.48,0.03,-0.03,0,1.17,0.05,-0.05,0,0.07,0.04,-0.04,0,[Fe/H],,,,,4.17,0.01,-0.01,0,4,0.3,-0.4,0,0.499,0.024,-0.011,0,,,,,<a refstr=STASSUN_ET_AL__2019 href=https://ui.adsabs.harvard.edu/abs/2019AJ....158..138S/abstract target=ref>TICv8</a>,19h04m58.43s,286.2434458,+50d02m25.32s,50.0403671,881.386,9.854,-9.643,5/14/2014,2011-11,5/14/2014
WASP-164 b,WASP-164,1,1,1,0,0,Transit,2018,SuperWASP-South,Published Confirmed,0,<a refstr=LENDL_ET_AL__2019 href=https://ui.adsabs.harvard.edu/abs/2019MNRAS.482..301L/abstract target=ref>Lendl et al. 2019</a>,1.7771255,0.0000028,-0.0000028,0,0.02818,0.00065,-0.00072,0,12.644,0.46,-0.482,0,1.128,0.041,-0.043,0,676.9779,38.1396,-41.3179,0,2.13,0.12,-0.13,0,0,,,0,0.1242,0.0013,-0.0013,0,,,,,<a refstr=LENDL_ET_AL__2019 href=https://ui.adsabs.harvard.edu/abs/2019MNRAS.482..301L/abstract target=ref>Lendl et al. 2019</a>,5806,190,-200,0,0.93,0.03,-0.03,0,0.95,0.07,-0.07,0,-0.01,0.19,-0.2,0,[Fe/H],,,,,,,,,4.08,2.38,-2.38,0,1.642,0.1,-0.094,0,,,,,<a refstr=STASSUN_ET_AL__2019 href=https://ui.adsabs.harvard.edu/abs/2019AJ....158..138S/abstract target=ref>TICv8</a>,22h59m29.66s,344.8735878,-60d26m52.15s,-60.4478194,327.506,4.012,-3.918,11/2/2018,2019-01,11/1/2018
CoRoT-14 b,CoRoT-14,1,1,1,0,0,Transit,2010,CoRoT,Published Confirmed,0,<a refstr=TINGLEY_ET_AL__2011 href=https://ui.adsabs.harvard.edu/abs/2011A%26A...528A..97T/abstract target=ref> Tingley et al. 2011 </a>,1.51214,0.00013,-0.00013,0,0.027,0.002,-0.002,0,12.22,0.78,-0.78,0,1.09,0.07,-0.07,0,2415.4,190.7,-190.7,0,7.6,0.6,-0.6,0,0,,,0,0.0925,0.0019,-0.0019,0,,,,,<a refstr=TINGLEY_ET_AL__2011 href=https://ui.adsabs.harvard.edu/abs/2011A%26A...528A..97T/abstract target=ref> Tingley et al. 2011 </a>,6035,100,-100,0,1.21,0.08,-0.08,0,1.13,0.09,-0.09,0,0.05,0.15,-0.15,0,[Fe/H],,,,,4.35,0.15,-0.15,0,4.2,3.8,-3.8,0,0.91,0.17,-0.17,0,,,,,<a refstr=STASSUN_ET_AL__2019 href=https://ui.adsabs.harvard.edu/abs/2019AJ....158..138S/abstract target=ref>TICv8</a>,06h53m41.81s,103.4242023,-05d32m09.74s,-5.5360385,1744.6,173.03,-144.9,5/14/2014,2011-04,5/14/2014
CoRoT-14 b,CoRoT-14,0,1,1,0,0,Transit,2010,CoRoT,Published Confirmed,0,<a refstr=BONOMO_ET_AL__2017 href=https://ui.adsabs.harvard.edu/abs/2017A&A...602A.107B/abstract target=ref>Bonomo et al. 2017</a>,1.51214,0.00013,-0.00013,0,0.02691,0.0007,-0.00073,0,12.218,0.785,-0.785,0,1.09,0.07,-0.07,0,2358.2986,149.3801,-149.3801,0,7.42,0.47,-0.47,0,0.036,,,1,,,,,,,,,<a refstr=BONOMO_ET_AL__2017 href=https://ui.adsabs.harvard.edu/abs/2017A&A...602A.107B/abstract target=ref>Bonomo et al. 2017</a>,6040,100,-100,0,1.21,0.08,-0.08,0,1.13,0.09,-0.09,0,0.05,0.15,-0.15,0,,,,,,,,,,4.2,3.8,-3.8,0,,,,,,,,,<a refstr=STASSUN_ET_AL__2019 href=https://ui.adsabs.harvard.edu/abs/2019AJ....158..138S/abstract target=ref>TICv8</a>,06h53m41.81s,103.4242023,-05d32m09.74s,-5.5360385,1744.6,173.03,-144.9,3/18/2019,2017-06,3/21/2019
CoRoT-27 b,CoRoT-27,0,1,1,0,0,Transit,2014,CoRoT,Published Confirmed,0,<a refstr=BONOMO_ET_AL__2017 href=https://ui.adsabs.harvard.edu/abs/2017A&A...602A.107B/abstract target=ref>Bonomo et al. 2017</a>,3.57532,0.00006,-0.00006,0,0.0467,0.0015,-0.0017,0,11.287,0.493,-0.493,0,1.007,0.044,-0.044,0,3273.649,257.4423,-263.7989,0,10.3,0.81,-0.83,0,0.034,,,1,,,,,,,,,<a refstr=BONOMO_ET_AL__2017 href=https://ui.adsabs.harvard.edu/abs/2017A&A...602A.107B/abstract target=ref>Bonomo et al. 2017</a>,5900,120,-120,0,1.08,0.18,-0.06,0,1.05,0.11,-0.11,0,-0.1,0.1,-0.1,0,[Fe/H],,,,,,,,,4.2,2.7,-2.7,0,,,,,,,,,<a refstr=STASSUN_ET_AL__2019 href=https://ui.adsabs.harvard.edu/abs/2019AJ....158..138S/abstract target=ref>TICv8</a>,18h33m59.00s,278.4958319,+05d32m18.17s,5.5383811,1010.28,69.26,-61.036,3/18/2019,2017-06,3/21/2019
HAT-P-55 b,HAT-P-55,1,1,1,0,0,Transit,2015,HATNet,Published Confirmed,0,<a refstr=JUNCHER_ET_AL__2015 href=https://ui.adsabs.harvard.edu/abs/2015PASP..127..851J/abstract target=ref>Juncher et al. 2015</a>,3.5852467,0.0000064,-0.0000064,0,0.04604,0.00056,-0.00056,0,13.249,0.616,-0.616,0,1.182,0.055,-0.055,0,184.97706,17.79848,-17.79848,0,0.582,0.056,-0.056,0,0.139,,,1,0.1202,0.0019,-0.0019,0,,,,,<a refstr=JUNCHER_ET_AL__2015 href=https://ui.adsabs.harvard.edu/abs/2015PASP..127..851J/abstract target=ref>Juncher et al. 2015</a>,5808,50,-50,0,1.01,0.04,-0.04,0,1.01,0.04,-0.04,0,-0.03,0.08,-0.08,0,[Fe/H],,,,,4.43,0.03,-0.03,0,4.2,1.7,-1.7,0,,,,,,,,,<a refstr=STASSUN_ET_AL__2019 href=https://ui.adsabs.harvard.edu/abs/2019AJ....158..138S/abstract target=ref>TICv8</a>,17h37m05.64s,264.2735096,+25d43m52.13s,25.7311468,511.388,3.634,-3.585,6/16/2015,2015-09,6/17/2015
HAT-P-55 b,HAT-P-55,0,1,1,0,0,Transit,2015,HATNet,Published Confirmed,0,<a refstr=BONOMO_ET_AL__2017 href=https://ui.adsabs.harvard.edu/abs/2017A&A...602A.107B/abstract target=ref>Bonomo et al. 2017</a>,3.5852467,0.0000064,-0.0000064,0,0.04604,0.00056,-0.00055,0,13.249,0.616,-0.616,0,1.182,0.055,-0.055,0,184.3414,16.84499,-17.16282,0,0.58,0.053,-0.054,0,0.17,,,1,,,,,,,,,<a refstr=BONOMO_ET_AL__2017 href=https://ui.adsabs.harvard.edu/abs/2017A&A...602A.107B/abstract target=ref>Bonomo et al. 2017</a>,5808,50,-50,0,1.01,0.04,-0.04,0,1.01,0.04,-0.04,0,-0.03,0.08,-0.08,0,[Fe/H],,,,,,,,,4.2,1.7,-1.7,0,,,,,,,,,<a refstr=STASSUN_ET_AL__2019 href=https://ui.adsabs.harvard.edu/abs/2019AJ....158..138S/abstract target=ref>TICv8</a>,17h37m05.64s,264.2735096,+25d43m52.13s,25.7311468,511.388,3.634,-3.585,3/18/2019,2017-06,3/21/2019
HATS-18 b,HATS-18,0,1,1,0,0,Transit,2016,Multiple Observatories,Published Confirmed,0,<a refstr=PENEV_ET_AL__2016 href=https://ui.adsabs.harvard.edu/abs/2016AJ....152..127P/abstract target=ref>Penev et al. 2016</a>,0.8378434,0.00000047,-0.00000047,0,0.01761,0.00027,-0.00027,0,14.986,1.143,-0.549,0,1.337,0.102,-0.049,0,629.3034,24.47291,-24.47291,0,1.98,0.077,-0.077,0,0.166,,,0,0.1347,0.0019,-0.0019,0,,,,,<a refstr=PENEV_ET_AL__2016 href=https://ui.adsabs.harvard.edu/abs/2016AJ....152..127P/abstract target=ref>Penev et al. 2016</a>,5600,120,-120,0,1.02,0.06,-0.03,0,1.04,0.05,-0.05,0,0.28,0.08,-0.08,0,[Fe/H],-0.032,0.057,-0.065,0,4.44,0.03,-0.03,0,4.2,2.2,-2.2,0,1.37,0.12,-0.23,0,9.8,0.4,-0.4,0,<a refstr=STASSUN_ET_AL__2019 href=https://ui.adsabs.harvard.edu/abs/2019AJ....158..138S/abstract target=ref>TICv8</a>,11h35m49.78s,173.9574203,-29d09m21.83s,-29.1560639,624.368,16.147,-15.366,7/19/2019,2016-11,7/25/2019
HATS-23 b,HATS-23,1,1,1,0,0,Transit,2017,HATSouth,Published Confirmed,0,<a refstr=BENTO_ET_AL__2017 href=https://ui.adsabs.harvard.edu/abs/2017MNRAS.468..835B/abstract target=ref>Bento et al. 2017</a>,2.1605156,0.0000045,-0.0000045,0,0.03397,0.00047,-0.00047,0,20.849,3.363,-4.484,0,1.86,0.3,-0.4,0,467.2101,22.88376,-22.88376,0,1.47,0.072,-0.072,0,0.114,,,1,0.159,0.02,-0.02,0,,,,,<a refstr=BENTO_ET_AL__2017 href=https://ui.adsabs.harvard.edu/abs/2017MNRAS.468..835B/abstract target=ref>Bento et al. 2017</a>,5780,120,-120,0,1.2,0.06,-0.08,0,1.12,0.05,-0.05,0,0.28,0.07,-0.07,0,[Fe/H],0.155,0.062,-0.073,0,4.33,0.04,-0.04,0,4.2,1.5,-1.5,0,0.91,0.2,-0.11,0,,,,,<a refstr=STASSUN_ET_AL__2019 href=https://ui.adsabs.harvard.edu/abs/2019AJ....158..138S/abstract target=ref>TICv8</a>,19h05m28.02s,286.36675,-50d04m02.46s,-50.0673496,639.004,9.609,-9.334,3/14/2017,2017-06,3/16/2017
CoRoT-27 b,CoRoT-27,1,1,1,0,0,Transit,2014,CoRoT,Published Confirmed,0,<a refstr=PARVIAINEN_ET_AL__2014 href=https://ui.adsabs.harvard.edu/abs/2014A%26A...562A.140P/abstract target=ref> Parviainen et al. 2014 </a>,3.57532,0.00006,-0.00006,0,0.0476,0.0066,-0.0066,0,11.287,0.493,-0.493,0,1.007,0.044,-0.044,0,3302.11,174.8,-174.8,0,10.39,0.55,-0.55,0,0.065,,,1,0.099,0.002,-0.002,0,,,,,<a refstr=PARVIAINEN_ET_AL__2014 href=https://ui.adsabs.harvard.edu/abs/2014A%26A...562A.140P/abstract target=ref> Parviainen et al. 2014 </a>,5900,120,-120,0,1.08,0.18,-0.06,0,1.05,0.11,-0.11,0,-0.1,0.1,-0.1,0,[M/H],,,,,4.4,0.1,-0.1,0,4.21,2.72,-2.72,0,1.24,0.42,-0.26,0,,,,,<a refstr=STASSUN_ET_AL__2019 href=https://ui.adsabs.harvard.edu/abs/2019AJ....158..138S/abstract target=ref>TICv8</a>,18h33m59.00s,278.4958319,+05d32m18.17s,5.5383811,1010.28,69.26,-61.036,5/14/2014,2014-02,5/14/2014
K2-140 b,K2-140,0,1,1,0,0,Transit,2017,K2,Published Confirmed,0,<a refstr=GILES_ET_AL__2018 href=https://ui.adsabs.harvard.edu/abs/2018MNRAS.475.1809G/abstract target=ref>Giles et al. 2018</a>,6.5693,0.000017,-0.00002,0,0.0591,0.0034,-0.0034,0,12.274,0.202,-0.202,0,1.095,0.018,-0.018,0,323.86877,22.2481,-22.2481,0,1.019,0.07,-0.07,0,0.12,0.056,-0.046,0,0.114,0.0015,-0.0012,0,,,,,<a refstr=GILES_ET_AL__2018 href=https://ui.adsabs.harvard.edu/abs/2018MNRAS.475.1809G/abstract target=ref>Giles et al. 2018</a>,5654,55,-55,0,0.99,0.01,-0.01,0,1,0.02,-0.02,0,0.12,0.045,-0.045,0,[Fe/H],-0.049,0.023,-0.024,0,4.45,0.01,-0.01,0,4.22,0.95,-0.95,0,1.477,0.058,-0.058,0,16.3,0.1,-0.1,0,<a refstr=STASSUN_ET_AL__2019 href=https://ui.adsabs.harvard.edu/abs/2019AJ....158..138S/abstract target=ref>TICv8</a>,12h32m32.96s,188.1373172,-09d36m27.40s,-9.6076115,347.917,8.287,-7.917,7/12/2018,2018-04,1/5/2018
OGLE-TR-182 b,OGLE-TR-182,0,1,1,0,0,Transit,2007,OGLE,Published Confirmed,0,<a refstr=BONOMO_ET_AL__2017 href=https://ui.adsabs.harvard.edu/abs/2017A&A...602A.107B/abstract target=ref>Bonomo et al. 2017</a>,3.9791,0.00001,-0.00001,0,0.05205,0.00057,-0.00059,0,16.477,1.569,-1.569,0,1.47,0.14,-0.14,0,340.0781,47.6745,-63.566,0,1.07,0.15,-0.2,0,0.27,,,1,,,,,,,,,<a refstr=BONOMO_ET_AL__2017 href=https://ui.adsabs.harvard.edu/abs/2017A&A...602A.107B/abstract target=ref>Bonomo et al. 2017</a>,5924,64,-64,0,1.53,0.17,-0.17,0,1.19,0.04,-0.04,0,0.37,0.08,-0.08,0,,,,,,,,,,4.3,0.5,-1.9,0,,,,,,,,,<a refstr=STASSUN_ET_AL__2019 href=https://ui.adsabs.harvard.edu/abs/2019AJ....158..138S/abstract target=ref>TICv8</a>,11h09m18.70s,167.3279228,-61d05m42.94s,-61.0952624,2501.75,399.855,-399.855,3/18/2019,2017-06,3/21/2019
WASP-22 b,WASP-22,0,1,1,0,0,Transit,2010,SuperWASP,Published Confirmed,0,<a refstr=BONOMO_ET_AL__2017 href=https://ui.adsabs.harvard.edu/abs/2017A&A...602A.107B/abstract target=ref>Bonomo et al. 2017</a>,3.5327313,0.0000058,-0.0000058,0,0.047,0.00036,-0.00037,0,12.98,0.684,-0.426,0,1.158,0.061,-0.038,0,181.1631,5.40311,-5.08528,0,0.57,0.017,-0.016,0,0.021,,,1,,,,,,,,,<a refstr=BONOMO_ET_AL__2017 href=https://ui.adsabs.harvard.edu/abs/2017A&A...602A.107B/abstract target=ref>Bonomo et al. 2017</a>,6000,100,-100,0,1.22,0.05,-0.03,0,1.11,0.03,-0.03,0,0.05,0.08,-0.08,0,,,,,,,,,,4.3,1.6,-1.1,0,,,,,,,,,<a refstr=STASSUN_ET_AL__2019 href=https://ui.adsabs.harvard.edu/abs/2019AJ....158..138S/abstract target=ref>TICv8</a>,03h31m16.33s,52.8180374,-23d49m11.25s,-23.8197924,317.652,5.638,-5.447,3/18/2019,2017-06,3/21/2019
Kepler-41 b,Kepler-41,0,1,1,0,0,Transit,2011,Kepler,Published Confirmed,0,<a refstr=BONOMO_ET_AL__2017 href=https://ui.adsabs.harvard.edu/abs/2017A&A...602A.107B/abstract target=ref>Bonomo et al. 2017</a>,1.8555582,0.00000052,-0.00000052,0,0.03097,0.00036,-0.00036,0,14.46,0.224,-0.224,0,1.29,0.02,-0.02,0,179.89178,21.93027,-21.29461,0,0.566,0.069,-0.067,0,0.21,,,1,,,,,,,,,<a refstr=BONOMO_ET_AL__2017 href=https://ui.adsabs.harvard.edu/abs/2017A&A...602A.107B/abstract target=ref>Bonomo et al. 2017</a>,5750,100,-100,0,1.29,0.02,-0.02,0,1.15,0.04,-0.04,0,0.38,0.11,-0.11,0,,,,,,,,,,4.4,1.3,-1.1,0,,,,,,,,,<a refstr=STASSUN_ET_AL__2019 href=https://ui.adsabs.harvard.edu/abs/2019AJ....158..138S/abstract target=ref>TICv8</a>,19h38m03.18s,294.5132465,+45d58m53.92s,45.9816453,1093.08,27,-27,3/18/2019,2017-06,3/21/2019
Kepler-41 b,Kepler-41,1,1,1,0,0,Transit,2011,Kepler,Published Confirmed,0,<a refstr=BONOMO_ET_AL__2015 href=https://ui.adsabs.harvard.edu/abs/2015A&A...575A..85B/abstract target=ref>Bonomo et al. 2015</a>,1.8555582,0.00000052,-0.00000052,0,0.03101,0.0004,-0.0004,0,14.46,0.22,-0.22,0,1.29,0.02,-0.02,0,177.98,25.43,-25.43,0,0.56,0.08,-0.08,0,0,,,0,0.10265,0.00042,-0.00042,0,,,,,<a refstr=BONOMO_ET_AL__2015 href=https://ui.adsabs.harvard.edu/abs/2015A&A...575A..85B/abstract target=ref>Bonomo et al. 2015</a>,5750,100,-100,0,1.29,0.02,-0.02,0,1.15,0.04,-0.04,0,0.38,0.11,-0.11,0,[Fe/H],,,,,4.28,0.01,-0.01,0,4.4,1.3,-1.1,0,0.754,0.01,-0.01,0,,,,,<a refstr=STASSUN_ET_AL__2019 href=https://ui.adsabs.harvard.edu/abs/2019AJ....158..138S/abstract target=ref>TICv8</a>,19h38m03.18s,294.5132465,+45d58m53.92s,45.9816453,1093.08,27,-27,5/3/2016,2015-03,1/29/2015
TOI-2570 b,TOI-2570,1,1,1,0,0,Transit,2022,Transiting Exoplanet Survey Satellite (TESS),Published Confirmed,0,<a refstr=YEE_ET_AL__2022 href=https://ui.adsabs.harvard.edu/abs/2022AJ....164...70Y/abstract target=ref>Yee et al. 2022</a>,2.9887615,0.0000022,-0.0000022,0,0.04145,0.00081,-0.00086,0,13.641,0.392,-0.381,0,1.217,0.035,-0.034,0,260.61929,20.02319,-20.65885,0,0.82,0.063,-0.065,0,0,0.048,-0.052,0,,,,,,,,,<a refstr=YEE_ET_AL__2022 href=https://ui.adsabs.harvard.edu/abs/2022AJ....164...70Y/abstract target=ref>Yee et al. 2022</a>,5771,89,-87,0,1.09,0.03,-0.03,0,1.06,0.06,-0.07,0,0.191,0.083,-0.083,0,[Fe/H],0.079,0.03,-0.03,0,4.38,0.03,-0.03,0,4.4,3.3,-2.6,0,1.138,0.1,-0.091,0,,,,,<a refstr=STASSUN_ET_AL__2019 href=https://ui.adsabs.harvard.edu/abs/2019AJ....158..138S/abstract target=ref>TICv8</a>,05h48m45.13s,87.1880397,+32d05m02.56s,32.0840435,361.857,6.349,-6.138,8/29/2022,2022-08,8/29/2022
CoRoT-25 b,CoRoT-25,0,1,1,0,0,Transit,2013,CoRoT,Published Confirmed,0,<a refstr=BONOMO_ET_AL__2017 href=https://ui.adsabs.harvard.edu/abs/2017A&A...602A.107B/abstract target=ref>Bonomo et al. 2017</a>,4.86069,0.00006,-0.00006,0,0.05789,0.0019,-0.00093,0,12.106,3.363,-1.121,0,1.08,0.3,-0.1,0,93.12419,19.38763,-19.0698,0,0.293,0.061,-0.06,0,0.22,,,1,,,,,,,,,<a refstr=BONOMO_ET_AL__2017 href=https://ui.adsabs.harvard.edu/abs/2017A&A...602A.107B/abstract target=ref>Bonomo et al. 2017</a>,6040,90,-90,0,1.19,0.14,-0.03,0,1.09,0.11,-0.05,0,-0.01,0.13,-0.13,0,[Fe/H],,,,,,,,,4.5,1.8,-2,0,,,,,,,,,<a refstr=STASSUN_ET_AL__2019 href=https://ui.adsabs.harvard.edu/abs/2019AJ....158..138S/abstract target=ref>TICv8</a>,18h42m31.12s,280.6296561,+06d30m49.76s,6.5138223,1103.48,44.28,-41.05,3/18/2019,2017-06,3/21/2019
CoRoT-25 b,CoRoT-25,1,1,1,0,0,Transit,2013,CoRoT,Published Confirmed,0,<a refstr=ALMENARA_ET_AL__2013 href=https://ui.adsabs.harvard.edu/abs/2013A%26A...555A.118A/abstract target=ref> Almenara et al. 2013 </a>,4.86069,0.00006,-0.00006,0,0.0578,0.002,-0.0009,0,12.11,3.4,-1.12,0,1.08,0.3,-0.1,0,85.81,12.71,-12.71,0,0.27,0.04,-0.04,0,0,,,0,0.085,0.026,-0.002,0,,,,,<a refstr=ALMENARA_ET_AL__2013 href=https://ui.adsabs.harvard.edu/abs/2013A%26A...555A.118A/abstract target=ref> Almenara et al. 2013 </a>,6040,90,-90,0,1.19,0.14,-0.03,0,1.09,0.11,-0.05,0,-0.01,0.13,-0.13,0,[Fe/H],,,,,4.31,0.05,-0.08,0,4.5,1.8,-2,0,,,,,,,,,<a refstr=STASSUN_ET_AL__2019 href=https://ui.adsabs.harvard.edu/abs/2019AJ....158..138S/abstract target=ref>TICv8</a>,18h42m31.12s,280.6296561,+06d30m49.76s,6.5138223,1103.48,44.28,-41.05,5/14/2014,2013-07,5/14/2014
CoRoT-29 b,CoRoT-29,1,1,1,0,0,Transit,2015,CoRoT,Published Confirmed,0,<a refstr=CABRERA_ET_AL__2015 href=https://ui.adsabs.harvard.edu/abs/2015A&A...579A..36C/abstract target=ref>Cabrera et al. 2015</a>,2.85057,0.000006,-0.000006,0,0.0386,0.0059,-0.0059,0,10.088,1.793,-1.793,0,0.9,0.16,-0.16,0,270.1555,63.566,-63.566,0,0.85,0.2,-0.2,0,0.082,0.081,-0.081,0,0.1028,0.0043,-0.0043,0,,,,,<a refstr=CABRERA_ET_AL__2015 href=https://ui.adsabs.harvard.edu/abs/2015A&A...579A..36C/abstract target=ref>Cabrera et al. 2015</a>,5260,100,-100,0,0.9,0.12,-0.12,0,0.97,0.14,-0.14,0,0.2,0.1,-0.1,0,[Fe/H],,,,,4.3,0.2,-0.2,0,4.5,3.5,-3.5,0,1.825,0.038,-0.038,0,,,,,<a refstr=STASSUN_ET_AL__2019 href=https://ui.adsabs.harvard.edu/abs/2019AJ....158..138S/abstract target=ref>TICv8</a>,18h35m36.50s,278.9020691,+06d28m46.45s,6.4795703,806.507,44.027,-39.76,4/16/2015,2015-07,4/16/2015
Qatar-1 b,Qatar-1,0,1,1,0,0,Transit,2010,Qatar,Published Confirmed,0,<a refstr=COVINO_ET_AL__2013 href=https://ui.adsabs.harvard.edu/abs/2013A&A...554A..28C/abstract target=ref>Covino et al. 2013</a>,1.42002504,0.00000071,-0.00000071,0,0.02343,0.0012,-0.0012,0,13.227,1.009,-1.009,0,1.18,0.09,-0.09,0,422.7139,15.8915,-15.8915,0,1.33,0.05,-0.05,0,0,,,0,0.1513,0.0008,-0.0008,0,,,,,<a refstr=COVINO_ET_AL__2013 href=https://ui.adsabs.harvard.edu/abs/2013A&A...554A..28C/abstract target=ref>Covino et al. 2013</a>,4910,100,-100,0,0.8,0.05,-0.05,0,0.85,0.03,-0.03,0,0.2,0.1,-0.1,0,[Fe/H],,,,,4.55,0.1,-0.1,0,4.5,,,0,2.28,0.11,-0.11,0,,,,,<a refstr=STASSUN_ET_AL__2019 href=https://ui.adsabs.harvard.edu/abs/2019AJ....158..138S/abstract target=ref>TICv8</a>,20h13m31.65s,303.3818697,+65d09m44.39s,65.1623313,185.615,0.805,-0.797,11/30/2016,2013-06,12/1/2016
TOI-2196 b,TOI-2196,1,1,1,0,0,Transit,2022,Transiting Exoplanet Survey Satellite (TESS),Published Confirmed,0,<a refstr=PERSSON_ET_AL__2022 href=https://ui.adsabs.harvard.edu/abs/2022arXiv220805797P/abstract target=ref>Persson et al. 2022</a>,1.1947268,0.0000079,-0.0000093,0,0.02234,0.0006,-0.0006,0,3.51,0.15,-0.15,0,0.313,0.013,-0.013,0,26,1.3,-1.3,0,0.08181,0.00409,-0.00409,0,0,,,0,0.0308,0.0013,-0.0012,0,,,,,<a refstr=PERSSON_ET_AL__2022 href=https://ui.adsabs.harvard.edu/abs/2022arXiv220805797P/abstract target=ref>Persson et al. 2022</a>,5634,31,-31,0,1.04,0.02,-0.02,0,1.03,0.04,-0.04,0,0.14,0.05,-0.05,0,[Fe/H],-0.004,0.017,-0.018,0,4.42,0.04,-0.04,0,4.5,2,-2,0,1.25,0.09,-0.09,0,,,,,<a refstr=STASSUN_ET_AL__2019 href=https://ui.adsabs.harvard.edu/abs/2019AJ....158..138S/abstract target=ref>TICv8</a>,20h49m21.62s,312.3400744,-70d29m06.26s,-70.4850723,259.947,2.036,-2.005,8/23/2022,2022-08,8/23/2022
WASP-131 b,WASP-131,1,1,1,0,0,Transit,2016,SuperWASP-South,Published Confirmed,0,<a refstr=HELLIER_ET_AL__2017 href=https://ui.adsabs.harvard.edu/abs/2017MNRAS.465.3693H/abstract target=ref>Hellier et al. 2017</a>,5.322023,0.000005,-0.000005,0,0.0607,0.0009,-0.0009,0,13.675,0.56,-0.56,0,1.22,0.05,-0.05,0,85.8141,6.3566,-6.3566,0,0.27,0.02,-0.02,0,0,,,0,,,,,,,,,<a refstr=HELLIER_ET_AL__2017 href=https://ui.adsabs.harvard.edu/abs/2017MNRAS.465.3693H/abstract target=ref>Hellier et al. 2017</a>,6030,90,-90,0,1.53,0.05,-0.05,0,1.06,0.06,-0.06,0,-0.18,0.08,-0.08,0,[Fe/H],,,,,4.09,0.03,-0.03,0,4.5,3.5,-3.5,0,0.411,0.037,-0.037,0,,,,,<a refstr=STASSUN_ET_AL__2019 href=https://ui.adsabs.harvard.edu/abs/2019AJ....158..138S/abstract target=ref>TICv8</a>,14h00m46.46s,210.1935714,-30d35m00.99s,-30.5836084,200.075,2.659,-2.591,11/30/2016,2017-03,12/1/2016
HATS-76 b,HATS-76,1,1,1,0,0,Transit,2021,HATSouth,Published Confirmed,0,<a refstr=JORD_AACUTE_N_ET_AL__2022 href=https://ui.adsabs.harvard.edu/abs/2022AJ....163..125J/abstract target=ref>Jord&aacute;n et al. 2022</a>,1.9416423,0.0000014,-0.0000014,0,0.02658,0.00021,-0.00029,0,12.094,0.347,-0.347,0,1.079,0.031,-0.031,0,835.57088,28.28673,-28.28673,0,2.629,0.089,-0.089,0,0.062,,,1,0.1772,0.0045,-0.0045,0,,,,,<a refstr=JORD_AACUTE_N_ET_AL__2022 href=https://ui.adsabs.harvard.edu/abs/2022AJ....163..125J/abstract target=ref>Jord&aacute;n et al. 2022</a>,4016,17,-17,0,0.63,0.01,-0.01,0,0.66,0.02,-0.02,0,0.322,0.065,-0.049,0,[Fe/H],-1.038,0.014,-0.014,0,4.67,0.02,-0.02,0,4.6,8.7,-4,0,3.8,0.17,-0.17,0,15.16,0,0,0,<a refstr=STASSUN_ET_AL__2019 href=https://ui.adsabs.harvard.edu/abs/2019AJ....158..138S/abstract target=ref>TICv8</a>,04h41m21.54s,70.3397665,-32d19m13.50s,-32.3204175,385.689,5.7415,-5.7415,12/13/2021,2022-03,12/13/2021
HAT-P-53 b,HAT-P-53,1,1,1,0,0,Transit,2015,HATNet,Published Confirmed,0,<a refstr=HARTMAN_ET_AL__2015 href=https://ui.adsabs.harvard.edu/abs/2015AJ....150..168H/abstract target=ref>Hartman et al. 2015</a>,1.9616241,0.0000039,-0.0000039,0,0.03159,0.00042,-0.00042,0,14.773,1.02,-1.02,0,1.318,0.091,-0.091,0,471.65972,17.79848,-17.79848,0,1.484,0.056,-0.056,0,0.134,,,1,0.112,0.0019,-0.0019,0,,,,,<a refstr=HARTMAN_ET_AL__2015 href=https://ui.adsabs.harvard.edu/abs/2015AJ....150..168H/abstract target=ref>Hartman et al. 2015</a>,5956,50,-50,0,1.21,0.08,-0.06,0,1.09,0.04,-0.04,0,0,0.08,-0.08,0,[Fe/H],0.217,0.059,-0.05,0,4.31,0.04,-0.04,0,4.67,1.45,-0.83,0,0.87,0.13,-0.13,0,,,,,<a refstr=STASSUN_ET_AL__2019 href=https://ui.adsabs.harvard.edu/abs/2019AJ....158..138S/abstract target=ref>TICv8</a>,01h27m29.06s,21.8711012,+38d58m05.21s,38.9681137,666.802,15.276,-14.619,11/18/2015,2015-12,11/19/2015
HAT-P-53 b,HAT-P-53,0,1,1,0,0,Transit,2015,HATNet,Published Confirmed,0,<a refstr=BONOMO_ET_AL__2017 href=https://ui.adsabs.harvard.edu/abs/2017A&A...602A.107B/abstract target=ref>Bonomo et al. 2017</a>,1.9616241,0.0000039,-0.0000039,0,0.0316,0.00041,-0.00043,0,14.773,1.02,-1.02,0,1.318,0.091,-0.091,0,469.43491,13.34886,-13.98452,0,1.477,0.042,-0.044,0,0.085,,,1,,,,,,,,,<a refstr=BONOMO_ET_AL__2017 href=https://ui.adsabs.harvard.edu/abs/2017A&A...602A.107B/abstract target=ref>Bonomo et al. 2017</a>,5956,50,-50,0,1.21,0.08,-0.06,0,1.09,0.04,-0.04,0,0,0.08,-0.08,0,,,,,,,,,,4.67,1.4,-0.83,0,,,,,,,,,<a refstr=STASSUN_ET_AL__2019 href=https://ui.adsabs.harvard.edu/abs/2019AJ....158..138S/abstract target=ref>TICv8</a>,01h27m29.06s,21.8711012,+38d58m05.21s,38.9681137,666.802,15.276,-14.619,3/18/2019,2017-06,3/21/2019
TOI-169 b,TOI-169,1,1,1,0,0,Transit,2020,Transiting Exoplanet Survey Satellite (TESS),Published Confirmed,0,<a refstr=NIELSEN_ET_AL__2020 href=https://ui.adsabs.harvard.edu/abs/2020A&A...639A..76N/abstract target=ref>Nielsen et al. 2020</a>,2.2554477,0.0000063,-0.0000063,0,0.03524,0.00069,-0.00079,0,12.173,0.908,-0.538,0,1.086,0.081,-0.048,0,251.40353,20.34112,-19.0698,0,0.791,0.064,-0.06,0,0,,,0,0.0866,0.0056,-0.0031,0,,,,,<a refstr=NIELSEN_ET_AL__2020 href=https://ui.adsabs.harvard.edu/abs/2020A&A...639A..76N/abstract target=ref>Nielsen et al. 2020</a>,5880,54,-49,0,1.29,0.02,-0.02,0,1.15,0.07,-0.07,0,0.24,0.09,-0.09,0,[Fe/H],0.253,0.016,-0.015,0,4.28,0.03,-0.03,0,4.7,2.7,-2,0,0.756,0.06,-0.061,0,,,,,<a refstr=STASSUN_ET_AL__2019 href=https://ui.adsabs.harvard.edu/abs/2019AJ....158..138S/abstract target=ref>TICv8</a>,01h07m06.89s,16.7786879,-75d11m56.20s,-75.1989452,407.84,4.237,-4.152,7/17/2020,2020-07,7/23/2020
WASP-97 b,WASP-97,0,1,1,0,0,Transit,2014,SuperWASP,Published Confirmed,0,<a refstr=BONOMO_ET_AL__2017 href=https://ui.adsabs.harvard.edu/abs/2017A&A...602A.107B/abstract target=ref>Bonomo et al. 2017</a>,2.07276,0.000001,-0.000001,0,0.03305,0.00058,-0.00059,0,12.666,0.673,-0.673,0,1.13,0.06,-0.06,0,420.48909,18.11631,-17.79848,0,1.323,0.057,-0.056,0,0.019,,,1,,,,,,,,,<a refstr=BONOMO_ET_AL__2017 href=https://ui.adsabs.harvard.edu/abs/2017A&A...602A.107B/abstract target=ref>Bonomo et al. 2017</a>,5670,110,-110,0,1.06,0.04,-0.04,0,1.12,0.06,-0.06,0,0.23,0.11,-0.11,0,,,,,,,,,,4.8,2.1,-1.6,0,,,,,,,,,<a refstr=STASSUN_ET_AL__2019 href=https://ui.adsabs.harvard.edu/abs/2019AJ....158..138S/abstract target=ref>TICv8</a>,01h38m25.23s,24.6051389,-55d46m19.20s,-55.7720006,151.068,0.511,-0.507,3/18/2019,2017-06,3/21/2019
HATS-14 b,HATS-14,0,1,1,0,0,Transit,2015,HATSouth,Published Confirmed,0,<a refstr=BONOMO_ET_AL__2017 href=https://ui.adsabs.harvard.edu/abs/2017A&A...602A.107B/abstract target=ref>Bonomo et al. 2017</a>,2.7667641,0.0000027,-0.0000027,0,0.03815,0.00032,-0.00031,0,11.646,0.359,-0.247,0,1.039,0.032,-0.022,0,339.76027,29.87602,-30.82951,0,1.069,0.094,-0.097,0,0.11,,,1,,,,,,,,,<a refstr=BONOMO_ET_AL__2017 href=https://ui.adsabs.harvard.edu/abs/2017A&A...602A.107B/abstract target=ref>Bonomo et al. 2017</a>,5346,60,-60,0,0.93,0.02,-0.01,0,0.97,0.02,-0.02,0,0.33,0.06,-0.06,0,,,,,,,,,,4.9,1.7,-1.7,0,,,,,,,,,<a refstr=STASSUN_ET_AL__2019 href=https://ui.adsabs.harvard.edu/abs/2019AJ....158..138S/abstract target=ref>TICv8</a>,20h52m51.71s,313.2154754,-25d41m14.55s,-25.6873756,513.011,9.287,-8.968,3/18/2019,2017-06,3/21/2019
HATS-14 b,HATS-14,1,1,1,0,0,Transit,2015,HATSouth,Published Confirmed,0,<a refstr=MANCINI_ET_AL__2015 href=https://ui.adsabs.harvard.edu/abs/2015A&A...580A..63M/abstract target=ref>Mancini et al. 2015</a>,2.7667641,0.0000027,-0.0000027,0,0.03815,0.00032,-0.00032,0,11.646,0.359,-0.247,0,1.039,0.032,-0.022,0,340.39593,22.2481,-22.2481,0,1.071,0.07,-0.07,0,0.142,,,1,0.1145,0.0012,-0.0012,0,,,,,<a refstr=MANCINI_ET_AL__2015 href=https://ui.adsabs.harvard.edu/abs/2015A&A...580A..63M/abstract target=ref>Mancini et al. 2015</a>,5346,60,-60,0,0.93,0.02,-0.01,0,0.97,0.02,-0.02,0,0.33,0.06,-0.06,0,[Fe/H],,,,,4.48,0.02,-0.02,0,4.9,1.7,-1.7,0,1.682,0.071,-0.126,0,,,,,<a refstr=STASSUN_ET_AL__2019 href=https://ui.adsabs.harvard.edu/abs/2019AJ....158..138S/abstract target=ref>TICv8</a>,20h52m51.71s,313.2154754,-25d41m14.55s,-25.6873756,513.011,9.287,-8.968,8/12/2015,2015-08,8/13/2015
WASP-78 b,WASP-78,0,1,1,0,0,Transit,2012,SuperWASP,Published Confirmed,0,<a refstr=BONOMO_ET_AL__2017 href=https://ui.adsabs.harvard.edu/abs/2017A&A...602A.107B/abstract target=ref>Bonomo et al. 2017</a>,2.1751763,0.0000047,-0.0000047,0,0.03488,0.0007,-0.00076,0,17.822,1.121,-1.121,0,1.59,0.1,-0.1,0,259.66711,23.83725,-21.93027,0,0.817,0.075,-0.069,0,0.092,,,1,,,,,,,,,<a refstr=BONOMO_ET_AL__2017 href=https://ui.adsabs.harvard.edu/abs/2017A&A...602A.107B/abstract target=ref>Bonomo et al. 2017</a>,6100,150,-150,0,2.09,0.15,-0.12,0,1.18,0.07,-0.09,0,-0.35,0.14,-0.14,0,[Fe/H],,,,,,,,,4.9,1.1,-0.9,0,,,,,,,,,<a refstr=STASSUN_ET_AL__2019 href=https://ui.adsabs.harvard.edu/abs/2019AJ....158..138S/abstract target=ref>TICv8</a>,04h15m01.50s,63.7562662,-22d06m59.00s,-22.1163901,754.258,17.102,-16.373,3/18/2019,2017-06,3/21/2019
Kepler-425 b,Kepler-425,0,1,1,0,0,Transit,2014,Kepler,Published Confirmed,0,<a refstr=BONOMO_ET_AL__2017 href=https://ui.adsabs.harvard.edu/abs/2017A&A...602A.107B/abstract target=ref>Bonomo et al. 2017</a>,3.79701816,0.00000019,-0.00000019,0,0.04652,0.00082,-0.00086,0,10.962,0.247,-0.247,0,0.978,0.022,-0.022,0,71.82958,14.62018,-14.62018,0,0.226,0.046,-0.046,0,0.2,,,1,,,,,,,,,<a refstr=BONOMO_ET_AL__2017 href=https://ui.adsabs.harvard.edu/abs/2017A&A...602A.107B/abstract target=ref>Bonomo et al. 2017</a>,5170,70,-70,0,0.86,0.02,-0.02,0,0.93,0.05,-0.05,0,0.24,0.11,-0.11,0,,,,,,,,,,5,4,-4,0,,,,,,,,,<a refstr=STASSUN_ET_AL__2019 href=https://ui.adsabs.harvard.edu/abs/2019AJ....158..138S/abstract target=ref>TICv8</a>,19h21m25.91s,290.3579781,+40d34m03.71s,40.5676965,646.647,10.7805,-10.7805,3/18/2019,2017-06,3/21/2019
Kepler-425 b,Kepler-425,1,1,1,0,0,Transit,2014,Kepler,Published Confirmed,0,<a refstr=H_EACUTE_BRARD_ET_AL__2014 href=https://ui.adsabs.harvard.edu/abs/2014A&A...572A..93H/abstract target=ref>H&eacute;brard et al. 2014</a>,3.79701816,0.00000019,-0.00000019,0,0.0464,0.0008,-0.0008,0,10.962,0.247,-0.247,0,0.978,0.022,-0.022,0,79.45,25.43,-25.43,0,0.25,0.08,-0.08,0,0.33,,,1,0.1168,0.0008,-0.0008,0,,,,,<a refstr=H_EACUTE_BRARD_ET_AL__2014 href=https://ui.adsabs.harvard.edu/abs/2014A&A...572A..93H/abstract target=ref>H&eacute;brard et al. 2014</a>,5170,70,-70,0,0.86,0.02,-0.02,0,0.93,0.05,-0.05,0,0.24,0.11,-0.11,0,[Fe/H],-0.323,0.031,-0.031,0,4.54,0.01,-0.01,0,5,4,-4,0,1.448,0.03,-0.03,0,,,,,<a refstr=STASSUN_ET_AL__2019 href=https://ui.adsabs.harvard.edu/abs/2019AJ....158..138S/abstract target=ref>TICv8</a>,19h21m25.91s,290.3579781,+40d34m03.71s,40.5676965,646.647,10.7805,-10.7805,10/3/2014,2014-12,10/3/2014
Kepler-428 b,Kepler-428,1,1,1,0,0,Transit,2014,Kepler,Published Confirmed,0,<a refstr=H_EACUTE_BRARD_ET_AL__2014 href=https://ui.adsabs.harvard.edu/abs/2014A&A...572A..93H/abstract target=ref>H&eacute;brard et al. 2014</a>,3.52563254,0.00000015,-0.00000015,0,0.0433,0.0009,-0.0009,0,12.11,0.34,-0.34,0,1.08,0.03,-0.03,0,403.63,60.39,-60.39,0,1.27,0.19,-0.19,0,0.22,,,1,0.1384,0.001,-0.001,0,,,,,<a refstr=H_EACUTE_BRARD_ET_AL__2014 href=https://ui.adsabs.harvard.edu/abs/2014A&A...572A..93H/abstract target=ref>H&eacute;brard et al. 2014</a>,5150,100,-100,0,0.8,0.02,-0.02,0,0.87,0.05,-0.05,0,0.09,0.17,-0.17,0,[Fe/H],-0.39,0.05,-0.05,0,4.57,0.01,-0.01,0,5,4,-4,0,1.704,0.041,-0.041,0,,,,,<a refstr=STASSUN_ET_AL__2019 href=https://ui.adsabs.harvard.edu/abs/2019AJ....158..138S/abstract target=ref>TICv8</a>,19h22m19.62s,290.5817432,+40d34m38.32s,40.5773106,686.284,15.431,-15.431,10/3/2014,2014-12,10/3/2014
Kepler-428 b,Kepler-428,0,1,1,0,0,Transit,2014,Kepler,Published Confirmed,0,<a refstr=BONOMO_ET_AL__2017 href=https://ui.adsabs.harvard.edu/abs/2017A&A...602A.107B/abstract target=ref>Bonomo et al. 2017</a>,3.52563254,0.00000015,-0.00000015,0,0.04331,0.0008,-0.00083,0,12.106,0.336,-0.336,0,1.08,0.03,-0.03,0,406.8224,41.3179,-41.3179,0,1.28,0.13,-0.13,0,0.11,,,1,,,,,,,,,<a refstr=BONOMO_ET_AL__2017 href=https://ui.adsabs.harvard.edu/abs/2017A&A...602A.107B/abstract target=ref>Bonomo et al. 2017</a>,5150,100,-100,0,0.8,0.02,-0.02,0,0.87,0.05,-0.05,0,0.09,0.17,-0.17,0,,,,,,,,,,5,4,-4,0,,,,,,,,,<a refstr=STASSUN_ET_AL__2019 href=https://ui.adsabs.harvard.edu/abs/2019AJ....158..138S/abstract target=ref>TICv8</a>,19h22m19.62s,290.5817432,+40d34m38.32s,40.5773106,686.284,15.431,-15.431,3/18/2019,2017-06,3/21/2019
Qatar-2 b,Qatar-2,1,1,1,0,0,Transit,2011,Qatar,Published Confirmed,0,<a refstr=MANCINI_ET_AL__2014 href=https://ui.adsabs.harvard.edu/abs/2014MNRAS.443.2391M/abstract target=ref>Mancini et al. 2014</a>,1.33711647,0.00000026,-0.00000026,0,0.02153,0.0002,-0.0002,0,14.056,0.146,-0.146,0,1.254,0.013,-0.013,0,792.635,17.162,-17.162,0,2.494,0.054,-0.054,0,0,,,0,0.1659,0.00044,-0.00044,0,,,,,<a refstr=MANCINI_ET_AL__2014 href=https://ui.adsabs.harvard.edu/abs/2014MNRAS.443.2391M/abstract target=ref>Mancini et al. 2014</a>,4645,50,-50,0,0.78,0.01,-0.01,0,0.74,0.02,-0.02,0,0.02,0.08,-0.08,0,[m/H],,,,,4.53,0.01,-0.01,0,5,,,0,2.241,0.023,-0.023,0,,,,,<a refstr=STASSUN_ET_AL__2019 href=https://ui.adsabs.harvard.edu/abs/2019AJ....158..138S/abstract target=ref>TICv8</a>,13h50m37.32s,207.6554928,-06d48m14.66s,-6.8040714,181.374,1.218,-1.203,11/5/2014,2014-09,11/5/2014
WASP-28 b,WASP-28,0,1,1,0,0,Transit,2014,SuperWASP,Published Confirmed,0,<a refstr=ANDERSON_ET_AL__2015 href=https://ui.adsabs.harvard.edu/abs/2015A&A...575A..61A/abstract target=ref>Anderson et al. 2015</a>,3.40883,0.000006,-0.000006,0,0.04469,0.00076,-0.00076,0,13.597,0.471,-0.471,0,1.213,0.042,-0.042,0,288.26,13.666,-13.666,0,0.907,0.043,-0.043,0,0,,,0,,,,,,,,,<a refstr=ANDERSON_ET_AL__2015 href=https://ui.adsabs.harvard.edu/abs/2015A&A...575A..61A/abstract target=ref>Anderson et al. 2015</a>,6150,140,-140,0,1.09,0.03,-0.03,0,1.02,0.05,-0.05,0,-0.29,0.1,-0.1,0,[Fe/H],,,,,4.37,0.02,-0.02,0,5,3,-2,0,1.104,0.082,-0.082,0,,,,,<a refstr=STASSUN_ET_AL__2019 href=https://ui.adsabs.harvard.edu/abs/2019AJ....158..138S/abstract target=ref>TICv8</a>,23h34m27.90s,353.6162694,-01d34m47.95s,-1.5799849,348.494,5.654,-5.479,3/5/2015,2015-03,3/5/2015
WASP-28 b,WASP-28,0,1,1,0,0,Transit,2014,SuperWASP,Published Confirmed,0,<a refstr=BONOMO_ET_AL__2017 href=https://ui.adsabs.harvard.edu/abs/2017A&A...602A.107B/abstract target=ref>Bonomo et al. 2017</a>,3.40883,0.000006,-0.000006,0,0.04465,0.00073,-0.00074,0,13.597,0.471,-0.471,0,1.213,0.042,-0.042,0,287.95398,14.62018,-13.98452,0,0.906,0.046,-0.044,0,0.058,,,1,,,,,,,,,<a refstr=BONOMO_ET_AL__2017 href=https://ui.adsabs.harvard.edu/abs/2017A&A...602A.107B/abstract target=ref>Bonomo et al. 2017</a>,6150,140,-140,0,1.09,0.03,-0.03,0,1.02,0.05,-0.05,0,-0.29,0.1,-0.1,0,[Fe/H],,,,,,,,,5,3,-2,0,,,,,,,,,<a refstr=STASSUN_ET_AL__2019 href=https://ui.adsabs.harvard.edu/abs/2019AJ....158..138S/abstract target=ref>TICv8</a>,23h34m27.90s,353.6162694,-01d34m47.95s,-1.5799849,348.494,5.654,-5.479,3/18/2019,2017-06,3/21/2019
WASP-35 b,WASP-35,0,1,1,0,0,Transit,2011,SuperWASP,Published Confirmed,0,<a refstr=BONOMO_ET_AL__2017 href=https://ui.adsabs.harvard.edu/abs/2017A&A...602A.107B/abstract target=ref>Bonomo et al. 2017</a>,3.161575,0.000002,-0.000002,0,0.04313,0.0004,-0.00041,0,14.796,0.56,-0.56,0,1.32,0.05,-0.05,0,222.79883,6.03877,-6.03877,0,0.701,0.019,-0.019,0,0.028,,,1,,,,,,,,,<a refstr=BONOMO_ET_AL__2017 href=https://ui.adsabs.harvard.edu/abs/2017A&A...602A.107B/abstract target=ref>Bonomo et al. 2017</a>,5990,90,-90,0,1.09,0.02,-0.02,0,1.07,0.03,-0.03,0,-0.15,0.09,-0.09,0,[Fe/H],,,,,,,,,5,1.2,-1.2,0,,,,,,,,,<a refstr=STASSUN_ET_AL__2019 href=https://ui.adsabs.harvard.edu/abs/2019AJ....158..138S/abstract target=ref>TICv8</a>,05h04m19.65s,76.0818912,-06d13m47.21s,-6.2297801,202.218,1.698,-1.669,3/18/2019,2017-06,3/21/2019
WASP-83 b,WASP-83,1,1,1,0,0,Transit,2015,SuperWASP,Published Confirmed,0,<a refstr=HELLIER_ET_AL__2015 href=https://ui.adsabs.harvard.edu/abs/2015AJ....150...18H/abstract target=ref>Hellier et al. 2015</a>,4.971252,0.000015,-0.000015,0,0.059,0.001,-0.001,0,11.657,0.897,-0.56,0,1.04,0.08,-0.05,0,95.349,9.5349,-9.5349,0,0.3,0.03,-0.03,0,0,,,0,,,,,,,,,<a refstr=HELLIER_ET_AL__2015 href=https://ui.adsabs.harvard.edu/abs/2015AJ....150...18H/abstract target=ref>Hellier et al. 2015</a>,5510,110,-110,0,1.05,0.06,-0.04,0,1.11,0.09,-0.09,0,0.29,0.12,-0.12,0,[Fe/H],,,,,4.44,0.02,-0.04,0,5,,,-1,1.4,0.1,-0.18,0,,,,,<a refstr=STASSUN_ET_AL__2019 href=https://ui.adsabs.harvard.edu/abs/2019AJ....158..138S/abstract target=ref>TICv8</a>,12h40m36.47s,190.1519558,-19d17m03.67s,-19.2843527,271.103,3.716,-3.618,7/8/2015,2015-07,7/9/2015
WASP-95 b,WASP-95,0,1,1,0,0,Transit,2014,SuperWASP,Published Confirmed,0,<a refstr=BONOMO_ET_AL__2017 href=https://ui.adsabs.harvard.edu/abs/2017A&A...602A.107B/abstract target=ref>Bonomo et al. 2017</a>,2.184673,0.0000014,-0.0000014,0,0.03415,0.00093,-0.00096,0,13.563,0.673,-0.673,0,1.21,0.06,-0.06,0,382.66732,22.56593,-23.51942,0,1.204,0.071,-0.074,0,0.018,,,1,,,,,,,,,<a refstr=BONOMO_ET_AL__2017 href=https://ui.adsabs.harvard.edu/abs/2017A&A...602A.107B/abstract target=ref>Bonomo et al. 2017</a>,5830,140,-140,0,1.13,0.08,-0.04,0,1.11,0.09,-0.09,0,0.14,0.16,-0.16,0,,,,,,,,,,5,2.8,-1.8,0,,,,,,,,,<a refstr=STASSUN_ET_AL__2019 href=https://ui.adsabs.harvard.edu/abs/2019AJ....158..138S/abstract target=ref>TICv8</a>,22h29m49.88s,337.4578243,-48d00m11.16s,-48.0030988,137.544,0.795,-0.786,3/18/2019,2017-06,3/21/2019
HATS-8 b,HATS-8,1,1,1,0,0,Transit,2015,HATSouth,Published Confirmed,0,<a refstr=BAYLISS_ET_AL__2015 href=https://ui.adsabs.harvard.edu/abs/2015AJ....150...49B/abstract target=ref>Bayliss et al. 2015</a>,3.583893,0.00001,-0.00001,0,0.04667,0.00055,-0.00055,0,9.785,1.379,-0.841,0,0.873,0.123,-0.075,0,43.86054,6.03877,-6.03877,0,0.138,0.019,-0.019,0,0.376,,,1,0.0814,0.0038,-0.0038,0,,,,,<a refstr=BAYLISS_ET_AL__2015 href=https://ui.adsabs.harvard.edu/abs/2015AJ....150...49B/abstract target=ref>Bayliss et al. 2015</a>,5679,50,-50,0,1.09,0.15,-0.06,0,1.06,0.04,-0.04,0,0.21,0.08,-0.08,0,[Fe/H],,,,,4.39,0.07,-0.07,0,5.1,1.7,-1.7,0,1.15,0.21,-0.35,0,,,,,<a refstr=STASSUN_ET_AL__2019 href=https://ui.adsabs.harvard.edu/abs/2019AJ....158..138S/abstract target=ref>TICv8</a>,19h39m46.01s,294.9416887,-25d44m54.12s,-25.7483655,794.637,19.412,-18.524,6/16/2015,2015-08,6/17/2015
HATS-8 b,HATS-8,0,1,1,0,0,Transit,2015,HATSouth,Published Confirmed,0,<a refstr=BONOMO_ET_AL__2017 href=https://ui.adsabs.harvard.edu/abs/2017A&A...602A.107B/abstract target=ref>Bonomo et al. 2017</a>,3.583893,0.00001,-0.00001,0,0.04668,0.00053,-0.00057,0,9.785,1.345,-0.841,0,0.873,0.12,-0.075,0,46.08535,8.26358,-8.26358,0,0.145,0.026,-0.026,0,0.25,,,1,,,,,,,,,<a refstr=BONOMO_ET_AL__2017 href=https://ui.adsabs.harvard.edu/abs/2017A&A...602A.107B/abstract target=ref>Bonomo et al. 2017</a>,5679,50,-50,0,1.09,0.15,-0.06,0,1.06,0.04,-0.04,0,0.21,0.08,-0.08,0,,,,,,,,,,5.1,1.7,-1.7,0,,,,,,,,,<a refstr=STASSUN_ET_AL__2019 href=https://ui.adsabs.harvard.edu/abs/2019AJ....158..138S/abstract target=ref>TICv8</a>,19h39m46.01s,294.9416887,-25d44m54.12s,-25.7483655,794.637,19.412,-18.524,3/18/2019,2017-06,3/21/2019
Kepler-412 b,Kepler-412,0,1,1,0,0,Transit,2014,Kepler,Published Confirmed,0,<a refstr=BONOMO_ET_AL__2017 href=https://ui.adsabs.harvard.edu/abs/2017A&A...602A.107B/abstract target=ref>Bonomo et al. 2017</a>,1.7208612,0.00000005,-0.00000005,0,0.02961,0.00075,-0.00079,0,14.852,0.482,-0.482,0,1.325,0.043,-0.043,0,294.62841,24.15508,-22.56593,0,0.927,0.076,-0.071,0,0.076,,,1,,,,,,,,,<a refstr=BONOMO_ET_AL__2017 href=https://ui.adsabs.harvard.edu/abs/2017A&A...602A.107B/abstract target=ref>Bonomo et al. 2017</a>,5750,90,-90,0,1.29,0.04,-0.04,0,1.17,0.09,-0.09,0,0.27,0.12,-0.12,0,,,,,,,,,,5.1,1.7,-1.7,0,,,,,,,,,<a refstr=STASSUN_ET_AL__2019 href=https://ui.adsabs.harvard.edu/abs/2019AJ....158..138S/abstract target=ref>TICv8</a>,19h04m26.47s,286.1103053,+43d40m51.46s,43.6809612,1086.24,19.16,-19.16,3/18/2019,2017-06,3/21/2019
Kepler-412 b,Kepler-412,0,1,1,0,0,Transit,2014,Kepler,Published Confirmed,0,<a refstr=DELEUIL_ET_AL__2014 href=https://ui.adsabs.harvard.edu/abs/2014A%26A...564A..56D/abstract target=ref> Deleuil et al. 2014 </a>,1.72086123,0.00000005,-0.00000005,0,0.02959,0.00078,-0.00078,0,14.852,0.482,-0.482,0,1.325,0.043,-0.043,0,298.43,27.014,-27.014,0,0.939,0.085,-0.085,0,0.0038,0.0087,-0.0032,0,0.1058,0.0023,-0.0023,0,,,,,<a refstr=DELEUIL_ET_AL__2014 href=https://ui.adsabs.harvard.edu/abs/2014A%26A...564A..56D/abstract target=ref> Deleuil et al. 2014 </a>,5750,90,-90,0,1.29,0.04,-0.04,0,1.17,0.09,-0.09,0,0.27,0.12,-0.12,0,[Fe/H],,,,,4.3,0.07,-0.07,0,5.1,1.7,-1.7,0,0.771,0.025,-0.025,0,,,,,<a refstr=STASSUN_ET_AL__2019 href=https://ui.adsabs.harvard.edu/abs/2019AJ....158..138S/abstract target=ref>TICv8</a>,19h04m26.47s,286.1103053,+43d40m51.46s,43.6809612,1086.24,19.16,-19.16,5/14/2014,2014-04,5/14/2014
WASP-151 b,WASP-151,0,1,1,0,0,Transit,2017,SuperWASP-South,Published Confirmed,0,<a refstr=DEMANGEON_ET_AL__2018 href=https://ui.adsabs.harvard.edu/abs/2018A&A...610A..63D/abstract target=ref>Demangeon et al. 2018</a>,4.533471,0.000004,-0.000004,0,0.055,0.001,-0.001,0,12.666,0.336,-0.336,0,1.13,0.03,-0.03,0,98.5273,12.7132,-9.5349,0,0.31,0.04,-0.03,0,0.003,,,1,0.1011,0.0005,-0.0003,0,,,,,<a refstr=DEMANGEON_ET_AL__2018 href=https://ui.adsabs.harvard.edu/abs/2018A&A...610A..63D/abstract target=ref>Demangeon et al. 2018</a>,5871,57,-57,0,1.14,0.03,-0.03,0,1.08,0.08,-0.08,0,0.1,0.1,-0.1,0,[Fe/H],,,,,4.35,0.02,-0.03,0,5.1,1.3,-1.3,0,1.02,0.03,-0.06,0,,,,,<a refstr=STASSUN_ET_AL__2019 href=https://ui.adsabs.harvard.edu/abs/2019AJ....158..138S/abstract target=ref>TICv8</a>,23h16m15.23s,349.0634651,+00d18m24.08s,0.3066895,453.099,10.052,-9.633,10/23/2017,2018-03,10/26/2017
HAT-P-42 b,HAT-P-42,0,1,1,0,0,Transit,2012,HATNet,Published Confirmed,0,<a refstr=BONOMO_ET_AL__2017 href=https://ui.adsabs.harvard.edu/abs/2017A&A...602A.107B/abstract target=ref>Bonomo et al. 2017</a>,4.641878,0.000032,-0.000032,0,0.0575,0.0011,-0.0011,0,14.348,1.681,-1.681,0,1.28,0.15,-0.15,0,279.6904,44.4962,-41.3179,0,0.88,0.14,-0.13,0,0.11,,,1,,,,,,,,,<a refstr=BONOMO_ET_AL__2017 href=https://ui.adsabs.harvard.edu/abs/2017A&A...602A.107B/abstract target=ref>Bonomo et al. 2017</a>,5743,50,-50,0,1.53,0.14,-0.14,0,1.18,0.07,-0.07,0,0.27,0.08,-0.08,0,,,,,,,,,,5.2,1.8,-0.7,0,,,,,,,,,<a refstr=STASSUN_ET_AL__2019 href=https://ui.adsabs.harvard.edu/abs/2019AJ....158..138S/abstract target=ref>TICv8</a>,09h01m22.65s,135.3443583,+06d05m49.50s,6.0970828,405.238,7.779,-7.496,3/18/2019,2017-06,3/21/2019
HAT-P-42 b,HAT-P-42,1,1,1,0,0,Transit,2012,HATNet,Published Confirmed,0,<a refstr=BOISSE_ET_AL__2013 href=https://ui.adsabs.harvard.edu/abs/2013A%26A...558A..86B/abstract target=ref> Boisse et al. 2013 </a>,4.641878,0.000032,-0.000032,0,0.0575,0.0011,-0.0011,0,14.348,1.715,-1.715,0,1.28,0.153,-0.153,0,331.801,26.379,-26.379,0,1.044,0.083,-0.083,0,0,,,0,0.086,0.0033,-0.0033,0,,,,,<a refstr=BOISSE_ET_AL__2013 href=https://ui.adsabs.harvard.edu/abs/2013A%26A...558A..86B/abstract target=ref> Boisse et al. 2013 </a>,5743,50,-50,0,1.53,0.14,-0.14,0,1.18,0.07,-0.07,0,0.27,0.08,-0.08,0,[Fe/H],0.356,0.075,-0.091,0,4.14,0.07,-0.07,0,5.2,1.8,-0.7,0,,,,,,,,,<a refstr=STASSUN_ET_AL__2019 href=https://ui.adsabs.harvard.edu/abs/2019AJ....158..138S/abstract target=ref>TICv8</a>,09h01m22.65s,135.3443583,+06d05m49.50s,6.0970828,405.238,7.779,-7.496,5/14/2014,2013-10,5/14/2014
WASP-5 b,WASP-5,1,1,1,0,0,Transit,2008,SuperWASP,Published Confirmed,0,<a refstr=GILLON_ET_AL__2009 href=https://ui.adsabs.harvard.edu/abs/2009A&A...496..259G/abstract target=ref> Gillon et al. 2009 </a>,1.6284279,0.0000022,-0.0000049,0,0.0267,0.0012,-0.0008,0,12.184,0.762,-0.796,0,1.087,0.068,-0.071,0,502.15,41.32,-31.78,0,1.58,0.13,-0.1,0,0.038,0.026,-0.018,0,,,,,,,,,<a refstr=GILLON_ET_AL__2009 href=https://ui.adsabs.harvard.edu/abs/2009A&A...496..259G/abstract target=ref> Gillon et al. 2009 </a>,5700,100,-100,0,1.03,0.06,-0.07,0,0.96,0.13,-0.09,0,0.09,0.09,-0.09,0,[Fe/H],,,,,4.39,0.04,-0.04,0,5.4,4.4,-4.3,0,1.24,0.17,-0.17,0,,,,,<a refstr=STASSUN_ET_AL__2019 href=https://ui.adsabs.harvard.edu/abs/2019AJ....158..138S/abstract target=ref>TICv8</a>,23h57m23.77s,359.3490277,-41d16m37.99s,-41.2772202,309.137,3.414,-3.341,10/29/2014,2009-03,10/29/2014
HATS-29 b,HATS-29,1,1,1,0,0,Transit,2016,HATSouth,Published Confirmed,0,<a refstr=ESPINOZA_ET_AL__2016 href=https://ui.adsabs.harvard.edu/abs/2016AJ....152..108E/abstract target=ref>Espinoza et al. 2016</a>,4.6058749,0.0000063,-0.0000063,0,0.05475,0.00088,-0.00088,0,14.022,0.684,-0.684,0,1.251,0.061,-0.061,0,207.54299,20.02329,-20.02329,0,0.653,0.063,-0.063,0,0.158,,,1,0.1201,0.0027,-0.0027,0,,,,,<a refstr=ESPINOZA_ET_AL__2016 href=https://ui.adsabs.harvard.edu/abs/2016AJ....152..108E/abstract target=ref>Espinoza et al. 2016</a>,5670,110,-110,0,1.07,0.04,-0.04,0,1.03,0.05,-0.05,0,0.16,0.08,-0.08,0,[Fe/H],0.029,0.05,-0.056,0,4.39,0.03,-0.03,0,5.5,2.6,-1.7,0,1.17,0.11,-0.11,0,,,,,<a refstr=STASSUN_ET_AL__2019 href=https://ui.adsabs.harvard.edu/abs/2019AJ....158..138S/abstract target=ref>TICv8</a>,19h00m23.16s,285.0965172,-54d53m36.03s,-54.8933408,353.891,4.986,-4.852,6/8/2016,2016-10,6/9/2016
K2-132 b,K2-132,0,1,1,0,0,Transit,2017,K2,Published Confirmed,0,<a refstr=JONES_ET_AL__2018 href=https://ui.adsabs.harvard.edu/abs/2018A&A...613A..76J/abstract target=ref>Jones et al. 2018</a>,9.1708,0.0025,-0.0025,0,0.0916,0.0006,-0.0006,0,12.207,0.067,-0.067,0,1.089,0.006,-0.006,0,157.32585,2.16124,-2.00233,0,0.495,0.0068,-0.0063,0,0.29,0.049,-0.049,0,0.0279,0.0011,-0.0011,0,,,,,<a refstr=JONES_ET_AL__2018 href=https://ui.adsabs.harvard.edu/abs/2018A&A...613A..76J/abstract target=ref>Jones et al. 2018</a>,4878,70,-70,0,4.11,0.05,-0.05,0,1.19,0.04,-0.04,0,-0.11,0.05,-0.05,0,[Fe/H],0.943,0.009,-0.01,0,3.35,0.15,-0.15,0,5.5,0.4,-0.4,0,,,,,,,,,<a refstr=STASSUN_ET_AL__2019 href=https://ui.adsabs.harvard.edu/abs/2019AJ....158..138S/abstract target=ref>TICv8</a>,12h08m39.90s,182.1662666,-08d44m49.98s,-8.7472172,609.818,17.942,-16.962,8/23/2019,2018-06,8/29/2019
WASP-19 b,WASP-19,0,1,1,0,0,Transit,2009,SuperWASP,Published Confirmed,0,<a refstr=BONOMO_ET_AL__2017 href=https://ui.adsabs.harvard.edu/abs/2017A&A...602A.107B/abstract target=ref>Bonomo et al. 2017</a>,0.7888396,0.000001,-0.000001,0,0.01649,0.00053,-0.00056,0,14.684,0.673,-0.673,0,1.31,0.06,-0.06,0,367.72931,24.15508,-24.79074,0,1.157,0.076,-0.078,0,0.0061,,,1,,,,,,,,,<a refstr=BONOMO_ET_AL__2017 href=https://ui.adsabs.harvard.edu/abs/2017A&A...602A.107B/abstract target=ref>Bonomo et al. 2017</a>,5500,100,-100,0,0.94,0.04,-0.04,0,0.96,0.09,-0.1,0,0.02,0.09,-0.09,0,,,,,,,,,,5.5,8.5,-4.5,0,,,,,10.5,0.2,-0.2,0,<a refstr=STASSUN_ET_AL__2019 href=https://ui.adsabs.harvard.edu/abs/2019AJ....158..138S/abstract target=ref>TICv8</a>,09h53m40.02s,148.4167672,-45d39m32.79s,-45.6591078,268.325,1.72,-1.698,3/18/2019,2017-06,3/21/2019
WASP-5 b,WASP-5,0,1,1,0,0,Transit,2008,SuperWASP,Published Confirmed,0,<a refstr=BONOMO_ET_AL__2017 href=https://ui.adsabs.harvard.edu/abs/2017A&A...602A.107B/abstract target=ref>Bonomo et al. 2017</a>,1.62842953,0.00000052,-0.00000052,0,0.02739,0.00039,-0.00039,0,13.171,0.628,-0.628,0,1.175,0.056,-0.056,0,505.3497,16.84499,-16.52716,0,1.59,0.053,-0.052,0,0.012,,,1,,,,,,,,,<a refstr=BONOMO_ET_AL__2017 href=https://ui.adsabs.harvard.edu/abs/2017A&A...602A.107B/abstract target=ref>Bonomo et al. 2017</a>,5770,65,-65,0,1.09,0.04,-0.04,0,1.03,0.04,-0.04,0,0.09,0.09,-0.09,0,,,,,,,,,,5.6,2.2,-2.2,0,,,,,16.2,0.4,-0.4,0,<a refstr=STASSUN_ET_AL__2019 href=https://ui.adsabs.harvard.edu/abs/2019AJ....158..138S/abstract target=ref>TICv8</a>,23h57m23.77s,359.3490277,-41d16m37.99s,-41.2772202,309.137,3.414,-3.341,3/18/2019,2017-06,3/21/2019
K2-238 b,K2-238,1,1,1,0,0,Transit,2018,K2,Published Confirmed,0,<a refstr=SOTO_ET_AL__2018 href=https://ui.adsabs.harvard.edu/abs/2018MNRAS.478.5356S/abstract target=ref>Soto et al. 2018</a>,3.20466,0.00003,-0.00003,0,0.046,0.007,-0.006,0,14.572,1.681,-1.569,0,1.3,0.15,-0.14,0,273.3338,41.3179,-38.1396,0,0.86,0.13,-0.12,0,0,,,0,0.08,0.003,-0.002,0,,,,,<a refstr=SOTO_ET_AL__2018 href=https://ui.adsabs.harvard.edu/abs/2018MNRAS.478.5356S/abstract target=ref>Soto et al. 2018</a>,5630,78,-78,0,1.59,0.16,-0.16,0,1.19,0.08,-0.08,0,0.34,0.04,-0.04,0,[Fe/H],,,,,4.11,0.07,-0.07,0,5.63,1.05,-1.97,0,0.0775,0.0004,-0.0003,0,,,,,<a refstr=STASSUN_ET_AL__2019 href=https://ui.adsabs.harvard.edu/abs/2019AJ....158..138S/abstract target=ref>TICv8</a>,23h10m49.04s,347.7043164,-07d51m27.21s,-7.8575592,537.963,,,6/26/2018,2018-08,6/21/2018
HAT-P-43 b,HAT-P-43,0,1,1,0,0,Transit,2012,HATNet,Published Confirmed,0,<a refstr=BOISSE_ET_AL__2013 href=https://ui.adsabs.harvard.edu/abs/2013A%26A...558A..86B/abstract target=ref> Boisse et al. 2013 </a>,3.332687,0.000015,-0.000015,0,0.0443,0.0004,-0.0006,0,14.359,0.695,-0.37,0,1.281,0.062,-0.033,0,210.395,19.069,-19.069,0,0.662,0.06,-0.06,0,0,,,0,0.1193,0.0018,-0.0018,0,,,,,<a refstr=BOISSE_ET_AL__2013 href=https://ui.adsabs.harvard.edu/abs/2013A%26A...558A..86B/abstract target=ref> Boisse et al. 2013 </a>,5645,74,-74,0,1.1,0.04,-0.02,0,1.05,0.03,-0.04,0,0.23,0.08,-0.08,0,[Fe/H],0.045,0.037,-0.041,0,4.37,0.02,-0.02,0,5.7,1.9,-1.1,0,,,,,,,,,<a refstr=STASSUN_ET_AL__2019 href=https://ui.adsabs.harvard.edu/abs/2019AJ....158..138S/abstract target=ref>TICv8</a>,08h35m42.17s,128.9256885,+10d12m23.71s,10.2065866,528.825,7.587,-7.379,5/14/2014,2013-10,5/14/2014
HAT-P-43 b,HAT-P-43,0,1,1,0,0,Transit,2012,HATNet,Published Confirmed,0,<a refstr=BONOMO_ET_AL__2017 href=https://ui.adsabs.harvard.edu/abs/2017A&A...602A.107B/abstract target=ref>Bonomo et al. 2017</a>,3.332687,0.000015,-0.000015,0,0.04445,0.00045,-0.00053,0,14.359,0.695,-0.37,0,1.281,0.062,-0.033,0,232.0159,101.7056,-44.4962,0,0.73,0.32,-0.14,0,0.21,,,1,,,,,,,,,<a refstr=BONOMO_ET_AL__2017 href=https://ui.adsabs.harvard.edu/abs/2017A&A...602A.107B/abstract target=ref>Bonomo et al. 2017</a>,5645,74,-74,0,1.1,0.04,-0.02,0,1.05,0.03,-0.04,0,0.23,0.08,-0.08,0,,,,,,,,,,5.7,1.9,-1.1,0,,,,,,,,,<a refstr=STASSUN_ET_AL__2019 href=https://ui.adsabs.harvard.edu/abs/2019AJ....158..138S/abstract target=ref>TICv8</a>,08h35m42.17s,128.9256885,+10d12m23.71s,10.2065866,528.825,7.587,-7.379,3/18/2019,2017-06,3/21/2019
Kepler-6 b,Kepler-6,0,1,1,0,0,Transit,2009,Kepler,Published Confirmed,0,<a refstr=BONOMO_ET_AL__2017 href=https://ui.adsabs.harvard.edu/abs/2017A&A...602A.107B/abstract target=ref>Bonomo et al. 2017</a>,3.2346994,0.00000035,-0.00000035,0,0.04448,0.0019,-0.00084,0,13.103,0.583,-0.247,0,1.169,0.052,-0.022,0,205.63601,17.48065,-13.03103,0,0.647,0.055,-0.041,0,0.06,,,1,,,,,,,,,<a refstr=BONOMO_ET_AL__2017 href=https://ui.adsabs.harvard.edu/abs/2017A&A...602A.107B/abstract target=ref>Bonomo et al. 2017</a>,5647,44,-44,0,1.26,0.06,-0.02,0,1.11,0.15,-0.06,0,0.34,0.04,-0.04,0,,,,,,,,,,5.7,0.8,-2.3,0,,,,,,,,,<a refstr=STASSUN_ET_AL__2019 href=https://ui.adsabs.harvard.edu/abs/2019AJ....158..138S/abstract target=ref>TICv8</a>,19h47m20.94s,296.8372475,+48d14m23.89s,48.2399695,587.039,5.071,-4.986,3/18/2019,2017-06,3/21/2019
WASP-192 b,WASP-192,1,1,1,0,0,Transit,2019,WASP-South,Published Confirmed,0,<a refstr=HELLIER_ET_AL__2019 href=https://ui.adsabs.harvard.edu/abs/2019MNRAS.490.1479H/abstract target=ref>Hellier et al. 2019</a>,2.8786765,0.0000028,-0.0000028,0,0.0408,0.0008,-0.0008,0,13.787,0.897,-0.897,0,1.23,0.08,-0.08,0,731.009,50.8528,-50.8528,0,2.3,0.16,-0.16,0,0,,,0,,,,,,,,,<a refstr=HELLIER_ET_AL__2019 href=https://ui.adsabs.harvard.edu/abs/2019MNRAS.490.1479H/abstract target=ref>Hellier et al. 2019</a>,5910,145,-145,0,1.32,0.07,-0.07,0,1.09,0.06,-0.06,0,0.14,0.08,-0.08,0,[Fe/H],,,,,4.24,0.05,-0.05,0,5.7,1.9,-1.9,0,0.671,0.113,-0.113,0,,,,,<a refstr=STASSUN_ET_AL__2019 href=https://ui.adsabs.harvard.edu/abs/2019AJ....158..138S/abstract target=ref>TICv8</a>,14h54m38.09s,223.6587187,-38d44m40.37s,-38.7445469,508.885,16.646,-15.641,10/2/2019,2019-11,10/10/2019
Kepler-44 b,Kepler-44,1,1,1,0,0,Transit,2011,Kepler,Published Confirmed,0,<a refstr=BONOMO_ET_AL__2015 href=https://ui.adsabs.harvard.edu/abs/2015A&A...575A..85B/abstract target=ref>Bonomo et al. 2015</a>,3.2467293,0.000003,-0.000003,0,0.0446,0.0011,-0.0011,0,12.22,0.78,-0.78,0,1.09,0.07,-0.07,0,317.82,31.78,-31.78,0,1,0.1,-0.1,0,0.066,,,1,0.0828,0.0008,-0.0008,0,,,,,<a refstr=BONOMO_ET_AL__2015 href=https://ui.adsabs.harvard.edu/abs/2015A&A...575A..85B/abstract target=ref>Bonomo et al. 2015</a>,5800,100,-100,0,1.35,0.08,-0.08,0,1.12,0.08,-0.08,0,0.15,0.1,-0.1,0,[Fe/H],,,,,4.22,0.04,-0.04,0,5.8,2.4,-1.5,0,0.63,0.1,-0.1,0,,,,,<a refstr=STASSUN_ET_AL__2019 href=https://ui.adsabs.harvard.edu/abs/2019AJ....158..138S/abstract target=ref>TICv8</a>,20h00m24.56s,300.1023512,+45d45m43.89s,45.7621918,1188,32.645,-32.645,1/29/2015,2015-03,1/29/2015
Kepler-44 b,Kepler-44,0,1,1,0,0,Transit,2011,Kepler,Published Confirmed,0,<a refstr=BONOMO_ET_AL__2017 href=https://ui.adsabs.harvard.edu/abs/2017A&A...602A.107B/abstract target=ref>Bonomo et al. 2017</a>,3.2467293,0.000003,-0.000003,0,0.0446,0.0011,-0.001,0,12.218,0.785,-0.785,0,1.09,0.07,-0.07,0,311.79123,31.783,-30.82951,0,0.981,0.1,-0.097,0,0.07,,,1,,,,,,,,,<a refstr=BONOMO_ET_AL__2017 href=https://ui.adsabs.harvard.edu/abs/2017A&A...602A.107B/abstract target=ref>Bonomo et al. 2017</a>,5800,100,-100,0,1.35,0.08,-0.08,0,1.12,0.08,-0.08,0,0.15,0.1,-0.1,0,,,,,,,,,,5.8,2.4,-1.5,0,,,,,,,,,<a refstr=STASSUN_ET_AL__2019 href=https://ui.adsabs.harvard.edu/abs/2019AJ....158..138S/abstract target=ref>TICv8</a>,20h00m24.56s,300.1023512,+45d45m43.89s,45.7621918,1188,32.645,-32.645,3/18/2019,2017-06,3/21/2019
K2-113 b,K2-113,0,1,1,0,0,Transit,2017,K2,Published Confirmed,0,<a refstr=ESPINOZA_ET_AL__2017 href=https://ui.adsabs.harvard.edu/abs/2017MNRAS.471.4374E/abstract target=ref>Espinoza et al. 2017</a>,5.817608,0.000031,-0.000029,0,0.0558,0.0059,-0.0049,0,10.424,1.121,-0.785,0,0.93,0.1,-0.07,0,410.0007,41.3179,-44.4962,0,1.29,0.13,-0.14,0,0,,,0,0.0911,0.0007,-0.00083,0,,,,,<a refstr=ESPINOZA_ET_AL__2017 href=https://ui.adsabs.harvard.edu/abs/2017MNRAS.471.4374E/abstract target=ref>Espinoza et al. 2017</a>,5627,88,-88,0,1.05,0.11,-0.08,0,1.01,0.04,-0.04,0,0.18,0.062,-0.062,0,[Fe/H],0.009,0.092,-0.084,0,4.4,0.15,-0.15,0,5.9,2.7,-3.4,0,1.23,0.36,-0.32,0,,,,,<a refstr=STASSUN_ET_AL__2019 href=https://ui.adsabs.harvard.edu/abs/2019AJ....158..138S/abstract target=ref>TICv8</a>,01h17m47.85s,19.4493823,+06d52m07.85s,6.8688469,635.722,13.43,-13.43,10/24/2018,2017-11,7/27/2017
TOI-2669 b,TOI-2669,1,1,1,0,0,Transit,2022,Transiting Exoplanet Survey Satellite (TESS),Published Confirmed,0,<a refstr=GRUNBLATT_ET_AL__2022 href=https://ui.adsabs.harvard.edu/abs/2022AJ....163..120G/abstract target=ref>Grunblatt et al. 2022</a>,6.2034,0.0001,-0.0001,0,,,,,19.728,1.793,-1.793,0,1.76,0.16,-0.16,0,193.87533,60.3874,-60.3874,0,0.61,0.19,-0.19,0,0.09,0.05,-0.05,0,,,,,,,,,<a refstr=GRUNBLATT_ET_AL__2022 href=https://ui.adsabs.harvard.edu/abs/2022AJ....163..120G/abstract target=ref>Grunblatt et al. 2022</a>,4800,100,-100,0,4.1,0.04,-0.04,0,1.19,0.16,-0.16,0,0.1,0.06,-0.06,0,[Fe/H],,,,,3.29,0.07,-0.07,0,5.9,3,-3,0,0.0254,0.0042,-0.0042,0,,,,,<a refstr=STASSUN_ET_AL__2019 href=https://ui.adsabs.harvard.edu/abs/2019AJ....158..138S/abstract target=ref>TICv8</a>,08h58m53.43s,134.7226445,-13d18m45.29s,-13.3125792,393.443,6.457,-6.256,3/16/2022,2022-03,3/16/2022
WASP-171 b,WASP-171,1,1,1,0,0,Transit,2019,WASP-South,Published Confirmed,0,<a refstr=NIELSEN_ET_AL__2019 href=https://ui.adsabs.harvard.edu/abs/2019MNRAS.489.2478N/abstract target=ref>Nielsen et al. 2019</a>,3.8186244,0.0000038,-0.0000038,0,0.0504,0.00083,-0.00083,0,10.985,0.785,-0.448,0,0.98,0.07,-0.04,0,344.52772,29.87602,-29.87602,0,1.084,0.094,-0.094,0,0,,,0,,,,,,,,,<a refstr=NIELSEN_ET_AL__2019 href=https://ui.adsabs.harvard.edu/abs/2019MNRAS.489.2478N/abstract target=ref>Nielsen et al. 2019</a>,5965,100,-100,0,1.64,0.09,-0.05,0,1.17,0.06,-0.06,0,0.04,0.07,-0.07,0,[Fe/H],,,,,4.08,0.02,-0.05,0,5.908,1.051,-1.051,0,0.381,0.024,-0.059,0,,,,,<a refstr=STASSUN_ET_AL__2019 href=https://ui.adsabs.harvard.edu/abs/2019AJ....158..138S/abstract target=ref>TICv8</a>,11h27m22.81s,171.8450533,-44d05m19.33s,-44.0887035,757.84,19.761,-18.798,9/4/2019,2019-10,9/12/2019
WASP-182 b,WASP-182,1,1,1,0,0,Transit,2019,WASP-South,Published Confirmed,0,<a refstr=NIELSEN_ET_AL__2019 href=https://ui.adsabs.harvard.edu/abs/2019MNRAS.489.2478N/abstract target=ref>Nielsen et al. 2019</a>,3.3769848,0.0000024,-0.0000024,0,0.0451,0.0009,-0.0009,0,9.528,0.336,-0.336,0,0.85,0.03,-0.03,0,47.03884,3.49613,-3.49613,0,0.148,0.011,-0.011,0,0,,,0,,,,,,,,,<a refstr=NIELSEN_ET_AL__2019 href=https://ui.adsabs.harvard.edu/abs/2019MNRAS.489.2478N/abstract target=ref>Nielsen et al. 2019</a>,5638,100,-100,0,1.34,0.03,-0.03,0,1.08,0.06,-0.06,0,0.27,0.11,-0.11,0,[Fe/H],,,,,4.22,0.03,-0.03,0,5.952,2.684,-2.684,0,0.636,0.058,-0.058,0,30,2,-2,0,<a refstr=STASSUN_ET_AL__2019 href=https://ui.adsabs.harvard.edu/abs/2019AJ....158..138S/abstract target=ref>TICv8</a>,20h46m41.60s,311.673345,-41d49m15.54s,-41.8209828,327.602,4.598,-4.474,9/4/2019,2019-10,9/12/2019
HATS-1 b,HATS-1,0,1,1,0,0,Transit,2012,HATSouth,Published Confirmed,0,<a refstr=BONOMO_ET_AL__2017 href=https://ui.adsabs.harvard.edu/abs/2017A&A...602A.107B/abstract target=ref>Bonomo et al. 2017</a>,3.446459,0.000004,-0.000004,0,0.04446,0.0008,-0.00084,0,14.594,1.793,-1.098,0,1.302,0.16,-0.098,0,556.2025,60.3877,-60.3877,0,1.75,0.19,-0.19,0,0.082,,,1,,,,,,,,,<a refstr=BONOMO_ET_AL__2017 href=https://ui.adsabs.harvard.edu/abs/2017A&A...602A.107B/abstract target=ref>Bonomo et al. 2017</a>,5870,100,-100,0,1.04,0.13,-0.07,0,0.99,0.05,-0.05,0,-0.06,0.12,-0.12,0,[Fe/H],,,,,,,,,6,2.8,-2.8,0,,,,,,,,,<a refstr=STASSUN_ET_AL__2019 href=https://ui.adsabs.harvard.edu/abs/2019AJ....158..138S/abstract target=ref>TICv8</a>,11h42m06.06s,175.5252399,-23d21m17.44s,-23.3548451,283.971,3.778,-3.682,3/18/2019,2017-06,3/21/2019
HD 97658 b,HD 97658,0,1,1,0,0,Radial Velocity,2010,W. M. Keck Observatory,Published Confirmed,0,<a refstr=VAN_GROOTEL_ET_AL__2014 href=https://ui.adsabs.harvard.edu/abs/2014ApJ...786....2V/abstract target=ref> Van Grootel et al. 2014</a>,9.4903,0.0016,-0.0056,0,0.08,0.0017,-0.0018,0,2.247,0.098,-0.095,0,0.2,0.009,-0.008,0,7.55,0.83,-0.79,0,0.024,0.003,-0.002,0,0.078,0.057,-0.053,0,0.0278,0.00075,-0.00077,0,,,,,<a refstr=VAN_GROOTEL_ET_AL__2014 href=https://ui.adsabs.harvard.edu/abs/2014ApJ...786....2V/abstract target=ref> Van Grootel et al. 2014</a>,5170,50,-50,0,0.74,0.02,-0.02,0,0.77,0.05,-0.05,0,-0.23,0.03,-0.03,0,[Fe/H],-0.45,0.021,-0.023,0,4.58,0.05,-0.05,0,6,1,-1,0,2.66,0.32,-0.28,0,,,,,<a refstr=STASSUN_ET_AL__2019 href=https://ui.adsabs.harvard.edu/abs/2019AJ....158..138S/abstract target=ref>TICv8</a>,11h14m33.04s,168.6376584,+25d42m38.15s,25.7105962,21.5618,0.0254,-0.0253,4/25/2018,2014-05,5/14/2014
Kepler-426 b,Kepler-426,1,1,1,0,0,Transit,2014,Kepler,Published Confirmed,0,<a refstr=H_EACUTE_BRARD_ET_AL__2014 href=https://ui.adsabs.harvard.edu/abs/2014A&A...572A..93H/abstract target=ref>H&eacute;brard et al. 2014</a>,3.21751883,0.00000019,-0.00000019,0,0.0414,0.001,-0.001,0,12.22,0.34,-0.34,0,1.09,0.03,-0.03,0,108.06,25.43,-25.43,0,0.34,0.08,-0.08,0,0.18,,,1,0.1221,0.0013,-0.0013,0,,,,,<a refstr=H_EACUTE_BRARD_ET_AL__2014 href=https://ui.adsabs.harvard.edu/abs/2014A&A...572A..93H/abstract target=ref>H&eacute;brard et al. 2014</a>,5725,90,-90,0,0.92,0.02,-0.02,0,0.91,0.06,-0.06,0,-0.21,0.08,-0.08,0,[Fe/H],-0.089,0.042,-0.042,0,4.47,0.01,-0.01,0,6,4,-4,0,1.17,0.023,-0.023,0,,,,,<a refstr=STASSUN_ET_AL__2019 href=https://ui.adsabs.harvard.edu/abs/2019AJ....158..138S/abstract target=ref>TICv8</a>,19h17m44.32s,289.4346668,+49d28m24.44s,49.473455,843.695,13.668,-13.668,10/3/2014,2014-12,10/3/2014
Kepler-426 b,Kepler-426,0,1,1,0,0,Transit,2014,Kepler,Published Confirmed,0,<a refstr=BONOMO_ET_AL__2017 href=https://ui.adsabs.harvard.edu/abs/2017A&A...602A.107B/abstract target=ref>Bonomo et al. 2017</a>,3.21751883,0.00000019,-0.00000019,0,0.04135,0.00088,-0.00095,0,12.218,0.336,-0.336,0,1.09,0.03,-0.03,0,107.10871,18.43414,-19.0698,0,0.337,0.058,-0.06,0,0.12,,,1,,,,,,,,,<a refstr=BONOMO_ET_AL__2017 href=https://ui.adsabs.harvard.edu/abs/2017A&A...602A.107B/abstract target=ref>Bonomo et al. 2017</a>,5725,90,-90,0,0.92,0.02,-0.02,0,0.91,0.06,-0.06,0,-0.21,0.08,-0.08,0,[Fe/H],,,,,,,,,6,4,-4,0,,,,,,,,,<a refstr=STASSUN_ET_AL__2019 href=https://ui.adsabs.harvard.edu/abs/2019AJ....158..138S/abstract target=ref>TICv8</a>,19h17m44.32s,289.4346668,+49d28m24.44s,49.473455,843.695,13.668,-13.668,3/18/2019,2017-06,3/21/2019
CoRoT-35 b,CoRoT-35,1,1,1,0,0,Transit,2022,CoRoT,Published Confirmed,0,<a refstr=SEBASTIAN_ET_AL__2022 href=https://ui.adsabs.harvard.edu/abs/2022arXiv220708742S/abstract target=ref>Sebastian et al. 2022</a>,3.22748,0.00008,-0.00008,0,0.0429,0.00092,-0.00092,0,18.831,1.233,-1.233,0,1.68,0.11,-0.11,0,349.61125,117.59651,-117.59651,0,1.1,0.37,-0.37,0,0,,,0,,,,,,,,,<a refstr=SEBASTIAN_ET_AL__2022 href=https://ui.adsabs.harvard.edu/abs/2022arXiv220708742S/abstract target=ref>Sebastian et al. 2022</a>,6390,130,-130,0,1.65,0.1,-0.11,0,1.01,0.07,-0.06,0,-0.5,0.1,-0.1,0,[Fe/H],,,,,4.01,0.05,-0.05,0,6.1,1.3,-1.3,0,,,,,,,,,<a refstr=STASSUN_ET_AL__2019 href=https://ui.adsabs.harvard.edu/abs/2019AJ....158..138S/abstract target=ref>TICv8</a>,19h17m15.44s,289.3143526,-02d46m28.95s,-2.7747085,1123.21,55.9,-50.92,8/1/2022,2022-07,8/1/2022
HAT-P-28 b,HAT-P-28,1,1,1,0,0,Transit,2011,HATNet,Published Confirmed,0,<a refstr=BUCHHAVE_ET_AL__2011 href=https://ui.adsabs.harvard.edu/abs/2011arXiv1103.1813B/abstract target=ref> Buchhave et al. 2011 </a>,3.257215,0.000007,-0.000007,0,0.0434,0.0007,-0.0007,0,13.585,1.267,-0.919,0,1.212,0.113,-0.082,0,198.953,11.759,-11.759,0,0.626,0.037,-0.037,0,0.051,0.033,-0.033,0,0.113,0.0024,-0.0024,0,,,,,<a refstr=BUCHHAVE_ET_AL__2011 href=https://ui.adsabs.harvard.edu/abs/2011arXiv1103.1813B/abstract target=ref> Buchhave et al. 2011 </a>,5680,90,-90,0,1.1,0.09,-0.07,0,1.02,0.05,-0.05,0,0.12,0.08,-0.08,0,[Fe/H],0.053,0.08,-0.066,0,4.36,0.06,-0.06,0,6.1,2.6,-1.9,0,,,,,,,,,<a refstr=STASSUN_ET_AL__2019 href=https://ui.adsabs.harvard.edu/abs/2019AJ....158..138S/abstract target=ref>TICv8</a>,00h52m00.22s,13.0009159,+34d43m42.25s,34.728402,401.319,5.542,-5.395,5/14/2014,2011-06,5/14/2014
HAT-P-28 b,HAT-P-28,0,1,1,0,0,Transit,2011,HATNet,Published Confirmed,0,<a refstr=BONOMO_ET_AL__2017 href=https://ui.adsabs.harvard.edu/abs/2017A&A...602A.107B/abstract target=ref>Bonomo et al. 2017</a>,3.257215,0.000007,-0.000007,0,0.04337,0.00066,-0.0007,0,13.585,1.233,-0.919,0,1.212,0.11,-0.082,0,202.45771,11.75971,-11.75971,0,0.637,0.037,-0.037,0,0.039,,,1,,,,,,,,,<a refstr=BONOMO_ET_AL__2017 href=https://ui.adsabs.harvard.edu/abs/2017A&A...602A.107B/abstract target=ref>Bonomo et al. 2017</a>,5680,90,-90,0,1.1,0.09,-0.07,0,1.02,0.05,-0.05,0,0.12,0.08,-0.08,0,,,,,,,,,,6.1,2.6,-1.9,0,,,,,,,,,<a refstr=STASSUN_ET_AL__2019 href=https://ui.adsabs.harvard.edu/abs/2019AJ....158..138S/abstract target=ref>TICv8</a>,00h52m00.22s,13.0009159,+34d43m42.25s,34.728402,401.319,5.542,-5.395,3/18/2019,2017-06,3/21/2019
TOI-954 b,TOI-954,1,1,1,0,0,Transit,2020,Transiting Exoplanet Survey Satellite (TESS),Published Confirmed,0,<a refstr=SHA_ET_AL__2021 href=https://ui.adsabs.harvard.edu/abs/2021AJ....161...82S/abstract target=ref>Sha et al. 2021</a>,3.6849729,0.0000027,-0.0000028,0,0.04963,0.00089,-0.0009,0,9.55,0.594,-0.695,0,0.852,0.053,-0.062,0,55.30242,5.72094,-5.40311,0,0.174,0.018,-0.017,0,0.14,0.18,-0.11,0,0.0462,0.0019,-0.0023,0,,,,,<a refstr=SHA_ET_AL__2021 href=https://ui.adsabs.harvard.edu/abs/2021AJ....161...82S/abstract target=ref>Sha et al. 2021</a>,5710,53,-49,0,1.89,0.08,-0.08,0,1.2,0.07,-0.06,0,0.215,0.05,-0.051,0,[Fe/H],0.535,0.029,-0.03,0,3.96,0.03,-0.02,0,6.14,0.3,-0.3,0,0.249,0.025,-0.021,0,,,,,<a refstr=STASSUN_ET_AL__2019 href=https://ui.adsabs.harvard.edu/abs/2019AJ....158..138S/abstract target=ref>TICv8</a>,04h07m45.85s,61.9410587,-25d12m31.69s,-25.2088028,238.768,1.905,-1.875,11/13/2020,2021-02,11/19/2020
HATS-28 b,HATS-28,1,1,1,0,0,Transit,2016,HATSouth,Published Confirmed,0,<a refstr=ESPINOZA_ET_AL__2016 href=https://ui.adsabs.harvard.edu/abs/2016AJ....152..108E/abstract target=ref>Espinoza et al. 2016</a>,3.1810781,0.0000039,-0.0000039,0,0.04131,0.00053,-0.00053,0,13.384,0.785,-0.785,0,1.194,0.07,-0.07,0,213.58176,27.65121,-27.65121,0,0.672,0.087,-0.087,0,0.202,,,1,0.1331,0.0029,-0.0029,0,,,,,<a refstr=ESPINOZA_ET_AL__2016 href=https://ui.adsabs.harvard.edu/abs/2016AJ....152..108E/abstract target=ref>Espinoza et al. 2016</a>,5498,84,-84,0,0.92,0.04,-0.04,0,0.93,0.04,-0.04,0,0.01,0.06,-0.06,0,[Fe/H],-0.157,0.049,-0.056,0,4.48,0.04,-0.04,0,6.2,2.8,-2.8,0,1.67,0.22,-0.22,0,,,,,<a refstr=STASSUN_ET_AL__2019 href=https://ui.adsabs.harvard.edu/abs/2019AJ....158..138S/abstract target=ref>TICv8</a>,18h57m35.94s,284.3997616,-49d08m18.65s,-49.1385126,535.383,7.926,-7.703,6/8/2016,2016-10,6/9/2016
WASP-23 b,WASP-23,0,1,1,0,0,Transit,2010,SuperWASP,Published Confirmed,0,<a refstr=BONOMO_ET_AL__2017 href=https://ui.adsabs.harvard.edu/abs/2017A&A...602A.107B/abstract target=ref>Bonomo et al. 2017</a>,2.94443,0.0000011,-0.0000011,0,0.037,0.0019,-0.0022,0,10.783,0.527,-0.628,0,0.962,0.047,-0.056,0,279.37257,30.19385,-31.783,0,0.879,0.095,-0.1,0,0.065,,,1,,,,,,,,,<a refstr=BONOMO_ET_AL__2017 href=https://ui.adsabs.harvard.edu/abs/2017A&A...602A.107B/abstract target=ref>Bonomo et al. 2017</a>,5150,100,-100,0,0.77,0.03,-0.05,0,0.78,0.13,-0.12,0,-0.05,0.13,-0.13,0,[Fe/H],,,,,,,,,6.2,5.6,-2.5,0,,,,,,,,,<a refstr=STASSUN_ET_AL__2019 href=https://ui.adsabs.harvard.edu/abs/2019AJ....158..138S/abstract target=ref>TICv8</a>,06h44m30.60s,101.1275033,-42d45m44.03s,-42.7622296,207.49,1.031,-1.022,3/18/2019,2017-06,3/21/2019
CoRoT-12 b,CoRoT-12,1,1,1,0,0,Transit,2010,CoRoT,Published Confirmed,0,<a refstr=GILLON_ET_AL__2010 href=https://ui.adsabs.harvard.edu/abs/2010A%26A...520A..97G/abstract target=ref> Gillon et al. 2010 </a>,2.828042,0.000013,-0.000013,0,0.04016,0.00093,-0.00092,0,16.14,1.46,-1.46,0,1.44,0.13,-0.13,0,291.438,22.247,-20.658,0,0.917,0.07,-0.065,0,0.07,0.063,-0.042,0,,,,,,,,,<a refstr=GILLON_ET_AL__2010 href=https://ui.adsabs.harvard.edu/abs/2010A%26A...520A..97G/abstract target=ref> Gillon et al. 2010 </a>,5675,80,-80,0,1.12,0.1,-0.09,0,1.08,0.08,-0.07,0,0.16,0.1,-0.1,0,[Fe/H],,,,,4.38,0.07,-0.06,0,6.3,3.1,-3.1,0,1.08,0.28,-0.21,0,,,,,<a refstr=STASSUN_ET_AL__2019 href=https://ui.adsabs.harvard.edu/abs/2019AJ....158..138S/abstract target=ref>TICv8</a>,06h43m03.76s,100.7656871,-01d17m47.20s,-1.2964437,1126.37,55.745,-55.745,5/14/2014,2010-09,5/14/2014
CoRoT-12 b,CoRoT-12,0,1,1,0,0,Transit,2010,CoRoT,Published Confirmed,0,<a refstr=BONOMO_ET_AL__2017 href=https://ui.adsabs.harvard.edu/abs/2017A&A...602A.107B/abstract target=ref>Bonomo et al. 2017</a>,2.828042,0.000013,-0.000013,0,0.04013,0.0009,-0.00093,0,16.141,1.457,-1.457,0,1.44,0.13,-0.13,0,290.81445,22.56593,-21.93027,0,0.915,0.071,-0.069,0,0.05,,,1,,,,,,,,,<a refstr=BONOMO_ET_AL__2017 href=https://ui.adsabs.harvard.edu/abs/2017A&A...602A.107B/abstract target=ref>Bonomo et al. 2017</a>,5675,80,-80,0,1.12,0.1,-0.09,0,1.08,0.08,-0.07,0,0.16,0.1,-0.1,0,,,,,,,,,,6.3,3.1,-3.1,0,,,,,,,,,<a refstr=STASSUN_ET_AL__2019 href=https://ui.adsabs.harvard.edu/abs/2019AJ....158..138S/abstract target=ref>TICv8</a>,06h43m03.76s,100.7656871,-01d17m47.20s,-1.2964437,1126.37,55.745,-55.745,3/18/2019,2017-06,3/21/2019
WASP-60 b,WASP-60,0,1,1,0,0,Transit,2012,SuperWASP,Published Confirmed,0,<a refstr=BONOMO_ET_AL__2017 href=https://ui.adsabs.harvard.edu/abs/2017A&A...602A.107B/abstract target=ref>Bonomo et al. 2017</a>,4.3050011,0.0000062,-0.0000062,0,0.05311,0.00058,-0.00059,0,9.64,1.345,-1.345,0,0.86,0.12,-0.12,0,160.50415,15.25584,-15.25584,0,0.505,0.048,-0.048,0,0.064,,,1,,,,,,,,,<a refstr=BONOMO_ET_AL__2017 href=https://ui.adsabs.harvard.edu/abs/2017A&A...602A.107B/abstract target=ref>Bonomo et al. 2017</a>,5900,100,-100,0,1.14,0.13,-0.13,0,1.08,0.04,-0.04,0,-0.04,0.09,-0.09,0,[Fe/H],,,,,,,,,6.3,1.7,-2.1,0,,,,,,,,,<a refstr=STASSUN_ET_AL__2019 href=https://ui.adsabs.harvard.edu/abs/2019AJ....158..138S/abstract target=ref>TICv8</a>,23h46m40.01s,356.6667136,+31d09m21.28s,31.1559115,431.052,7.554,-7.303,3/18/2019,2017-06,3/21/2019
TOI-132 b,TOI-132,1,1,1,0,0,Transit,2020,Transiting Exoplanet Survey Satellite (TESS),Published Confirmed,0,<a refstr=D_IACUTE_AZ_ET_AL__2020 href=https://ui.adsabs.harvard.edu/abs/2020MNRAS.493..973D/abstract target=ref>D&iacute;az et al. 2020</a>,2.1097019,0.000012,-0.000011,0,0.026,0.002,-0.003,0,3.42,0.13,-0.14,0,0.305,0.012,-0.012,0,22.4,1.9,-1.92,0,0.07048,0.00598,-0.00604,0,0.059,0.05,-0.037,0,,,,,,,,,<a refstr=D_IACUTE_AZ_ET_AL__2020 href=https://ui.adsabs.harvard.edu/abs/2020MNRAS.493..973D/abstract target=ref>D&iacute;az et al. 2020</a>,5397,46,-46,0,0.9,0.02,-0.02,0,0.97,0.06,-0.06,0,0.16,0.1,-0.1,0,[Fe/H],-0.222,0.035,-0.038,0,4.48,0.23,-0.23,0,6.34,0.42,-2.35,0,1.89,0.15,-0.15,0,,,,,<a refstr=STASSUN_ET_AL__2019 href=https://ui.adsabs.harvard.edu/abs/2019AJ....158..138S/abstract target=ref>TICv8</a>,22h33m35.92s,338.3996623,-43d26m12.74s,-43.436872,163.678,0.993,-0.981,2/21/2020,2020-03,2/27/2020
WASP-156 b,WASP-156,1,1,1,0,0,Transit,2017,SuperWASP,Published Confirmed,0,<a refstr=DEMANGEON_ET_AL__2018 href=https://ui.adsabs.harvard.edu/abs/2018A&A...610A..63D/abstract target=ref>Demangeon et al. 2018</a>,3.836169,0.000003,-0.000003,0,0.0453,0.0009,-0.0009,0,5.717,0.224,-0.224,0,0.51,0.02,-0.02,0,40.68224,3.1783,-2.86047,0,0.128,0.01,-0.009,0,0.007,,,1,0.0685,0.0012,-0.0008,0,,,,,<a refstr=DEMANGEON_ET_AL__2018 href=https://ui.adsabs.harvard.edu/abs/2018A&A...610A..63D/abstract target=ref>Demangeon et al. 2018</a>,4910,61,-61,0,0.76,0.03,-0.03,0,0.84,0.05,-0.05,0,0.24,0.12,-0.12,0,[Fe/H],,,,,4.6,0.04,-0.07,0,6.4,4,-4,0,2.68,0.14,-0.42,0,,,,,<a refstr=STASSUN_ET_AL__2019 href=https://ui.adsabs.harvard.edu/abs/2019AJ....158..138S/abstract target=ref>TICv8</a>,02h11m07.70s,32.782085,+02d25m05.50s,2.4181937,122.066,0.648,-0.641,10/23/2017,2018-03,10/26/2017
WASP-19 b,WASP-19,1,1,1,0,0,Transit,2009,SuperWASP,Published Confirmed,0,<a refstr=CORT_EACUTE_S_ZULETA_ET_AL__2020 href=https://ui.adsabs.harvard.edu/abs/2020A&A...636A..98C/abstract target=ref>Cort&eacute;s-Zuleta et al. 2020</a>,0.78883852,0.00000075,-0.00000082,0,0.01652,0.0005,-0.00056,0,15.861,0.493,-0.538,0,1.415,0.044,-0.048,0,366.77398,24.79062,-25.42627,0,1.154,0.078,-0.08,0,0.0126,0.014,-0.0089,0,0.1441,0.00049,-0.0005,0,,,,,<a refstr=CORT_EACUTE_S_ZULETA_ET_AL__2020 href=https://ui.adsabs.harvard.edu/abs/2020A&A...636A..98C/abstract target=ref>Cort&eacute;s-Zuleta et al. 2020</a>,5616,66,-65,0,1.01,0.03,-0.03,0,0.96,0.09,-0.1,0,0.04,0.25,-0.3,0,[Fe/H],-0.043,0.033,-0.034,0,4.42,0.02,-0.02,0,6.4,4.1,-3.5,0,1.339,0.056,-0.058,0,,,,,<a refstr=STASSUN_ET_AL__2019 href=https://ui.adsabs.harvard.edu/abs/2019AJ....158..138S/abstract target=ref>TICv8</a>,09h53m40.02s,148.4167672,-45d39m32.79s,-45.6591078,268.325,1.72,-1.698,1/31/2022,2020-04,1/31/2022
HAT-P-36 b,HAT-P-36,0,1,1,0,0,Transit,2011,HATNet,Published Confirmed,0,<a refstr=BONOMO_ET_AL__2017 href=https://ui.adsabs.harvard.edu/abs/2017A&A...602A.107B/abstract target=ref>Bonomo et al. 2017</a>,1.327347,0.000003,-0.000003,0,0.02382,0.00038,-0.00039,0,14.168,0.796,-0.796,0,1.264,0.071,-0.071,0,587.9855,31.783,-31.783,0,1.85,0.1,-0.1,0,0.059,,,1,,,,,,,,,<a refstr=BONOMO_ET_AL__2017 href=https://ui.adsabs.harvard.edu/abs/2017A&A...602A.107B/abstract target=ref>Bonomo et al. 2017</a>,5560,100,-100,0,1.1,0.06,-0.06,0,1.02,0.05,-0.05,0,0.26,0.1,-0.1,0,,,,,,,,,,6.6,2.9,-1.8,0,,,,,,,,,<a refstr=STASSUN_ET_AL__2019 href=https://ui.adsabs.harvard.edu/abs/2019AJ....158..138S/abstract target=ref>TICv8</a>,12h33m03.89s,188.2662048,+44d54m55.32s,44.9153672,294.419,2.269,-2.235,7/8/2019,2017-06,3/21/2019
HATS-54 b,HATS-54,1,1,1,0,0,Transit,2019,HATSouth,Published Confirmed,0,<a refstr=ESPINOZA_ET_AL__2019 href=https://ui.adsabs.harvard.edu/abs/2019AJ....158...63E/abstract target=ref>Espinoza et al. 2019</a>,2.5441828,0.0000043,-0.0000043,0,0.03763,0.00024,-0.00024,0,11.96,0.583,-0.583,0,1.067,0.052,-0.052,0,241.5508,31.783,-31.783,0,0.76,0.1,-0.1,0,0.126,,,1,0.0832,0.0025,-0.0025,0,,,,,<a refstr=ESPINOZA_ET_AL__2019 href=https://ui.adsabs.harvard.edu/abs/2019AJ....158...63E/abstract target=ref>Espinoza et al. 2019</a>,5702,26,-26,0,1.32,0.04,-0.04,0,1.1,0.02,-0.02,0,0.396,0.031,-0.031,0,[Fe/H],0.212,0.029,-0.021,0,4.24,0.02,-0.02,0,6.6,0.76,-0.76,0,0.678,0.054,-0.054,0,,,,,<a refstr=STASSUN_ET_AL__2019 href=https://ui.adsabs.harvard.edu/abs/2019AJ....158..138S/abstract target=ref>TICv8</a>,13h22m32.37s,200.6348641,-44d41m19.82s,-44.6888393,748.585,22.665,-21.392,8/9/2019,2019-08,8/15/2019
WASP-185 b,WASP-185,1,1,1,0,0,Transit,2019,WASP-South,Published Confirmed,0,<a refstr=HELLIER_ET_AL__2019 href=https://ui.adsabs.harvard.edu/abs/2019MNRAS.490.1479H/abstract target=ref>Hellier et al. 2019</a>,9.38755,0.00002,-0.00002,0,0.0904,0.0017,-0.0017,0,14.011,0.897,-0.897,0,1.25,0.08,-0.08,0,311.4734,19.0698,-19.0698,0,0.98,0.06,-0.06,0,0.24,0.04,-0.04,0,,,,,,,,,<a refstr=HELLIER_ET_AL__2019 href=https://ui.adsabs.harvard.edu/abs/2019MNRAS.490.1479H/abstract target=ref>Hellier et al. 2019</a>,5900,100,-100,0,1.5,0.08,-0.08,0,1.12,0.06,-0.06,0,-0.02,0.06,-0.06,0,[Fe/H],,,,,4.13,0.05,-0.05,0,6.6,1.6,-1.6,0,0.47,0.08,-0.08,0,,,,,<a refstr=STASSUN_ET_AL__2019 href=https://ui.adsabs.harvard.edu/abs/2019AJ....158..138S/abstract target=ref>TICv8</a>,14h16m14.30s,214.0595791,-19d32m32.30s,-19.5423062,279.35,3.439,-3.358,10/2/2019,2019-11,10/10/2019
WASP-48 b,WASP-48,0,1,1,0,0,Transit,2011,SuperWASP,Published Confirmed,0,<a refstr=CICERI_ET_AL__2015 href=https://ui.adsabs.harvard.edu/abs/2015A&A...577A..54C/abstract target=ref>Ciceri et al. 2015</a>,2.14363544,0.00000058,-0.00000058,0,0.0332,0.00078,-0.00078,0,15.65,0.57,-0.57,0,1.396,0.051,-0.051,0,288,27,-27,0,0.907,0.085,-0.085,0,0,,,0,0.09584,0.00077,-0.00077,0,,,,,<a refstr=CICERI_ET_AL__2015 href=https://ui.adsabs.harvard.edu/abs/2015A&A...577A..54C/abstract target=ref>Ciceri et al. 2015</a>,6000,150,-150,0,1.52,0.05,-0.05,0,1.06,0.07,-0.07,0,-0.12,0.12,-0.12,0,[Fe/H],,,,,4.1,0.02,-0.02,0,6.6,1.2,-5.6,0,0.427,0.031,-0.031,0,,,,,<a refstr=STASSUN_ET_AL__2019 href=https://ui.adsabs.harvard.edu/abs/2019AJ....158..138S/abstract target=ref>TICv8</a>,19h24m38.97s,291.1623865,+55d28m22.90s,55.4730273,454.144,4.465,-4.381,4/25/2018,2015-05,3/26/2015
CoRoT-16 b,CoRoT-16,0,1,1,0,0,Transit,2011,CoRoT,Published Confirmed,0,<a refstr=BONOMO_ET_AL__2017 href=https://ui.adsabs.harvard.edu/abs/2017A&A...602A.107B/abstract target=ref>Bonomo et al. 2017</a>,5.35227,0.0002,-0.0002,0,0.0618,0.0015,-0.0015,0,13.115,1.569,-1.793,0,1.17,0.14,-0.16,0,168.13207,31.14734,-30.51168,0,0.529,0.098,-0.096,0,0.37,0.11,-0.12,0,,,,,,,,,<a refstr=BONOMO_ET_AL__2017 href=https://ui.adsabs.harvard.edu/abs/2017A&A...602A.107B/abstract target=ref>Bonomo et al. 2017</a>,5650,100,-100,0,1.19,0.14,-0.13,0,1.1,0.08,-0.08,0,0.19,0.06,-0.06,0,,,,,,,,,,6.7,2.8,-2.8,0,,,,,,,,,<a refstr=STASSUN_ET_AL__2019 href=https://ui.adsabs.harvard.edu/abs/2019AJ....158..138S/abstract target=ref>TICv8</a>,18h34m05.92s,278.5246658,-06d00m09.37s,-6.0026026,732.409,35.344,-32.282,3/18/2019,2017-06,3/21/2019
HAT-P-20 b,HAT-P-20,1,1,1,0,0,Transit,2010,HATNet,Published Confirmed,0,<a refstr=BAKOS_ET_AL__2010 href=https://ui.adsabs.harvard.edu/abs/2010arXiv1008.3388B/abstract target=ref> Bakos et al. 2010 </a>,2.875317,0.000004,-0.000004,0,0.0361,0.0005,-0.0005,0,9.718,0.37,-0.37,0,0.867,0.033,-0.033,0,2302.899,59.432,-59.432,0,7.246,0.187,-0.187,0,0.015,0.005,-0.005,0,0.1284,0.0016,-0.0016,0,,,,,<a refstr=BAKOS_ET_AL__2010 href=https://ui.adsabs.harvard.edu/abs/2010arXiv1008.3388B/abstract target=ref> Bakos et al. 2010 </a>,4595,80,-80,0,0.69,0.02,-0.02,0,0.76,0.03,-0.03,0,0.35,0.08,-0.08,0,[Fe/H],-0.721,0.043,-0.048,0,4.63,0.02,-0.02,0,6.7,5.7,-3.8,0,,,,,,,,,<a refstr=STASSUN_ET_AL__2019 href=https://ui.adsabs.harvard.edu/abs/2019AJ....158..138S/abstract target=ref>TICv8</a>,07h27m39.94s,111.9164295,+24d20m10.03s,24.3361185,71.0374,0.1994,-0.1983,5/14/2014,2011-12,5/14/2014
HAT-P-20 b,HAT-P-20,0,1,1,0,0,Transit,2010,HATNet,Published Confirmed,0,<a refstr=BONOMO_ET_AL__2017 href=https://ui.adsabs.harvard.edu/abs/2017A&A...602A.107B/abstract target=ref>Bonomo et al. 2017</a>,2.8753186,0.0000002,-0.0000002,0,0.03617,0.00043,-0.00045,0,9.718,0.37,-0.37,0,0.867,0.033,-0.033,0,2310.6241,57.2094,-57.2094,0,7.27,0.18,-0.18,0,0.0158,0.0023,-0.0018,0,,,,,,,,,<a refstr=BONOMO_ET_AL__2017 href=https://ui.adsabs.harvard.edu/abs/2017A&A...602A.107B/abstract target=ref>Bonomo et al. 2017</a>,4595,80,-80,0,0.69,0.02,-0.02,0,0.76,0.03,-0.03,0,0.35,0.08,-0.08,0,,,,,,,,,,6.7,5.7,-3.8,0,,,,,,,,,<a refstr=STASSUN_ET_AL__2019 href=https://ui.adsabs.harvard.edu/abs/2019AJ....158..138S/abstract target=ref>TICv8</a>,07h27m39.94s,111.9164295,+24d20m10.03s,24.3361185,71.0374,0.1994,-0.1983,3/18/2019,2017-06,3/21/2019
K2-39 b,K2-39,0,1,1,0,0,Transit,2016,K2,Published Confirmed,0,<a refstr=PETIGURA_ET_AL__2017 href=https://ui.adsabs.harvard.edu/abs/2017AJ....153..142P/abstract target=ref>Petigura et al. 2017</a>,4.60497,0.00077,-0.00077,0,0.0574,0.0012,-0.0012,0,5.71,0.63,-0.63,0,0.509,0.056,-0.056,0,39.8,4.4,-4.4,0,0.12522,0.01384,-0.01384,0,0.152,0.084,-0.068,0,0.0179,0.0013,-0.0013,0,,,,,<a refstr=PETIGURA_ET_AL__2017 href=https://ui.adsabs.harvard.edu/abs/2017AJ....153..142P/abstract target=ref>Petigura et al. 2017</a>,4912,60,-60,0,2.93,0.21,-0.21,0,1.19,0.09,-0.07,0,0.43,0.04,-0.04,0,[Fe/H],,,,,3.58,0.05,-0.05,0,6.7,1.7,-1.3,0,,,,,,,,,<a refstr=STASSUN_ET_AL__2019 href=https://ui.adsabs.harvard.edu/abs/2019AJ....158..138S/abstract target=ref>TICv8</a>,22h33m28.37s,338.3682095,-09d01m22.59s,-9.0229405,307.47,4.656,-4.656,4/25/2018,2017-04,2/9/2017
TOI-849 b,TOI-849,1,1,1,0,0,Transit,2020,Transiting Exoplanet Survey Satellite (TESS),Published Confirmed,0,<a refstr=ARMSTRONG_ET_AL__2020 href=https://ui.adsabs.harvard.edu/abs/2020Natur.583...39A/abstract target=ref>Armstrong et al. 2020</a>,0.76552414,0.00000262,-0.00000279,0,0.01598,0.00013,-0.00014,0,3.444,0.157,-0.115,0,0.307,0.014,-0.01,0,39.09,2.66,-2.55,0,0.12299,0.00837,-0.00802,0,0,0,0,0,0.03443,0.00092,-0.00088,0,,,,,<a refstr=ARMSTRONG_ET_AL__2020 href=https://ui.adsabs.harvard.edu/abs/2020Natur.583...39A/abstract target=ref>Armstrong et al. 2020</a>,5373.8,42.5,-41.2,0,0.92,0.03,-0.02,0,0.93,0.02,-0.02,0,0.19,0.03,-0.03,0,[Fe/H],,,,,4.48,0.03,-0.04,0,6.7,2.9,-2.4,0,1.685,0.166,-0.173,0,,,,,<a refstr=STASSUN_ET_AL__2019 href=https://ui.adsabs.harvard.edu/abs/2019AJ....158..138S/abstract target=ref>TICv8</a>,01h54m51.79s,28.7157956,-29d25m18.15s,-29.4217086,225.734,1.569,-1.547,7/2/2020,2020-07,7/9/2020
CoRoT-16 b,CoRoT-16,1,1,1,0,0,Transit,2011,CoRoT,Published Confirmed,0,<a refstr=OLLIVIER_ET_AL__2012 href=https://ui.adsabs.harvard.edu/abs/2012A%26A...541A.149O/abstract target=ref> Ollivier et al. 2012 </a>,5.35227,0.0002,-0.0002,0,0.0618,0.0015,-0.0015,0,13.11,1.79,-1.57,0,1.17,0.16,-0.14,0,170.032,27.014,-26.379,0,0.535,0.085,-0.083,0,0.33,0.09,-0.1,0,0.101,0.0046,-0.0046,0,,,,,<a refstr=OLLIVIER_ET_AL__2012 href=https://ui.adsabs.harvard.edu/abs/2012A%26A...541A.149O/abstract target=ref> Ollivier et al. 2012 </a>,5650,100,-100,0,1.19,0.14,-0.13,0,1.1,0.08,-0.08,0,0.19,0.06,-0.06,0,[M/H],,,,,4.36,0.1,-0.1,0,6.73,2.8,-2.8,0,0.93,0.33,-0.24,0,,,,,<a refstr=STASSUN_ET_AL__2019 href=https://ui.adsabs.harvard.edu/abs/2019AJ....158..138S/abstract target=ref>TICv8</a>,18h34m05.92s,278.5246658,-06d00m09.37s,-6.0026026,732.409,35.344,-32.282,5/14/2014,2012-05,5/14/2014
TOI-559 b,TOI-559,1,1,1,0,0,Transit,2021,Transiting Exoplanet Survey Satellite (TESS),Published Confirmed,0,<a refstr=IKWUT_UKWA_ET_AL__2022 href=https://ui.adsabs.harvard.edu/abs/2022AJ....163....9I/abstract target=ref>Ikwut-Ukwa et al. 2022</a>,6.9839095,0.0000051,-0.0000051,0,0.0723,0.0013,-0.0013,0,12.229,0.314,-0.28,0,1.091,0.028,-0.025,0,1910.14873,76.27882,-73.10053,0,6.01,0.24,-0.23,0,0.151,0.012,-0.011,0,0.09097,0.00056,-0.0005,0,,,,,<a refstr=IKWUT_UKWA_ET_AL__2022 href=https://ui.adsabs.harvard.edu/abs/2022AJ....163....9I/abstract target=ref>Ikwut-Ukwa et al. 2022</a>,5925,85,-76,0,1.23,0.03,-0.03,0,1.03,0.06,-0.06,0,-0.069,0.065,-0.079,0,[Fe/H],0.227,0.022,-0.018,0,4.27,0.02,-0.03,0,6.8,2.5,-2,0,0.774,0.053,-0.058,0,,,,,<a refstr=STASSUN_ET_AL__2019 href=https://ui.adsabs.harvard.edu/abs/2019AJ....158..138S/abstract target=ref>TICv8</a>,03h07m16.47s,46.8186159,-31d09m46.78s,-31.1629951,233.266,1.542,-1.521,3/28/2022,2022-01,3/28/2022
WASP-133 b,WASP-133,1,1,1,0,0,Transit,2016,SuperWASP-South,Published Confirmed,0,<a refstr=MAXTED_ET_AL__2016 href=https://ui.adsabs.harvard.edu/abs/2016A&A...591A..55M/abstract target=ref>Maxted et al. 2016</a>,2.176423,0.000001,-0.000001,0,0.0345,0.0007,-0.0007,0,13.563,0.56,-0.56,0,1.21,0.05,-0.05,0,368.6828,28.6047,-28.6047,0,1.16,0.09,-0.09,0,0.17,,,1,,,,,,,,,<a refstr=MAXTED_ET_AL__2016 href=https://ui.adsabs.harvard.edu/abs/2016A&A...591A..55M/abstract target=ref>Maxted et al. 2016</a>,5700,100,-100,0,1.44,0.05,-0.05,0,1.16,0.08,-0.08,0,0.29,0.12,-0.12,0,[Fe/H],,,,,4.18,0.02,-0.02,0,6.8,1.8,-1.8,0,0.55,0.04,-0.04,0,,,,,<a refstr=STASSUN_ET_AL__2019 href=https://ui.adsabs.harvard.edu/abs/2019AJ....158..138S/abstract target=ref>TICv8</a>,20h58m18.11s,314.5754375,-35d47m47.84s,-35.7966224,559.084,16.967,-16.012,5/3/2016,2016-06,5/5/2016
CoRoT-5 b,CoRoT-5,1,1,1,0,0,Transit,2009,CoRoT,Published Confirmed,0,<a refstr=RAUER_ET_AL__2009 href=https://ui.adsabs.harvard.edu/abs/2009A&A...506..281R/abstract target=ref> Rauer et al. 2009 </a>,4.0378962,0.0000019,-0.0000019,0,0.04947,0.00026,-0.00029,0,15.558,0.516,-0.527,0,1.388,0.046,-0.047,0,148.42,14.937,-7.628,0,0.467,0.047,-0.024,0,0.09,0.09,-0.04,0,,,,,,,,,<a refstr=RAUER_ET_AL__2009 href=https://ui.adsabs.harvard.edu/abs/2009A&A...506..281R/abstract target=ref> Rauer et al. 2009 </a>,6100,65,-65,0,1.19,0.04,-0.04,0,1,0.02,-0.02,0,-0.25,0.06,-0.06,0,[M/H],,,,,4.19,0.03,-0.03,0,6.9,1.4,-1.4,0,,,,,,,,,<a refstr=STASSUN_ET_AL__2019 href=https://ui.adsabs.harvard.edu/abs/2019AJ....158..138S/abstract target=ref>TICv8</a>,06h45m06.54s,101.2772396,+00d48m54.78s,0.8152163,882.472,25.62,-25.62,5/14/2014,2009-10,5/14/2014
CoRoT-5 b,CoRoT-5,0,1,1,0,0,Transit,2009,CoRoT,Published Confirmed,0,<a refstr=BONOMO_ET_AL__2017 href=https://ui.adsabs.harvard.edu/abs/2017A&A...602A.107B/abstract target=ref>Bonomo et al. 2017</a>,4.0378962,0.0000019,-0.0000019,0,0.04963,0.00033,-0.00032,0,15.558,0.516,-0.527,0,1.388,0.046,-0.047,0,151.92274,11.12405,-11.12405,0,0.478,0.035,-0.035,0,0.087,,,1,,,,,,,,,<a refstr=BONOMO_ET_AL__2017 href=https://ui.adsabs.harvard.edu/abs/2017A&A...602A.107B/abstract target=ref>Bonomo et al. 2017</a>,6100,65,-65,0,1.19,0.04,-0.04,0,1,0.02,-0.02,0,-0.25,0.06,-0.06,0,[Fe/H],,,,,,,,,6.9,1.4,-1.4,0,,,,,,,,,<a refstr=STASSUN_ET_AL__2019 href=https://ui.adsabs.harvard.edu/abs/2019AJ....158..138S/abstract target=ref>TICv8</a>,06h45m06.54s,101.2772396,+00d48m54.78s,0.8152163,882.472,25.62,-25.62,3/18/2019,2017-06,3/21/2019
TOI-1296 b,TOI-1296,1,1,1,0,0,Transit,2021,Transiting Exoplanet Survey Satellite (TESS),Published Confirmed,0,<a refstr=MOUTOU_ET_AL__2021 href=https://ui.adsabs.harvard.edu/abs/2021A&A...653A.147M/abstract target=ref>Moutou et al. 2021</a>,3.9443715,0.0000058,-0.0000058,0,0.0497,0.0023,-0.0028,0,13.798,0.347,-0.347,0,1.231,0.031,-0.031,0,94.71287,12.39531,-12.39531,0,0.298,0.039,-0.039,0,0.055,0.061,-0.038,0,0.07599,0.00046,-0.00039,0,,,,,<a refstr=MOUTOU_ET_AL__2021 href=https://ui.adsabs.harvard.edu/abs/2021A&A...653A.147M/abstract target=ref>Moutou et al. 2021</a>,5603,47,-47,0,1.66,0.04,-0.04,0,1.17,0.14,-0.14,0,0.44,0.04,-0.04,0,[Fe/H],0.39,0.015,-0.016,0,4.05,0.1,-0.1,0,6.9,0.7,-0.7,0,0.324,0.037,-0.048,0,,,,,<a refstr=STASSUN_ET_AL__2019 href=https://ui.adsabs.harvard.edu/abs/2019AJ....158..138S/abstract target=ref>TICv8</a>,17h07m04.95s,256.7706392,+70d14m18.53s,70.2384806,323.265,2.845,-2.797,10/19/2021,2021-09,10/19/2021
Kepler-44 b,Kepler-44,0,1,1,0,0,Transit,2011,Kepler,Published Confirmed,0,<a refstr=BONOMO_ET_AL__2011 href=https://ui.adsabs.harvard.edu/abs/2011arXiv1110.5462B/abstract target=ref> Bonomo et al. 2011 </a>,3.24674,0.000018,-0.000018,0,0.0455,0.0013,-0.0013,0,13.9,0.78,-0.78,0,1.24,0.07,-0.07,0,324.17,22.25,-22.25,0,1.02,0.07,-0.07,0,0.021,,,1,0.0844,0.0011,-0.0011,0,,,,,<a refstr=BONOMO_ET_AL__2011 href=https://ui.adsabs.harvard.edu/abs/2011arXiv1110.5462B/abstract target=ref> Bonomo et al. 2011 </a>,5757,134,-134,0,1.52,0.09,-0.09,0,1.19,0.1,-0.1,0,0.26,0.1,-0.1,0,[Fe/H],,,,,4.15,0.06,-0.06,0,6.95,1.1,-1.7,0,0.48,0.07,-0.06,0,,,,,<a refstr=STASSUN_ET_AL__2019 href=https://ui.adsabs.harvard.edu/abs/2019AJ....158..138S/abstract target=ref>TICv8</a>,20h00m24.56s,300.1023512,+45d45m43.89s,45.7621918,1188,32.645,-32.645,5/14/2014,2012-02,5/14/2014
Qatar-2 b,Qatar-2,0,1,1,0,0,Transit,2011,Qatar,Published Confirmed,0,<a refstr=BONOMO_ET_AL__2017 href=https://ui.adsabs.harvard.edu/abs/2017A&A...602A.107B/abstract target=ref>Bonomo et al. 2017</a>,1.33711647,0.00000026,-0.00000026,0,0.02153,0.0002,-0.00019,0,14.056,0.135,-0.135,0,1.254,0.012,-0.012,0,785.0401,16.52716,-16.52716,0,2.47,0.052,-0.052,0,0.011,,,1,,,,,,,,,<a refstr=BONOMO_ET_AL__2017 href=https://ui.adsabs.harvard.edu/abs/2017A&A...602A.107B/abstract target=ref>Bonomo et al. 2017</a>,4645,50,-50,0,0.78,0.01,-0.01,0,0.74,0.02,-0.02,0,0.02,0.08,-0.08,0,,,,,,,,,,7,7,-7,0,,,,,,,,,<a refstr=STASSUN_ET_AL__2019 href=https://ui.adsabs.harvard.edu/abs/2019AJ....158..138S/abstract target=ref>TICv8</a>,13h50m37.32s,207.6554928,-06d48m14.66s,-6.8040714,181.374,1.218,-1.203,3/18/2019,2017-06,3/21/2019
TOI-3629 b,TOI-3629,1,1,1,0,0,Transit,2022,Transiting Exoplanet Survey Satellite (TESS),Published Confirmed,0,<a refstr=CA_NTILDE_AS_ET_AL__2022 href=https://ui.adsabs.harvard.edu/abs/2022arXiv220109963C/abstract target=ref>Ca&ntilde;as et al. 2022</a>,3.936551,0.000005,-0.000006,0,0.043,0.002,-0.002,0,8.295,0.224,-0.224,0,0.74,0.02,-0.02,0,82.63539,6.35657,-6.35657,0,0.26,0.02,-0.02,0,0.05,0.05,-0.04,0,0.126,0.002,-0.002,0,,,,,<a refstr=CA_NTILDE_AS_ET_AL__2022 href=https://ui.adsabs.harvard.edu/abs/2022arXiv220109963C/abstract target=ref>Ca&ntilde;as et al. 2022</a>,3870,90,-90,0,0.6,0.02,-0.01,0,0.63,0.02,-0.02,0,0.4,0.1,-0.1,0,[Fe/H],,,,,4.67,0.05,-0.05,0,7,2,-2,0,4,0.2,-0.2,0,,,,,<a refstr=STASSUN_ET_AL__2019 href=https://ui.adsabs.harvard.edu/abs/2019AJ....158..138S/abstract target=ref>TICv8</a>,23h59m10.41s,359.7933851,+39d18m51.32s,39.3142556,130.091,0.548,-0.545,6/27/2022,2022-01,6/27/2022
WASP-10 b,WASP-10,0,1,1,0,0,Transit,2008,SuperWASP,Published Confirmed,0,<a refstr=BONOMO_ET_AL__2017 href=https://ui.adsabs.harvard.edu/abs/2017A&A...602A.107B/abstract target=ref>Bonomo et al. 2017</a>,3.09272932,0.00000032,-0.00000032,0,0.0378,0.0013,-0.0014,0,11.96,0.717,-0.717,0,1.067,0.064,-0.064,0,1020.2343,73.1009,-76.2792,0,3.21,0.23,-0.24,0,0.0601,0.0064,-0.0046,0,,,,,,,,,<a refstr=BONOMO_ET_AL__2017 href=https://ui.adsabs.harvard.edu/abs/2017A&A...602A.107B/abstract target=ref>Bonomo et al. 2017</a>,4680,100,-100,0,0.7,0.04,-0.04,0,0.75,0.08,-0.08,0,0.03,0.2,-0.2,0,,,,,,,,,,7,6,-3,0,,,,,11.91,0.05,-0.05,0,<a refstr=STASSUN_ET_AL__2019 href=https://ui.adsabs.harvard.edu/abs/2019AJ....158..138S/abstract target=ref>TICv8</a>,23h15m58.33s,348.9930457,+31d27m45.90s,31.4627508,140.998,0.75,-0.742,3/18/2019,2017-06,3/21/2019
WASP-106 b,WASP-106,0,1,1,0,0,Transit,2014,SuperWASP,Published Confirmed,0,<a refstr=SMITH_ET_AL__2014 href=https://ui.adsabs.harvard.edu/abs/2014A&A...570A..64S/abstract target=ref>Smith et al. 2014</a>,9.289715,0.00001,-0.00001,0,0.0917,0.0014,-0.0014,0,12.162,0.516,-0.314,0,1.085,0.046,-0.028,0,611.797,24.154,-24.154,0,1.925,0.076,-0.076,0,0,,,0,,,,,,,,,<a refstr=SMITH_ET_AL__2014 href=https://ui.adsabs.harvard.edu/abs/2014A&A...570A..64S/abstract target=ref>Smith et al. 2014</a>,6055,136,-136,0,1.39,0.05,-0.03,0,1.19,0.05,-0.05,0,-0.09,0.09,-0.09,0,[Fe/H],,,,,4.23,0.01,-0.02,0,7,2,-2,0,0.627,0.014,-0.055,0,,,,,<a refstr=STASSUN_ET_AL__2019 href=https://ui.adsabs.harvard.edu/abs/2019AJ....158..138S/abstract target=ref>TICv8</a>,11h05m43.11s,166.4296276,-05d04m46.15s,-5.0794854,352.181,6.393,-6.172,4/25/2018,2014-10,9/25/2014
WASP-106 b,WASP-106,0,1,1,0,0,Transit,2014,SuperWASP,Published Confirmed,0,<a refstr=BONOMO_ET_AL__2017 href=https://ui.adsabs.harvard.edu/abs/2017A&A...602A.107B/abstract target=ref>Bonomo et al. 2017</a>,9.289715,0.00001,-0.00001,0,0.0917,0.0014,-0.0014,0,12.162,0.516,-0.314,0,1.085,0.046,-0.028,0,606.73747,25.10857,-25.10857,0,1.909,0.079,-0.079,0,0.046,,,1,,,,,,,,,<a refstr=BONOMO_ET_AL__2017 href=https://ui.adsabs.harvard.edu/abs/2017A&A...602A.107B/abstract target=ref>Bonomo et al. 2017</a>,6000,150,-150,0,1.39,0.05,-0.03,0,1.19,0.05,-0.05,0,-0.09,0.09,-0.09,0,[Fe/H],,,,,,,,,7,2,-2,0,,,,,,,,,<a refstr=STASSUN_ET_AL__2019 href=https://ui.adsabs.harvard.edu/abs/2019AJ....158..138S/abstract target=ref>TICv8</a>,11h05m43.11s,166.4296276,-05d04m46.15s,-5.0794854,352.181,6.393,-6.172,3/18/2019,2017-06,3/21/2019
WASP-4 b,WASP-4,0,1,1,0,0,Transit,2007,SuperWASP,Published Confirmed,0,<a refstr=PETRUCCI_ET_AL__2013 href=https://ui.adsabs.harvard.edu/abs/2013ApJ...779L..23P/abstract target=ref> Petrucci et al. 2013 </a>,1.33823251,0.00000031,-0.00000031,0,,,,,14.908,1.793,-1.793,0,1.33,0.16,-0.16,0,386.48128,4.13179,-4.13179,0,1.216,0.013,-0.013,0,0,,,0,,,,,,,,,<a refstr=PETRUCCI_ET_AL__2013 href=https://ui.adsabs.harvard.edu/abs/2013ApJ...779L..23P/abstract target=ref> Petrucci et al. 2013 </a>,5436,34,-34,0,0.92,0.06,-0.06,0,0.89,0.01,-0.01,0,-0.05,0.04,-0.04,0,[Fe/H],,,,,4.46,0.05,-0.05,0,7,2.9,-2.9,0,,,,,,,,,<a refstr=STASSUN_ET_AL__2019 href=https://ui.adsabs.harvard.edu/abs/2019AJ....158..138S/abstract target=ref>TICv8</a>,23h34m15.10s,353.5629149,-42d03m42.41s,-42.0617794,267.206,3.771,-3.67,8/9/2019,2013-12,8/27/2015
WASP-4 b,WASP-4,0,1,1,0,0,Transit,2007,SuperWASP,Published Confirmed,0,<a refstr=BONOMO_ET_AL__2017 href=https://ui.adsabs.harvard.edu/abs/2017A&A...602A.107B/abstract target=ref>Bonomo et al. 2017</a>,1.33823162,0.00000007,-0.00000007,0,0.02287,0.00009,-0.00009,0,14.908,1.793,-1.793,0,1.33,0.16,-0.16,0,371.8611,4.76745,-4.76745,0,1.17,0.015,-0.015,0,0.0033,,,1,,,,,,,,,<a refstr=BONOMO_ET_AL__2017 href=https://ui.adsabs.harvard.edu/abs/2017A&A...602A.107B/abstract target=ref>Bonomo et al. 2017</a>,5436,34,-34,0,0.92,0.06,-0.06,0,0.89,0.01,-0.01,0,-0.05,0.04,-0.04,0,[Fe/H],,,,,,,,,7,2.9,-2.9,0,,,,,22.2,3.3,-3.3,0,<a refstr=STASSUN_ET_AL__2019 href=https://ui.adsabs.harvard.edu/abs/2019AJ....158..138S/abstract target=ref>TICv8</a>,23h34m15.10s,353.5629149,-42d03m42.41s,-42.0617794,267.206,3.771,-3.67,8/9/2019,2017-06,3/21/2019
WASP-4 b,WASP-4,1,1,1,0,0,Transit,2007,SuperWASP,Published Confirmed,0,<a refstr=BOUMA_ET_AL__2019 href=https://ui.adsabs.harvard.edu/abs/2019AJ....157..217B/abstract target=ref>Bouma et al. 2019</a>,1.33823147,0.00000002,-0.00000002,0,0.0226,0.0007,-0.0008,0,14.807,0.437,-0.437,0,1.321,0.039,-0.039,0,376.94638,28.6047,-31.14734,0,1.186,0.09,-0.098,0,0,,,0,0.15201,0.0004,-0.00033,0,,,,,<a refstr=BOUMA_ET_AL__2019 href=https://ui.adsabs.harvard.edu/abs/2019AJ....157..217B/abstract target=ref>Bouma et al. 2019</a>,5400,90,-90,0,0.89,0.03,-0.03,0,0.86,0.08,-0.09,0,-0.07,0.19,-0.19,0,[Fe/H],,,,,4.47,0.11,-0.11,0,7,,,0,1.711,0.022,-0.048,0,,,,,<a refstr=STASSUN_ET_AL__2019 href=https://ui.adsabs.harvard.edu/abs/2019AJ....158..138S/abstract target=ref>TICv8</a>,23h34m15.10s,353.5629149,-42d03m42.41s,-42.0617794,267.206,3.771,-3.67,8/9/2019,2019-06,8/15/2019
WASP-43 b,WASP-43,0,1,1,0,0,Transit,2011,SuperWASP,Published Confirmed,0,<a refstr=BONOMO_ET_AL__2017 href=https://ui.adsabs.harvard.edu/abs/2017A&A...602A.107B/abstract target=ref>Bonomo et al. 2017</a>,0.81347437,0.00000013,-0.00000013,0,0.01528,0.00017,-0.00018,0,11.613,0.213,-0.213,0,1.036,0.019,-0.019,0,651.5515,15.8915,-16.52716,0,2.05,0.05,-0.052,0,0.0062,,,1,,,,,,,,,<a refstr=BONOMO_ET_AL__2017 href=https://ui.adsabs.harvard.edu/abs/2017A&A...602A.107B/abstract target=ref>Bonomo et al. 2017</a>,4400,200,-200,0,0.67,0.01,-0.01,0,0.72,0.03,-0.03,0,-0.05,0.17,-0.17,0,[Fe/H],,,,,,,,,7,7,-7,0,,,,,15.6,0.4,-0.4,0,<a refstr=STASSUN_ET_AL__2019 href=https://ui.adsabs.harvard.edu/abs/2019AJ....158..138S/abstract target=ref>TICv8</a>,10h19m37.96s,154.9081869,-09d48m23.20s,-9.8064431,86.7467,0.3281,-0.3257,3/18/2019,2017-06,3/21/2019
WASP-50 b,WASP-50,0,1,1,0,0,Transit,2011,SuperWASP,Published Confirmed,0,<a refstr=BONOMO_ET_AL__2017 href=https://ui.adsabs.harvard.edu/abs/2017A&A...602A.107B/abstract target=ref>Bonomo et al. 2017</a>,1.9550938,0.0000013,-0.0000013,0,0.02945,0.00084,-0.00087,0,12.924,0.538,-0.538,0,1.153,0.048,-0.048,0,464.0318,27.65121,-27.65121,0,1.46,0.087,-0.087,0,0.022,,,1,,,,,,,,,<a refstr=BONOMO_ET_AL__2017 href=https://ui.adsabs.harvard.edu/abs/2017A&A...602A.107B/abstract target=ref>Bonomo et al. 2017</a>,5400,100,-100,0,0.84,0.03,-0.03,0,0.89,0.08,-0.07,0,-0.12,0.08,-0.08,0,[Fe/H],,,,,,,,,7,3.5,-3.5,0,,,,,16.3,0.5,-0.5,0,<a refstr=STASSUN_ET_AL__2019 href=https://ui.adsabs.harvard.edu/abs/2019AJ....158..138S/abstract target=ref>TICv8</a>,02h54m45.14s,43.6880738,-10d53m52.89s,-10.8980242,184.848,1.879,-1.841,7/8/2019,2017-06,3/21/2019
WASP-57 b,WASP-57,0,1,1,0,0,Transit,2012,SuperWASP,Published Confirmed,0,<a refstr=BONOMO_ET_AL__2017 href=https://ui.adsabs.harvard.edu/abs/2017A&A...602A.107B/abstract target=ref>Bonomo et al. 2017</a>,2.83891856,0.00000081,-0.00000081,0,0.03772,0.00083,-0.00089,0,11.769,0.583,-0.583,0,1.05,0.052,-0.052,0,204.36469,17.79848,-17.16282,0,0.643,0.056,-0.054,0,0.059,,,1,,,,,,,,,<a refstr=BONOMO_ET_AL__2017 href=https://ui.adsabs.harvard.edu/abs/2017A&A...602A.107B/abstract target=ref>Bonomo et al. 2017</a>,5600,100,-100,0,0.93,0.03,-0.03,0,0.89,0.06,-0.06,0,-0.25,0.1,-0.1,0,[Fe/H],,,,,,,,,7,7,-7,0,,,,,,,,,<a refstr=STASSUN_ET_AL__2019 href=https://ui.adsabs.harvard.edu/abs/2019AJ....158..138S/abstract target=ref>TICv8</a>,14h55m16.79s,223.8199788,-02d03m27.67s,-2.0576866,398.276,5.82,-5.657,3/18/2019,2017-06,3/21/2019
WASP-59 b,WASP-59,0,1,1,0,0,Transit,2012,SuperWASP,Published Confirmed,0,<a refstr=BONOMO_ET_AL__2017 href=https://ui.adsabs.harvard.edu/abs/2017A&A...602A.107B/abstract target=ref>Bonomo et al. 2017</a>,7.919585,0.00001,-0.00001,0,0.0697,0.0011,-0.0011,0,8.687,0.762,-0.762,0,0.775,0.068,-0.068,0,272.38031,14.62018,-14.93801,0,0.857,0.046,-0.047,0,0.12,,,1,,,,,,,,,<a refstr=BONOMO_ET_AL__2017 href=https://ui.adsabs.harvard.edu/abs/2017A&A...602A.107B/abstract target=ref>Bonomo et al. 2017</a>,4650,150,-150,0,0.61,0.04,-0.04,0,0.72,0.04,-0.04,0,-0.15,0.11,-0.11,0,[Fe/H],,,,,,,,,7,7,-7,0,,,,,,,,,<a refstr=STASSUN_ET_AL__2019 href=https://ui.adsabs.harvard.edu/abs/2019AJ....158..138S/abstract target=ref>TICv8</a>,23h18m29.51s,349.6229547,+24d53m21.40s,24.889277,115.936,0.574,-0.568,3/18/2019,2017-06,3/21/2019
WASP-69 b,WASP-69,0,1,1,0,0,Transit,2014,SuperWASP,Published Confirmed,0,<a refstr=BONOMO_ET_AL__2017 href=https://ui.adsabs.harvard.edu/abs/2017A&A...602A.107B/abstract target=ref>Bonomo et al. 2017</a>,3.8681382,0.0000017,-0.0000017,0,0.04527,0.00053,-0.00054,0,11.848,0.527,-0.527,0,1.057,0.047,-0.047,0,79.4575,7.31009,-7.31009,0,0.25,0.023,-0.023,0,0.11,,,1,,,,,,,,,<a refstr=BONOMO_ET_AL__2017 href=https://ui.adsabs.harvard.edu/abs/2017A&A...602A.107B/abstract target=ref>Bonomo et al. 2017</a>,4700,50,-50,0,0.81,0.03,-0.03,0,0.83,0.03,-0.03,0,0.15,0.08,-0.08,0,,,,,,,,,,7,7,-7,0,,,,,23.07,0.16,-0.16,0,<a refstr=STASSUN_ET_AL__2019 href=https://ui.adsabs.harvard.edu/abs/2019AJ....158..138S/abstract target=ref>TICv8</a>,21h00m06.23s,315.0259661,-05d05m41.49s,-5.094857,49.9605,0.132,-0.1313,3/18/2019,2017-06,3/21/2019
WASP-80 b,WASP-80,0,1,1,0,0,Transit,2012,SuperWASP,Published Confirmed,0,<a refstr=BONOMO_ET_AL__2017 href=https://ui.adsabs.harvard.edu/abs/2017A&A...602A.107B/abstract target=ref>Bonomo et al. 2017</a>,3.06785952,0.00000077,-0.00000077,0,0.03427,0.00096,-0.001,0,10.671,0.291,-0.303,0,0.952,0.026,-0.027,0,171.6282,11.44188,-11.12405,0,0.54,0.036,-0.035,0,0.02,,,1,,,,,,,,,<a refstr=BONOMO_ET_AL__2017 href=https://ui.adsabs.harvard.edu/abs/2017A&A...602A.107B/abstract target=ref>Bonomo et al. 2017</a>,4150,100,-100,0,0.57,0.02,-0.02,0,0.57,0.05,-0.05,0,-0.14,0.16,-0.16,0,[Fe/H],,,,,,,,,7,7,-7,0,,,,,,,,,<a refstr=STASSUN_ET_AL__2019 href=https://ui.adsabs.harvard.edu/abs/2019AJ....158..138S/abstract target=ref>TICv8</a>,20h12m40.03s,303.1667996,-02d08m39.97s,-2.1444369,49.7876,0.11605,-0.11605,3/18/2019,2017-06,3/21/2019
WTS-2 b,WTS-2,0,1,1,0,0,Transit,2014,United Kingdom Infrared Telescope,Published Confirmed,0,<a refstr=BONOMO_ET_AL__2017 href=https://ui.adsabs.harvard.edu/abs/2017A&A...602A.107B/abstract target=ref>Bonomo et al. 2017</a>,1.0187068,0.00000065,-0.00000065,0,0.01856,0.00059,-0.00062,0,15.278,0.684,-0.684,0,1.363,0.061,-0.061,0,403.6441,60.3877,-66.7443,0,1.27,0.19,-0.21,0,0.35,,,1,,,,,,,,,<a refstr=BONOMO_ET_AL__2017 href=https://ui.adsabs.harvard.edu/abs/2017A&A...602A.107B/abstract target=ref>Bonomo et al. 2017</a>,5000,250,-250,0,0.75,0.03,-0.03,0,0.82,0.08,-0.08,0,0.2,0.3,-0.2,0,,,,,,,,,,7,6.5,-6.4,0,,,,,,,,,<a refstr=STASSUN_ET_AL__2019 href=https://ui.adsabs.harvard.edu/abs/2019AJ....158..138S/abstract target=ref>TICv8</a>,19h34m55.87s,293.7327826,+36d48m55.78s,36.8154936,,,,3/18/2019,2017-06,3/21/2019
XO-5 b,XO-5,0,1,1,0,0,Transit,2008,XO,Published Confirmed,0,<a refstr=BONOMO_ET_AL__2017 href=https://ui.adsabs.harvard.edu/abs/2017A&A...602A.107B/abstract target=ref>Bonomo et al. 2017</a>,4.18775581,0.00000058,-0.00000058,0,0.04874,0.00054,-0.00057,0,12.431,0.56,-0.56,0,1.109,0.05,-0.05,0,332.45018,10.48839,-10.48839,0,1.046,0.033,-0.033,0,0.021,,,1,,,,,,,,,<a refstr=BONOMO_ET_AL__2017 href=https://ui.adsabs.harvard.edu/abs/2017A&A...602A.107B/abstract target=ref>Bonomo et al. 2017</a>,5370,70,-70,0,1.08,0.04,-0.04,0,0.88,0.03,-0.03,0,0.05,0.06,-0.06,0,,,,,,,,,,7,7,-7,0,,,,,,,,,<a refstr=STASSUN_ET_AL__2019 href=https://ui.adsabs.harvard.edu/abs/2019AJ....158..138S/abstract target=ref>TICv8</a>,07h46m51.93s,116.7163868,+39d05m40.09s,39.0944695,276.211,3.919,-3.812,3/18/2019,2017-06,3/21/2019
TOI-1728 b,TOI-1728,1,1,1,0,0,Transit,2020,Transiting Exoplanet Survey Satellite (TESS),Published Confirmed,0,<a refstr=KANODIA_ET_AL__2020 href=https://ui.adsabs.harvard.edu/abs/2020ApJ...899...29K/abstract target=ref>Kanodia et al. 2020</a>,3.49151,0.000062,-0.000057,0,0.0391,0.0009,-0.0009,0,5.05,0.16,-0.17,0,0.451,0.014,-0.015,0,26.78,5.43,-5.13,0,0.08426,0.01708,-0.01614,0,0.057,0.054,-0.039,0,0.074,0.002,-0.002,0,,,,,<a refstr=KANODIA_ET_AL__2020 href=https://ui.adsabs.harvard.edu/abs/2020ApJ...899...29K/abstract target=ref>Kanodia et al. 2020</a>,3980,31,-32,0,0.62,0.01,-0.01,0,0.65,0.02,-0.02,0,0.25,0.1,-0.1,0,[Fe/H],-1.056,0.01,-0.01,0,4.66,0.02,-0.02,0,7.1,4.6,-4.6,0,3.78,0.19,-0.19,0,,,,,<a refstr=STASSUN_ET_AL__2019 href=https://ui.adsabs.harvard.edu/abs/2019AJ....158..138S/abstract target=ref>TICv8</a>,08h02m26.80s,120.6116787,+64d47m49.75s,64.7971531,60.798,0.13635,-0.13635,7/2/2020,2020-08,7/9/2020
TOI-3757 b,TOI-3757,1,1,1,0,0,Transit,2022,Transiting Exoplanet Survey Satellite (TESS),Published Confirmed,0,<a refstr=KANODIA_ET_AL__2022 href=https://ui.adsabs.harvard.edu/abs/2022AJ....164...81K/abstract target=ref>Kanodia et al. 2022</a>,3.438753,0.000004,-0.000004,0,0.03845,0.00043,-0.00043,0,12,0.4,-0.5,0,1.071,0.036,-0.045,0,85.3,8.8,-8.7,0,0.26838,0.02769,-0.02737,0,0.14,0.06,-0.06,0,0.1769,0.0056,-0.0065,0,,,,,<a refstr=KANODIA_ET_AL__2022 href=https://ui.adsabs.harvard.edu/abs/2022AJ....164...81K/abstract target=ref>Kanodia et al. 2022</a>,3913,56,-56,0,0.62,0.01,-0.01,0,0.64,0.02,-0.02,0,0,0.2,-0.2,0,[Fe/H],-1.06,0.015,-0.015,0,4.68,0.04,-0.04,0,7.1,4.5,-4.5,0,3.7,0.2,-0.2,0,,,,,<a refstr=STASSUN_ET_AL__2019 href=https://ui.adsabs.harvard.edu/abs/2019AJ....158..138S/abstract target=ref>TICv8</a>,06h04m00.87s,91.0036423,+55d01m11.93s,55.0199793,181.139,1.194,-1.179,8/22/2022,2022-09,8/22/2022
TOI-532 b,TOI-532,1,1,1,0,0,Transit,2021,Transiting Exoplanet Survey Satellite (TESS),Published Confirmed,0,<a refstr=KANODIA_ET_AL__2021 href=https://ui.adsabs.harvard.edu/abs/2021AJ....162..135K/abstract target=ref>Kanodia et al. 2021</a>,2.3266508,0.000003,-0.000003,0,0.0296,0.00035,-0.00035,0,5.82,0.19,-0.19,0,0.519,0.017,-0.017,0,61.5,9.7,-9.3,0,0.1935,0.03052,-0.02926,0,0,,,0,0.0877,0.0016,-0.0016,0,,,,,<a refstr=KANODIA_ET_AL__2021 href=https://ui.adsabs.harvard.edu/abs/2021AJ....162..135K/abstract target=ref>Kanodia et al. 2021</a>,3927,37,-37,0,0.61,0.01,-0.01,0,0.64,0.02,-0.02,0,0.338,0.072,-0.066,0,[Fe/H],-1.095,0.01,-0.01,0,4.67,0.02,-0.02,0,7.1,4.4,-4.8,0,3.92,0.22,-0.21,0,,,,,<a refstr=STASSUN_ET_AL__2019 href=https://ui.adsabs.harvard.edu/abs/2019AJ....158..138S/abstract target=ref>TICv8</a>,05h40m19.21s,85.0800537,+11d33m45.49s,11.5626373,135.047,0.548,-0.548,8/16/2021,2021-10,8/16/2021
WASP-83 b,WASP-83,0,1,1,0,0,Transit,2015,SuperWASP,Published Confirmed,0,<a refstr=BONOMO_ET_AL__2017 href=https://ui.adsabs.harvard.edu/abs/2017A&A...602A.107B/abstract target=ref>Bonomo et al. 2017</a>,4.971252,0.000015,-0.000015,0,0.059,0.0015,-0.0016,0,11.657,0.897,-0.56,0,1.04,0.08,-0.05,0,96.93815,11.75971,-11.12405,0,0.305,0.037,-0.035,0,0.12,,,1,,,,,,,,,<a refstr=BONOMO_ET_AL__2017 href=https://ui.adsabs.harvard.edu/abs/2017A&A...602A.107B/abstract target=ref>Bonomo et al. 2017</a>,5480,110,-110,0,1.05,0.06,-0.04,0,1.11,0.09,-0.09,0,0.29,0.12,-0.12,0,,,,,,,,,,7.1,2.9,-2.9,0,,,,,,,,,<a refstr=STASSUN_ET_AL__2019 href=https://ui.adsabs.harvard.edu/abs/2019AJ....158..138S/abstract target=ref>TICv8</a>,12h40m36.47s,190.1519558,-19d17m03.67s,-19.2843527,271.103,3.716,-3.618,3/18/2019,2017-06,3/21/2019
HAT-P-58 b,HAT-P-58,1,1,1,0,0,Transit,2021,HATNet,Published Confirmed,0,<a refstr=BAKOS_ET_AL__2021 href=https://ui.adsabs.harvard.edu/abs/2021AJ....162....7B/abstract target=ref>Bakos et al. 2021</a>,4.0138379,0.0000024,-0.0000024,0,0.04994,0.00044,-0.00044,0,14.93,0.482,-0.482,0,1.332,0.043,-0.043,0,118.23217,9.53485,-9.53485,0,0.372,0.03,-0.03,0,0.073,,,1,0.0895,0.0017,-0.0017,0,,,,,<a refstr=BAKOS_ET_AL__2021 href=https://ui.adsabs.harvard.edu/abs/2021AJ....162....7B/abstract target=ref>Bakos et al. 2021</a>,6078,48,-48,0,1.53,0.03,-0.03,0,1.03,0.03,-0.03,0,-0.224,0.057,-0.057,0,[Fe/H],0.456,0.022,-0.023,0,4.08,0.02,-0.02,0,7.11,0.27,-0.72,0,0.405,0.026,-0.026,0,,,,,<a refstr=STASSUN_ET_AL__2019 href=https://ui.adsabs.harvard.edu/abs/2019AJ....158..138S/abstract target=ref>TICv8</a>,04h35m23.16s,68.8465093,+56d52m05.77s,56.8682691,515.59,12.777,-12.184,7/26/2021,2021-07,7/26/2021
CoRoT-23 b,CoRoT-23,0,1,1,0,0,Transit,2011,CoRoT,Published Confirmed,0,<a refstr=BONOMO_ET_AL__2017 href=https://ui.adsabs.harvard.edu/abs/2017A&A...602A.107B/abstract target=ref>Bonomo et al. 2017</a>,3.6313,0.0001,-0.0001,0,0.0484,0.0011,-0.0012,0,11.769,1.457,-1.457,0,1.05,0.13,-0.13,0,982.0947,104.8839,-104.8839,0,3.09,0.33,-0.33,0,0.16,,,1,,,,,,,,,<a refstr=BONOMO_ET_AL__2017 href=https://ui.adsabs.harvard.edu/abs/2017A&A...602A.107B/abstract target=ref>Bonomo et al. 2017</a>,5900,100,-100,0,1.61,0.18,-0.18,0,1.14,0.08,-0.08,0,0.05,0.1,-0.1,0,,,,,,,,,,7.2,1.5,-1,0,,,,,,,,,<a refstr=STASSUN_ET_AL__2019 href=https://ui.adsabs.harvard.edu/abs/2019AJ....158..138S/abstract target=ref>TICv8</a>,18h39m07.84s,279.7826586,+04d21m27.91s,4.3577516,1060.97,45.47,-41.94,3/18/2019,2017-06,3/21/2019
CoRoT-23 b,CoRoT-23,1,1,1,0,0,Transit,2011,CoRoT,Published Confirmed,0,<a refstr=ROUAN_ET_AL__2012 href=https://ui.adsabs.harvard.edu/abs/2012A%26A...537A..54R/abstract target=ref> Rouan et al. 2012 </a>,3.6313,0.0001,-0.0001,0,0.048,0.004,-0.004,0,11.77,1.46,-1.46,0,1.05,0.13,-0.13,0,889.9,95.3,-95.3,0,2.8,0.3,-0.3,0,0.16,0.02,-0.02,0,0.0671,0.001,-0.001,0,,,,,<a refstr=ROUAN_ET_AL__2012 href=https://ui.adsabs.harvard.edu/abs/2012A%26A...537A..54R/abstract target=ref> Rouan et al. 2012 </a>,5900,100,-100,0,1.61,0.18,-0.18,0,1.14,0.08,-0.08,0,0.05,0.1,-0.1,0,[Fe/H],,,,,4.3,0.2,-0.2,0,7.2,1.5,-1,0,0.5,0.15,-0.15,0,,,,,<a refstr=STASSUN_ET_AL__2019 href=https://ui.adsabs.harvard.edu/abs/2019AJ....158..138S/abstract target=ref>TICv8</a>,18h39m07.84s,279.7826586,+04d21m27.91s,4.3577516,1060.97,45.47,-41.94,5/14/2014,2012-01,5/14/2014
HAT-P-59 b,HAT-P-59,1,1,1,0,0,Transit,2021,HATNet,Published Confirmed,0,<a refstr=BAKOS_ET_AL__2021 href=https://ui.adsabs.harvard.edu/abs/2021AJ....162....7B/abstract target=ref>Bakos et al. 2021</a>,4.1419771,0.0000012,-0.0000012,0,0.05064,0.00037,-0.00037,0,12.588,0.146,-0.146,0,1.123,0.013,-0.013,0,489.45575,21.2945,-21.2945,0,1.54,0.067,-0.067,0,0.03,,,1,0.10452,0.00096,-0.00096,0,,,,,<a refstr=BAKOS_ET_AL__2021 href=https://ui.adsabs.harvard.edu/abs/2021AJ....162....7B/abstract target=ref>Bakos et al. 2021</a>,5678,16,-16,0,1.1,0.01,-0.01,0,1.01,0.02,-0.02,0,0.217,0.049,-0.049,0,[Fe/H],0.054,0.006,-0.006,0,4.36,0.01,-0.01,0,7.3,1,-1,0,1.059,0.038,-0.038,0,,,,,<a refstr=STASSUN_ET_AL__2019 href=https://ui.adsabs.harvard.edu/abs/2019AJ....158..138S/abstract target=ref>TICv8</a>,19h29m50.12s,292.4588212,+62d31m45.08s,62.5291892,265.471,1.374,-1.36,7/26/2021,2021-07,7/26/2021
TOI-564 b,TOI-564,1,1,1,0,0,Transit,2020,Transiting Exoplanet Survey Satellite (TESS),Published Confirmed,0,<a refstr=DAVIS_ET_AL__2020 href=https://ui.adsabs.harvard.edu/abs/2020AJ....160..229D/abstract target=ref>Davis et al. 2020</a>,1.651144,0.000018,-0.000018,0,0.02734,0.00061,-0.00053,0,11.433,7.958,-3.251,0,1.02,0.71,-0.29,0,464.98529,31.783,-30.51168,0,1.463,0.1,-0.096,0,0.072,0.083,-0.05,0,,,,,,,,,<a refstr=DAVIS_ET_AL__2020 href=https://ui.adsabs.harvard.edu/abs/2020AJ....160..229D/abstract target=ref>Davis et al. 2020</a>,5640,34,-37,0,1.09,0.01,-0.01,0,1,0.07,-0.06,0,0.143,0.076,-0.078,0,[Fe/H],0.033,0.011,-0.012,0,4.36,0.03,-0.03,0,7.3,3.6,-3.5,0,1.095,0.09,-0.075,0,,,,,<a refstr=STASSUN_ET_AL__2019 href=https://ui.adsabs.harvard.edu/abs/2019AJ....158..138S/abstract target=ref>TICv8</a>,08h41m10.84s,130.2951535,-16d02m10.78s,-16.0363275,199.581,1.27,-1.253,2/8/2021,2020-11,2/11/2021
TOI-172 b,TOI-172,1,1,1,0,0,Transit,2019,Transiting Exoplanet Survey Satellite (TESS),Published Confirmed,0,<a refstr=RODRIGUEZ_ET_AL__2019 href=https://ui.adsabs.harvard.edu/abs/2019AJ....157..191R/abstract target=ref>Rodriguez et al. 2019</a>,9.47725,0.00064,-0.00079,0,0.0914,0.0017,-0.0017,0,10.817,0.359,-0.325,0,0.965,0.032,-0.029,0,1722.6386,69.9226,-63.566,0,5.42,0.22,-0.2,0,0.3806,0.0093,-0.009,0,0.05588,0.00091,-0.00092,0,,,,,<a refstr=RODRIGUEZ_ET_AL__2019 href=https://ui.adsabs.harvard.edu/abs/2019AJ....157..191R/abstract target=ref>Rodriguez et al. 2019</a>,5645,50,-50,0,1.78,0.05,-0.04,0,1.13,0.07,-0.06,0,0.148,0.079,-0.08,0,[Fe/H],0.461,0.028,-0.028,0,3.99,0.03,-0.03,0,7.4,1.6,-1.5,0,0.286,0.022,-0.023,0,,,,,<a refstr=STASSUN_ET_AL__2019 href=https://ui.adsabs.harvard.edu/abs/2019AJ....158..138S/abstract target=ref>TICv8</a>,21h06m31.65s,316.6318791,-26d41m34.32s,-26.6928654,342.831,7.371,-7.071,3/29/2019,2019-05,3/28/2019
TrES-5 b,TrES-5,0,1,1,0,0,Transit,2011,TrES,Published Confirmed,0,<a refstr=BONOMO_ET_AL__2017 href=https://ui.adsabs.harvard.edu/abs/2017A&A...602A.107B/abstract target=ref>Bonomo et al. 2017</a>,1.4822446,0.0000007,-0.0000007,0,0.02452,0.00021,-0.00022,0,13.552,0.235,-0.235,0,1.209,0.021,-0.021,0,568.9157,22.56593,-22.2481,0,1.79,0.071,-0.07,0,0.03,,,1,,,,,,,,,<a refstr=BONOMO_ET_AL__2017 href=https://ui.adsabs.harvard.edu/abs/2017A&A...602A.107B/abstract target=ref>Bonomo et al. 2017</a>,5171,36,-36,0,0.87,0.01,-0.01,0,0.89,0.02,-0.02,0,0.2,0.08,-0.08,0,,,,,,,,,,7.4,1.9,-1.9,0,,,,,,,,,<a refstr=STASSUN_ET_AL__2019 href=https://ui.adsabs.harvard.edu/abs/2019AJ....158..138S/abstract target=ref>TICv8</a>,20h20m53.27s,305.2219454,+59d26m56.05s,59.4489033,360.313,1.921,-1.901,3/18/2019,2017-06,3/21/2019
HATS-25 b,HATS-25,1,1,1,0,0,Transit,2016,HATSouth,Published Confirmed,0,<a refstr=ESPINOZA_ET_AL__2016 href=https://ui.adsabs.harvard.edu/abs/2016AJ....152..108E/abstract target=ref>Espinoza et al. 2016</a>,4.2986432,0.0000045,-0.0000045,0,0.05163,0.0006,-0.0006,0,14.123,1.121,-1.121,0,1.26,0.1,-0.1,0,194.82979,13.34886,-13.34886,0,0.613,0.042,-0.042,0,0.176,,,1,0.1171,0.0026,-0.0026,0,,,,,<a refstr=ESPINOZA_ET_AL__2016 href=https://ui.adsabs.harvard.edu/abs/2016AJ....152..108E/abstract target=ref>Espinoza et al. 2016</a>,5715,73,-73,0,1.11,0.07,-0.07,0,0.99,0.04,-0.04,0,0.02,0.05,-0.05,0,[Fe/H],0.068,0.059,-0.068,0,4.35,0.05,-0.05,0,7.5,1.9,-1.9,0,1.03,0.2,-0.2,0,,,,,<a refstr=STASSUN_ET_AL__2019 href=https://ui.adsabs.harvard.edu/abs/2019AJ....158..138S/abstract target=ref>TICv8</a>,13h51m37.84s,207.9076746,-23d46m52.47s,-23.7812403,471.158,9.125,-8.79,6/8/2016,2016-10,6/9/2016
Kepler-77 b,Kepler-77,0,1,1,0,0,Transit,2013,Kepler,Published Confirmed,0,<a refstr=BONOMO_ET_AL__2017 href=https://ui.adsabs.harvard.edu/abs/2017A&A...602A.107B/abstract target=ref>Bonomo et al. 2017</a>,3.57878087,0.00000023,-0.00000023,0,0.04502,0.00063,-0.00065,0,10.761,0.179,-0.179,0,0.96,0.016,-0.016,0,165.90726,13.34886,-12.7132,0,0.522,0.042,-0.04,0,0.079,,,1,,,,,,,,,<a refstr=BONOMO_ET_AL__2017 href=https://ui.adsabs.harvard.edu/abs/2017A&A...602A.107B/abstract target=ref>Bonomo et al. 2017</a>,5520,60,-60,0,0.99,0.02,-0.02,0,0.95,0.04,-0.04,0,0.2,0.05,-0.05,0,,,,,,,,,,7.5,2,-2,0,,,,,,,,,<a refstr=STASSUN_ET_AL__2019 href=https://ui.adsabs.harvard.edu/abs/2019AJ....158..138S/abstract target=ref>TICv8</a>,19h18m25.91s,289.6079433,+44d20m43.56s,44.3454347,639.411,7.055,-7.055,3/18/2019,2017-06,3/21/2019
Kepler-77 b,Kepler-77,1,1,1,0,0,Transit,2013,Kepler,Published Confirmed,0,<a refstr=GANDOLFI_ET_AL__2013 href=https://ui.adsabs.harvard.edu/abs/2013A%26A...557A..74G/abstract target=ref> Gandolfi et al. 2013 </a>,3.57878087,0.00000023,-0.00000023,0,0.04501,0.00063,-0.00063,0,10.761,0.179,-0.179,0,0.96,0.016,-0.016,0,136.661,10.17,-10.17,0,0.43,0.032,-0.032,0,0,,,0,0.09924,0.00026,-0.00026,0,,,,,<a refstr=GANDOLFI_ET_AL__2013 href=https://ui.adsabs.harvard.edu/abs/2013A%26A...557A..74G/abstract target=ref> Gandolfi et al. 2013 </a>,5520,60,-60,0,0.99,0.02,-0.02,0,0.95,0.04,-0.04,0,0.2,0.05,-0.05,0,[M/H],,,,,4.42,0.01,-0.01,0,7.5,2,-2,0,1.365,0.023,-0.023,0,,,,,<a refstr=STASSUN_ET_AL__2019 href=https://ui.adsabs.harvard.edu/abs/2019AJ....158..138S/abstract target=ref>TICv8</a>,19h18m25.91s,289.6079433,+44d20m43.56s,44.3454347,639.411,7.055,-7.055,5/14/2014,2013-09,5/14/2014
Qatar-9 b,Qatar-9,1,1,1,0,0,Transit,2019,Qatar,Published Confirmed,0,<a refstr=ALSUBAI_ET_AL__2019 href=https://ui.adsabs.harvard.edu/abs/2019AJ....157..224A/abstract target=ref>Alsubai et al. 2019</a>,1.540731,0.000038,-0.000038,0,0.0234,0.0003,-0.0003,0,11.31,0.157,-0.157,0,1.009,0.014,-0.014,0,378.2177,50.8528,-50.8528,0,1.19,0.16,-0.16,0,0,,,0,0.1489,0.0009,-0.0009,0,,,,,<a refstr=ALSUBAI_ET_AL__2019 href=https://ui.adsabs.harvard.edu/abs/2019AJ....157..224A/abstract target=ref>Alsubai et al. 2019</a>,4309,31,-31,0,0.7,0.01,-0.01,0,0.72,0.02,-0.02,0,0.252,0.076,-0.076,0,[Fe/H],-0.821,0.011,-0.012,0,4.61,0.01,-0.01,0,7.5,4.5,-4.5,0,3.015,0.086,-0.086,0,,,,,<a refstr=STASSUN_ET_AL__2019 href=https://ui.adsabs.harvard.edu/abs/2019AJ....158..138S/abstract target=ref>TICv8</a>,10h42m59.54s,160.748095,+60d57m50.83s,60.9641194,213.771,0.84,-0.834,4/30/2019,2019-06,5/2/2019
TOI-2421 b,TOI-2421,1,1,1,0,0,Transit,2022,Transiting Exoplanet Survey Satellite (TESS),Published Confirmed,0,<a refstr=YEE_ET_AL__2022 href=https://ui.adsabs.harvard.edu/abs/2022AJ....164...70Y/abstract target=ref>Yee et al. 2022</a>,4.3474032,0.0000079,-0.0000078,0,0.0543,0.0021,-0.001,0,10.368,0.392,-0.381,0,0.925,0.035,-0.034,0,105.83686,25.10844,-25.10844,0,0.333,0.079,-0.079,0,0,0.048,-0.052,0,,,,,,,,,<a refstr=YEE_ET_AL__2022 href=https://ui.adsabs.harvard.edu/abs/2022AJ....164...70Y/abstract target=ref>Yee et al. 2022</a>,5607,68,-68,0,1.75,0.05,-0.05,0,1.13,0.13,-0.06,0,0.19,0.083,-0.085,0,[Fe/H],0.436,0.015,-0.015,0,4,0.06,-0.04,0,7.5,1.7,-2.8,0,0.297,0.048,-0.031,0,,,,,<a refstr=STASSUN_ET_AL__2019 href=https://ui.adsabs.harvard.edu/abs/2019AJ....158..138S/abstract target=ref>TICv8</a>,02h12m36.96s,33.1540208,-35d23m27.31s,-35.3909182,327.927,3.248,-3.185,8/29/2022,2022-08,8/29/2022
HATS-60 b,HATS-60,1,1,1,0,0,Transit,2018,HATSouth,Published Confirmed,0,<a refstr=HARTMAN_ET_AL__2019 href=https://ui.adsabs.harvard.edu/abs/2019AJ....157...55H/abstract target=ref>Hartman et al. 2019</a>,3.560829,0.000032,-0.000032,0,0.04708,0.00015,-0.00023,0,12.924,0.594,-0.594,0,1.153,0.053,-0.053,0,210.40346,17.48065,-17.48065,0,0.662,0.055,-0.055,0,0.191,,,0,0.0811,0.0033,-0.0033,0,,,,,<a refstr=HARTMAN_ET_AL__2019 href=https://ui.adsabs.harvard.edu/abs/2019AJ....157...55H/abstract target=ref>Hartman et al. 2019</a>,5688,20,-20,0,1.46,0.02,-0.02,0,1.1,0.01,-0.02,0,0.335,0.028,-0.028,0,[Fe/H],0.3,0.014,-0.015,0,4.15,0.01,-0.01,0,7.55,0.7,-0.3,0,0.496,0.023,-0.023,0,,,,,<a refstr=STASSUN_ET_AL__2019 href=https://ui.adsabs.harvard.edu/abs/2019AJ....158..138S/abstract target=ref>TICv8</a>,22h45m27.37s,341.3640336,-14d59m30.39s,-14.9917747,486.474,8.584,-8.296,1/15/2019,2019-02,1/17/2019
TOI-2567 b,TOI-2567,1,1,1,0,0,Transit,2022,Transiting Exoplanet Survey Satellite (TESS),Published Confirmed,0,<a refstr=YEE_ET_AL__2022 href=https://ui.adsabs.harvard.edu/abs/2022AJ....164...70Y/abstract target=ref>Yee et al. 2022</a>,5.983944,0.000013,-0.000013,0,0.0672,0.0024,-0.0012,0,10.929,0.347,-0.325,0,0.975,0.031,-0.029,0,63.88351,10.80617,-9.85268,0,0.201,0.034,-0.031,0,0,0.048,-0.052,0,,,,,,,,,<a refstr=YEE_ET_AL__2022 href=https://ui.adsabs.harvard.edu/abs/2022AJ....164...70Y/abstract target=ref>Yee et al. 2022</a>,5611,62,-65,0,1.69,0.04,-0.04,0,1.13,0.13,-0.06,0,0.241,0.078,-0.079,0,[Fe/H],0.405,0.018,-0.019,0,4.04,0.04,-0.04,0,7.6,1.8,-2.7,0,0.34,0.03,-0.036,0,,,,,<a refstr=STASSUN_ET_AL__2019 href=https://ui.adsabs.harvard.edu/abs/2019AJ....158..138S/abstract target=ref>TICv8</a>,19h13m51.76s,288.4656683,+66d20m52.58s,66.3479375,504.775,5.219,-5.115,8/29/2022,2022-08,8/29/2022
HATS-11 b,HATS-11,0,1,1,0,0,Transit,2016,HATSouth,Published Confirmed,0,<a refstr=RABUS_ET_AL__2016 href=https://ui.adsabs.harvard.edu/abs/2016AJ....152...88R/abstract target=ref>Rabus et al. 2016</a>,3.6191613,0.0000099,-0.0000099,0,0.04614,0.00093,-0.00093,0,16.926,0.874,-0.874,0,1.51,0.078,-0.078,0,270.1555,38.1396,-38.1396,0,0.85,0.12,-0.12,0,0.34,,,1,0.1076,0.0028,-0.0028,0,,,,,<a refstr=RABUS_ET_AL__2016 href=https://ui.adsabs.harvard.edu/abs/2016AJ....152...88R/abstract target=ref>Rabus et al. 2016</a>,6060,150,-150,0,1.44,0.06,-0.06,0,1,0.06,-0.06,0,-0.39,0.06,-0.06,0,[Fe/H],0.403,0.062,-0.073,0,4.12,0.03,-0.03,0,7.7,2.2,-1.6,0,0.471,0.037,-0.052,0,,,,,<a refstr=STASSUN_ET_AL__2019 href=https://ui.adsabs.harvard.edu/abs/2019AJ....158..138S/abstract target=ref>TICv8</a>,19h17m36.18s,289.4007603,-22d23m24.03s,-22.3900092,944.603,32.262,-30.233,10/24/2018,2016-10,9/29/2016
HATS-34 b,HATS-34,1,1,1,0,0,Transit,2016,HATSouth,Published Confirmed,0,<a refstr=DE_VAL_BORRO_ET_AL__2016 href=https://ui.adsabs.harvard.edu/abs/2016AJ....152..161D/abstract target=ref>de Val-Borro et al. 2016</a>,2.1061607,0.0000047,-0.0000047,0,0.03166,0.00034,-0.00034,0,16.029,2.13,-2.13,0,1.43,0.19,-0.19,0,299.07803,22.88376,-22.88376,0,0.941,0.072,-0.072,0,0.108,,,1,0.15,0.014,-0.014,0,,,,,<a refstr=DE_VAL_BORRO_ET_AL__2016 href=https://ui.adsabs.harvard.edu/abs/2016AJ....152..161D/abstract target=ref>de Val-Borro et al. 2016</a>,5380,73,-73,0,0.98,0.05,-0.05,0,0.95,0.03,-0.03,0,0.25,0.07,-0.07,0,[Fe/H],-0.14,0.05,-0.057,0,4.43,0.04,-0.04,0,7.7,2.7,-2.7,0,1.44,0.22,-0.22,0,,,,,<a refstr=STASSUN_ET_AL__2019 href=https://ui.adsabs.harvard.edu/abs/2019AJ....158..138S/abstract target=ref>TICv8</a>,00h03m05.88s,0.7744866,-62d28m09.54s,-62.4693167,508.842,3.896,-3.896,11/30/2016,2016-12,12/1/2016
HATS-7 b,HATS-7,0,1,1,0,0,Transit,2015,HATSouth,Published Confirmed,0,<a refstr=BONOMO_ET_AL__2017 href=https://ui.adsabs.harvard.edu/abs/2017A&A...602A.107B/abstract target=ref>Bonomo et al. 2017</a>,3.185315,0.0000054,-0.0000054,0,0.04012,0.00043,-0.00044,0,6.311,0.516,-0.381,0,0.563,0.046,-0.034,0,39.09309,4.44962,-4.44962,0,0.123,0.014,-0.014,0,0.12,,,1,,,,,,,,,<a refstr=BONOMO_ET_AL__2017 href=https://ui.adsabs.harvard.edu/abs/2017A&A...602A.107B/abstract target=ref>Bonomo et al. 2017</a>,4985,50,-50,0,0.81,0.05,-0.04,0,0.85,0.03,-0.03,0,0.25,0.08,-0.08,0,,,,,,,,,,7.8,5,-5,0,,,,,,,,,<a refstr=STASSUN_ET_AL__2019 href=https://ui.adsabs.harvard.edu/abs/2019AJ....158..138S/abstract target=ref>TICv8</a>,13h55m25.62s,208.8567465,-21d12m28.29s,-21.2078587,240.707,1.649,-1.628,3/18/2019,2017-06,3/21/2019
HATS-7 b,HATS-7,1,1,1,0,0,Transit,2015,HATSouth,Published Confirmed,0,<a refstr=BAKOS_ET_AL__2015 href=https://ui.adsabs.harvard.edu/abs/2015ApJ...813..111B/abstract target=ref>Bakos et al. 2015</a>,3.185315,0.0000054,-0.0000054,0,0.04012,0.00043,-0.00043,0,6.311,0.516,-0.381,0,0.563,0.046,-0.034,0,38.1396,3.81396,-3.81396,0,0.12,0.012,-0.012,0,0.17,,,1,0.0711,0.0019,-0.0019,0,,,,,<a refstr=BAKOS_ET_AL__2015 href=https://ui.adsabs.harvard.edu/abs/2015ApJ...813..111B/abstract target=ref>Bakos et al. 2015</a>,4985,50,-50,0,0.81,0.05,-0.04,0,0.85,0.03,-0.03,0,0.25,0.08,-0.08,0,[Fe/H],-0.434,0.055,-0.047,0,4.54,0.05,-0.05,0,7.8,5,-5,0,2.22,0.33,-0.33,0,,,,,<a refstr=STASSUN_ET_AL__2019 href=https://ui.adsabs.harvard.edu/abs/2019AJ....158..138S/abstract target=ref>TICv8</a>,13h55m25.62s,208.8567465,-21d12m28.29s,-21.2078587,240.707,1.649,-1.628,5/22/2018,2015-11,5/24/2018
K2-108 b,K2-108,0,1,1,0,0,Transit,2017,K2,Published Confirmed,0,<a refstr=PETIGURA_ET_AL__2017 href=https://ui.adsabs.harvard.edu/abs/2017AJ....153..142P/abstract target=ref>Petigura et al. 2017</a>,4.73401,0.00024,-0.00024,0,0.0573,0.001,-0.001,0,5.28,0.54,-0.54,0,0.471,0.048,-0.048,0,59.4,4.4,-4.4,0,0.18689,0.01384,-0.01384,0,0.18,0.042,-0.042,0,,,,,,,,,<a refstr=PETIGURA_ET_AL__2017 href=https://ui.adsabs.harvard.edu/abs/2017AJ....153..142P/abstract target=ref>Petigura et al. 2017</a>,5474,60,-60,0,1.75,0.14,-0.14,0,1.12,0.07,-0.05,0,0.33,0.04,-0.04,0,[Fe/H],,,,,3.99,0.05,-0.05,0,7.8,1.5,-1.5,0,,,,,,,,,<a refstr=STASSUN_ET_AL__2019 href=https://ui.adsabs.harvard.edu/abs/2019AJ....158..138S/abstract target=ref>TICv8</a>,08h13m31.64s,123.3818484,+16d25m10.26s,16.419516,477.295,10.094,-9.692,10/24/2018,2017-04,2/9/2017
WASP-34 b,WASP-34,0,1,1,0,0,Transit,2010,SuperWASP,Published Confirmed,0,<a refstr=BONOMO_ET_AL__2017 href=https://ui.adsabs.harvard.edu/abs/2017A&A...602A.107B/abstract target=ref>Bonomo et al. 2017</a>,4.3176782,0.0000045,-0.0000045,0,0.0521,0.0012,-0.0012,0,13.675,1.233,-0.897,0,1.22,0.11,-0.08,0,185.29489,9.5349,-9.85273,0,0.583,0.03,-0.031,0,0.025,,,1,,,,,,,,,<a refstr=BONOMO_ET_AL__2017 href=https://ui.adsabs.harvard.edu/abs/2017A&A...602A.107B/abstract target=ref>Bonomo et al. 2017</a>,5700,100,-100,0,0.93,0.12,-0.12,0,1.01,0.07,-0.07,0,-0.02,0.1,-0.1,0,[Fe/H],,,,,,,,,7.8,2.7,-3.6,0,,,,,,,,,<a refstr=STASSUN_ET_AL__2019 href=https://ui.adsabs.harvard.edu/abs/2019AJ....158..138S/abstract target=ref>TICv8</a>,11h01m35.85s,165.3993679,-23d51m39.40s,-23.8609457,132.096,0.857,-0.846,3/18/2019,2017-06,3/21/2019
WASP-48 b,WASP-48,0,1,1,0,0,Transit,2011,SuperWASP,Published Confirmed,0,<a refstr=BONOMO_ET_AL__2017 href=https://ui.adsabs.harvard.edu/abs/2017A&A...602A.107B/abstract target=ref>Bonomo et al. 2017</a>,2.143634,0.000003,-0.000003,0,0.03449,0.00047,-0.00049,0,18.719,1.121,-1.121,0,1.67,0.1,-0.1,0,327.68273,14.62018,-14.30235,0,1.031,0.046,-0.045,0,0.014,,,1,,,,,,,,,<a refstr=BONOMO_ET_AL__2017 href=https://ui.adsabs.harvard.edu/abs/2017A&A...602A.107B/abstract target=ref>Bonomo et al. 2017</a>,6000,150,-150,0,1.75,0.09,-0.09,0,1.19,0.05,-0.05,0,-0.12,0.12,-0.12,0,[Fe/H],,,,,,,,,7.9,2,-1.6,0,,,,,,,,,<a refstr=STASSUN_ET_AL__2019 href=https://ui.adsabs.harvard.edu/abs/2019AJ....158..138S/abstract target=ref>TICv8</a>,19h24m38.97s,291.1623865,+55d28m22.90s,55.4730273,454.144,4.465,-4.381,3/18/2019,2017-06,3/21/2019
TOI-2158 b,TOI-2158,1,1,1,0,0,Transit,2022,Transiting Exoplanet Survey Satellite (TESS),Published Confirmed,0,<a refstr=KNUDSTRUP_ET_AL__2022 href=https://ui.adsabs.harvard.edu/abs/2022arXiv220413956K/abstract target=ref>Knudstrup et al. 2022</a>,8.60077,0.00003,-0.00003,0,0.075,0.004,-0.004,0,10.761,0.135,-0.135,0,0.96,0.012,-0.012,0,260.61929,25.42627,-25.42627,0,0.82,0.08,-0.08,0,0.07,,,1,0.07,0.0009,-0.0009,0,,,,,<a refstr=KNUDSTRUP_ET_AL__2022 href=https://ui.adsabs.harvard.edu/abs/2022arXiv220413956K/abstract target=ref>Knudstrup et al. 2022</a>,5673,50,-50,0,1.41,0.03,-0.03,0,1.12,0.12,-0.12,0,0.47,0.08,-0.08,0,[Fe/H],,,,,4.19,0.05,-0.05,0,8,1,-1,0,0.56,0.07,-0.07,0,19,3,-3,0,<a refstr=STASSUN_ET_AL__2019 href=https://ui.adsabs.harvard.edu/abs/2019AJ....158..138S/abstract target=ref>TICv8</a>,18h27m14.41s,276.8100527,+20d31m36.79s,20.5268868,198.473,1.403,-1.383,9/19/2022,2022-04,9/19/2022
WASP-119 b,WASP-119,1,1,1,0,0,Transit,2016,SuperWASP-South,Published Confirmed,0,<a refstr=MAXTED_ET_AL__2016 href=https://ui.adsabs.harvard.edu/abs/2016A&A...591A..55M/abstract target=ref>Maxted et al. 2016</a>,2.49979,0.00001,-0.00001,0,0.0363,0.0007,-0.0007,0,15.693,2.242,-2.242,0,1.4,0.2,-0.2,0,390.9309,25.4264,-25.4264,0,1.23,0.08,-0.08,0,0.058,,,1,,,,,,,,,<a refstr=MAXTED_ET_AL__2016 href=https://ui.adsabs.harvard.edu/abs/2016A&A...591A..55M/abstract target=ref>Maxted et al. 2016</a>,5650,100,-100,0,1.2,0.1,-0.1,0,1.02,0.06,-0.06,0,0.14,0.1,-0.1,0,[Fe/H],,,,,4.26,0.08,-0.08,0,8,2.5,-2.5,0,0.76,0.25,-0.25,0,,,,,<a refstr=STASSUN_ET_AL__2019 href=https://ui.adsabs.harvard.edu/abs/2019AJ....158..138S/abstract target=ref>TICv8</a>,03h43m44.07s,55.9336392,-65d11m37.61s,-65.19378,302.448,2.017,-1.991,5/3/2016,2016-06,5/5/2016
WASP-65 b,WASP-65,1,1,1,0,0,Transit,2013,SuperWASP,Published Confirmed,0,<a refstr=GOMEZ_ET_AL__2013 href=https://ui.adsabs.harvard.edu/abs/2013A%26A...559A..36G/abstract target=ref> Gomez et al. 2013 </a>,2.3114243,0.0000015,-0.0000015,0,0.0334,0.0016,-0.0017,0,12.464,0.661,-0.661,0,1.112,0.059,-0.059,0,492.62,50.85,-50.85,0,1.55,0.16,-0.16,0,0,,,0,,,,,,,,,<a refstr=GOMEZ_ET_AL__2013 href=https://ui.adsabs.harvard.edu/abs/2013A%26A...559A..36G/abstract target=ref> Gomez et al. 2013 </a>,5600,100,-100,0,1.01,0.05,-0.05,0,0.93,0.14,-0.14,0,-0.07,0.07,-0.07,0,[Fe/H],,,,,4.4,0.02,-0.02,0,8,,,-1,1.28,0.04,-0.06,0,,,,,<a refstr=STASSUN_ET_AL__2019 href=https://ui.adsabs.harvard.edu/abs/2019AJ....158..138S/abstract target=ref>TICv8</a>,08h53m17.83s,133.3242982,+08d31m22.86s,8.5230171,273.703,2.733,-2.68,5/14/2014,2013-11,5/14/2014
WASP-96 b,WASP-96,1,1,1,0,0,Transit,2014,SuperWASP,Published Confirmed,0,<a refstr=HELLIER_ET_AL__2014 href=https://ui.adsabs.harvard.edu/abs/2014MNRAS.440.1982H/abstract target=ref> Hellier et al. 2014 </a>,3.4252602,0.0000027,-0.0000027,0,0.0453,0.0013,-0.0013,0,13.45,0.67,-0.67,0,1.2,0.06,-0.06,0,152.55,9.53,-9.53,0,0.48,0.03,-0.03,0,0,,,0,,,,,,,,,<a refstr=HELLIER_ET_AL__2014 href=https://ui.adsabs.harvard.edu/abs/2014MNRAS.440.1982H/abstract target=ref> Hellier et al. 2014 </a>,5540,140,-140,0,1.05,0.05,-0.05,0,1.06,0.09,-0.09,0,0.14,0.19,-0.19,0,[Fe/H],,,,,4.42,0.02,-0.02,0,8,26,-8,0,1.299,0.103,-0.103,0,,,,,<a refstr=STASSUN_ET_AL__2019 href=https://ui.adsabs.harvard.edu/abs/2019AJ....158..138S/abstract target=ref>TICv8</a>,00h04m11.18s,1.0465696,-47d21m38.29s,-47.3606352,352.464,4.746,-4.623,5/14/2014,2014-05,5/14/2014
HAT-P-62 b,HAT-P-62,1,1,1,0,0,Transit,2021,HATNet,Published Confirmed,0,<a refstr=BAKOS_ET_AL__2021 href=https://ui.adsabs.harvard.edu/abs/2021AJ....162....7B/abstract target=ref>Bakos et al. 2021</a>,2.6453235,0.0000039,-0.0000039,0,0.03772,0.00024,-0.00024,0,12.027,0.325,-0.325,0,1.073,0.029,-0.029,0,241.86742,27.9689,-27.9689,0,0.761,0.088,-0.088,0,0.101,,,1,0.0942,0.0019,-0.0019,0,,,,,<a refstr=BAKOS_ET_AL__2021 href=https://ui.adsabs.harvard.edu/abs/2021AJ....162....7B/abstract target=ref>Bakos et al. 2021</a>,5629,48,-48,0,1.17,0.02,-0.02,0,1.02,0.02,-0.02,0,0.414,0.09,-0.09,0,[Fe/H],0.091,0.018,-0.019,0,4.31,0.01,-0.01,0,8.1,1.1,-1.1,0,0.901,0.042,-0.042,0,,,,,<a refstr=STASSUN_ET_AL__2019 href=https://ui.adsabs.harvard.edu/abs/2019AJ....158..138S/abstract target=ref>TICv8</a>,04h58m01.05s,74.5043816,+48d18m03.08s,48.3008551,348.815,4.951,-4.816,7/26/2021,2021-07,7/26/2021
HATS-47 b,HATS-47,1,1,1,0,0,Transit,2020,HATSouth,Published Confirmed,0,<a refstr=HARTMAN_ET_AL__2020 href=https://ui.adsabs.harvard.edu/abs/2020AJ....159..173H/abstract target=ref>Hartman et al. 2020</a>,3.9228038,0.0000022,-0.0000022,0,0.04269,0.00033,-0.00025,0,12.52,0.157,-0.157,0,1.117,0.014,-0.014,0,117.27927,9.85273,-6.67443,0,0.369,0.031,-0.021,0,0.088,,,1,0.1746,0.0014,-0.0014,0,,,,,<a refstr=HARTMAN_ET_AL__2020 href=https://ui.adsabs.harvard.edu/abs/2020AJ....159..173H/abstract target=ref>Hartman et al. 2020</a>,4512,19,-19,0,0.66,0.01,-0.01,0,0.67,0.02,-0.01,0,-0.113,0.035,-0.035,0,[Fe/H],-0.796,0.008,-0.009,0,4.63,0.01,-0.01,0,8.1,2.9,-4.3,0,3.36,0.13,-0.099,0,6.42,0.28,-0.28,0,<a refstr=STASSUN_ET_AL__2019 href=https://ui.adsabs.harvard.edu/abs/2019AJ....158..138S/abstract target=ref>TICv8</a>,19h09m56.26s,287.4844021,-49d39m53.79s,-49.6649424,300.67,3.853,-3.759,2/21/2020,2020-04,2/27/2020
HATS-6 b,HATS-6,1,1,1,0,0,Transit,2015,HATSouth,Published Confirmed,0,<a refstr=HARTMAN_ET_AL__2015 href=https://ui.adsabs.harvard.edu/abs/2015AJ....149..166H/abstract target=ref>Hartman et al. 2015</a>,3.3252725,0.0000021,-0.0000021,0,0.03623,0.00042,-0.00057,0,11.187,0.213,-0.213,0,0.998,0.019,-0.019,0,101.38777,22.2481,-22.2481,0,0.319,0.07,-0.07,0,0,,,0,0.17978,0.00077,-0.00077,0,,,,,<a refstr=HARTMAN_ET_AL__2015 href=https://ui.adsabs.harvard.edu/abs/2015AJ....149..166H/abstract target=ref>Hartman et al. 2015</a>,3724,18,-18,0,0.57,0.01,-0.01,0,0.57,0.02,-0.03,0,0.2,0.091,-0.091,0,[Fe/H],,,,,4.68,0.01,-0.01,0,8.1,4.3,-4.3,0,4.36,0.15,-0.15,0,,,,,<a refstr=STASSUN_ET_AL__2019 href=https://ui.adsabs.harvard.edu/abs/2019AJ....158..138S/abstract target=ref>TICv8</a>,05h52m35.23s,88.1468079,-19d01m53.86s,-19.0316268,169.318,1.065,-1.051,5/14/2015,2015-05,5/14/2015
HAT-P-51 b,HAT-P-51,0,1,1,0,0,Transit,2015,HATNet,Published Confirmed,0,<a refstr=BONOMO_ET_AL__2017 href=https://ui.adsabs.harvard.edu/abs/2017A&A...602A.107B/abstract target=ref>Bonomo et al. 2017</a>,4.2180278,0.0000059,-0.0000059,0,0.05067,0.00048,-0.00047,0,14.493,0.605,-0.605,0,1.293,0.054,-0.054,0,98.84513,6.03877,-6.03877,0,0.311,0.019,-0.019,0,0.07,,,1,,,,,,,,,<a refstr=BONOMO_ET_AL__2017 href=https://ui.adsabs.harvard.edu/abs/2017A&A...602A.107B/abstract target=ref>Bonomo et al. 2017</a>,5449,50,-50,0,1.04,0.04,-0.03,0,0.98,0.03,-0.03,0,0.27,0.08,-0.08,0,,,,,,,,,,8.2,1.7,-1.7,0,,,,,,,,,<a refstr=STASSUN_ET_AL__2019 href=https://ui.adsabs.harvard.edu/abs/2019AJ....158..138S/abstract target=ref>TICv8</a>,01h24m15.63s,21.0651251,+32d48m38.52s,32.8107,440.089,8.189,-7.901,3/18/2019,2017-06,3/21/2019
HAT-P-51 b,HAT-P-51,1,1,1,0,0,Transit,2015,HATNet,Published Confirmed,0,<a refstr=HARTMAN_ET_AL__2015 href=https://ui.adsabs.harvard.edu/abs/2015AJ....150..168H/abstract target=ref>Hartman et al. 2015</a>,4.2180278,0.0000059,-0.0000059,0,0.05069,0.00049,-0.00049,0,14.493,0.605,-0.605,0,1.293,0.054,-0.054,0,98.20947,5.72094,-5.72094,0,0.309,0.018,-0.018,0,0.123,,,1,0.1278,0.002,-0.002,0,,,,,<a refstr=HARTMAN_ET_AL__2015 href=https://ui.adsabs.harvard.edu/abs/2015AJ....150..168H/abstract target=ref>Hartman et al. 2015</a>,5449,50,-50,0,1.04,0.04,-0.03,0,0.98,0.03,-0.03,0,0.27,0.08,-0.08,0,[Fe/H],-0.066,0.034,-0.037,0,4.39,0.03,-0.03,0,8.2,1.7,-1.7,0,1.223,0.1,-0.135,0,,,,,<a refstr=STASSUN_ET_AL__2019 href=https://ui.adsabs.harvard.edu/abs/2019AJ....158..138S/abstract target=ref>TICv8</a>,01h24m15.63s,21.0651251,+32d48m38.52s,32.8107,440.089,8.189,-7.901,11/18/2015,2015-12,11/19/2015
Qatar-8 b,Qatar-8,1,1,1,0,0,Transit,2019,Qatar,Published Confirmed,0,<a refstr=ALSUBAI_ET_AL__2019 href=https://ui.adsabs.harvard.edu/abs/2019AJ....157..224A/abstract target=ref>Alsubai et al. 2019</a>,3.71495,0.001,-0.001,0,0.0474,0.0008,-0.0008,0,14.404,0.247,-0.247,0,1.285,0.022,-0.022,0,117.91493,19.70546,-19.70546,0,0.371,0.062,-0.062,0,0,,,0,0.1005,0.0008,-0.0008,0,,,,,<a refstr=ALSUBAI_ET_AL__2019 href=https://ui.adsabs.harvard.edu/abs/2019AJ....157..224A/abstract target=ref>Alsubai et al. 2019</a>,5738,51,-51,0,1.31,0.02,-0.02,0,1.03,0.05,-0.05,0,0.025,0.071,-0.071,0,[Fe/H],0.228,0.017,-0.018,0,4.21,0.02,-0.02,0,8.3,2.1,-2.1,0,0.641,0.024,-0.024,0,,,,,<a refstr=STASSUN_ET_AL__2019 href=https://ui.adsabs.harvard.edu/abs/2019AJ....158..138S/abstract target=ref>TICv8</a>,10h29m38.96s,157.4123405,+70d31m37.50s,70.5270835,281.498,2.588,-2.543,4/30/2019,2019-06,5/2/2019
WASP-63 b,WASP-63,0,1,1,0,0,Transit,2012,SuperWASP,Published Confirmed,0,<a refstr=BONOMO_ET_AL__2017 href=https://ui.adsabs.harvard.edu/abs/2017A&A...602A.107B/abstract target=ref>Bonomo et al. 2017</a>,4.37809,0.000006,-0.000006,0,0.05417,0.00067,-0.00089,0,14.908,2.69,-2.69,0,1.33,0.24,-0.24,0,107.74437,9.5349,-9.5349,0,0.339,0.03,-0.03,0,0.086,,,1,,,,,,,,,<a refstr=BONOMO_ET_AL__2017 href=https://ui.adsabs.harvard.edu/abs/2017A&A...602A.107B/abstract target=ref>Bonomo et al. 2017</a>,5550,100,-100,0,1.76,0.11,-0.08,0,1.1,0.04,-0.06,0,0.08,0.07,-0.07,0,,,,,,,,,,8.3,1.3,-1.2,0,,,,,,,,,<a refstr=STASSUN_ET_AL__2019 href=https://ui.adsabs.harvard.edu/abs/2019AJ....158..138S/abstract target=ref>TICv8</a>,06h17m20.73s,94.3363562,-38d19m24.18s,-38.3233826,290.684,2.034,-2.008,3/18/2019,2017-06,3/21/2019
WASP-147 b,WASP-147,1,1,1,0,0,Transit,2018,SuperWASP-South,Published Confirmed,0,<a refstr=LENDL_ET_AL__2019 href=https://ui.adsabs.harvard.edu/abs/2019MNRAS.482..301L/abstract target=ref>Lendl et al. 2019</a>,4.60273,0.000027,-0.000027,0,0.0549,0.0012,-0.0013,0,12.498,1.569,-1.042,0,1.115,0.14,-0.093,0,87.40325,8.89924,-8.58141,0,0.275,0.028,-0.027,0,0,,,0,0.08,0.0038,-0.0038,0,,,,,<a refstr=LENDL_ET_AL__2019 href=https://ui.adsabs.harvard.edu/abs/2019MNRAS.482..301L/abstract target=ref>Lendl et al. 2019</a>,5702,100,-100,0,1.43,0.14,-0.08,0,1.04,0.07,-0.07,0,0.092,0.069,-0.071,0,[Fe/H],,,,,,,,,8.47,0.78,-0.78,0,0.509,0.076,-0.12,0,,,,,<a refstr=STASSUN_ET_AL__2019 href=https://ui.adsabs.harvard.edu/abs/2019AJ....158..138S/abstract target=ref>TICv8</a>,23h56m45.96s,359.1915117,-22d09m11.63s,-22.1532316,436.098,9.35,-8.973,11/2/2018,2019-01,11/1/2018
WASP-84 b,WASP-84,0,1,1,0,0,Transit,2014,SuperWASP,Published Confirmed,0,<a refstr=BONOMO_ET_AL__2017 href=https://ui.adsabs.harvard.edu/abs/2017A&A...602A.107B/abstract target=ref>Bonomo et al. 2017</a>,8.5234865,0.000007,-0.000007,0,0.0771,0.0011,-0.0011,0,10.559,0.247,-0.247,0,0.942,0.022,-0.022,0,220.57402,15.57367,-14.93801,0,0.694,0.049,-0.047,0,0.077,,,1,,,,,,,,,<a refstr=BONOMO_ET_AL__2017 href=https://ui.adsabs.harvard.edu/abs/2017A&A...602A.107B/abstract target=ref>Bonomo et al. 2017</a>,5300,100,-100,0,0.75,0.01,-0.01,0,0.84,0.04,-0.04,0,0,0.1,-0.1,0,,,,,,,,,,8.5,4.1,-5.5,0,,,,,14.36,0.35,-0.35,0,<a refstr=STASSUN_ET_AL__2019 href=https://ui.adsabs.harvard.edu/abs/2019AJ....158..138S/abstract target=ref>TICv8</a>,08h44m25.68s,131.1069959,+01d51m35.62s,1.8598933,100.588,0.489,-0.484,3/18/2019,2017-06,3/21/2019
CoRoT-26 b,CoRoT-26,1,1,1,0,0,Transit,2013,CoRoT,Published Confirmed,0,<a refstr=ALMENARA_ET_AL__2013 href=https://ui.adsabs.harvard.edu/abs/2013A%26A...555A.118A/abstract target=ref> Almenara et al. 2013 </a>,4.20474,0.00005,-0.00005,0,0.0526,0.001,-0.001,0,14.12,1.46,-0.78,0,1.26,0.13,-0.07,0,165.26,15.89,-15.89,0,0.52,0.05,-0.05,0,0,,,0,0.0718,0.001,-0.001,0,,,,,<a refstr=ALMENARA_ET_AL__2013 href=https://ui.adsabs.harvard.edu/abs/2013A%26A...555A.118A/abstract target=ref> Almenara et al. 2013 </a>,5590,100,-100,0,1.79,0.18,-0.09,0,1.09,0.06,-0.06,0,0.01,0.13,-0.13,0,[Fe/H],,,,,3.99,0.05,-0.08,0,8.6,1.8,-0.9,0,,,,,,,,,<a refstr=STASSUN_ET_AL__2019 href=https://ui.adsabs.harvard.edu/abs/2019AJ....158..138S/abstract target=ref>TICv8</a>,18h39m00.12s,279.7504991,+06d58m11.22s,6.9697828,1045.18,,,5/14/2014,2013-07,5/14/2014
CoRoT-26 b,CoRoT-26,0,1,1,0,0,Transit,2013,CoRoT,Published Confirmed,0,<a refstr=BONOMO_ET_AL__2017 href=https://ui.adsabs.harvard.edu/abs/2017A&A...602A.107B/abstract target=ref>Bonomo et al. 2017</a>,4.20474,0.00005,-0.00005,0,0.0525,0.00094,-0.00098,0,14.123,1.457,-0.785,0,1.26,0.13,-0.07,0,184.3414,63.566,-34.9613,0,0.58,0.2,-0.11,0,0.41,,,1,,,,,,,,,<a refstr=BONOMO_ET_AL__2017 href=https://ui.adsabs.harvard.edu/abs/2017A&A...602A.107B/abstract target=ref>Bonomo et al. 2017</a>,5590,100,-100,0,1.79,0.18,-0.09,0,1.09,0.06,-0.06,0,0.01,0.13,-0.13,0,,,,,,,,,,8.6,1.8,-0.9,0,,,,,,,,,<a refstr=STASSUN_ET_AL__2019 href=https://ui.adsabs.harvard.edu/abs/2019AJ....158..138S/abstract target=ref>TICv8</a>,18h39m00.12s,279.7504991,+06d58m11.22s,6.9697828,1045.18,,,3/18/2019,2017-06,3/21/2019
HATS-43 b,HATS-43,1,1,1,0,0,Transit,2018,HATSouth,Published Confirmed,0,<a refstr=BRAHM_ET_AL__2018 href=https://ui.adsabs.harvard.edu/abs/2018AJ....155..112B/abstract target=ref>Brahm et al. 2018</a>,4.3888497,0.0000059,-0.0000059,0,0.04944,0.00046,-0.00046,0,13.227,0.56,-0.56,0,1.18,0.05,-0.05,0,82.95363,17.16282,-17.16282,0,0.261,0.054,-0.054,0,0.173,0.089,-0.089,0,0.1492,0.0017,-0.0017,0,,,,,<a refstr=BRAHM_ET_AL__2018 href=https://ui.adsabs.harvard.edu/abs/2018AJ....155..112B/abstract target=ref>Brahm et al. 2018</a>,5099,61,-61,0,0.81,0.03,-0.03,0,0.84,0.02,-0.02,0,0.05,0.041,-0.041,0,[Fe/H],-0.398,0.047,-0.053,0,4.54,0.04,-0.04,0,8.6,3,-4.8,0,2.18,0.36,-0.2,0,,,,,<a refstr=STASSUN_ET_AL__2019 href=https://ui.adsabs.harvard.edu/abs/2019AJ....158..138S/abstract target=ref>TICv8</a>,05h22m09.18s,80.5382418,-30d58m14.94s,-30.9708179,362.273,2.259,-2.232,5/22/2018,2018-03,5/24/2018
WASP-144 b,WASP-144,1,1,1,0,0,Transit,2018,SuperWASP-South,Published Confirmed,0,<a refstr=HELLIER_ET_AL__2019 href=https://ui.adsabs.harvard.edu/abs/2019MNRAS.482.1379H/abstract target=ref>Hellier et al. 2019</a>,2.2783152,0.0000013,-0.0000013,0,0.0316,0.0005,-0.0005,0,9.528,0.56,-0.56,0,0.85,0.05,-0.05,0,139.8452,19.0698,-19.0698,0,0.44,0.06,-0.06,0,0,,,0,,,,,,,,,<a refstr=HELLIER_ET_AL__2019 href=https://ui.adsabs.harvard.edu/abs/2019MNRAS.482.1379H/abstract target=ref>Hellier et al. 2019</a>,5200,140,-140,0,0.81,0.04,-0.04,0,0.81,0.04,-0.04,0,0.18,0.14,-0.14,0,,,,,,4.53,0.03,-0.03,0,8.71,4.12,-4.12,0,2.17,0.23,-0.23,0,,,,,<a refstr=STASSUN_ET_AL__2019 href=https://ui.adsabs.harvard.edu/abs/2019AJ....158..138S/abstract target=ref>TICv8</a>,21h23m03.09s,320.7628761,-40d02m54.38s,-40.0484393,355.513,10.668,-10.075,10/24/2018,2019-01,10/26/2018
HAT-P-19 b,HAT-P-19,1,1,1,0,0,Transit,2010,HATNet,Published Confirmed,0,<a refstr=HARTMAN_ET_AL__2011 href=https://ui.adsabs.harvard.edu/abs/2011ApJ...726...52H/abstract target=ref> Hartman et al. 2011 </a>,4.008778,0.000006,-0.000006,0,0.0466,0.0008,-0.0008,0,12.689,0.807,-0.807,0,1.132,0.072,-0.072,0,92.802,5.721,-5.721,0,0.292,0.018,-0.018,0,0.067,0.042,-0.042,0,0.1418,0.002,-0.002,0,,,,,<a refstr=HARTMAN_ET_AL__2011 href=https://ui.adsabs.harvard.edu/abs/2011ApJ...726...52H/abstract target=ref> Hartman et al. 2011 </a>,4990,130,-130,0,0.82,0.05,-0.05,0,0.84,0.04,-0.04,0,0.23,0.08,-0.08,0,[Fe/H],-0.432,0.085,-0.077,0,4.54,0.05,-0.05,0,8.8,5.2,-5.2,0,,,,,,,,,<a refstr=STASSUN_ET_AL__2019 href=https://ui.adsabs.harvard.edu/abs/2019AJ....158..138S/abstract target=ref>TICv8</a>,00h38m03.98s,9.5165832,+34d42m41.05s,34.7114025,202.078,1.471,-1.451,5/14/2014,2011-01,5/14/2014
HAT-P-19 b,HAT-P-19,0,1,1,0,0,Transit,2010,HATNet,Published Confirmed,0,<a refstr=BONOMO_ET_AL__2017 href=https://ui.adsabs.harvard.edu/abs/2017A&A...602A.107B/abstract target=ref>Bonomo et al. 2017</a>,4.008778,0.000006,-0.000006,0,0.04664,0.00076,-0.00078,0,12.689,0.807,-0.807,0,1.132,0.072,-0.072,0,90.26372,5.08528,-5.08528,0,0.284,0.016,-0.016,0,0.024,,,1,,,,,,,,,<a refstr=BONOMO_ET_AL__2017 href=https://ui.adsabs.harvard.edu/abs/2017A&A...602A.107B/abstract target=ref>Bonomo et al. 2017</a>,4990,130,-130,0,0.82,0.05,-0.05,0,0.84,0.04,-0.04,0,0.23,0.08,-0.08,0,,,,,,,,,,8.8,5.2,-5.2,0,,,,,35.5,2.5,-2.5,0,<a refstr=STASSUN_ET_AL__2019 href=https://ui.adsabs.harvard.edu/abs/2019AJ....158..138S/abstract target=ref>TICv8</a>,00h38m03.98s,9.5165832,+34d42m41.05s,34.7114025,202.078,1.471,-1.451,3/18/2019,2017-06,3/21/2019
WASP-65 b,WASP-65,0,1,1,0,0,Transit,2013,SuperWASP,Published Confirmed,0,<a refstr=BONOMO_ET_AL__2017 href=https://ui.adsabs.harvard.edu/abs/2017A&A...602A.107B/abstract target=ref>Bonomo et al. 2017</a>,2.3114243,0.0000015,-0.0000015,0,0.0334,0.0016,-0.0018,0,12.464,0.661,-0.661,0,1.112,0.059,-0.059,0,489.4582,47.6745,-50.8528,0,1.54,0.15,-0.16,0,0.016,,,1,,,,,,,,,<a refstr=BONOMO_ET_AL__2017 href=https://ui.adsabs.harvard.edu/abs/2017A&A...602A.107B/abstract target=ref>Bonomo et al. 2017</a>,5600,100,-100,0,1.01,0.05,-0.05,0,0.93,0.14,-0.14,0,-0.07,0.07,-0.07,0,[Fe/H],,,,,,,,,8.8,3.2,-2.9,0,,,,,,,,,<a refstr=STASSUN_ET_AL__2019 href=https://ui.adsabs.harvard.edu/abs/2019AJ....158..138S/abstract target=ref>TICv8</a>,08h53m17.83s,133.3242982,+08d31m22.86s,8.5230171,273.703,2.733,-2.68,3/18/2019,2017-06,3/21/2019
HATS-61 b,HATS-61,1,1,1,0,0,Transit,2018,HATSouth,Published Confirmed,0,<a refstr=HARTMAN_ET_AL__2019 href=https://ui.adsabs.harvard.edu/abs/2019AJ....157...55H/abstract target=ref>Hartman et al. 2019</a>,7.817953,0.000024,-0.000024,0,0.07908,0.00033,-0.00033,0,13.395,0.751,-0.751,0,1.195,0.067,-0.067,0,1080.622,44.4962,-44.4962,0,3.4,0.14,-0.14,0,0.092,,,0,0.0738,0.004,-0.004,0,,,,,<a refstr=HARTMAN_ET_AL__2019 href=https://ui.adsabs.harvard.edu/abs/2019AJ....157...55H/abstract target=ref>Hartman et al. 2019</a>,5542,21,-21,0,1.66,0.02,-0.02,0,1.08,0.01,-0.01,0,0.247,0.037,-0.037,0,[Fe/H],0.369,0.012,-0.012,0,4.03,0.01,-0.01,0,8.9,0.31,-0.41,0,0.33,0.014,-0.014,0,,,,,<a refstr=STASSUN_ET_AL__2019 href=https://ui.adsabs.harvard.edu/abs/2019AJ....158..138S/abstract target=ref>TICv8</a>,04h06m37.87s,61.6578005,-25d20m58.80s,-25.3496674,679.761,8.732,-8.518,1/15/2019,2019-02,1/17/2019
HAT-P-26 b,HAT-P-26,0,1,1,0,0,Transit,2010,HATNet,Published Confirmed,0,<a refstr=HARTMAN_ET_AL__2010 href=https://ui.adsabs.harvard.edu/abs/2010arXiv1010.1008H/abstract target=ref> Hartman et al. 2010 </a>,4.234516,0.000015,-0.000015,0,0.0479,0.0006,-0.0006,0,6.333,0.807,-0.359,0,0.565,0.072,-0.032,0,18.751,2.225,-2.225,0,0.059,0.007,-0.007,0,0.124,0.06,-0.06,0,0.0737,0.0012,-0.0012,0,,,,,<a refstr=HARTMAN_ET_AL__2010 href=https://ui.adsabs.harvard.edu/abs/2010arXiv1010.1008H/abstract target=ref> Hartman et al. 2010 </a>,5079,88,-88,0,0.79,0.1,-0.04,0,0.82,0.03,-0.03,0,-0.04,0.08,-0.08,0,[Fe/H],-0.42,0.153,-0.075,0,4.56,0.06,-0.06,0,9,3,-4.9,0,,,,,,,,,<a refstr=STASSUN_ET_AL__2019 href=https://ui.adsabs.harvard.edu/abs/2019AJ....158..138S/abstract target=ref>TICv8</a>,14h12m37.57s,213.1565508,+04d03m33.90s,4.0594175,141.837,1.152,-1.133,4/25/2018,2011-02,5/14/2014
HAT-P-63 b,HAT-P-63,1,1,1,0,0,Transit,2021,HATNet,Published Confirmed,0,<a refstr=BAKOS_ET_AL__2021 href=https://ui.adsabs.harvard.edu/abs/2021AJ....162....7B/abstract target=ref>Bakos et al. 2021</a>,3.377728,0.000013,-0.000013,0,0.04294,0.00035,-0.00035,0,12.543,0.37,-0.37,0,1.119,0.033,-0.033,0,195.14664,7.62788,-7.62788,0,0.614,0.024,-0.024,0,0.069,,,1,0.1191,0.0032,-0.0032,0,,,,,<a refstr=BAKOS_ET_AL__2021 href=https://ui.adsabs.harvard.edu/abs/2021AJ....162....7B/abstract target=ref>Bakos et al. 2021</a>,5400,55,-39,0,0.97,0.01,-0.01,0,0.93,0.02,-0.02,0,0.251,0.061,-0.061,0,[Fe/H],-0.146,0.017,-0.017,0,4.43,0.01,-0.01,0,9,1.7,-1.7,0,1.448,0.061,-0.061,0,,,,,<a refstr=STASSUN_ET_AL__2019 href=https://ui.adsabs.harvard.edu/abs/2019AJ....158..138S/abstract target=ref>TICv8</a>,18h39m11.22s,279.7967696,-20d01m27.37s,-20.0242684,4483.05,3720.23,-2222.73,7/26/2021,2021-07,7/26/2021
WASP-39 b,WASP-39,0,1,1,0,0,Transit,2011,SuperWASP,Published Confirmed,0,<a refstr=BONOMO_ET_AL__2017 href=https://ui.adsabs.harvard.edu/abs/2017A&A...602A.107B/abstract target=ref>Bonomo et al. 2017</a>,4.0552947,0.00000097,-0.00000097,0,0.04859,0.00051,-0.00053,0,14.235,0.448,-0.448,0,1.27,0.04,-0.04,0,87.40325,13.34886,-13.66669,0,0.275,0.042,-0.043,0,0.048,,,1,,,,,,,,,<a refstr=BONOMO_ET_AL__2017 href=https://ui.adsabs.harvard.edu/abs/2017A&A...602A.107B/abstract target=ref>Bonomo et al. 2017</a>,5400,150,-150,0,0.9,0.02,-0.02,0,0.93,0.03,-0.03,0,-0.12,0.1,-0.1,0,[Fe/H],,,,,,,,,9,3,-4,0,,,,,,,,,<a refstr=STASSUN_ET_AL__2019 href=https://ui.adsabs.harvard.edu/abs/2019AJ....158..138S/abstract target=ref>TICv8</a>,14h29m18.40s,217.3266477,-03d26m40.20s,-3.4444994,213.982,1.76,-1.731,3/18/2019,2017-06,3/21/2019
WASP-6 b,WASP-6,0,1,1,0,0,Transit,2009,SuperWASP,Published Confirmed,0,<a refstr=TREGLOAN_REED_ET_AL__2015 href=https://ui.adsabs.harvard.edu/abs/2015MNRAS.450.1760T/abstract target=ref>Tregloan-Reed et al. 2015</a>,3.36100208,0.00000031,-0.00000031,0,0.0414,0.001,-0.001,0,13.787,0.392,-0.392,0,1.23,0.035,-0.035,0,154.14755,8.58141,-8.58141,0,0.485,0.027,-0.027,0,0.054,0.018,-0.015,0,0.1463,0.0012,-0.0012,0,,,,,<a refstr=TREGLOAN_REED_ET_AL__2015 href=https://ui.adsabs.harvard.edu/abs/2015MNRAS.450.1760T/abstract target=ref>Tregloan-Reed et al. 2015</a>,5375,65,-65,0,0.86,0.02,-0.02,0,0.84,0.06,-0.06,0,-0.15,0.09,-0.09,0,[Fe/H],,,,,4.49,0.02,-0.02,0,9,8,-12.7,0,1.826,0.075,-0.075,0,,,,,<a refstr=STASSUN_ET_AL__2019 href=https://ui.adsabs.harvard.edu/abs/2019AJ....158..138S/abstract target=ref>TICv8</a>,23h12m37.71s,348.1571282,-22d40m26.85s,-22.6741248,197.119,1.632,-1.607,4/25/2018,2015-06,4/16/2015
NGTS-17 b,NGTS-17,1,1,1,0,0,Transit,2021,Paranal Observatory,Published Confirmed,0,<a refstr=TILBROOK_ET_AL__2021 href=https://ui.adsabs.harvard.edu/abs/2021MNRAS.tmp..893T/abstract target=ref>Tilbrook et al. 2021</a>,3.24253,0.00001,-0.00001,0,0.0391,0.0043,-0.0043,0,13.899,1.233,-1.233,0,1.24,0.11,-0.11,0,242.8209,61.97654,-52.12386,0,0.764,0.195,-0.164,0,0,,,0,0.095,0.001,-0.001,0,,,,,<a refstr=TILBROOK_ET_AL__2021 href=https://ui.adsabs.harvard.edu/abs/2021MNRAS.tmp..893T/abstract target=ref>Tilbrook et al. 2021</a>,5650,100,-100,0,1.34,0.12,-0.12,0,1.02,0.03,-0.03,0,0.15,0.1,-0.1,0,[Fe/H],,,,,4,0.12,-0.12,0,9.22,1.41,-1.4,0,,,,,,,,,<a refstr=STASSUN_ET_AL__2019 href=https://ui.adsabs.harvard.edu/abs/2019AJ....158..138S/abstract target=ref>TICv8</a>,04h51m36.14s,72.9005729,-34d13m34.37s,-34.2262128,1040.28,22.05,-21.16,4/23/2021,2021-03,4/23/2021
HAT-P-52 b,HAT-P-52,0,1,1,0,0,Transit,2015,HATNet,Published Confirmed,0,<a refstr=BONOMO_ET_AL__2017 href=https://ui.adsabs.harvard.edu/abs/2017A&A...602A.107B/abstract target=ref>Bonomo et al. 2017</a>,2.7535953,0.0000094,-0.0000094,0,0.03696,0.00037,-0.00038,0,11.31,0.807,-0.807,0,1.009,0.072,-0.072,0,259.66711,13.03103,-12.39537,0,0.817,0.041,-0.039,0,0.03,,,1,,,,,,,,,<a refstr=BONOMO_ET_AL__2017 href=https://ui.adsabs.harvard.edu/abs/2017A&A...602A.107B/abstract target=ref>Bonomo et al. 2017</a>,5131,50,-50,0,0.89,0.05,-0.05,0,0.89,0.03,-0.03,0,0.28,0.08,-0.08,0,,,,,,,,,,9.4,4.1,-4.1,0,,,,,,,,,<a refstr=STASSUN_ET_AL__2019 href=https://ui.adsabs.harvard.edu/abs/2019AJ....158..138S/abstract target=ref>TICv8</a>,02h50m53.22s,42.7217412,+29d01m20.10s,29.0222492,361.155,4.2875,-4.2875,3/18/2019,2017-06,3/21/2019
HAT-P-52 b,HAT-P-52,1,1,1,0,0,Transit,2015,HATNet,Published Confirmed,0,<a refstr=HARTMAN_ET_AL__2015 href=https://ui.adsabs.harvard.edu/abs/2015AJ....150..168H/abstract target=ref>Hartman et al. 2015</a>,2.7535953,0.0000094,-0.0000094,0,0.03694,0.00038,-0.00038,0,11.31,0.807,-0.807,0,1.009,0.072,-0.072,0,259.98494,9.21707,-9.21707,0,0.818,0.029,-0.029,0,0.047,,,1,0.1161,0.0027,-0.0027,0,,,,,<a refstr=HARTMAN_ET_AL__2015 href=https://ui.adsabs.harvard.edu/abs/2015AJ....150..168H/abstract target=ref>Hartman et al. 2015</a>,5131,50,-50,0,0.89,0.05,-0.05,0,0.89,0.03,-0.03,0,0.28,0.08,-0.08,0,[Fe/H],-0.305,0.05,-0.056,0,4.48,0.05,-0.05,0,9.4,4.1,-4.1,0,1.75,0.29,-0.29,0,,,,,<a refstr=STASSUN_ET_AL__2019 href=https://ui.adsabs.harvard.edu/abs/2019AJ....158..138S/abstract target=ref>TICv8</a>,02h50m53.22s,42.7217412,+29d01m20.10s,29.0222492,361.155,4.2875,-4.2875,11/18/2015,2015-12,11/19/2015
NGTS-12 b,NGTS-12,1,1,1,0,0,Transit,2020,Paranal Observatory,Published Confirmed,0,<a refstr=BRYANT_ET_AL__2020 href=https://ui.adsabs.harvard.edu/abs/2020MNRAS.tmp.2785B/abstract target=ref>Bryant et al. 2020</a>,7.532806,0.000048,-0.000048,0,0.0757,0.0014,-0.0014,0,11.747,0.359,-0.359,0,1.048,0.032,-0.032,0,66.10864,6.99226,-6.99226,0,0.208,0.022,-0.022,0,0,,,0,0.0678,0.0012,-0.0012,0,,,,,<a refstr=BRYANT_ET_AL__2020 href=https://ui.adsabs.harvard.edu/abs/2020MNRAS.tmp.2785B/abstract target=ref>Bryant et al. 2020</a>,5690,130,-130,0,1.59,0.04,-0.04,0,1.02,0.06,-0.05,0,-0.03,0.11,-0.11,0,[Fe/H],,,,,4.04,0.04,-0.04,0,9.4,1.5,-1.5,0,0.359,0.039,-0.039,0,,,,,<a refstr=STASSUN_ET_AL__2019 href=https://ui.adsabs.harvard.edu/abs/2019AJ....158..138S/abstract target=ref>TICv8</a>,11h44m59.99s,176.2499418,-35d38m26.03s,-35.640563,446.442,7.706,-7.453,10/16/2020,2020-09,10/22/2020
WASP-96 b,WASP-96,0,1,1,0,0,Transit,2014,SuperWASP,Published Confirmed,0,<a refstr=BONOMO_ET_AL__2017 href=https://ui.adsabs.harvard.edu/abs/2017A&A...602A.107B/abstract target=ref>Bonomo et al. 2017</a>,3.4252602,0.0000027,-0.0000027,0,0.0454,0.0013,-0.0013,0,13.451,0.673,-0.673,0,1.2,0.06,-0.06,0,155.7367,15.57367,-14.93801,0,0.49,0.049,-0.047,0,0.11,,,1,,,,,,,,,<a refstr=BONOMO_ET_AL__2017 href=https://ui.adsabs.harvard.edu/abs/2017A&A...602A.107B/abstract target=ref>Bonomo et al. 2017</a>,5500,150,-150,0,1.05,0.05,-0.05,0,1.06,0.09,-0.09,0,0.14,0.19,-0.19,0,,,,,,,,,,9.4,3.3,-2.9,0,,,,,,,,,<a refstr=STASSUN_ET_AL__2019 href=https://ui.adsabs.harvard.edu/abs/2019AJ....158..138S/abstract target=ref>TICv8</a>,00h04m11.18s,1.0465696,-47d21m38.29s,-47.3606352,352.464,4.746,-4.623,3/18/2019,2017-06,3/21/2019
HATS-16 b,HATS-16,1,1,1,0,0,Transit,2016,HATSouth,Published Confirmed,0,<a refstr=CICERI_ET_AL__2016 href=https://ui.adsabs.harvard.edu/abs/2016PASP..128g4401C/abstract target=ref>Ciceri et al. 2016</a>,2.686502,0.000011,-0.000011,0,0.03744,0.00045,-0.00045,0,14.572,1.681,-1.681,0,1.3,0.15,-0.15,0,1039.3041,60.3877,-60.3877,0,3.27,0.19,-0.19,0,0,,,1,0.1075,0.0037,-0.0037,0,,,,,<a refstr=CICERI_ET_AL__2016 href=https://ui.adsabs.harvard.edu/abs/2016PASP..128g4401C/abstract target=ref>Ciceri et al. 2016</a>,5738,79,-79,0,1.24,0.1,-0.13,0,0.97,0.04,-0.04,0,-0.1,0.05,-0.05,0,[Fe/H],0.173,0.077,-0.094,0,4.24,0.08,-0.08,0,9.5,1.8,-1.8,0,0.72,0.26,-0.13,0,12.35,0.02,-0.02,0,<a refstr=STASSUN_ET_AL__2019 href=https://ui.adsabs.harvard.edu/abs/2019AJ....158..138S/abstract target=ref>TICv8</a>,23h54m14.12s,358.5588439,-30d00m46.94s,-30.0130385,757.044,13.735,-13.262,6/22/2016,2016-07,6/23/2016
K2-180 b,K2-180,0,1,1,0,0,Transit,2018,K2,Published Confirmed,0,<a refstr=KORTH_ET_AL__2019 href=https://ui.adsabs.harvard.edu/abs/2019MNRAS.482.1807K/abstract target=ref>Korth et al. 2019</a>,8.8665,0.0003,-0.0003,0,0.075,0.001,-0.001,0,2.242,0.123,-0.123,0,0.2,0.011,-0.011,0,11.44182,1.90697,-1.90697,0,0.036,0.006,-0.006,0,0,,,0,0.0297,0.0008,-0.0008,0,,,,,<a refstr=KORTH_ET_AL__2019 href=https://ui.adsabs.harvard.edu/abs/2019MNRAS.482.1807K/abstract target=ref>Korth et al. 2019</a>,5110,107,-107,0,0.69,0.02,-0.02,0,0.71,0.03,-0.03,0,-0.65,0.1,-0.1,0,[Fe/H],,,,,4.3,0.2,-0.2,0,9.5,4,-5.6,0,3.039,0.393,-0.393,0,15.7,7.5,-7.5,0,<a refstr=STASSUN_ET_AL__2019 href=https://ui.adsabs.harvard.edu/abs/2019AJ....158..138S/abstract target=ref>TICv8</a>,08h25m51.45s,126.4643579,+10d14m47.68s,10.246577,203.896,1.742,-1.712,7/12/2021,2019-01,7/12/2021
HATS-62 b,HATS-62,1,1,1,0,0,Transit,2018,HATSouth,Published Confirmed,0,<a refstr=HARTMAN_ET_AL__2019 href=https://ui.adsabs.harvard.edu/abs/2019AJ....157...55H/abstract target=ref>Hartman et al. 2019</a>,3.2768837,0.0000033,-0.0000033,0,0.04163,0.00024,-0.00016,0,11.825,0.28,-0.28,0,1.055,0.025,-0.025,0,56.89157,,,0,0.179,,,0,0.298,,,0,0.1159,0.0011,-0.0011,0,,,,,<a refstr=HARTMAN_ET_AL__2019 href=https://ui.adsabs.harvard.edu/abs/2019AJ....157...55H/abstract target=ref>Hartman et al. 2019</a>,5416,19,-13,0,0.93,0.02,-0.01,0,0.9,0.01,-0.01,0,0.133,0.023,-0.023,0,[Fe/H],-0.173,0.018,-0.012,0,4.45,0.02,-0.02,0,9.55,0.99,-1.55,0,1.556,0.095,-0.095,0,,,,,<a refstr=STASSUN_ET_AL__2019 href=https://ui.adsabs.harvard.edu/abs/2019AJ....158..138S/abstract target=ref>TICv8</a>,20h49m47.83s,312.4493079,-24d18m12.62s,-24.303506,523.067,10.426,-10.033,1/15/2019,2019-02,1/17/2019
WASP-46 b,WASP-46,0,1,1,0,0,Transit,2011,SuperWASP,Published Confirmed,0,<a refstr=BONOMO_ET_AL__2017 href=https://ui.adsabs.harvard.edu/abs/2017A&A...602A.107B/abstract target=ref>Bonomo et al. 2017</a>,1.43037,0.0000023,-0.0000023,0,0.02334,0.00061,-0.00065,0,13.159,0.37,-0.37,0,1.174,0.033,-0.033,0,603.877,34.9613,-34.9613,0,1.9,0.11,-0.11,0,0.022,,,1,,,,,,,,,<a refstr=BONOMO_ET_AL__2017 href=https://ui.adsabs.harvard.edu/abs/2017A&A...602A.107B/abstract target=ref>Bonomo et al. 2017</a>,5600,150,-150,0,0.86,0.02,-0.02,0,0.83,0.07,-0.07,0,-0.37,0.13,-0.13,0,[Fe/H],,,,,,,,,9.6,3.4,-4.2,0,,,,,16,1,-1,0,<a refstr=STASSUN_ET_AL__2019 href=https://ui.adsabs.harvard.edu/abs/2019AJ....158..138S/abstract target=ref>TICv8</a>,21h14m56.88s,318.7370122,-55d52m18.71s,-55.8718634,375.31,4.462,-4.36,3/18/2019,2017-06,3/21/2019
HATS-2 b,HATS-2,1,1,1,0,0,Transit,2013,HATSouth,Published Confirmed,0,<a refstr=MOHLER_FISCHER_ET_AL__2013 href=https://ui.adsabs.harvard.edu/abs/2013A%26A...558A..55M/abstract target=ref> Mohler-Fischer et al. 2013 </a>,1.354133,0.000001,-0.000001,0,0.023,0.0003,-0.0003,0,13.092,0.336,-0.336,0,1.168,0.03,-0.03,0,427.463,47.672,-47.672,0,1.345,0.15,-0.15,0,0,,,0,0.1335,0.001,-0.001,0,,,,,<a refstr=MOHLER_FISCHER_ET_AL__2013 href=https://ui.adsabs.harvard.edu/abs/2013A%26A...558A..55M/abstract target=ref> Mohler-Fischer et al. 2013 </a>,5227,95,-95,0,0.9,0.02,-0.02,0,0.88,0.04,-0.04,0,0.15,0.05,-0.05,0,[Fe/H],-0.268,0.046,-0.051,0,4.48,0.02,-0.02,0,9.7,2.9,-2.9,0,,,,,,,,,<a refstr=STASSUN_ET_AL__2019 href=https://ui.adsabs.harvard.edu/abs/2019AJ....158..138S/abstract target=ref>TICv8</a>,11h46m57.32s,176.7388264,-22d33m46.83s,-22.5630097,341.925,3.674,-3.598,5/14/2014,2013-10,5/14/2014
HATS-2 b,HATS-2,0,1,1,0,0,Transit,2013,HATSouth,Published Confirmed,0,<a refstr=BONOMO_ET_AL__2017 href=https://ui.adsabs.harvard.edu/abs/2017A&A...602A.107B/abstract target=ref>Bonomo et al. 2017</a>,1.354133,0.000001,-0.000001,0,0.02298,0.00032,-0.00032,0,13.092,0.336,-0.336,0,1.168,0.03,-0.03,0,486.2799,38.1396,-73.1009,0,1.53,0.12,-0.23,0,0.29,,,1,,,,,,,,,<a refstr=BONOMO_ET_AL__2017 href=https://ui.adsabs.harvard.edu/abs/2017A&A...602A.107B/abstract target=ref>Bonomo et al. 2017</a>,5227,95,-95,0,0.9,0.02,-0.02,0,0.88,0.04,-0.04,0,0.15,0.05,-0.05,0,,,,,,,,,,9.7,2.9,-2.9,0,,,,,24.98,0.04,-0.04,0,<a refstr=STASSUN_ET_AL__2019 href=https://ui.adsabs.harvard.edu/abs/2019AJ....158..138S/abstract target=ref>TICv8</a>,11h46m57.32s,176.7388264,-22d33m46.83s,-22.5630097,341.925,3.674,-3.598,3/18/2019,2017-06,3/21/2019
HATS-44 b,HATS-44,1,1,1,0,0,Transit,2018,HATSouth,Published Confirmed,0,<a refstr=BRAHM_ET_AL__2018 href=https://ui.adsabs.harvard.edu/abs/2018AJ....155..112B/abstract target=ref>Brahm et al. 2018</a>,2.7439004,0.0000032,-0.0000032,0,0.03649,0.0003,-0.0003,0,11.96,1.401,-0.796,0,1.067,0.125,-0.071,0,177.9848,34.9613,-34.9613,0,0.56,0.11,-0.11,0,0.279,,,1,0.129,0.01,-0.01,0,,,,,<a refstr=BRAHM_ET_AL__2018 href=https://ui.adsabs.harvard.edu/abs/2018AJ....155..112B/abstract target=ref>Brahm et al. 2018</a>,5080,100,-100,0,0.85,0.04,-0.04,0,0.86,0.02,-0.02,0,0.32,0.071,-0.071,0,[Fe/H],-0.398,0.052,-0.059,0,4.51,0.04,-0.04,0,9.7,2.4,-4,0,1.98,0.25,-0.25,0,,,,,<a refstr=STASSUN_ET_AL__2019 href=https://ui.adsabs.harvard.edu/abs/2019AJ....158..138S/abstract target=ref>TICv8</a>,05h37m18.42s,84.3267559,-27d58m21.27s,-27.9725758,446.035,3.241,-3.196,5/22/2018,2018-03,5/24/2018
NGTS-6 b,NGTS-6,1,1,1,0,0,Transit,2019,Paranal Observatory,Published Confirmed,0,<a refstr=VINES_ET_AL__2019 href=https://ui.adsabs.harvard.edu/abs/2019MNRAS.489.4125V/abstract target=ref>Vines et al. 2019</a>,0.882059,0.0000008,-0.0000008,0,0.01677,0.00032,-0.00032,0,14.863,1.087,-1.255,0,1.326,0.097,-0.112,0,425.57437,8.89924,-8.89924,0,1.339,0.028,-0.028,0,0,,,0,,,,,,,,,<a refstr=VINES_ET_AL__2019 href=https://ui.adsabs.harvard.edu/abs/2019MNRAS.489.4125V/abstract target=ref>Vines et al. 2019</a>,4730,44,-40,0,0.75,0.01,-0.01,0,0.77,0.03,-0.03,0,0.11,0.09,-0.09,0,[Fe/H],-0.592,0.015,-0.016,0,4.7,1.1,-0.7,0,9.77,0.25,-0.54,0,3.9304,0.0815,-0.0812,0,,,,,<a refstr=STASSUN_ET_AL__2019 href=https://ui.adsabs.harvard.edu/abs/2019AJ....158..138S/abstract target=ref>TICv8</a>,05h03m10.89s,75.795382,-30d23m58.06s,-30.3994612,308.262,1.418,-1.407,9/20/2019,2019-11,9/26/2019
K2-140 b,K2-140,1,1,1,0,0,Transit,2017,K2,Published Confirmed,0,<a refstr=KORTH_ET_AL__2019 href=https://ui.adsabs.harvard.edu/abs/2019MNRAS.482.1807K/abstract target=ref>Korth et al. 2019</a>,6.569188,0.000031,-0.000031,0,0.068,0.001,-0.001,0,13.563,1.009,-1.009,0,1.21,0.09,-0.09,0,295.58042,12.71314,-12.71314,0,0.93,0.04,-0.04,0,0,,,0,0.117,0.001,-0.001,0,,,,,<a refstr=KORTH_ET_AL__2019 href=https://ui.adsabs.harvard.edu/abs/2019MNRAS.482.1807K/abstract target=ref>Korth et al. 2019</a>,5585,120,-120,0,1.06,0.07,-0.06,0,0.96,0.06,-0.04,0,0.1,0.1,-0.1,0,[Fe/H],,,,,4.4,0.2,-0.2,0,9.8,3.4,-4.6,0,1.133,0.284,-0.284,0,14.6,4.1,-4.1,0,<a refstr=STASSUN_ET_AL__2019 href=https://ui.adsabs.harvard.edu/abs/2019AJ....158..138S/abstract target=ref>TICv8</a>,12h32m32.96s,188.1373172,-09d36m27.40s,-9.6076115,347.917,8.287,-7.917,7/12/2021,2019-01,7/12/2021
HD 219666 b,HD 219666,1,1,1,0,0,Transit,2018,Transiting Exoplanet Survey Satellite (TESS),Published Confirmed,0,<a refstr=ESPOSITO_ET_AL__2019 href=https://ui.adsabs.harvard.edu/abs/2019A&A...623A.165E/abstract target=ref>Esposito et al. 2019</a>,6.03607,0.00064,-0.00063,0,0.06356,0.00265,-0.00265,0,4.71,0.17,-0.17,0,0.42,0.015,-0.015,0,16.6,1.3,-1.3,0,0.05223,0.00409,-0.00409,0,0,,,0,0.04192,0.00083,-0.00083,0,,,,,<a refstr=ESPOSITO_ET_AL__2019 href=https://ui.adsabs.harvard.edu/abs/2019A&A...623A.165E/abstract target=ref>Esposito et al. 2019</a>,5527,65,-65,0,1.03,0.03,-0.03,0,0.92,0.03,-0.03,0,0.04,0.04,-0.04,0,[Fe/H],,,,,4.4,0.11,-0.11,0,10,2,-2,0,,,,,,,,,<a refstr=STASSUN_ET_AL__2019 href=https://ui.adsabs.harvard.edu/abs/2019AJ....158..138S/abstract target=ref>TICv8</a>,23h18m14.22s,349.5592665,-56d54m14.35s,-56.9039857,94.1719,0.2518,-0.2506,3/1/2019,2019-03,3/5/2019
K2-60 b,K2-60,1,1,1,0,0,Transit,2016,K2,Published Confirmed,0,<a refstr=EIGM_UUML_LLER_ET_AL__2017 href=https://ui.adsabs.harvard.edu/abs/2017AJ....153..130E/abstract target=ref>Eigm&uuml;ller et al. 2017</a>,3.00265,0.00004,-0.00004,0,0.045,0.003,-0.003,0,7.656,0.415,-0.415,0,0.683,0.037,-0.037,0,135.39558,11.75971,-11.75971,0,0.426,0.037,-0.037,0,0,,,0,0.063,0.001,-0.001,0,,,,,<a refstr=EIGM_UUML_LLER_ET_AL__2017 href=https://ui.adsabs.harvard.edu/abs/2017AJ....153..130E/abstract target=ref>Eigm&uuml;ller et al. 2017</a>,5500,100,-100,0,1.12,0.05,-0.05,0,0.97,0.07,-0.07,0,0.01,0.11,-0.11,0,[Fe/H],,,,,4.07,0.11,-0.11,0,10,3,-3,0,0.99,0.06,-0.06,0,,,,,<a refstr=STASSUN_ET_AL__2019 href=https://ui.adsabs.harvard.edu/abs/2019AJ....158..138S/abstract target=ref>TICv8</a>,22h34m25.50s,338.6062312,-13d43m54.50s,-13.7318044,491.87,11.47,-10.969,1/31/2017,2017-03,2/2/2017
