# This file was produced by the NASA Exoplanet Archive  http://exoplanetarchive.ipac.caltech.edu,,,,,,,,
# Mon Mar 16 21:25:09 2020,,,,,,,,
#,,,,,,,,
# User preference: *,,,,,,,,
#,,,,,,,,
# CONSTRAINT:  order by koi_impact desc,,,,,,,,
#,,,,,,,,
# COLUMN kepid:          KepID,,,,,,,,
# COLUMN kepoi_name:     KOI Name,,,,,,,,
# COLUMN kepler_name:    Kepler Name,,,,,,,,
# COLUMN koi_period:     Orbital Period [days],,,,,,,,
# COLUMN koi_impact:     Impact Parameter,,,,,,,,
# COLUMN koi_duration:   Transit Duration [hrs],,,,,,,,
# COLUMN koi_prad:       Planetary Radius [Earth radii],,,,,,,,
# COLUMN koi_sma:        Orbit Semi-Major Axis [au],,,,,,,,
# COLUMN koi_srad:       Stellar Radius [Solar radii],,,,,,,,
#,,,,,,,,
kepid,kepoi_name,kepler_name,koi_period,koi_impact,koi_duration,koi_prad,koi_sma,koi_srad
9963461,K01538.01,,10.5815811,2.46,6.0607,190,0.093,0.969
1722276,K01008.01,,300.00296,2.35,5.6262,161,0.832,1.04
11824222,K00437.01,,15.8413303,1.83,2.7173,83,0.114,0.76
8053552,K01549.01,,29.481015,1.55,3.7061,74,0.18,1.03
10743597,K00989.01,,81.20572,1.47,5.142,51,0.354,0.84
11909686,K01483.01,,185.95187,1.44,3.6261,53,0.637,0.89
5730445,K02189.01,,33.35816,1.43,2.5559,57,0.199,1.11
4832197,K01661.01,,0.94773233,1.43,1.8869,86,0.02,1.46
11180361,K00971.01,,0.5330595,1.411,1.7875,212,0.018,4.4
5306720,K01991.01,,27.36431,1.41,3.7109,41,0.181,0.83
3228959,K01107.01,,0.7309,1.3831,2.8862,124,0.016,0.91
5801571,K00225.01,,0.83859769,1.382,1.7098,50,0.018,1.07
8435247,K01131.01,,0.6961197,1.3813,6.7761,58,0.015,1.04
5384802,K00646.01,,3.04155008,1.38,3.2313,79,0.044,1.33
5779852,K00449.01,,252.07751,1.38,5.0983,54,0.82,1.09
10960993,K01284.01,,3.1170889,1.38,3.0728,65,0.044,1.2
6611330,K01691.01,,35.145735,1.38,2.5809,44,0.208,0.86
4070376,K01318.01,,1.6346135,1.371,4.997,59,0.028,1
5596440,K00648.01,,10.4748713,1.37,1.9288,80,0.103,1.74
4247092,K00403.01,,21.056478,1.37,1.3749,42,0.146,0.97
7532973,K01450.01,Kepler-854 b,2.144631,1.37,4.0917,80,0.034,1.39
6607447,K01242.01,,99.64357,1.37,5.2198,52,0.445,1.12
5376067,K00833.01,,3.9514177,1.37,2.2765,44,0.05,0.97
3114661,K00796.01,,0.4442921,1.363,2.1577,41,0.011,0.76
6432059,K01229.01,,0.76973817,1.361,2.4991,44,0.016,0.84
6922203,K02578.01,,13.33097,1.36,1.4395,44,0.11,1.06
7357531,K01368.01,,251.0601,1.36,6.301,50,0.753,1.02
4044005,K00969.01,,17.5120156,1.36,2.3813,49,0.133,1.062
12416987,K02933.01,,119.08406,1.35,3.2032,28,0.411,0.625
3345675,K01772.01,,120.002521,1.35,4.9958,36,0.399,0.557
8223328,K01767.01,,35.516213,1.35,4.1617,68,0.207,1.34
6058614,K01799.01,,1.7310805,1.35,1.9973,49,0.029,0.95
4928119,K01664.01,,44.638977,1.35,4.6025,63,0.253,0.99
9097120,K00927.01,,23.8996342,1.35,3.6056,58,0.168,1.02
12506351,K01446.01,,1.22775883,1.34,2.2918,71,0.023,1.07
3644071,K01192.01,,2015.63529,1.336,25.042,48,2.969,1.03
11193447,K01415.01,,0.31294161,1.336,2.5598,64.8,0.009,1.037
5956787,K02616.01,,0.56911554,1.335,2.8115,43.65,0.013,1
10342041,K01155.01,,0.93374664,1.3304,7.0725,33,0.018,0.76
4252322,K00396.01,,14.5915214,1.33,1.3341,53,0.117,1.34
7284688,K01345.01,,0.32302192,1.33,2,56,0.009,0.847
8332986,K01137.01,,302.388732,1.33,8.4432,57,0.824,0.91
6311681,K01122.01,,0.84478618,1.3213,3.507,39,0.017,0.94
10153011,K01773.01,,83.09699,1.32,9.1123,44,0.351,0.88
5809954,K01902.01,,137.86475,1.32,2.669,21,0.424,0.513
6233890,K01624.01,,2.9954151,1.3165,6.1241,160,0.05,4.36
6153201,K01038.01,,0.53030046,1.312,2.723,30,0.013,0.74
9846086,K00617.01,,37.865195,1.31,2.9623,39,0.218,0.88
10265602,K02689.01,,165.34458,1.31,4.3647,43,0.597,1
11342573,K01771.01,,91.056437,1.31,5.5919,65,0.403,0.96
10674871,K02068.01,,41.88971,1.31,1.7015,34,0.237,0.92
4078157,K01319.01,,16.025022,1.31,3.3947,41,0.124,0.74
6359798,K01121.01,,14.1540268,1.31,4.0177,59,0.112,0.87
12167361,K00980.01,,47.93094,1.31,3.3282,76,0.314,1.94
8397446,K01135.01,,0.9866214,1.305,3.6078,57,0.02,1.47
10620329,K00066.01,,0.43628223,1.3024,1.3061,152,0.015,4.3
10153827,K01079.01,,0.29362991,1.3001,1.9879,31.2,0.008,0.83
7289157,K00399.01,,5.2663825,1.3,3.8295,77,0.06,1.14
3248019,K01759.01,,1.3341087,1.3,2.6263,77,0.025,1.14
4043443,K00231.01,,119.83996,1.3,3.6447,25,0.407,0.597
5024450,K01544.01,,1.5259252,1.3,3.7472,55,0.027,1.06
9278553,K01385.01,,18.6100931,1.3,5.2165,64,0.141,0.97
6964043,K01351.01,,10.724782,1.3,4.7651,45,0.096,1.01
10342065,K01157.01,,0.93374637,1.2958,6.9974,158,0.023,4.21
5307858,K02558.01,,1.8672736,1.2932,7.6304,30,0.03,0.81
11521048,K00540.01,,25.702787,1.29,2.9298,36,0.163,0.88
5449777,K00410.01,,7.2168889,1.29,1.9296,45,0.076,1.13
12251650,K00621.01,,17.761998,1.29,2.7638,39,0.124,0.73
11904734,K01764.01,,12.6817287,1.29,2.1217,31,0.096,0.73
9592579,K00243.01,,2.6375741,1.29,4.2809,44,0.038,0.95
9164836,K00213.01,,48.118817,1.29,4.9927,65,0.263,0.95
8415745,K01138.01,,31.828187,1.29,2.8368,38,0.2,0.95
3441784,K00976.01,,52.56909,1.29,6.8486,89,0.337,1.624
9110357,K00016.01,,0.8952779,1.287,2.8125,127,0.024,3.6
8386035,K01136.01,,1.6348483,1.2819,6.1087,203,0.034,5.77
4376644,K00397.01,,27.6776828,1.28,3.2701,50,0.182,0.96
4144231,K01791.01,,22.913343,1.28,3.229,36,0.157,0.91
4544670,K00815.01,,34.84409,1.28,3.0429,33,0.198,0.87
3337351,K00965.01,,7.0471062,1.28,2.6593,53,0.066,0.835
10480982,K00744.01,,19.2213875,1.28,4.4624,68,0.144,0.99
7697568,K01829.01,,22.84145,1.27,2.6511,29,0.148,0.81
1996679,K00147.01,,145.56306,1.27,5.459,44,0.555,1.19
5652983,K00371.01,,498.3928,1.26,6.7907,84,1.361,2.58
11189127,K00347.01,,2.67194331,1.26,1.8121,42,0.037,0.915
10666242,K00198.01,,87.241243,1.26,4.3728,47,0.393,1.004
3338885,K01845.02,,5.058228,1.26,1.1758,21,0.051,0.7
3557341,K01190.01,,0.3937276,1.258,2.12,26.1,0.01,0.83
5802246,K01044.01,,0.5251549,1.252,1.9366,27,0.012,0.89
12021625,K02996.01,Kepler-1404 b,15.93134,1.25,3.0024,24,0.119,0.78
5450814,K01780.01,,6.4875229,1.25,2.2643,31,0.059,0.642
12508335,K00215.01,,42.943895,1.25,3.8198,42,0.235,1.02
4639868,K01326.01,,53.1009487,1.25,3.531,37,0.263,0.8
2309719,K01020.01,,54.356319,1.25,6.4445,59,0.288,1.45
5731623,K01793.01,,3.261758,1.24,1.886,32,0.044,0.97
10019763,K01558.01,,32.504651,1.24,2.5888,36,0.204,0.99
11546211,K01654.01,,1.09721112,1.24,1.5834,27,0.017,0.496
8374580,K00615.01,,176.24347,1.23,4.9426,32,0.592,0.91
11548140,K00256.01,,1.3786789,1.23,1.852,24,0.019,0.493
10874926,K01293.01,,11.7031044,1.23,1.9115,31,0.102,0.93
6847018,K01349.01,,16.6621542,1.23,3.8166,54,0.135,1.12
8256049,K00909.01,,16.371917,1.23,2.9247,20.5,0.105,0.549
3124412,K01087.01,,0.9489512,1.229,3.903,35,0.02,1.08
12108312,K01492.01,,0.7054477,1.2245,2.584,22.9,0.015,0.85
3557493,K01200.01,,0.3937265,1.2227,2.2231,27.9,0.011,1.04
8908102,K00699.01,,5.4145815,1.22,4.2865,94,0.068,2.92
8219673,K00419.01,,20.13151,1.22,3.275,33,0.146,0.93
10294465,K00595.01,,199.9976,1.22,3.4265,15.9,0.545,0.623
9552608,K00080.01,,9.2505968,1.22,5.3292,100,0.114,3.6
9574158,K02512.01,,15.92093,1.22,1.6189,22,0.12,0.81
8678664,K01782.01,,15.4204176,1.22,2.6534,35,0.114,0.85
8444552,K01769.01,,0.5890496,1.22,1.8091,55,0.013,0.9
10487119,K01635.01,,3.37468528,1.22,3.8253,54,0.043,0.82
5738346,K01006.01,,30.6112,1.22,3.1135,30,0.167,0.93
5796186,K00651.01,,42.559388,1.21,3.0428,30,0.245,1.05
6056992,K00051.01,,10.4311627,1.21,3.924,12.5,0.056,0.27
3644653,K02596.01,,119.6817,1.21,5.6664,22,0.468,0.85
11761199,K02669.01,,213.616643,1.21,10.6307,67,0.705,0.92
8453211,K00236.01,,5.7767407,1.21,5.0233,33,0.06,1.05
3644523,K01195.01,,119.68,1.21,14.467,26,0.482,0.8
11100657,K01418.01,,8.3441048,1.21,1.8944,32,0.08,0.86
9143254,K01386.01,,1.13752504,1.21,2.063,41,0.021,0.96
3232859,K01090.01,,8.3872117,1.21,1.838,36,0.084,1.07
8669092,K00068.01,,1.0008396,1.2,1.1039,40,0.021,1.41
7019489,K02128.01,,24.25996,1.2,4.4503,20,0.161,0.77
6124941,K01058.01,,5.6701518,1.2,0.8528,6.9,0.037,0.27
3233043,K00966.01,,0.37946208,1.2,0.9318,56,0.01,1.98
8733898,K02842.02,Kepler-446 d,5.148921,1.19,1.4154,26,0.048,0.92
4275739,K01317.01,,2.17182783,1.19,2.6005,48,0.033,0.92
4940438,K01561.01,,9.085941,1.19,2.2756,26,0.086,0.97
5302643,K02746.01,,69.20094,1.18,3.8301,35,0.368,1.34
2306756,K00113.01,,386.60243,1.179,6.8093,62,1.062,1.47
12257999,K02577.01,,18.55616,1.17,7.6509,28,0.15,1.27
8733898,K02842.01,Kepler-446 b,1.5654088,1.17,1.0363,25,0.022,0.92
5110423,K01777.01,,2.6852228,1.17,2.9596,25,0.037,0.83
5023956,K00233.01,,1.8246458,1.17,2.9351,32,0.031,1.07
3952651,K01912.01,,32.90465,1.17,3.0725,18.4,0.185,0.829
8164262,K01810.01,,87.45028,1.17,13.8042,56,0.464,2.13
11045383,K01645.01,,41.166759,1.17,2.2338,22,0.214,0.79
9579499,K01461.01,,7.9467102,1.16,2.1996,19,0.07,0.644
10874226,K01290.01,,11.973597,1.16,3.2805,26,0.106,1
4936180,K00820.01,,4.6409303,1.16,1.6812,30,0.058,1.17
7601633,K00136.01,,15.663859,1.16,2.5333,59,0.14,2.2
6233573,K02725.01,,0.5874671,1.159,2.8345,55.8,0.016,2.95
6620003,K01225.01,,1.7142746,1.15,1.8177,22.7,0.023,0.527
10419211,K00742.01,,11.5214409,1.15,2.8317,32,0.099,0.87
10272442,K00734.02,,70.2789,1.149,4.1728,17.7,0.336,0.92
4449034,K00625.01,,38.13819,1.14,4.2422,47,0.255,2.4
11773328,K01906.01,,8.71042,1.14,1.1281,15,0.079,0.77
10965740,K01887.01,,21.787736,1.14,4.0771,56,0.174,3.12
11197126,K01443.01,,4.4944922,1.14,1.8577,44,0.054,2.5
8630788,K01258.03,,148.2682,1.14,5.4432,18,0.538,0.84
8848271,K01256.01,,9.9916243,1.14,3.0403,27,0.089,1.11
9932970,K01587.01,,52.97116,1.13,3.3807,18,0.254,0.78
8971432,K01384.01,,0.62438699,1.13,1.6114,38,0.013,0.85
7730747,K00684.01,,4.034915,1.12,1.9897,30,0.049,1.72
8453214,K01776.01,,5.776768,1.11,4.9899,18,0.054,0.72
8949247,K01387.01,,23.799932,1.11,4.972,47,0.161,0.96
6629332,K01227.01,,2.1552777,1.11,2.1783,28,0.032,0.84
5649215,K00839.01,,2.4467361,1.11,3.2701,18,0.035,0.85
10843203,K01287.01,,4.4296322,1.09,2.6449,18,0.052,0.86
9426071,K00706.01,,28.7142111,1.08,6.2986,62,0.201,1.49
9025922,K00043.01,,11.320258,1.08,3.3119,18.9,0.094,0.893
9653622,K02513.01,,19.00545,1.08,2.2565,12.6,0.146,1.1
2309585,K01004.01,,1.8385144,1.08,2.4355,20,0.03,0.89
7024511,K00311.01,,66.15345,1.07,6.0727,4.5,0.19,0.27
10593759,K00025.01,,3.13260508,1.07,2.8635,29,0.043,1.19
9536692,K01948.01,,26.6355,1.07,4.1441,11,0.16,0.78
6301035,K01124.01,,11.990972,1.07,4.245,17,0.105,1.14
5090690,K00636.01,,12.01166036,1.06,3.276,35.4,0.114,1.348
12643589,K00376.01,,44.146094,1.06,3.9103,20,0.265,1.23
5396122,K01935.01,,15.44427,1.06,2.3379,10.8,0.122,0.71
10616415,K01999.01,,1.1206414,1.06,2.0874,30,0.021,3.2
9963265,K02299.01,,16.48683,1.06,1.4444,10.4,0.128,0.93
8046659,K01560.01,,31.569127,1.06,2.6788,17.1,0.187,0.99
5866099,K01055.01,,36.977224,1.06,5.9387,17.3,0.21,1.39
5649956,K01540.01,,1.20785347,1.054,4.1629,36,0.022,0.87
2695110,K00400.01,,44.18926,1.05,5.2777,16.7,0.248,1.03
4847782,K03067.01,,30.95978,1.05,2.8668,5.9,0.176,0.66
6627507,K02697.01,,7.374518,1.05,3.3859,25,0.075,2.76
7918217,K01770.01,,63.93422,1.05,5.4299,2.6,0.186,0.27
3654950,K01766.01,,4.0673712,1.05,4.9511,40,0.047,0.83
5360920,K01675.01,,14.6243,1.05,1.7868,9.1,0.116,0.86
8616873,K01251.01,,0.57608036,1.05,1.2331,19.4,0.013,0.84
8374494,K01133.01,,5.2519189,1.05,4.1852,25,0.059,0.9
9597411,K00424.01,,1.57563153,1.04,2.0629,32,0.028,1.04
5196864,K02695.01,,2.5034185,1.04,1.2804,8,0.033,0.77
4047631,K02519.01,,4.790924,1.04,0.3562,5,0.048,0.573
6312534,K01689.01,,1.5077614,1.04,2.2302,14,0.023,0.72
3858824,K00996.01,,25.95365,1.04,9.9002,8,0.161,0.72
9661877,K00946.01,,20.427241,1.04,2.7027,9.4,0.148,0.93
4159347,K00394.01,,12.283523,1.03,2.7128,8.7,0.108,1.25
10973664,K00601.02,,11.678907,1.03,1.6003,9,0.103,0.98
4150390,K01768.01,,55.251767,1.03,5.5941,32,0.286,0.85
6634133,K02262.01,,9.942286,1.03,1.9141,5.4,0.082,0.77
4067336,K01761.01,,10.12748,1.03,1.89,9.1,0.096,1.08
5021737,K00026.01,,15.039464,1.03,4.4669,26,0.128,1.48
10125352,K00021.01,,4.2885151,1.03,2.0797,18.3,0.055,1.4
8111381,K01550.01,,2.23379941,1.03,2.3648,11.4,0.033,0.85
5015913,K01667.01,,1.17996964,1.03,2.0277,23.3,0.024,2.75
8560840,K01263.01,,31.97335,1.03,9.4388,6.3,0.178,0.645
8246781,K01067.01,,185.02311,1.03,4.841,37,0.653,1.04
11869052,K00120.01,,20.545648,1.03,2.2803,9.6,0.141,1.2
3964562,K00015.01,,3.0124773,1.03,2.4685,21,0.05,1.95
6267425,K00848.01,,3.1664653,1.03,2.3791,11.5,0.038,0.73
11122894,K01426.03,,150.0191,1.022,4.4333,14.7,0.565,1.04
10223615,K00065.01,,27.25472,1.02,0.7283,7.7,0.174,1.31
12254688,K02384.01,,62.68221,1.02,2.4456,9.6,0.351,1.76
4035667,K02684.01,,2.873662,1.02,1.8266,12.3,0.05,2.7
10747445,K02673.01,,4.5935997,1.02,2.5577,35,0.054,0.89
9468717,K01954.01,,7.373379,1.02,2.1008,7,0.082,1.85
3547091,K01177.01,,3.3055785,1.02,2.0685,22,0.042,0.82
7812167,K01482.01,,17.794009,1.02,3.0548,8.8,0.137,0.98
6866228,K01348.01,,7.7023713,1.02,2.9943,21.1,0.074,0.81
5009189,K01605.01,,4.939136,1.02,1.2826,6,0.056,1.11
8257407,K01063.01,,89.6981594,1.02,5.4596,154,0.43,1.86
8414907,K01134.01,,200.60843,1.02,7.5203,17.7,0.605,0.73
6579806,K00967.01,,9.8804807,1.02,2.3168,25,0.092,0.98
6599919,K00858.01,,13.6101451,1.02,2.4638,15,0.108,0.94
7837302,K00048.01,,23.8377893,1.016,5.9988,28,0.157,0.917
3002478,K02380.01,,6.357152,1.011,1.9956,4,0.068,0.92
4659405,K00630.01,,4.532402,1.01,2.3145,4.4,0.05,0.96
10259031,K00731.01,,7.0611441,1.01,2.3439,10.8,0.071,0.87
9834719,K00715.01,,1.62166844,1.01,1.5116,16.3,0.028,0.97
8700558,K00320.01,,4.79179,1.01,2.2483,5.5,0.062,1.9
11304987,K02993.01,,0.69269425,1.01,1.014,8,0.015,0.92
4949751,K00404.01,,31.805064,1.01,5.9477,12.1,0.198,0.92
5608566,K00609.01,,4.3969343,1.01,1.91,14.9,0.052,1.17
4857058,K03061.01,,7.328505,1.01,1.2228,3.7,0.067,0.75
5521300,K02456.01,,18.135544,1.01,1.7018,5.8,0.139,1
9205907,K02528.01,,12.02298,1.01,1.536,5.4,0.104,0.93
3862246,K00230.01,,4.7024972,1.01,1.9432,12.2,0.051,0.86
10602291,K00210.01,,20.9273588,1.01,3.3547,20,0.151,1.14
5618071,K01682.01,,88.7936,1.01,10.9445,19.4,0.432,3.51
8462258,K01253.01,,3.611528,1.01,6.219,10.5,0.045,0.89
11392017,K01653.01,,2.4557139,1.01,2.36,11.5,0.038,2.5
2166206,K01028.01,,8.096956,1.01,2.5778,8.4,0.08,1.41
4861736,K00634.01,,6.277803,1,6.3415,9.6,0.068,0.98
8474898,K00576.01,,199.44135,1,6.1769,11.4,0.644,0.92
11391755,K02639.02,,2.12111,1,1.5754,3.2,0.033,1.12
5545815,K02452.01,,4.353723,1,1.9501,3.3,0.053,1.07
5953297,K02733.01,,5.620047,1,2.45,2.3,0.055,0.7
11453592,K02705.01,Kepler-1319 A b,2.8867627,1,1.0133,1.41,0.024,0.27
10332213,K02919.01,,2.5225852,1,0.9274,2.6,0.035,0.8
6346809,K02775.01,,17.576925,1,1.7936,5.6,0.128,0.94
5389540,K01836.01,,10.262158,1,3.7105,3,0.055,0.27
5942093,K01995.01,,14.387266,1,1.8529,8.5,0.117,0.96
5547480,K00224.01,,3.9798668,1,1.8055,6.7,0.05,0.94
10092312,K01823.01,,4.4684566,1,1.1126,5.2,0.053,0.87
10019399,K01796.01,,11.8057121,1,1.8782,8.4,0.099,0.919
7842610,K01453.01,,0.97193284,1,1.6306,18,0.018,0.92
3443790,K01185.01,,1.6657848,1,1.5198,10.1,0.029,1.16
5357470,K01674.01,,2.17259,1,1.1995,4.8,0.034,1.14
8620565,K01250.01,,0.7820455,1,1.4911,24,0.017,1.01
4828341,K01496.01,,36.12846,1,2.131,11.1,0.218,0.97
5816811,K01042.01,,2.2277177,1,3.5686,9.2,0.034,0.95
5802486,K01039.01,,1.07391863,1,1.7832,9.8,0.021,0.95
7552344,K00888.01,,1.00074307,1,1.1322,8.3,0.019,1
1849702,K02538.01,,39.83101,0.999,3.9937,3.3,0.213,0.713
7255336,K00019.01,,1.20319548,0.998,2.078,13,0.023,1.34
5534814,K00838.01,,4.8593843,0.998,2.2473,13.2,0.057,0.98
11494130,K00978.01,,18.95473,0.9958,16.2387,12.6,0.159,2.51
11493732,K00772.01,,61.25714,0.994,7.418,13.1,0.31,1.07
6309763,K00611.01,,3.251658,0.991,1.6882,12.2,0.045,1.09
8074328,K02486.01,,4.267969,0.991,1.6137,2.71,0.054,1.172
4055765,K00100.01,,9.966447,0.9902,5.1247,21.8,0.11,3.18
10157573,K00726.01,,5.1157457,0.99,1.9226,6.4,0.061,1.1
6780158,K02231.01,,2.464183,0.99,1.921,2.86,0.036,2.1
9883311,K01872.01,,30.52309,0.99,2.6534,6.9,0.184,0.8
7838655,K01464.01,,2.1132007,0.99,2.4998,9.2,0.032,0.93
3765771,K01189.01,,2.7838838,0.99,1.8311,6.1,0.041,1.1
7622486,K01447.01,,40.246454,0.99,6.9083,69,0.239,1.152
3544689,K01183.01,,1.9228609,0.99,2.6941,8.1,0.03,0.84
9898364,K01579.01,,7.1323645,0.99,2.4372,9.3,0.085,1.96
10924853,K01292.01,,2.1024152,0.99,1.3214,7.3,0.032,0.93
6048024,K01684.01,,62.81557,0.99,2.5694,7.3,0.326,1.09
9016295,K00925.01,,19.9744844,0.99,3.9339,33,0.147,0.96
2853446,K01118.01,,7.373009,0.99,1.9275,2.7,0.077,1.19
8494542,K02204.01,,10.86084,0.987,3.9926,3.08,0.104,1.62
8506766,K00138.01,,48.937964,0.986,6.5678,23.3,0.297,1.74
5385304,K02370.01,,78.7276,0.985,6.6286,5.7,0.394,1.53
8651389,K01754.01,,15.1358,0.983,3.5838,2.54,0.116,0.911
11502218,K00970.01,,3.988599,0.983,2.3576,70,0.068,16
6879865,K00417.01,,19.193091,0.982,2.5475,12,0.14,0.89
3246984,K00799.01,,1.6266374,0.982,2.2178,6.4,0.026,0.98
5513648,K01962.01,,32.85833,0.9818,3.6929,2.37,0.206,1.36
7466863,K00677.01,,11.971047,0.98,2.3924,4.8,0.11,1.59
10252275,K03130.01,,14.86398,0.98,2.1342,1.59,0.108,0.78
12061096,K02642.01,,15.050298,0.98,1.9827,3.6,0.118,0.86
2985587,K02807.01,,3.375727,0.98,1.3219,2.7,0.046,1.28
5212220,K02495.01,,1.0874907,0.98,1.4756,3.44,0.022,2.06
7768952,K01709.01,,22.46854,0.98,3.2456,7.21,0.181,3.43
6209798,K02196.01,,1.2054161,0.98,1.1735,2.16,0.023,1.36
8111919,K02030.01,,1.6649821,0.98,1.412,3.7,0.027,1.54
7987866,K02363.01,,3.138691,0.98,2.1769,1.8,0.039,0.86
7515670,K02360.01,,2.303651,0.98,2.9026,1.85,0.035,1.03
2556650,K02156.01,Kepler-1124 b,2.852375,0.98,0.8343,3.3,0.032,0.515
9940565,K01548.01,,2.13932606,0.98,2.0835,8.62,0.029,0.656
5816165,K01043.01,,0.59191415,0.98,0.8724,4.3,0.013,0.69
8183911,K01018.01,,8.30701,0.98,2.1452,3.06,0.079,1.73
6365321,K01123.01,,0.8484847,0.98,1.1188,6.8,0.018,0.91
9048161,K00146.01,,8.6678241,0.98,4.194,18.1,0.092,2.09
9724984,K00325.01,,7.863362,0.979,3.3105,5.4,0.077,1.66
5941160,K00654.02,Kepler-200 c,10.222084,0.978,1.3546,2.9,0.093,1.28
11044770,K00170.01,,15.608584,0.978,4.6975,5.3,0.149,2.2
2438513,K01944.01,,12.184118,0.977,3.4242,6,0.115,1.97
11807274,K00262.02,Kepler-50 c,9.376137,0.9768,2.6022,2.79,0.093,1.88
8051946,K03038.01,Kepler-1416 b,1.49515,0.9761,3.5982,1.2,0.025,1.16
2307199,K00151.01,,13.447247,0.976,3.2337,6,0.115,1.08
7948784,K01968.01,,10.087508,0.975,3.786,3.6,0.095,1.05
9008220,K00466.01,,9.391038,0.974,2.839,8,0.089,0.98
7281454,K03055.01,,0.566806,0.974,1.1509,0.97,0.012,0.73
6768394,K02086.03,Kepler-60 d,11.90162,0.974,2.9856,2.5,0.106,1.47
7501646,K02572.01,,6.3772,0.973,2.709,2.04,0.066,0.67
9692557,K02831.01,,0.5719394,0.973,1.0462,1.11,0.014,0.9
3836453,K01903.01,,1.540391,0.9729,2.9564,1.48,0.024,0.724
9846348,K00716.01,,26.893084,0.972,2.3163,6.8,0.18,0.98
11773022,K00620.03,Kepler-51 c,85.31287,0.972,2.7849,5.9,0.385,0.94
9838949,K01716.01,Kepler-935 b,4.880861,0.972,3.2908,1.8,0.05,0.68
7455287,K00886.03,Kepler-54 d,20.9954,0.971,3.8411,1.73,0.119,0.498
5621125,K01814.01,Kepler-959 b,14.80012,0.9705,8.5652,4.4,0.132,1.37
7906671,K03018.01,,45.11798,0.97,3.0669,2.6,0.235,1
7022573,K03112.01,,2.118888,0.97,0.8063,2.3,0.032,0.8
7107561,K03100.01,,0.8125887,0.97,1.2209,1.01,0.017,0.98
3230578,K00381.01,,6.3376133,0.97,1.6106,7.6,0.069,1.136
7582689,K03097.01,Kepler-431 d,11.92163,0.97,4.9249,1.82,0.109,1.79
7101828,K00455.01,,47.87812,0.97,3.323,2.37,0.216,0.554
4861791,K02870.01,,5.62955,0.97,4.5055,1.66,0.062,0.64
10419312,K02412.01,,2.493242,0.97,2.7629,9.3,0.04,4.2
8892303,K02688.01,Kepler-1314 b,5.4247468,0.97,1.629,4,0.036,0.27
8803882,K02659.01,,89.4606,0.97,8.4808,7.7,0.449,3.57
9541322,K02089.01,,9.405239,0.97,1.7006,3.6,0.092,1.09
8098728,K02008.01,,24.48512,0.97,3.9131,4,0.182,1.62
10917681,K01963.01,,12.89622,0.97,2.1385,2.8,0.11,0.97
9391208,K01409.01,Kepler-837 b,16.56062,0.97,2.7675,3.8,0.126,1.05
5103942,K01668.01,,10.101765,0.97,1.5939,3.4,0.093,0.97
8519253,K01267.01,,5.9382067,0.97,1.8889,4.2,0.066,1.01
12061238,K01502.01,,1.876402,0.97,2.3778,2.1,0.028,0.71
8264070,K01068.01,,2.8974251,0.97,3.1872,17,0.044,3.08
2440757,K00792.01,,1.43376875,0.97,1.4618,7.8,0.026,1.1
7708215,K00894.01,,7.942631,0.97,5.0292,6.4,0.077,0.88
3858949,K00995.01,,25.95241,0.97,7.5878,3.1,0.163,0.75
3113266,K01088.01,,0.49793081,0.97,0.9577,9.2,0.012,0.77
2576197,K00489.01,,2.217029,0.969,2.6593,3.5,0.035,1.1
10028140,K01591.01,,19.65667,0.969,3.18,3.01,0.135,0.74
9140402,K00928.01,,2.494155,0.969,2.5908,2.56,0.035,0.853
7115785,K00672.01,Kepler-209 b,16.087836,0.9686,3.8257,3.32,0.122,1
11601584,K01831.04,,13.97925,0.968,1.398,1.8,0.108,0.75
6867766,K01798.01,,12.964712,0.968,1.7727,9.1,0.112,1.01
2162635,K01032.01,,650,0.968,25.2731,25.4,1.571,2.52
5716763,K00272.01,,1.28132233,0.966,0.8796,3,0.023,0.93
9111849,K02042.01,,63.0729,0.966,7.0691,9.5,0.363,2.6
11918099,K00780.02,,7.24068,0.966,1.0123,2.1,0.067,0.67
11521793,K00352.02,Kepler-143 b,16.00754,0.965,1.2581,2.22,0.125,1.06
10155434,K00473.01,,12.706784,0.965,3.2023,3.2,0.103,0.8
12023078,K02888.01,,0.6234426,0.965,1.0742,4.55,0.016,2.98
12453581,K02424.01,Kepler-1234 b,11.93999,0.965,4.2075,2.6,0.093,0.69
10518424,K02188.02,,6.74391,0.965,3.0978,1.6,0.072,0.99
5364071,K00248.04,Kepler-49 e,18.59622,0.965,2.8905,1.97,0.113,0.525
2576197,K00489.02,,8.87448,0.964,3.5987,1.95,0.088,1.1
4913000,K01775.01,,4.4425176,0.964,1.8984,4.9,0.056,1.22
11547513,K00295.02,Kepler-134 c,10.105745,0.963,2.4386,1.63,0.092,1.035
6587280,K00857.02,Kepler-243 c,20.02591,0.962,1.4038,2.5,0.133,0.71
10661771,K01291.01,,1.2313643,0.9617,5.2267,4.9,0.023,1
9821454,K01529.01,Kepler-59 c,17.98012,0.961,4.1249,2.22,0.14,1.06
6685526,K00861.01,Kepler-707 b,2.237492,0.961,2.6194,1.79,0.031,0.73
3231341,K01102.03,Kepler-24 e,18.99835,0.961,3.8953,3,0.14,1.12
8948424,K00322.01,,5.8888396,0.96,3.1257,14.7,0.056,0.722
6444896,K03138.01,Kepler-1649 b,8.689102,0.96,1.4115,4.6,0.067,0.609
6042214,K00450.01,,27.046324,0.96,2.335,4.5,0.185,1.09
6343170,K02419.01,Kepler-1230 b,9.95699,0.96,4.1316,3.3,0.093,1.1
7659389,K02734.01,,3.825904,0.96,1.6384,3.7,0.047,0.9
7369865,K01918.01,,42.26276,0.96,4.9786,12.2,0.277,3.55
9674608,K01795.01,,2.9720438,0.96,1.2836,7.8,0.034,0.587
11913013,K01462.01,,3.747802,0.96,4.0261,12.4,0.047,1
4372768,K01327.01,,15.6405,0.96,4.5378,5.4,0.121,0.92
3865567,K01182.01,,11.116204,0.96,2.607,11.5,0.1,0.97
11125936,K01419.01,,1.33610946,0.96,1.3584,7.2,0.024,1.01
10879208,K01286.01,,0.66848386,0.96,1.539,7.7,0.014,0.8
4927315,K01663.01,,11.769127,0.96,2.5604,3.1,0.104,1.01
9002237,K01389.01,,4.3500872,0.96,2.2691,23.2,0.053,0.95
11043136,K01644.01,,2.6217032,0.96,1.6087,10.5,0.038,1.01
6631721,K00160.01,,13.738108,0.96,2.9226,4.4,0.118,1.25
10033279,K01604.01,,72.49151,0.96,3.4655,5.3,0.333,1.04
5287983,K00828.01,,2.5070917,0.96,1.5272,5.3,0.036,0.9
8655354,K00917.01,,6.719698,0.96,2.3639,4.2,0.07,0.96
10848459,K00754.01,,1.73695251,0.96,1.8204,12.3,0.028,0.89
11607193,K00983.01,,7.154761,0.96,6.1538,7.6,0.084,1.73
7368664,K00614.01,Kepler-434 b,12.874686,0.958,2.3111,7.9,0.108,0.9
6364215,K02404.01,,2.100767,0.958,2.4792,1.52,0.032,0.9
3098810,K01878.01,,40.80953,0.958,3.2386,3.2,0.24,1.17
8894646,K02641.01,,3.555863,0.957,3.5615,1.2,0.045,1.1
10387742,K02583.01,,3.032802,0.957,2.5603,0.75,0.04,0.91
5031857,K01573.01,,24.811944,0.957,4.58,5.8,0.17,0.98
6441738,K01246.01,,19.03707,0.957,4.1434,2.58,0.145,1.07
6690082,K01240.02,Kepler-280 c,4.807078,0.956,1.019,2.41,0.055,0.86
6665223,K01232.01,,119.4078,0.956,9.2774,16,0.435,0.8
5125347,K02241.01,,7.165187,0.955,2.3331,2.8,0.074,0.98
6621116,K01226.01,,137.759611,0.955,9.0746,34,0.478,0.79
11560897,K02365.01,Kepler-430 b,35.96826,0.954,3.171,2.53,0.22,1.16
8978528,K01874.02,Kepler-329 b,7.4164,0.953,2.5276,1.62,0.063,0.571
10027323,K01596.02,Kepler-309 c,105.3531,0.953,4.318,3.09,0.381,0.642
8737796,K01252.01,,0.88574975,0.9521,3.7669,8.2,0.017,0.8
5374854,K00645.01,Kepler-633 b,8.503406,0.952,3.1501,2.9,0.088,1.67
10933561,K00291.02,Kepler-133 b,8.129858,0.952,2.4153,2.14,0.08,1.34
8806072,K01273.01,Kepler-802 b,40.05488,0.952,5.7638,3.5,0.224,0.83
8892910,K00132.01,,10.8101351,0.952,3.7365,14.5,0.099,1.26
7509886,K00678.01,Kepler-211 c,6.04047,0.951,2.3971,3.82,0.063,1.75
5384079,K02011.01,Kepler-348 b,7.056747,0.951,2.0443,1.49,0.076,1.08
8554498,K00005.01,,4.7803287,0.9507,2.0117,5.66,0.058,1.42
7765528,K01840.01,Kepler-972 b,7.039324,0.9506,3.4539,4.1,0.073,1.11
10068383,K00725.01,,7.3049752,0.95,3.5445,11.4,0.069,0.73
7109851,K03012.01,,1.0864865,0.95,1.0041,2.17,0.022,1.98
6964159,K03129.01,,25.50388,0.95,3.5764,1.59,0.168,0.87
6523351,K03117.01,,6.066686,0.95,1.9871,1.48,0.063,1.32
5035972,K00406.01,,49.266818,0.95,3.6642,14.5,0.259,1.04
7106173,K03083.03,,8.29465,0.95,3.6785,0.74,0.081,0.91
5184911,K02719.01,Kepler-1324 b,4.115847,0.95,1.4988,1.82,0.044,0.652
6467363,K02840.02,,7.446267,0.95,3.211,1.11,0.073,0.93
5480640,K02707.03,Kepler-399 c,26.67568,0.95,2.8578,2.4,0.17,0.82
10471621,K02554.01,,39.75719,0.95,1.728,2.24,0.198,0.61
7202957,K02687.02,,8.167335,0.95,3.4159,2.64,0.082,1.94
5905822,K02801.01,,6.992042,0.95,4.7926,1.56,0.077,2.07
6974658,K02925.01,,0.7165345,0.95,0.7165,1.21,0.015,0.99
8845574,K01734.01,,1.878156,0.95,1.7009,3.1,0.027,0.78
7918172,K01817.01,,63.93401,0.95,9.2049,9,0.304,1.8
8612275,K02111.02,Kepler-360 c,7.186476,0.95,1.6113,2.5,0.073,1.03
10854546,K02104.01,Kepler-1099 b,2.168446,0.95,1.6531,3,0.033,1.09
8394721,K00152.04,Kepler-79 e,81.0632,0.95,3.7706,3,0.387,1.1
2574201,K01025.01,,37.47868,0.95,3.599,2.66,0.178,0.513
9958387,K02677.01,,237.7882,0.949,8.5152,6.5,0.788,1.2
8676038,K02410.02,,86.5932,0.948,7.9792,2.68,0.389,0.95
9006449,K01413.03,Kepler-295 d,33.88489,0.948,6.5113,1.72,0.197,0.94
7455287,K00886.01,Kepler-54 b,8.010944,0.948,3.4129,2.09,0.063,0.498
8180063,K00905.01,,5.79506,0.9477,3.1661,4.87,0.063,0.91
9518318,K01978.02,Kepler-346 c,23.85136,0.947,2.6399,3.5,0.163,0.96
5364071,K00248.02,Kepler-49 c,10.912935,0.947,2.8577,2.54,0.079,0.525
3942446,K01193.01,,119.06285,0.947,3.0846,10.2,0.46,1.04
3939150,K01215.02,Kepler-277 c,33.0059,0.947,8.1422,3.36,0.214,1.65
3861595,K00004.01,Kepler-1658 b,3.8493724,0.9462,2.9278,11.8,0.056,2.6
9119458,K00525.01,,11.531837,0.946,2.2417,5,0.097,1.14
3446746,K00385.01,Kepler-542 b,13.14494,0.946,4.1767,2.06,0.105,0.95
9834040,K01998.01,Kepler-1044 b,6.773958,0.946,3.223,3,0.072,1.01
10875245,K00117.04,Kepler-107 d,7.95792,0.946,4.2797,1.08,0.083,1.18
8557374,K00692.02,Kepler-213 c,4.822934,0.945,0.8829,2.1,0.055,0.87
8676038,K02410.01,,186.654,0.944,10.5144,2.63,0.649,0.95
6279974,K01812.01,,0.80526304,0.944,1.3826,4.8,0.018,1.09
4918309,K01582.01,,186.3986,0.944,5.6453,7,0.622,0.82
2854914,K01113.02,Kepler-268 c,83.4421,0.944,8.0853,3.1,0.389,1.13
4670217,K02560.01,,18.12074,0.943,3.8005,2.77,0.128,0.9
7941200,K00092.01,,65.70462,0.942,3.7622,3.32,0.327,1.044
10004738,K01598.03,Kepler-310 b,13.93078,0.942,2.1785,1.47,0.112,0.9
3859628,K01191.01,,8.17248,0.942,3.8508,3,0.08,0.81
10813132,K02378.01,Kepler-1215 b,4.767029,0.941,2.2618,1.54,0.053,0.95
8972058,K00159.02,Kepler-115 b,2.403654,0.941,1.4074,1.33,0.036,1.19
6946199,K01359.02,,104.8198,0.941,4.7146,7.3,0.443,0.92
2854914,K01113.01,Kepler-268 b,25.93416,0.941,5.509,2.9,0.179,1.13
11285870,K03110.01,Kepler-1429 b,4.484904,0.94,2.5299,1.49,0.055,1.03
11518201,K03104.01,,1.2368676,0.94,0.953,1.6,0.022,0.86
11508644,K03101.01,Kepler-1426 b,14.25624,0.94,4.4207,1.83,0.118,0.98
6786037,K00564.03,Kepler-603 d,6.217168,0.94,4.0549,1.41,0.067,0.92
5807769,K02614.01,Kepler-1289 b,7.990251,0.94,3.2137,1.58,0.079,0.92
10202759,K02405.01,,0.87295384,0.94,1.0575,2.2,0.02,1.39
8256453,K02573.01,,1.3475056,0.94,1.9319,6,0.023,0.88
8360640,K02982.01,,4.022294,0.94,0.9914,1.65,0.047,0.82
2720514,K02979.01,,1.3712933,0.94,1.5376,1.19,0.025,1.12
5272233,K02711.02,Kepler-400 c,17.34095,0.94,3.5592,1.87,0.132,1.12
9109857,K02833.01,,1.7918814,0.94,1.2585,1.63,0.03,1.84
9244508,K02830.01,Kepler-1360 b,40.52797,0.94,10.7143,2.6,0.238,1
5481148,K02701.01,,22.023599,0.94,2.0791,5.2,0.152,0.92
8873090,K02968.01,,10.164295,0.94,6.0399,1.02,0.098,1.22
8326342,K02680.01,,14.407937,0.94,2.0598,6.2,0.112,0.79
5613821,K02915.01,,5.060935,0.94,2.501,1.02,0.056,0.908
9574614,K01745.01,,0.98208505,0.94,1.2262,8.1,0.019,0.82
11075429,K02198.01,Kepler-1137 b,23.92113,0.94,4.8087,2.9,0.186,1.85
2860114,K02170.01,,0.9416034,0.94,1.1171,2.6,0.017,0.81
11656918,K01945.02,,17.11855,0.94,1.7227,1.6,0.123,0.81
7199774,K01346.01,,4.70812816,0.94,2.7128,32,0.055,0.89
4480676,K01321.01,,0.71196674,0.94,1.5898,11.7,0.015,0.98
11599264,K01417.01,,8.4280726,0.94,1.8956,13.9,0.082,0.84
10749128,K01639.02,,9.98226,0.94,1.074,1.36,0.094,1.04
6292162,K01125.01,,7.814844,0.94,2.4785,5.7,0.078,0.95
7270230,K00876.01,,6.99809945,0.94,1.8194,17.8,0.07,0.82
6037581,K01916.01,Kepler-336 d,20.67885,0.9399,5.1195,2.16,0.15,0.96
8703129,K02758.01,,253.3529,0.938,25.3326,32.3,0.99,6.34
6021275,K00284.01,Kepler-132 A d,18.01001,0.938,3.1198,1.68,0.134,1.03
5705819,K02091.01,,8.77988,0.938,3.8272,2.55,0.077,0.72
9364290,K02374.02,Kepler-382 c,12.16262,0.938,1.927,2.25,0.099,1
9455325,K01813.01,Kepler-958 b,9.767805,0.938,2.3013,3,0.084,0.98
12159249,K01536.01,Kepler-889 b,3.744351,0.938,3.3615,1.28,0.049,1.15
7051180,K00064.01,,1.9510914,0.937,1.8143,5.12,0.03,1.17
7098355,K00454.01,Kepler-558 b,29.0078,0.937,5.8273,2.9,0.172,0.77
11037335,K01435.02,Kepler-300 b,10.446362,0.937,2.4951,2.15,0.095,0.93
8247638,K00907.04,Kepler-251 e,99.6368,0.937,5.2728,4.1,0.414,1.09
10002866,K00723.03,Kepler-222 c,10.088813,0.936,1.815,4.4,0.087,0.76
7445445,K00567.03,Kepler-184 d,29.02277,0.936,4.1754,2.8,0.183,0.89
10134152,K02056.01,,39.31435,0.936,5.8742,2.56,0.231,0.96
4644952,K01805.01,Kepler-319 c,6.941344,0.936,2.1788,5.6,0.07,1.49
10604335,K01298.01,Kepler-283 b,11.008121,0.936,2.376,2.77,0.082,0.566
10656823,K00598.02,Kepler-195 c,34.09638,0.935,4.4027,1.85,0.195,0.74
5219234,K01563.04,Kepler-305 d,16.73866,0.935,2.9084,3.6,0.124,0.87
10963065,K01612.01,Kepler-408 b,2.465031,0.935,1.1893,0.78,0.036,1.31
7115785,K00672.02,Kepler-209 c,41.74999,0.9344,6.7028,4.03,0.23,1
11553706,K00009.01,,3.71980854,0.934,2.7606,8.3,0.049,1.05
3447722,K01198.04,,1.008617,0.933,0.9083,1.45,0.021,1.14
6849310,K00864.03,Kepler-244 c,9.767316,0.933,1.5097,2.6,0.087,0.81
8008067,K00316.03,,7.305685,0.932,1.5557,2.15,0.076,1.18
8891318,K00465.01,,363.7077,0.932,8.5344,5.2,1.034,1.03
7504328,K00458.01,,53.71798,0.932,4.0204,8.3,0.274,1.17
10005758,K01783.01,,134.47972,0.932,5.9562,8.5,0.533,1.03
9518318,K01978.01,Kepler-346 b,6.511168,0.932,1.8157,3.1,0.069,0.96
10287242,K00735.01,,22.34133,0.932,6.0329,5.7,0.144,0.85
10875245,K00117.03,Kepler-107 b,3.179962,0.932,3.7308,1.58,0.045,1.18
9957627,K00592.01,,39.75062,0.931,5.6679,3,0.231,1.06
9269281,K01398.01,,5.823445,0.931,2.5802,3.3,0.064,0.91
4649305,K00143.01,,22.651197,0.931,3.4917,8.3,0.174,1.37
9763754,K00589.01,,17.477,0.93,4.0841,0.7,0.136,1.01
6072593,K03070.01,,5.075358,0.93,1.7583,1.8,0.057,1.12
9962455,K02748.02,Kepler-1336 c,5.777213,0.93,2.4867,1.28,0.062,0.84
5369827,K02690.01,,3.6069424,0.93,1.1924,2.8,0.044,1.06
6878240,K02681.02,Kepler-397 b,22.25088,0.93,1.679,2.51,0.146,0.74
7593110,K01748.01,,3.54938827,0.93,2.4529,33,0.046,0.95
6342333,K02065.01,,80.23247,0.93,4.3022,3.6,0.353,0.88
4743513,K00024.01,,2.08607713,0.93,1.9185,10.7,0.033,1.06
6041734,K02167.02,,6.95756,0.93,1.5088,0.74,0.074,1.08
4247991,K02311.02,,13.7255,0.93,7.6193,0.77,0.114,0.985
4570931,K01343.01,,1.5449259,0.93,1.0397,1.9,0.027,1.25
3655332,K01179.01,,15.066534,0.93,4.8305,25,0.117,0.98
10785538,K01313.01,,0.52245826,0.93,0.8612,1.55,0.013,0.98
9902856,K01556.01,,135.91248,0.93,5.5354,13.1,0.531,1.01
12644774,K01555.01,,41.07754,0.93,4.92,9,0.237,1.12
9084778,K01631.01,,0.59224443,0.93,1.0979,6.5,0.012,0.74
1027438,K01010.01,,110.616,0.93,5,0.91,0.489,1.56
6307521,K01126.01,,29.74516,0.93,20.206,2.9,0.179,0.76
6131236,K01051.01,,6.796859,0.929,3.3384,2.31,0.071,0.95
10358759,K00738.02,Kepler-29 c,13.28992,0.929,3.8436,3.5,0.111,0.92
7509886,K00678.02,Kepler-211 b,4.138553,0.928,2.4178,3.52,0.049,1.75
4939346,K01873.01,Kepler-328 c,71.3101,0.928,11.6175,5.4,0.344,0.97
11337833,K01651.01,Kepler-921 b,51.3002,0.928,5.8989,2.7,0.274,0.94
2164169,K01029.01,,32.31153,0.928,5.8943,3,0.2,0.96
3230491,K01096.01,,414,0.928,7.0464,10.3,1.062,0.83
7603200,K00314.02,Kepler-138 d,23.089447,0.927,2.0012,2.06,0.128,0.612
12643589,K00376.02,,1.4116378,0.927,1.2733,3.6,0.027,1.23
7877978,K02760.01,,56.57372,0.927,4.0246,2.04,0.249,0.619
10227501,K00985.01,,2.002808,0.927,3.0563,2.4,0.029,0.86
10189546,K00427.01,,24.614847,0.926,3.1902,4.2,0.157,0.85
3728701,K02536.01,Kepler-1272 b,51.1295,0.926,7.0325,2.7,0.272,1.12
8950568,K02038.03,Kepler-85 d,17.91304,0.926,4.7082,1.56,0.131,0.84
4037164,K01184.01,,0.63544633,0.926,1.248,4.9,0.012,0.62
6721123,K00114.01,,7.361789,0.926,3.8858,3.78,0.082,1.92
10358759,K00738.01,Kepler-29 b,10.338082,0.926,3.6485,3.8,0.094,0.92
3329204,K01095.01,,51.59845,0.926,2.5806,8.5,0.266,0.83
4570949,K01658.01,Kepler-76 b,1.54492977,0.9256,1.4841,12.35,0.029,1.331
6422155,K00510.04,Kepler-172 e,35.11836,0.925,3.9358,3,0.199,0.97
8950568,K02038.04,Kepler-85 e,25.21767,0.925,5.3058,1.61,0.165,0.84
8950568,K02038.02,Kepler-85 c,12.51217,0.925,4.3714,2.2,0.103,0.84
3115833,K00797.01,,10.181582,0.925,3.4972,9.1,0.094,0.95
7377033,K00882.01,,1.9568102,0.925,2.1714,18,0.029,0.79
3247396,K00121.01,,8.811135,0.9247,3.9481,5.48,0.094,2.32
7259298,K02561.01,Kepler-1278 b,3.239425,0.924,2.5718,1.08,0.044,0.98
3229150,K02150.01,,18.50687,0.924,4.9809,2.8,0.137,0.91
5364071,K00248.03,Kepler-49 d,2.576555,0.924,1.8736,1.84,0.03,0.525
3534076,K01209.01,,272.07,0.924,3.9556,7.6,0.8,0.81
10514429,K01614.01,,20.71855,0.924,4.7662,2.17,0.147,1.33
10875245,K00117.02,Kepler-107 c,4.901467,0.924,4.41,1.71,0.06,1.18
8494142,K00370.02,Kepler-145 b,22.95036,0.923,4.7683,2.65,0.172,1.98
9353314,K01900.01,Kepler-1007 b,5.18498,0.923,2.412,1.51,0.05,0.59
6869184,K01732.01,Kepler-944 b,43.31688,0.923,5.9111,3.2,0.237,0.84
9590976,K00710.02,Kepler-217 c,8.58604,0.922,3.6969,1.83,0.091,1.356
8753896,K02473.02,,73.4574,0.922,5.2786,2.1,0.338,0.84
9757613,K00250.04,Kepler-26 e,46.82787,0.922,2.3647,2.98,0.218,0.577
9892816,K01955.01,Kepler-342 b,15.170189,0.9214,4.2185,2.06,0.127,1.12
5689351,K00505.01,Kepler-169 e,13.767145,0.921,3.1803,6.04,0.109,1.86
9631762,K00588.01,Kepler-615 b,10.355742,0.921,3.1545,2.08,0.081,0.64
7584650,K02631.02,,3.95383,0.921,2.365,0.99,0.05,1.2
8950568,K02038.01,Kepler-85 b,8.305992,0.921,3.8461,1.99,0.079,0.84
7287995,K00877.03,Kepler-81 d,20.83798,0.921,2.6086,1.39,0.128,0.594
8313667,K01145.01,,30.58396,0.9203,6.151,2.7,0.195,0.96
10585738,K03032.01,Kepler-1415 b,0.6364255,0.92,1.1109,1.4,0.013,0.76
3852655,K03002.01,Kepler-1406 b,11.629096,0.92,2.8463,1.36,0.102,1.12
9288237,K03114.01,,7.491341,0.92,6.4821,0.78,0.077,1.03
8581240,K03111.01,,10.767947,0.92,3.649,2.09,0.101,1.97
7582689,K03097.02,Kepler-431 b,6.802581,0.92,4.4972,1.25,0.075,1.79
10073672,K02764.01,,2.2529748,0.92,1.623,2.2,0.028,0.75
6521045,K00041.03,Kepler-100 d,35.33314,0.92,6.1426,1.4,0.218,1.23
3346154,K02723.01,,1.9527091,0.92,0.8842,2.3,0.03,0.9
10812504,K02570.01,,79.9186,0.92,5.2594,2.2,0.297,0.522
7826659,K02686.01,,211.03814,0.92,8.0126,3.6,0.608,0.65
7047824,K02806.01,Kepler-1353 b,24.7545,0.92,3.509,2.06,0.146,0.664
6716021,K02679.01,,110.75576,0.92,6.3447,14.1,0.481,1.167
6779260,K02678.01,Kepler-1313 b,3.8330915,0.92,1.6072,4.3,0.046,1.59
3248501,K02052.01,,4.224636,0.92,1.4498,4.1,0.053,1.05
5992270,K01855.01,,58.42991,0.92,5.6488,3.26,0.25,0.577
8892721,K01844.01,,61.49075,0.92,7.5329,5.6,0.281,0.76
6205897,K01967.01,Kepler-1029 b,4.417749,0.92,1.9632,1.45,0.047,0.7
8624520,K01816.01,,10.240605,0.92,1.0877,5.7,0.086,0.83
6153672,K01794.01,,3.3644286,0.92,1.284,7.9,0.044,0.89
7830637,K01454.01,,121.59085,0.92,8.4598,11.8,0.49,0.96
11176127,K01430.02,Kepler-298 c,22.92927,0.92,2.022,2.58,0.138,0.635
10337517,K01165.01,,7.053943,0.92,1.8035,3.2,0.071,1.17
10514770,K01156.01,,1.87242214,0.92,1.4043,6.4,0.028,0.86
8935810,K01395.01,,6.230227,0.92,1.6668,3.2,0.063,0.76
4276716,K01619.01,,20.66589,0.92,3.1778,0.8,0.129,0.619
5177104,K01603.01,Kepler-904 b,3.021542,0.92,3.2023,1.66,0.042,1.02
8951215,K00924.01,,39.47585,0.92,2.616,3.9,0.235,1.02
8414907,K01134.02,,200.61103,0.92,7.13,8.4,0.605,0.73
3344419,K01181.01,,0.65178449,0.919,1.4865,9.4,0.014,0.93
6448890,K01241.01,Kepler-56 c,21.40505,0.919,11.0797,7.86,0.167,3.14
7220322,K01350.01,,0.75216031,0.919,1.6577,8.92,0.016,0.913
11360571,K02069.01,Kepler-1080 b,77.2557,0.9186,11.5134,3.63,0.366,1.132
10875245,K00117.01,Kepler-107 e,14.749102,0.9182,6.7159,2.93,0.125,1.18
8891278,K00698.01,,12.7187062,0.918,2.4606,10.87,0.103,0.911
7690844,K01508.01,Kepler-871 b,22.04579,0.918,5.6292,3.01,0.154,0.89
11086270,K00124.02,Kepler-110 c,31.71987,0.918,5.3504,3.59,0.2,1.58
6422367,K00559.01,,4.331346,0.917,2.9318,1.61,0.049,0.88
8505920,K02094.01,,42.42548,0.917,5.3377,2.8,0.222,0.9
12401863,K02331.01,Kepler-1193 b,2.832617,0.917,2.5967,1.35,0.04,1.04
4474645,K01657.01,,3.8867133,0.917,10.2357,7.5,0.048,0.89
10130039,K01909.03,Kepler-334 d,25.09858,0.916,3.024,1.6,0.171,1
11295426,K00246.02,Kepler-68 A c,9.604869,0.916,2.9435,1.11,0.091,1.242
1026957,K00958.01,,21.761277,0.916,1.5138,3.1,0.136,0.7
10221013,K00728.01,,7.1893676,0.915,2.0254,11.2,0.075,1
10794087,K01316.02,,12.37679,0.915,3.85,1.47,0.113,1.84
7808587,K01533.01,Kepler-886 b,6.241515,0.915,3.3559,1.66,0.07,1.1
8302450,K01144.01,,2.441978,0.915,3.1202,1.86,0.036,0.95
8349405,K01149.01,,7.1688266,0.9149,1.289,0.97,0.069,0.8
8826168,K01850.01,Kepler-980 b,11.551282,0.914,3.688,2.15,0.101,0.91
9945370,K02285.01,Kepler-1175 b,37.94523,0.914,4.6628,3.5,0.221,0.89
5130369,K00140.01,,19.978478,0.914,8.7491,8.9,0.185,1.84
5443837,K00554.01,,3.6584892,0.913,2.6341,7.7,0.047,0.96
8277797,K01820.02,Kepler-322 b,1.653898,0.913,1.9817,1.97,0.026,1.41
12459913,K00602.01,Kepler-620 b,12.91384,0.912,5.7586,2.75,0.112,1.1
5005121,K02237.01,,76.4241,0.912,7.9885,2.9,0.36,0.97
10713616,K01311.01,,83.57752,0.912,8.0169,4.2,0.388,1.38
10718726,K00600.01,Kepler-618 b,3.595736,0.911,3.5351,2.31,0.047,1.01
8978528,K01874.01,Kepler-329 c,18.68465,0.911,4.5303,2.47,0.116,0.571
8277797,K01820.01,Kepler-322 c,4.337238,0.911,2.7559,3.23,0.05,1.41
8240797,K01809.01,Kepler-321 c,13.093922,0.911,2.3946,2.34,0.105,0.909
8684730,K00319.01,,46.15159,0.91,6.2262,7.5,0.269,1.47
11656721,K00541.01,Kepler-594 b,13.64625,0.91,3.8792,2.5,0.108,0.8
10554999,K00534.01,Kepler-179 c,6.400104,0.91,2.0278,2.48,0.064,0.738
4676964,K03069.01,,43.1036,0.91,7.0288,2.23,0.23,1.02
6758917,K00453.01,,2.236102,0.91,1.7331,20,0.033,0.85
7463685,K02890.01,,8.9881,0.91,4.5809,1.39,0.086,0.93
9881077,K02751.01,Kepler-1337 b,24.40015,0.91,2.774,2.38,0.142,0.616
9210387,K02416.01,,5.90577,0.91,2.4728,1.55,0.064,0.92
5007345,K02406.01,Kepler-1225 b,7.010723,0.91,2.3273,1.82,0.075,1.09
9467404,K02717.01,Kepler-1323 b,0.9299076,0.91,1.7816,1.78,0.02,1.35
6356692,K02948.01,,11.39153,0.91,4.9825,1.31,0.098,1.58
5185897,K02693.02,Kepler-398 c,11.419409,0.91,3.2011,0.92,0.086,0.575
11197853,K02813.01,,0.6984594,0.91,0.9139,1.2,0.014,0.84
7202957,K02687.01,,1.7168333,0.91,2.1111,1.9,0.029,1.94
9612825,K02685.01,,2.8465115,0.91,3.2926,4.91,0.032,0.628
6837283,K02914.01,,21.11813,0.91,9.9358,1.96,0.162,1.56
3969687,K02904.01,Kepler-1382 b,16.35834,0.91,9.5393,1.21,0.127,0.93
4846856,K02900.01,,46.15103,0.91,5.4368,2.8,0.232,0.81
2832589,K01942.01,,10.849813,0.91,3.7848,2.85,0.09,0.72
6119141,K02343.01,,29.07308,0.91,2.6874,2.7,0.18,1.06
5364071,K00248.01,Kepler-49 b,7.203794,0.91,2.9766,2.71,0.06,0.525
11017901,K01800.01,Kepler-447 b,7.7942995,0.91,1.08,6.2,0.074,0.94
10555375,K00158.01,,5.8018305,0.91,3.6784,6.8,0.068,2.15
11391667,K01652.01,,1.08373681,0.91,1.4942,14.6,0.02,1.19
11392618,K01623.01,,110.92154,0.91,4.9151,2.3,0.446,0.9
6387969,K01617.01,,135.908,0.91,1.8329,0.94,0.533,1.15
4725681,K00817.02,Kepler-236 b,8.29561,0.91,1.404,1.96,0.066,0.524
5899544,K01034.01,,1.73942761,0.91,1.937,11.8,0.028,0.81
6677841,K01236.03,Kepler-279 d,54.3995,0.9098,7.778,3.1,0.307,1.27
9266431,K00704.01,,18.396319,0.909,2.8644,2.8,0.128,0.88
5436013,K02471.01,,25.88898,0.909,5.1314,1.78,0.162,0.92
8892157,K02224.01,Kepler-1149 b,3.730927,0.909,2.9849,1.39,0.047,0.88
11391755,K02639.01,,25.0923,0.908,6.6529,3.1,0.17,1.12
6269070,K02608.01,Kepler-1288 b,2.76121,0.908,3.9345,1.31,0.039,1.1
7303253,K00878.01,Kepler-711 b,23.58906,0.908,4.879,3,0.144,0.7
10345478,K00737.01,,14.49836,0.908,3.7177,5.4,0.109,0.75
8625925,K00580.01,Kepler-609 b,6.521234,0.907,3.0256,2.94,0.068,0.87
10990886,K00478.01,Kepler-568 b,11.023423,0.907,1.6588,2.64,0.078,0.502
11771430,K02582.01,,40.03252,0.907,4.9377,1.93,0.233,1.06
5371776,K01557.03,Kepler-304 c,5.315965,0.907,1.2058,2.6,0.053,0.67
6359320,K01127.01,Kepler-269 b,5.326679,0.907,3.713,2.67,0.06,0.89
10214162,K01724.01,Kepler-941 b,17.42459,0.906,4.408,3.4,0.135,1.01
5436502,K00834.05,Kepler-238 f,50.4454,0.906,7.8835,2,0.265,0.9
10232123,K01075.01,,1.34376795,0.906,1.7276,9.4,0.024,1.048
8950853,K01412.01,Kepler-839 b,37.81266,0.9052,9.5638,2.51,0.227,1.08
6425957,K00663.02,Kepler-205 c,20.306591,0.904,2.9732,1.85,0.122,0.562
8616637,K00579.02,Kepler-190 c,3.763008,0.904,1.5948,1.7,0.044,0.74
8266276,K01731.01,,2.594962,0.904,2.0544,2.51,0.034,0.87
4851530,K01884.02,,4.775041,0.904,1.8721,2.63,0.055,0.92
8037145,K00520.03,Kepler-176 d,25.75101,0.903,2.855,2.7,0.156,0.79
6037581,K01916.02,Kepler-336 c,9.599922,0.903,4.698,1.89,0.09,0.96
11086270,K00124.01,Kepler-110 b,12.69115,0.903,4.1529,3.01,0.109,1.58
10587105,K00339.02,Kepler-529 c,12.83404,0.902,3.2681,2.06,0.112,1.04
4932442,K01665.02,,5.91461,0.902,3.2063,0.96,0.065,0.97
3442055,K01218.01,Kepler-795 A b,29.61981,0.902,5.2678,2.27,0.185,1.05
6359320,K01127.02,Kepler-269 c,8.1281,0.902,4.1479,1.7,0.08,0.89
5283542,K00827.01,,5.975807,0.901,2.7555,3.4,0.066,0.97
5893123,K00653.01,,1.1259616,0.9,1.3154,2.3,0.023,1.34
10196493,K03149.01,,9.81102,0.9,2.0861,0.95,0.088,1
11565544,K03013.01,,3.765615,0.9,0.9996,1.58,0.047,0.85
9941859,K00528.03,Kepler-178 c,20.5528,0.9,2.4541,3.4,0.141,1.05
4374339,K02987.01,,0.9937079,0.9,0.905,1.5,0.021,1.5
12168993,K03105.01,,4.212186,0.9,5.7309,0.91,0.047,0.74
3342463,K00383.01,,34.1079,0.9,4.0986,0.73,0.217,1.14
9119568,K03087.01,,5.548297,0.9,4.4866,0.79,0.056,0.79
12314973,K00279.02,Kepler-450 c,15.413121,0.9,6.6711,2.5,0.128,1.31
6679295,K02862.01,,24.57537,0.9,2.3242,2.2,0.13,0.57
10812504,K02570.02,,4.42968,0.9,1.9611,0.9,0.043,0.522
6197215,K02829.01,,10.613405,0.9,1.2982,2,0.098,1.28
8885643,K02789.01,Kepler-1346 b,3.401648,0.9,1.8665,1.7,0.046,1.03
2437505,K02671.02,,17.55078,0.9,3.7335,2.21,0.079,0.27
6768394,K02086.02,Kepler-60 c,8.91935,0.9,4.4059,2.4,0.087,1.47
8229458,K02238.01,Kepler-1152 b,1.646819,0.9,1.2565,1.07,0.022,0.527
8167996,K01867.02,Kepler-327 d,13.969407,0.9,1.5936,2.14,0.093,0.523
8013439,K02352.03,,8.256215,0.9,2.2241,1.09,0.089,1.352
6862721,K01982.01,,4.887533,0.9,2.1861,2.5,0.054,0.77
11769890,K01980.01,Kepler-1036 b,122.8767,0.9,8.2007,2.8,0.47,0.82
11852982,K00247.01,,13.815058,0.9,2.3716,1.94,0.091,0.511
9851226,K01468.01,,8.480262,0.9,5.9209,4.5,0.081,0.99
4760746,K01455.01,,15.068058,0.9,2.6661,13.1,0.12,0.66
3966912,K01186.01,,55.66582,0.9,15.6956,4.7,0.274,0.86
6956233,K01352.01,,4.8188665,0.9,5.1321,4.5,0.052,0.7
10223616,K01076.01,,29.125659,0.9,5.9717,4.81,0.161,0.634
5982368,K01041.01,,19.56309,0.9,5.6756,10.9,0.145,1.14
8174625,K01017.01,Kepler-751 b,17.44487,0.9,4.5588,3.4,0.125,0.95
8330548,K01132.01,,1.9141577,0.9,2.9175,13.4,0.031,1.07
10271806,K00733.04,Kepler-224 e,18.64385,0.9,1.8654,2.55,0.129,0.72
8832512,K01821.01,Kepler-963 b,9.976834,0.899,3.8004,3.5,0.085,0.94
3939150,K01215.01,Kepler-277 b,17.3244,0.899,8.333,2.92,0.139,1.65
3231341,K01102.04,Kepler-24 d,4.244363,0.899,3.1626,1.7,0.052,1.12
6526710,K00856.01,,39.748877,0.899,7.238,15,0.234,0.98
9703198,K00469.01,,10.32908,0.898,1.3553,5.9,0.096,1.02
8892157,K02224.02,,86.1241,0.898,8.9361,2.04,0.379,0.88
3756801,K01206.01,,1548,0.898,33.542,6.2,2.592,1.44
6205468,K01037.01,,3.7228769,0.898,10.2221,5.9,0.047,0.89
8292840,K00260.03,Kepler-126 c,21.86964,0.8975,5.7659,1.79,0.159,1.26
6768394,K02086.01,Kepler-60 b,7.131618,0.896,4.1519,2.2,0.075,1.47
4644952,K01805.02,Kepler-319 d,31.78226,0.896,4.1042,4.3,0.194,1.49
5956342,K01052.04,Kepler-265 d,43.13042,0.896,3.1982,2.57,0.252,1.07
6359320,K01127.03,,2.83678,0.896,3.0226,1.38,0.04,0.89
3231341,K01102.02,Kepler-24 b,8.145035,0.896,4.0842,2.8,0.08,1.12
9595686,K00944.01,,3.1082511,0.896,2.5337,4.4,0.039,0.84
5689351,K00505.04,Kepler-169 d,8.34811,0.895,2.8473,3.76,0.078,1.86
11807274,K00262.01,Kepler-50 b,7.812512,0.895,4.2439,2.2,0.082,1.88
9763348,K01852.01,Kepler-982 b,15.77378,0.895,5.5063,2.43,0.124,1.037
11043167,K01444.01,Kepler-852 b,44.93128,0.895,7.0584,3.5,0.261,1.38
8678594,K01261.02,,15.19471,0.895,3.2752,2.02,0.121,0.93
8628973,K00916.01,Kepler-724 b,3.3149523,0.895,1.9184,4,0.041,0.88
2584163,K01031.01,Kepler-754 b,14.55916,0.895,6.3273,2.04,0.117,0.97
10662202,K00750.01,Kepler-662 b,21.6769,0.895,3.4269,2.5,0.136,0.687
11569782,K02225.01,Kepler-1150 B b,2.787876,0.894,2.2133,1.12,0.034,0.649
8082001,K01570.01,Kepler-893 b,6.338518,0.894,3.4106,2.85,0.069,0.92
9710326,K00947.01,Kepler-737 b,28.59878,0.894,4.0377,2.48,0.149,0.513
7445445,K00567.01,Kepler-184 b,10.687549,0.893,3.5971,2.9,0.094,0.89
10418797,K00741.01,,23.355343,0.893,4.5825,21.9,0.157,0.84
8806123,K00523.01,Kepler-177 c,49.41243,0.892,5.2462,7.1,0.271,1.07
10055126,K01608.02,Kepler-311 c,19.73805,0.892,5.126,1.61,0.148,1.12
9415172,K00938.03,Kepler-255 b,5.71442,0.892,2.322,1.61,0.06,0.8
7040629,K00671.03,Kepler-208 e,16.25934,0.891,4.2698,1.45,0.124,0.972
5042210,K02462.01,,12.14664,0.891,5.9606,1.43,0.106,1.43
8380709,K02468.01,Kepler-1249 b,24.33556,0.891,6.5376,2,0.168,0.97
12454461,K02463.01,Kepler-1248 b,7.46728,0.891,4.1227,1.02,0.076,0.97
11030475,K02248.02,,9.49096,0.891,1.9395,1.56,0.083,0.75
11254382,K01425.01,Kepler-843 b,2.053899,0.891,2.3993,2.31,0.032,0.89
5903749,K03029.01,,18.97621,0.89,2.497,2.1,0.13,0.92
10656823,K00598.01,Kepler-195 b,8.307832,0.89,3.4437,2.41,0.076,0.74
8120608,K00571.02,Kepler-186 d,13.343025,0.89,2.9922,1.81,0.09,0.523
8008206,K00569.01,Kepler-185 c,20.72874,0.89,3.0286,2.4,0.136,0.78
4914566,K02635.01,Kepler-1300 b,22.24138,0.89,7.4519,1.37,0.163,1.39
7815931,K02861.01,,1.8685565,0.89,1.1811,1.9,0.03,1.03
5546691,K02587.01,Kepler-1283 b,12.94771,0.89,8.5754,1.63,0.11,0.97
4665571,K02393.01,,4.603098,0.89,2.4212,1.43,0.048,0.691
8176019,K02843.01,,187.5125,0.89,8.0451,3.7,0.655,0.88
9076971,K02981.01,Kepler-1400 b,9.066878,0.89,3.0212,2.3,0.083,0.93
8757824,K02552.01,Kepler-1275 b,3.656953,0.89,2.0148,1.22,0.048,1.04
7428736,K02827.01,Kepler-1358 b,7.063161,0.89,2.2895,1.4,0.067,0.86
9532424,K02941.01,,4.309101,0.89,1.3928,1.44,0.05,1.06
8836888,K02508.01,,7.103958,0.89,1.6444,1.92,0.07,0.79
4483138,K02910.01,Kepler-1384 b,15.36254,0.89,3.6416,2.8,0.117,1
8753896,K02473.01,Kepler-389 b,3.244218,0.89,2.123,1.92,0.042,0.84
5444384,K01778.01,,1.5195295,0.89,3.6297,12.3,0.026,0.77
9729691,K01751.02,,20.99433,0.89,2.6931,3.1,0.136,0.79
8959839,K02253.01,Kepler-1159 b,22.70801,0.89,3.6957,2,0.161,1
8164257,K02073.03,Kepler-357 c,16.85808,0.89,2.0831,2.4,0.116,0.72
6037581,K01916.03,Kepler-336 b,2.024848,0.89,2.998,0.92,0.032,0.96
8804455,K02159.02,,2.392658,0.89,1.4365,0.99,0.035,0.88
11657891,K01965.01,Kepler-1028 b,2.514615,0.89,1.6279,1.49,0.035,0.83
8009350,K01569.01,Kepler-892 b,13.7521,0.89,3.2045,2.88,0.099,0.665
6803855,K01695.01,Kepler-930 b,71.45245,0.89,6.3485,2.8,0.349,1.47
9850893,K01523.01,,8.48152,0.89,6.0311,1.4,0.075,0.83
7871954,K01515.02,Kepler-303 c,7.061193,0.89,1.1918,1.49,0.06,0.547
12254792,K01506.01,Kepler-869 b,40.42805,0.89,7.1836,3.1,0.23,0.88
6962977,K01364.04,Kepler-292 c,3.715345,0.89,2.4765,1.88,0.044,0.88
10583066,K00747.01,Kepler-661 b,6.029272,0.89,1.745,3.2,0.055,0.594
3098184,K01091.01,,15.23928,0.89,12.7321,13.2,0.123,0.79
9761199,K01459.01,,0.6920069,0.889,1.1155,4.12,0.013,0.543
9347899,K00935.04,,9.61686,0.889,3.4127,1.96,0.094,1.15
8883329,K02595.01,Kepler-393 b,9.18252,0.888,4.4222,1.82,0.095,1.7
10514430,K00263.01,,20.71936,0.888,4.2321,2.02,0.148,1.41
10005758,K01783.02,,284.0423,0.888,7.8753,5.2,0.877,1.03
11018648,K00759.02,Kepler-230 c,91.7743,0.888,6.8723,2.6,0.387,0.83
5689351,K00505.03,Kepler-169 b,3.250641,0.887,2.1471,3.35,0.042,1.86
8120608,K00571.04,Kepler-186 e,22.407688,0.887,3.5512,1.66,0.127,0.523
7522911,K01705.01,,20.49941,0.887,5.6528,2.8,0.152,1.03
12154526,K02004.01,Kepler-1047 b,56.18944,0.887,6.7098,2.2,0.281,0.93
10354039,K01159.01,,64.61635,0.887,5.6674,4.2,0.282,0.71
6962977,K01364.05,Kepler-292 b,2.580788,0.887,2.2017,1.54,0.035,0.88
4155328,K01335.01,Kepler-820 b,127.8329,0.8869,12.363,8.6,0.524,1.72
5640511,K03139.01,,0.636244,0.886,4,1.89,0.017,2.06
11547513,K00295.01,Kepler-134 b,5.317435,0.886,3.1335,2.26,0.06,1.035
6365156,K00662.01,Kepler-639 b,10.214019,0.8859,6.164,2.1,0.094,1.06
7515212,K00679.01,Kepler-212 c,31.80526,0.8852,9.1873,2.61,0.207,1.16
11074835,K02533.02,,9.49361,0.885,6.5226,3.02,0.098,3.04
3247268,K01089.02,,12.218255,0.885,2.8912,5.3,0.106,1.06
8120608,K00571.03,Kepler-186 b,3.8867901,0.884,1.9776,1.38,0.04,0.523
4346178,K02652.01,Kepler-1304 b,16.12822,0.884,5.5614,1.9,0.116,0.85
3342794,K02278.01,Kepler-376 c,14.17258,0.884,2.8836,2.03,0.12,1.16
10686864,K01637.01,Kepler-917 b,2.970439,0.884,2.661,1.43,0.038,0.55
4165473,K00550.01,Kepler-597 b,13.023636,0.883,4.3869,2.5,0.108,0.89
11297236,K01857.01,,88.64578,0.883,8.1054,2.7,0.388,0.9
8612847,K01264.01,Kepler-800 b,14.13179,0.883,3.9722,3.2,0.111,0.83
4841374,K00633.01,Kepler-630 b,161.479,0.882,11.4122,5.8,0.605,1.71
11566064,K00353.01,,152.10452,0.882,7.3486,9.1,0.614,1.3
6962977,K01364.01,Kepler-292 f,20.83428,0.882,4.6748,3,0.14,0.88
8229696,K01072.01,Kepler-761 b,10.12824,0.882,3.7064,2.6,0.094,1.07
11818800,K00777.01,,40.41943,0.881,3.1322,8.1,0.219,0.88
8869680,K00696.01,,7.033813,0.88,6.2944,1.51,0.072,1.09
4072955,K03041.01,,5.082937,0.88,2.6093,1.47,0.06,1.13
2973386,K03034.01,,31.02101,0.88,2.146,1.96,0.158,0.523
11805075,K00436.01,,199.839268,0.88,6.938,22,0.633,0.78
11455181,K03131.01,Kepler-1437 b,10.92944,0.88,5.8407,1.52,0.096,0.87
5780715,K00506.01,,1.5831556,0.88,1.2086,3,0.027,0.94
5689351,K00505.05,Kepler-169 f,87.09086,0.88,6.9736,7.32,0.374,1.86
10676824,K00599.01,,6.454518,0.88,2.6913,2.7,0.069,0.97
11551715,K03076.01,,225.568,0.88,6.3127,2.1,0.668,0.82
8120608,K00571.01,Kepler-186 c,7.267311,0.88,2.4948,1.64,0.06,0.523
10031656,K02629.01,,8.59004,0.88,6.2875,1.81,0.082,0.87
4141376,K00280.01,Kepler-1655 b,11.872914,0.88,2.4865,2.53,0.101,1.17
9654468,K02417.01,,47.7087,0.88,5.4563,2.96,0.224,0.708
6867588,K02571.01,,0.8262695,0.88,1.0689,0.97,0.016,0.71
6183511,K02542.01,,0.727315,0.88,1.2613,1.02,0.013,0.485
2442448,K02812.01,Kepler-1354 b,76.6147,0.88,10.0246,2.7,0.363,1.07
3730335,K02808.01,,0.59609153,0.88,0.8801,1.28,0.013,0.917
5649325,K02676.01,,195.6115,0.88,21.097,12.1,0.713,2.27
8022489,K02674.02,Kepler-1311 b,11.17268,0.88,6.1513,1.37,0.098,1.24
9466429,K02786.01,Kepler-1345 b,44.61731,0.88,7.8882,2.9,0.27,1.46
3426367,K02662.01,Kepler-1308 b,2.104316,0.88,1.1391,0.96,0.025,0.482
12256520,K02264.01,Kepler-1166 b,33.24201,0.88,4.5313,2.2,0.192,1
11820830,K01728.01,,12.731943,0.88,3.7238,19.9,0.121,1.54
11074178,K01889.02,,9.18186,0.88,3.4757,1.9,0.085,0.85
7457296,K02213.01,Kepler-1145 b,3.970805,0.88,1.7951,1.6,0.045,0.8
5601258,K02191.01,,8.847813,0.88,2.079,1.29,0.068,0.516
8501062,K02176.01,,24.4021,0.88,12.5679,0.62,0.169,0.89
10212441,K02342.01,Kepler-1199 b,15.04463,0.88,6.0487,1.44,0.123,1.22
6936909,K01363.02,Kepler-291 c,5.70078,0.88,1.6785,1.76,0.063,0.91
5456651,K00835.02,Kepler-239 c,56.22794,0.88,3.7469,2.28,0.262,0.664
8226994,K00906.02,Kepler-250 d,17.64822,0.88,2.2768,2.5,0.121,0.76
8176653,K01016.01,,2.8666851,0.88,0.9857,2.37,0.037,0.73
3245969,K01101.01,Kepler-768 b,2.84796,0.88,1.0313,0.93,0.036,0.663
6786037,K00564.02,Kepler-603 c,127.90073,0.8791,17.2768,6.8,0.5,0.92
10136549,K01929.01,Kepler-337 c,9.69303,0.879,5.6944,2,0.09,1.46
10285631,K00331.01,Kepler-525 b,18.68421,0.878,7.2416,3.54,0.139,1.5
8056665,K00089.02,,207.6035,0.878,6.9868,6.3,0.845,2.52
7747425,K01952.04,Kepler-341 e,42.4699,0.878,6.4435,2.01,0.239,1.01
5031857,K01573.02,,7.136813,0.878,3.5045,1.62,0.074,0.98
11075279,K01431.01,,345.1613,0.878,7.4994,8.45,0.983,1.003
5546761,K02160.02,,15.40877,0.877,3.4859,1.41,0.12,0.87
12366084,K00787.02,Kepler-232 c,11.379344,0.877,2.3699,3.4,0.098,0.88
11018648,K00759.01,Kepler-230 b,32.62501,0.877,5.3599,4.2,0.194,0.83
8883329,K02595.02,Kepler-393 c,14.6136,0.876,5.4062,2.07,0.13,1.7
6287313,K02221.01,Kepler-1147 b,10.62879,0.876,4.5107,2.16,0.096,1.02
4072526,K01329.01,Kepler-819 b,33.1994,0.876,5.5647,2.9,0.191,0.75
5444549,K01551.01,,31.13859,0.876,4.2942,10.6,0.195,0.77
10872983,K00756.03,Kepler-228 b,2.566575,0.876,2.5026,1.56,0.037,0.94
10528068,K01162.01,Kepler-782 b,158.6924,0.8756,12.5645,4.4,0.588,1.25
3833007,K00443.01,Kepler-555 b,16.217504,0.875,5.377,3,0.126,0.9
6266741,K00508.02,Kepler-170 c,16.66584,0.875,4.4383,3.31,0.131,1.035
6037187,K01061.01,Kepler-759 b,41.81287,0.875,6.8137,2.4,0.234,0.97
6889235,K00074.01,,5.188668,0.8736,5.0264,5.2,0.075,2
6786037,K00564.01,Kepler-603 b,21.05744,0.8731,8.4659,2.7,0.15,0.92
7445445,K00567.02,Kepler-184 c,20.30291,0.873,4.6634,2.4,0.144,0.89
7831264,K00171.02,Kepler-116 c,13.07162,0.873,3.2041,2.12,0.116,1.15
3231341,K01102.01,Kepler-24 c,12.33354,0.873,5.0692,2.9,0.105,1.12
9663113,K00179.02,Kepler-458 b,572.3979,0.8727,26.6487,5,1.369,1.04
12068975,K00623.01,Kepler-197 A c,10.349678,0.872,4.3119,1.4,0.089,1.18
6268648,K01613.01,Kepler-907 b,15.8662,0.872,4.1829,1.07,0.124,1.041
3762468,K00208.01,Kepler-493 b,3.0038752,0.8713,4.1981,11.3,0.042,1.01
6929841,K03026.01,Kepler-1414 b,3.515763,0.87,1.4713,3.4,0.044,1.94
11709423,K03001.01,,0.38446929,0.87,0.9291,3,0.01,0.88
5551672,K03119.01,,2.184438,0.87,1.1924,3.3,0.025,0.61
9153570,K02625.01,Kepler-1295 b,3.813668,0.87,1.8887,1.62,0.046,0.8
4367854,K02876.01,,5.195199,0.87,2.0635,1.6,0.053,0.74
7375348,K00266.01,Kepler-508 b,25.308897,0.87,5.7265,1.57,0.17,1.066
7749773,K02848.01,,13.787144,0.87,5.3822,1.97,0.115,1.75
9893318,K02660.01,Kepler-1307 b,18.0166,0.87,4.0421,3,0.139,1.08
9156585,K02054.01,,22.324224,0.87,2.9079,3.8,0.149,0.91
10332883,K01880.01,Kepler-994 b,1.1511671,0.87,1.1754,1.49,0.018,0.524
2439243,K02280.01,Kepler-1172 b,26.0206,0.87,5.6619,2.4,0.171,0.64
12017109,K02106.01,,9.7538,0.87,2.3226,2.2,0.088,0.86
10351231,K01166.01,,7.67478,0.87,1.5296,2.5,0.077,0.95
2715135,K01024.01,Kepler-753 b,5.747719,0.87,1.9402,1.76,0.053,0.562
12066335,K00784.02,Kepler-231 b,10.065186,0.87,1.4732,1.97,0.076,0.551
11463211,K00770.01,,1.50635403,0.87,1.3603,5,0.025,0.85
8561063,K00961.03,Kepler-42 d,1.8651086,0.87,0.5133,3.08,0.025,0.681
9590976,K00710.01,Kepler-217 b,5.374851,0.869,4.0141,2.3,0.067,1.356
7515212,K00679.02,Kepler-212 b,16.25831,0.869,7.3856,0.94,0.132,1.16
9034103,K01402.01,Kepler-832 b,7.13968,0.869,4.1451,2.25,0.073,0.92
11074178,K01889.01,Kepler-1001 b,14.3052,0.868,4.3306,2.9,0.114,0.85
9471268,K01835.03,Kepler-326 d,6.766912,0.868,1.715,3.35,0.068,1.8
7455287,K00886.02,Kepler-54 c,12.07172,0.868,4.9738,1.23,0.083,0.498
8292840,K00260.01,Kepler-126 b,10.495702,0.8671,5.0336,1.66,0.097,1.26
5122112,K00552.01,,3.05517,0.867,1.6028,11,0.043,1.07
8963721,K02233.01,,1.811434,0.867,4.5456,1.63,0.028,1.01
10426656,K01161.02,Kepler-272 d,10.93711,0.867,2.959,2,0.089,0.84
9607164,K00587.01,Kepler-614 b,14.034832,0.865,3.7923,2.9,0.105,0.84
6521045,K00041.02,Kepler-100 b,6.887099,0.865,4.4764,1.24,0.073,1.23
8560285,K01249.01,,85.34088,0.864,10.5934,22.3,0.385,0.84
9813499,K01505.01,Kepler-868 b,5.032589,0.864,3.4395,2.22,0.058,0.93
8278371,K01150.01,Kepler-780 b,0.6773911,0.864,2.1997,1.1,0.015,1.09
6677841,K01236.01,Kepler-279 c,35.74113,0.8639,8.1417,4.3,0.232,1.27
3962357,K01210.01,Kepler-791 b,14.55426,0.863,5.9861,2.14,0.122,1.06
6962977,K01364.02,Kepler-292 d,7.055652,0.863,3.4193,2.7,0.068,0.88
10055126,K01608.01,Kepler-311 b,9.17608,0.863,4.441,1.85,0.089,1.12
9334289,K00934.02,Kepler-254 c,12.41211,0.863,3.4349,2.52,0.106,0.92
3217264,K00401.02,Kepler-149 d,160.0172,0.862,5.643,7.31,0.559,1.58
8233702,K02140.01,Kepler-1116 b,41.6981,0.862,5.8405,2.53,0.232,0.85
6962977,K01364.03,Kepler-292 e,11.97865,0.862,4.0555,2.5,0.096,0.88
9017682,K01630.01,,11.30488,0.862,4.0766,1.7,0.097,0.85
9825625,K00955.01,Kepler-741 b,7.039078,0.862,4.17,2.8,0.075,1.07
12600735,K00548.01,Kepler-596 b,21.30003,0.861,4.3697,3.22,0.158,1.09
11614617,K01990.01,Kepler-1041 b,24.75724,0.861,7.0152,2.39,0.17,0.97
9334289,K00934.03,Kepler-254 d,18.74656,0.861,4.0089,2.89,0.139,0.92
11137180,K03027.01,,6.070332,0.86,1.286,1.53,0.06,0.68
11714231,K03115.01,Kepler-1431 b,5.866033,0.86,3.902,1.59,0.064,1
10527135,K02622.01,,0.32868855,0.86,0.8458,1.31,0.009,0.82
4831728,K02739.01,Kepler-1330 b,10.107674,0.86,3.6675,1.9,0.088,0.89
6345732,K02857.01,Kepler-1370 b,20.26427,0.86,4.4622,1.94,0.15,1.21
8760040,K02963.02,,7.350986,0.86,2.7069,1.32,0.077,1.03
1996180,K02534.02,,5.42213,0.86,2.7756,1.11,0.062,1.02
10005788,K01940.01,Kepler-1022 b,10.994615,0.86,1.7371,2.02,0.082,0.576
10074466,K01917.01,,35.01198,0.86,2.6707,2.7,0.22,1.09
4349452,K00244.01,Kepler-25 A c,12.720365,0.86,2.826,6.51,0.113,1.66
5906426,K02377.01,,13.90309,0.86,3.3637,1.6,0.104,0.81
11461844,K02356.01,Kepler-1207 b,13.68201,0.86,3.8475,1.6,0.114,0.96
6200235,K02350.01,Kepler-1205 b,1.0783902,0.86,1.3629,1.6,0.019,0.82
7967861,K02349.01,,215.145,0.86,11.7248,1.49,0.707,0.92
8681734,K02340.01,Kepler-1198 b,7.68493,0.86,2.5052,1.8,0.073,0.97
3869014,K01205.01,Kepler-789 b,8.63845,0.86,5.6613,2.25,0.085,1
7751571,K01460.01,,17.042191,0.86,6.6651,7,0.127,0.81
5252423,K00825.02,Kepler-237 b,4.714974,0.86,2.4914,1.58,0.049,0.679
7047922,K01899.01,Kepler-1006 b,19.76191,0.859,3.7104,2.6,0.149,1.21
10518424,K02188.01,,2.696187,0.859,4.038,1.54,0.039,0.99
7499398,K01473.01,,23.02027,0.859,3.7264,7,0.158,0.89
10586208,K01308.01,Kepler-811 b,23.58461,0.859,5.8341,2.16,0.162,0.93
1871056,K01001.02,Kepler-264 c,140.0914,0.859,18.3036,3.74,0.586,2.43
6501635,K00560.01,Kepler-600 b,23.67523,0.858,4.6487,2.6,0.152,0.74
12254909,K02372.01,Kepler-1213 b,5.349325,0.858,4.1211,1.21,0.062,1.04
9349482,K02020.01,Kepler-1058 b,110.9655,0.858,13.4156,2.6,0.391,0.618
6508221,K00416.02,Kepler-152 c,88.25474,0.856,4.2983,2.9,0.365,0.73
4644952,K01805.03,Kepler-319 b,4.362741,0.856,2.346,2.95,0.052,1.49
9347899,K00935.02,Kepler-31 c,42.63188,0.855,6.7766,5.3,0.254,1.15
8456679,K00102.02,,4.068545,0.854,2.6525,1.09,0.052,1.079
3942670,K00392.02,Kepler-147 b,12.61102,0.854,4.9986,1.33,0.105,1.19
12834874,K00487.01,Kepler-574 b,7.658774,0.854,3.1941,2.7,0.074,0.88
10289119,K02390.01,Kepler-1219 b,16.10519,0.854,6.1523,1.66,0.126,1.21
9271752,K01406.01,Kepler-836 b,11.361168,0.854,4.3122,2.9,0.103,1.03
8410727,K01148.02,Kepler-270 c,25.2629,0.854,5.2384,1.59,0.178,1.28
4178389,K00185.01,,23.210484,0.8531,2.9981,17.7,0.16,0.91
9909735,K01779.02,Kepler-318 c,11.815018,0.853,2.7429,5,0.101,1.39
7755636,K01921.01,Kepler-1015 b,16.0049,0.853,6.9694,3,0.135,1.34
4636578,K02025.01,Kepler-350 c,17.84863,0.853,5.9602,3.1,0.139,1.33
11465813,K00771.01,,670.65,0.8525,60.0259,15.7,1.502,1.03
6029239,K00304.01,Kepler-518 b,8.51205,0.852,2.2722,5.1,0.086,1.85
6310636,K01688.01,Kepler-929 b,0.921056,0.852,3.4118,1.12,0.018,0.92
7211469,K01377.01,Kepler-830 b,11.29714,0.852,4.82,1.82,0.102,1.1
2713049,K00794.01,Kepler-683 b,2.53917,0.852,2.5413,2.2,0.037,0.95
6422155,K00510.03,Kepler-172 d,14.62719,0.851,3.7053,2.3,0.111,0.97
5342473,K02297.01,,4.64488,0.851,3.9963,1.54,0.055,1.12
5436502,K00834.04,Kepler-238 b,2.090879,0.851,3.3477,1.1,0.032,0.9
7347246,K03014.01,Kepler-1411 b,86.1151,0.85,6.2505,3.1,0.39,0.88
11255231,K03003.01,,13.65517,0.85,4.2684,1.64,0.114,0.97
6289257,K00307.01,Kepler-520 b,19.67423,0.85,3.694,1.8,0.149,1.086
9605552,K03102.01,,9.32097,0.85,2.357,1.03,0.071,0.529
2715695,K03077.01,,4.095826,0.85,1.7714,1.64,0.044,0.655
2436378,K02682.01,,8.531613,0.85,3.6745,40,0.082,1
3120355,K02099.01,Kepler-1094 b,78.0971,0.85,8.5486,2.8,0.368,0.99
12058204,K02218.02,Kepler-373 c,16.72617,0.85,2.7866,1.43,0.127,0.87
11192235,K02329.01,,1.615349,0.85,1.1428,1.34,0.022,0.527
10730703,K02327.01,Kepler-1191 b,5.59979,0.85,2.3375,1.38,0.059,0.78
7120108,K02325.01,,1.0258586,0.85,0.8744,1.34,0.018,0.73
9364609,K02137.01,Kepler-1114 b,14.97441,0.85,2.4781,2.81,0.115,1.5
7761918,K01808.01,,89.19284,0.85,4.3016,4,0.406,1.17
3122985,K01949.01,,0.99348895,0.85,1.964,24,0.019,1.2
10973814,K01307.02,Kepler-287 b,20.34229,0.85,2.3187,2.6,0.142,1
10330115,K01160.01,Kepler-781 b,13.21415,0.85,3.5548,2.88,0.104,0.759
7220429,K01700.01,Kepler-931 b,8.037617,0.85,2.9175,3.7,0.076,1.95
11955499,K01512.01,,9.041798,0.85,2.2317,2.2,0.079,0.7
8689373,K00921.03,Kepler-253 b,3.784064,0.85,1.9481,1.7,0.044,0.71
7373451,K00881.02,Kepler-712 c,226.8897,0.85,8.2367,4.41,0.682,0.722
7287995,K00877.02,Kepler-81 c,12.039901,0.85,2.9369,2.45,0.089,0.594
9904059,K00145.01,,102.9667,0.85,14.7382,15.2,0.476,3.09
8292840,K00260.02,Kepler-126 d,100.2834,0.8491,11.5375,2.89,0.438,1.26
5014753,K00606.01,,3.17062619,0.849,2.4189,14.6,0.043,1.03
3545478,K00366.01,,75.112019,0.849,4.9528,10.6,0.379,1.52
7265298,K02051.02,Kepler-355 b,11.03158,0.849,5.1503,1.59,0.1,1.03
4149450,K01864.01,,3.21515,0.849,3.9286,2.73,0.045,2.16
5963222,K01035.01,,1.21726628,0.849,2.7784,16.8,0.025,1.64
2443393,K02603.01,,73.6984,0.848,11.4897,1.32,0.348,1.075
11702948,K01465.01,,9.771455,0.848,1.6348,8,0.089,0.88
10854768,K01309.01,Kepler-812 b,10.117121,0.848,4.9065,2.8,0.102,1.42
5438757,K01601.02,Kepler-903 c,62.9147,0.848,11.3996,1.98,0.305,0.85
11752632,K02492.01,Kepler-1258 b,0.984938,0.847,2.2216,0.95,0.02,0.96
1872821,K02351.01,,10.27402,0.847,4.0484,1.9,0.091,0.85
12020218,K01507.01,Kepler-870 b,21.35913,0.847,6.1108,2.8,0.155,1
6266741,K00508.01,Kepler-170 b,7.930563,0.846,3.7678,3.44,0.08,1.035
6665512,K02005.01,Kepler-1048 b,6.921029,0.846,4.5674,1.67,0.061,0.612
6677841,K01236.02,Kepler-279 b,12.309717,0.8455,5.795,2.6,0.114,1.27
11337566,K02632.01,Kepler-1298 b,7.12826,0.845,5.4516,1.14,0.078,1.46
10006581,K01595.01,Kepler-902 b,40.10999,0.845,5.4577,3,0.231,0.93
10872983,K00756.02,Kepler-228 c,4.134403,0.845,3.3067,2.8,0.051,0.94
5689351,K00505.02,Kepler-169 c,6.195544,0.844,3.012,3.3,0.064,1.86
11030711,K01429.01,,205.9172,0.844,10.8341,4.8,0.678,0.87
5438757,K01601.01,Kepler-903 b,10.35113,0.844,6.266,1.59,0.092,0.85
9965439,K00722.01,Kepler-655 b,46.4073,0.843,7.4189,2.64,0.264,1.05
8878187,K00697.01,Kepler-650 b,3.032154,0.843,3.9785,4.24,0.043,1.7
10187017,K00082.03,Kepler-102 f,27.45362,0.843,3.8289,1.08,0.165,0.736
8611832,K02414.02,Kepler-384 c,45.347,0.843,4.6109,1.33,0.248,0.92
7449844,K01452.01,,1.1522169,0.843,2.2433,23,0.025,1.81
12068975,K00623.03,Kepler-197 A b,5.59935,0.842,3.8414,1.18,0.059,1.18
4757437,K00497.01,Kepler-168 c,13.19326,0.842,5.2667,2.8,0.113,1.04
9451706,K00271.03,Kepler-127 b,14.435931,0.842,3.4262,1.41,0.126,1.27
4636578,K02025.02,Kepler-350 d,26.13617,0.842,6.9105,2.8,0.18,1.33
12068975,K00623.02,Kepler-197 A d,15.67757,0.841,5.4087,1.36,0.117,1.18
11090765,K00538.01,Kepler-593 b,21.21711,0.841,5.663,3,0.155,1.05
4636578,K02025.03,Kepler-350 b,11.18969,0.841,5.1196,1.64,0.102,1.33
7747425,K01952.02,Kepler-341 d,27.66496,0.841,6.2363,2.06,0.18,1.01
9006449,K01413.02,Kepler-295 c,21.52651,0.841,8.6147,1.42,0.145,0.94
11138155,K00760.01,,4.9593347,0.841,2.2234,10.9,0.058,0.96
5966154,K00655.01,Kepler-201 b,25.6721,0.84,5.8942,2.77,0.18,1.24
9963524,K00720.03,Kepler-221 e,18.370081,0.84,2.3602,3.05,0.127,0.81
8409588,K00690.01,,1.36083497,0.84,1.2115,4.4,0.025,1.04
7630229,K00683.01,,278.1222,0.84,3.8192,6,0.863,1.11
6115516,K03134.01,,0.8657594,0.84,0.8634,1.74,0.018,1.02
8581240,K03111.02,,4.328464,0.84,3.1662,1.47,0.055,1.97
11395587,K00350.01,,12.991603,0.84,2.4915,2.4,0.109,1.08
11080405,K02442.01,Kepler-386 c,25.19418,0.84,4.5147,1.89,0.155,0.77
5339567,K02440.01,Kepler-1240 b,4.866591,0.84,2.1688,1.29,0.054,0.96
5717567,K02752.01,,1.2876248,0.84,0.8978,0.93,0.024,1.12
12170648,K02875.01,,0.29969938,0.84,0.7371,1.8,0.008,0.77
5095635,K02607.01,,0.7544552,0.84,0.7958,1.46,0.016,0.9
8838950,K02421.01,,2.270395,0.84,2.3346,0.72,0.03,0.654
11098013,K02712.01,,7.507877,0.84,5.2525,1.94,0.08,1.34
5480640,K02707.01,Kepler-399 d,58.03438,0.84,5.6099,2.8,0.286,0.82
11071200,K02696.02,,44.56445,0.84,7.5986,3.6,0.278,1.67
5450893,K02970.01,,4.820551,0.84,3.5058,0.97,0.059,1.32
8358012,K02929.01,,10.064331,0.84,3.5177,1.53,0.087,0.76
6866251,K02661.01,,65.2279,0.84,7.0056,4.7,0.367,3.64
3130548,K02773.01,,0.8788532,0.84,1.0875,2,0.017,0.96
4454934,K02245.01,Kepler-1155 b,33.47025,0.84,4.5565,2.6,0.201,1.12
8426567,K01914.01,Kepler-1013 b,18.93094,0.84,3.4216,6.3,0.135,2.14
10329835,K02058.01,Kepler-1075 b,1.523732,0.84,1.4174,1.11,0.021,0.522
4851530,K01884.01,,23.12004,0.84,4.07,5,0.156,0.92
11760231,K01841.01,Kepler-973 b,49.60805,0.84,3.0556,2.4,0.243,0.81
11403339,K02143.01,Kepler-1117 b,4.790278,0.84,2.8963,1.14,0.054,0.81
5474613,K01599.02,Kepler-1659 b,13.6141,0.84,3.1233,1.9,0.109,0.92
3962243,K01203.03,Kepler-276 d,48.6541,0.84,3.8192,2.8,0.265,0.95
6766634,K01375.01,,321.2139,0.84,4.0652,6.78,0.958,1.168
6960913,K01361.01,Kepler-61 b,59.87769,0.84,5.0111,2.33,0.249,0.545
8150320,K00904.05,Kepler-55 f,10.198574,0.84,2.3406,1.67,0.079,0.602
6948054,K00869.03,Kepler-245 c,17.46067,0.84,2.4191,2.6,0.121,0.8
10118816,K01085.01,,7.71797,0.84,2.1016,1.06,0.063,0.526
9480189,K00941.03,Kepler-257 d,24.66454,0.84,2.9456,4.2,0.15,0.75
10166274,K01078.02,Kepler-267 c,6.877458,0.84,1.4602,2.32,0.058,0.527
9011825,K02530.01,Kepler-1269 b,37.3308,0.839,7.8051,1.61,0.222,1.09
5219234,K01563.02,Kepler-305 c,8.290858,0.839,3.0809,3.1,0.077,0.87
9821454,K01529.02,Kepler-59 b,11.86817,0.839,5.977,1.23,0.106,1.06
5982353,K01036.01,,19.5630939,0.839,6.0399,17.6,0.148,1.31
5792202,K00841.01,Kepler-27 b,15.335244,0.839,3.9354,5.72,0.121,0.919
8962094,K00700.01,Kepler-215 d,30.86431,0.8381,2.8553,2.82,0.191,1.07
7047207,K02494.01,Kepler-1260 b,19.1185,0.838,6.6924,1.57,0.141,0.97
5856571,K01839.01,Kepler-971 b,9.590633,0.838,3.7106,4.77,0.089,1.76
10905239,K00046.02,Kepler-101 c,6.02908,0.837,3.7909,0.96,0.067,1.105
3239945,K00490.04,Kepler-167 A d,21.80428,0.837,3.3518,1.32,0.137,0.7
12602568,K01583.01,Kepler-897 b,8.04732,0.837,4.8622,2.17,0.078,0.88
11015323,K00479.01,Kepler-569 b,34.18896,0.836,5.6854,3.4,0.204,0.89
10864531,K02080.02,Kepler-358 b,34.06075,0.836,2.6475,2.8,0.206,0.89
10709622,K02108.01,Kepler-1102 b,51.3292,0.836,9.7656,3.4,0.274,1.13
7898352,K01486.01,Kepler-302 c,127.28144,0.836,7.2053,9.7,0.499,0.92
5792202,K00841.02,Kepler-27 c,31.330554,0.836,5.2233,7.34,0.194,0.919
11122894,K01426.02,Kepler-297 c,74.920119,0.835,4.8709,7.7,0.355,1.04
11361646,K00330.02,Kepler-524 c,1.888971,0.834,3.1899,0.99,0.03,1.25
11153539,K00762.01,Kepler-666 b,4.49884,0.834,4.0348,2.5,0.054,0.96
2860866,K01103.01,,90.1386,0.834,12.2481,5.8,0.408,0.99
8218274,K01064.01,,1.1873524,0.8331,3.9724,19.09,0.023,1.168
9782691,K00590.02,Kepler-193 c,50.69852,0.833,6.2417,2.96,0.28,1.06
3867615,K02289.01,Kepler-379 c,62.7847,0.833,4.8316,2.22,0.32,1.12
5219234,K01563.03,,3.205386,0.833,2.226,2.11,0.041,0.87
5561278,K01621.01,Kepler-911 b,20.31035,0.833,5.4666,2.48,0.155,1.76
7363829,K01356.01,,384.026,0.833,14.556,9.1,1.024,1
12252424,K00153.01,Kepler-113 c,8.925113,0.833,2.7667,2.47,0.076,0.687
5436502,K00834.02,Kepler-238 d,13.2358,0.833,6.3978,2.3,0.108,0.9
9347899,K00935.01,Kepler-31 b,20.861145,0.833,5.6634,5.7,0.158,1.15
5358241,K00829.03,Kepler-53 c,38.55831,0.833,5.0162,3.5,0.228,0.97
8349582,K00122.01,Kepler-95 b,11.523063,0.833,4.0638,2.78,0.102,1.09
4757437,K00497.02,Kepler-168 b,4.425412,0.832,3.6687,1.56,0.055,1.04
11253711,K01972.01,,17.79097,0.832,2.6921,2.2,0.136,0.97
4077526,K01336.03,Kepler-58 d,40.10101,0.832,5.5417,2.7,0.232,1.09
8179973,K01019.01,,2.497052,0.832,3.7852,2.06,0.039,2.74
6867155,K00868.01,,235.97424,0.832,8.2687,9.3,0.628,0.562
12068975,K00623.04,Kepler-197 A e,25.20971,0.831,6.4688,1.12,0.16,1.18
11250587,K00107.01,Kepler-464 b,7.256999,0.831,5.1108,3.1,0.077,1.27
12417486,K00622.01,,155.0429,0.831,9.6381,6.6,0.524,0.86
10070468,K02628.01,Kepler-1297 b,1.681873,0.831,2.85,1.19,0.029,1.09
8026752,K00240.01,Kepler-502 b,4.286859,0.8303,4.6468,4.2,0.053,1.02
2438264,K00440.02,Kepler-156 b,4.973455,0.83,1.6395,2.3,0.052,0.74
12302530,K00438.02,Kepler-155 c,52.66187,0.83,3.2081,2.29,0.237,0.606
8241079,K03020.01,,10.91919,0.83,4.5919,1.41,0.1,1.27
3747262,K03005.01,,1.3124652,0.83,1.4817,0.96,0.025,1.28
12406807,K03091.01,,17.06766,0.83,6.1623,2.2,0.137,1.09
9020160,K00582.02,Kepler-191 c,17.73857,0.83,2.8334,2.02,0.125,0.73
8081905,K02619.01,Kepler-1292 b,3.27645,0.83,2.4776,1.8,0.044,0.86
10397751,K02859.01,Kepler-1371 b,3.446207,0.83,2.1462,0.93,0.042,0.88
9838468,K02943.01,Kepler-1391 b,54.40972,0.83,9.576,1.48,0.281,0.9
7620413,K02103.01,Kepler-1098 b,2.543066,0.83,3.0589,1.24,0.036,0.92
10489345,K02266.01,Kepler-1167 b,1.003965,0.83,1.6527,2.07,0.019,0.87
12058147,K02072.01,Kepler-1082 b,1.543198,0.83,2.7875,1.02,0.027,0.98
6035124,K02071.01,Kepler-1081 b,3.856874,0.83,2.0004,2,0.047,1.55
8766650,K01904.01,Kepler-1008 A b,12.439517,0.83,3.415,3.67,0.102,1.89
4365645,K01738.01,,4.167856,0.83,2.2501,1.25,0.047,0.85
8230616,K01713.02,Kepler-316 b,2.240507,0.83,1.3682,1.32,0.028,0.557
11413812,K01885.01,Kepler-998 b,5.653717,0.83,2.1148,1.97,0.063,0.93
3338885,K01845.01,Kepler-975 b,1.9703213,0.83,1.8493,1.5,0.027,0.7
6041734,K02167.01,Kepler-1129 b,24.34003,0.83,3.5893,3.5,0.17,1.08
4917596,K01973.01,Kepler-1032 b,3.290169,0.83,1.5791,1.85,0.037,0.616
5299459,K01576.03,,23.34032,0.83,2.7258,1.63,0.152,1.03
11389771,K01436.03,Kepler-301 c,5.419115,0.83,2.3156,1.5,0.06,0.9
5526717,K01677.01,Kepler-926 b,52.06986,0.83,3.3594,2.18,0.269,0.85
7663405,K01519.01,Kepler-876 b,5.144392,0.83,2.5239,1.46,0.056,0.71
11870545,K01510.01,,0.83995,0.83,1.5219,1.47,0.016,0.654
6932987,K01366.02,Kepler-293 c,54.15784,0.83,3.8909,3.2,0.276,0.85
8222813,K01069.02,Kepler-760 c,2.466961,0.83,1.7417,2.36,0.036,1.17
8346392,K01141.01,Kepler-777 b,5.728256,0.83,2.0789,1.58,0.052,0.537
9415172,K00938.01,Kepler-255 c,9.946049,0.83,3.4912,2.9,0.087,0.8
7265298,K02051.01,Kepler-355 c,25.76313,0.829,7.395,2.82,0.176,1.03
5436502,K00834.03,Kepler-238 c,6.155541,0.829,4.9525,1.7,0.065,0.9
12116489,K00547.01,Kepler-595 b,25.302868,0.828,4.872,3.8,0.157,0.72
10019065,K01721.01,Kepler-938 b,52.632,0.828,6.3928,2.33,0.268,0.82
9757613,K00250.02,Kepler-26 c,17.251048,0.828,2.1911,2.94,0.112,0.577
6880531,K01372.01,,69.6275,0.828,11.0708,2.2,0.335,0.94
12105051,K00141.01,,2.6242336,0.828,1.4219,5.43,0.037,0.933
8242681,K01065.01,,4.02063071,0.828,3.6692,17.6,0.051,1.01
9782691,K00590.01,Kepler-193 b,11.38857,0.827,3.8102,2.46,0.104,1.06
3749978,K02308.01,Kepler-1183 b,28.50273,0.827,5.9153,3,0.178,0.87
5022828,K02138.01,Kepler-1115 b,23.55539,0.827,7.7598,2.4,0.21,2.2
3541946,K00624.02,Kepler-198 c,49.56681,0.826,3.7487,2.63,0.26,0.85
3218908,K01108.01,Kepler-770 b,18.92532,0.826,3.9677,2.4,0.135,0.81
5771719,K00190.01,,12.2648616,0.8259,4.7121,17.2,0.101,1.42
9590976,K00710.03,Kepler-217 d,3.886831,0.825,3.997,1.25,0.054,1.356
7040629,K00671.04,Kepler-208 d,11.13154,0.825,4.5568,1.17,0.096,0.972
9967884,K00425.01,,5.4283501,0.825,1.799,11.3,0.06,0.9
7303287,K01353.02,Kepler-289 b,34.54363,0.825,3.3765,3.8,0.219,1.64
3640905,K01221.01,Kepler-278 b,30.16012,0.825,7.7575,2.94,0.195,1.83
8505215,K00099.01,,579.931,0.8241,21.2182,3.4,1.234,0.702
3942670,K00392.01,Kepler-147 c,33.418,0.824,7.6131,2.27,0.201,1.19
6021275,K00284.03,Kepler-132 A b,6.178165,0.824,3.3098,1.22,0.066,1.03
3235672,K01109.01,,6.72108,0.824,7.4645,0.9,0.064,0.8
12505076,K02154.01,,11.92957,0.823,6.6029,2.6,0.101,0.87
8107115,K02575.01,,199.308725,0.8229,5.1373,2,0.656,0.84
11446443,K00001.01,Kepler-1 b,2.47061317,0.822,1.7246,14.4,0.036,1.06
6425957,K00663.01,Kepler-205 b,2.7556281,0.82,1.9383,1.49,0.032,0.562
10190075,K03007.01,,11.191773,0.82,2.5018,1.4,0.098,0.89
8265218,K00522.01,,12.82994,0.82,3.0188,3.5,0.108,0.9
5096590,K03093.01,Kepler-1424 b,29.60913,0.82,5.5398,1.1,0.188,0.9
5562784,K00608.01,,25.337143,0.82,8.798,3.46,0.145,0.601
7604328,K02458.01,Kepler-1245 b,4.354075,0.82,2.2836,1.8,0.049,0.93
11401755,K00277.02,Kepler-36 b,13.84943,0.82,6.1372,1.21,0.116,1.61
8022489,K02674.01,,197.51034,0.82,10.6755,7.3,0.666,1.24
3122913,K02490.01,,11.60658,0.82,2.2684,2.04,0.091,0.664
5342061,K02666.01,,64.0464,0.82,6.397,2.6,0.31,0.86
8890150,K02650.02,Kepler-395 b,7.05441,0.82,1.6599,1.13,0.059,0.523
9717943,K02273.01,Kepler-1169 b,6.110122,0.82,2.3853,1.04,0.067,1.21
10978763,K01931.01,Kepler-339 b,4.977671,0.82,2.6113,1.58,0.056,0.83
6696580,K02092.01,Kepler-359 c,57.68696,0.82,4.6278,3.6,0.298,0.81
9655129,K01714.01,,2.7439952,0.82,4.2929,20,0.036,0.88
5526527,K01838.01,Kepler-970 B b,16.736955,0.82,1.9734,2.4,0.111,0.614
11358389,K02163.01,Kepler-365 b,10.664829,0.82,3.0863,1.95,0.095,1.01
9650808,K01970.01,Kepler-344 b,21.96394,0.82,2.8005,3,0.15,0.96
9366989,K01785.01,,1.21903358,0.82,2.03,13.3,0.021,1.1
6699368,K01694.01,,3.690317,0.82,1.0793,2.6,0.048,1.08
9100484,K01399.01,,8.75061,0.82,2.8252,2.4,0.077,0.7
9527915,K00165.01,Kepler-478 b,13.22178,0.82,2.918,2.74,0.102,0.814
5252423,K00825.01,Kepler-237 c,8.103613,0.82,3.3816,2.29,0.07,0.679
5809890,K01050.02,Kepler-755 A c,2.853135,0.82,1.4567,1.4,0.036,0.76
7907423,K00899.03,Kepler-249 d,15.36829,0.82,2.5239,1.54,0.096,0.492
8351704,K01146.01,Kepler-779 A b,7.097028,0.82,2.0946,1.15,0.059,0.517
6362874,K01128.01,Kepler-775 b,0.9748764,0.82,1.7682,1.41,0.019,0.878
7598128,K00681.01,,44.2581586,0.819,7.0662,22,0.262,1.34
6850504,K00070.05,Kepler-20 A f,19.57709,0.819,3.4555,1.03,0.137,0.939
8381204,K02145.01,Kepler-1119 b,8.32649,0.819,5.2739,1.69,0.081,1
10872983,K00756.01,Kepler-228 d,11.094329,0.819,4.9895,4.1,0.099,0.94
7040629,K00671.02,Kepler-208 c,7.466408,0.817,4.0761,1.23,0.074,0.972
7269974,K00456.01,Kepler-160 c,13.699138,0.817,4.5484,3.6,0.112,0.92
8247638,K00907.02,Kepler-251 d,30.13254,0.817,5.0972,3.8,0.187,1.09
8607720,K00981.01,,3.9978,0.817,4.017,3.07,0.055,3.43
2721030,K01094.01,Kepler-766 b,6.100295,0.817,5.0691,2.9,0.066,0.91
12024120,K00265.01,Kepler-507 b,3.568065,0.816,3.431,1.29,0.048,1.18
11905011,K00297.01,Kepler-514 A b,5.651838,0.815,3.0466,1.65,0.065,1.28
9892816,K01955.02,Kepler-342 d,39.45988,0.815,8.1887,2.08,0.241,1.12
7747425,K01952.01,Kepler-341 c,8.01035,0.815,4.3884,1.87,0.079,1.01
10004738,K01598.01,Kepler-310 c,56.4744,0.815,5.828,3.3,0.285,0.9
4476123,K00814.01,Kepler-689 b,22.36658,0.815,5.5757,2.8,0.149,0.77
8456679,K00102.01,,1.7351365,0.814,2.4017,3.69,0.029,1.079
2571238,K00084.01,Kepler-19 b,9.287009,0.814,3.5406,2.53,0.084,0.857
11551692,K01781.02,Kepler-411 A b,3.0051569,0.814,2.0478,2.27,0.038,0.759
10857519,K02075.01,Kepler-1084 b,2.053352,0.813,2.4056,1.42,0.034,1.54
8013439,K02352.01,Kepler-381 c,13.3914,0.813,3.4369,1.15,0.123,1.352
1996399,K01026.01,,94.1063,0.813,17.2113,0.83,0.328,0.51
10190777,K01937.01,Kepler-1019 b,1.4112265,0.812,1.468,1.3,0.021,0.573
11295426,K00246.01,Kepler-68 A b,5.3987665,0.812,3.5609,2.53,0.062,1.242
7215603,K01618.01,Kepler-910 b,2.36432,0.812,3.5409,0.77,0.037,1.29
4860678,K01602.01,,9.97741,0.812,6.0673,1.72,0.09,0.87
7670943,K00269.01,,18.01134,0.811,6.5309,1.47,0.145,1.26
11259686,K00294.01,Kepler-512 b,34.43576,0.811,6.0083,2.3,0.212,1.02
9006186,K02169.01,Kepler-1130 A b,5.453,0.811,2.2415,0.97,0.057,0.93
9347899,K00935.03,Kepler-31 d,87.6472,0.811,9.2599,4.2,0.411,1.15
7277317,K00674.01,Kepler-643 b,16.338952,0.8108,10.0745,12.7,0.137,2.73
4644604,K00628.01,Kepler-626 b,14.485882,0.81,2.9266,3.1,0.118,1.29
10318874,K00104.01,Kepler-94 b,2.5080585,0.81,1.1419,3.36,0.034,0.757
10593626,K00087.01,Kepler-22 b,289.8622,0.81,7.3991,2.1,0.805,0.85
7603200,K00314.03,Kepler-138 b,10.31202,0.81,2.0586,0.79,0.075,0.612
9907129,K03127.01,Kepler-1436 b,9.70542,0.81,6.7463,1.46,0.092,1.13
8546542,K03073.01,,7.409861,0.81,1.199,1.3,0.071,0.77
8008206,K00569.02,Kepler-185 b,1.632916,0.81,1.6023,1.28,0.025,0.78
9712350,K02613.01,,51.57394,0.81,2.6623,2.6,0.257,0.75
10027247,K02418.01,Kepler-1229 b,86.8299,0.81,5.2587,1.66,0.313,0.52
4075015,K02850.01,,1.114304,0.81,2.2223,1.28,0.021,0.86
6196457,K00285.01,Kepler-92 b,13.748778,0.81,6.1685,3.51,0.118,1.53
5480640,K02707.02,Kepler-399 b,14.42516,0.81,3.7564,1.39,0.113,0.82
6878240,K02681.01,Kepler-397 c,135.49797,0.81,6.1314,6.31,0.488,0.74
11403389,K02482.01,Kepler-1251 b,45.0887,0.81,3.7231,1.96,0.245,0.86
9640439,K02912.01,,0.8732265,0.81,0.9285,2.1,0.019,1.08
5770074,K01928.01,,63.03814,0.81,7.6038,2.8,0.313,0.97
9411166,K01922.02,,15.0952,0.81,3.4149,1.06,0.122,0.95
9279354,K02060.01,,2.800131,0.81,1.0267,1.99,0.034,0.666
9895006,K01717.01,Kepler-936 b,10.56156,0.81,2.8606,1.56,0.088,0.93
4245933,K02190.01,,11.25677,0.81,13.3496,2.24,0.082,0.553
8750043,K02017.01,Kepler-1055 b,2.295026,0.81,1.7013,1.31,0.034,0.89
8257205,K01986.01,Kepler-1038 b,148.4569,0.81,5.6517,7.6,0.532,1.68
8591693,K02123.01,,29.4556,0.81,3.6933,2.3,0.189,0.95
7747425,K01952.03,Kepler-341 b,5.1955,0.81,3.7941,1.25,0.059,1.01
3853673,K01197.01,,0.64379397,0.81,1.085,2.39,0.015,0.93
5564247,K01566.01,,1.7271733,0.81,2.1223,1.7,0.027,0.68
10604335,K01298.02,Kepler-283 c,92.7388,0.81,6.7378,2.09,0.337,0.566
8874090,K01404.01,Kepler-834 b,13.32411,0.81,3.3846,1.86,0.096,0.585
4844004,K01662.01,,0.7840262,0.81,0.9039,1.63,0.016,0.76
6607286,K01239.02,,3.174067,0.81,2.3597,1.53,0.043,0.85
12070811,K00785.01,Kepler-679 b,12.39343,0.81,3.5953,2.8,0.102,0.82
11754553,K00775.02,Kepler-52 b,7.877356,0.81,2.4223,2.21,0.065,0.548
6272413,K01129.01,Kepler-776 b,4.897134,0.81,2.0102,1.5,0.051,0.73
7287995,K00877.01,Kepler-81 b,5.954893,0.81,2.5225,2.54,0.056,0.594
10464078,K00743.01,,19.403919,0.81,9.9632,9,0.129,0.77
7975727,K00418.01,,22.41833,0.8099,5.336,10.8,0.145,0.88
6867555,K02439.01,Kepler-1239 b,5.19119,0.809,4.5137,1.79,0.06,0.95
9334289,K00934.01,Kepler-254 b,5.826659,0.807,3.1739,4,0.064,0.92
8418129,K02515.01,,164.5750675,0.8063,9.5746,1.88,0.766,2.15
6528464,K00270.02,Kepler-449 c,33.67312,0.806,8.6589,2.13,0.201,1.46
11075737,K00292.01,Kepler-97 b,2.5866272,0.806,2.3653,1.64,0.036,0.978
10136549,K01929.02,Kepler-337 b,3.292743,0.806,4.9406,1.43,0.044,1.46
5219234,K01563.01,Kepler-305 b,5.487108,0.806,2.9185,3.5,0.059,0.87
5436502,K00834.01,Kepler-238 e,23.653593,0.8054,8.9456,5.6,0.16,0.9
1871056,K01001.01,Kepler-264 b,40.80686,0.805,14.048,4.8,0.258,2.43
7703955,K01707.01,Kepler-315 b,96.1009,0.804,8.4947,3.4,0.403,0.91
3438507,K01204.01,Kepler-788 b,8.39811,0.804,6.2242,2.03,0.084,1.06
8279765,K01130.01,,2.75779217,0.804,2.4505,21.7,0.038,0.89
5792202,K00841.03,,6.546303,0.804,2.9571,2.8,0.068,0.919
6521045,K00041.01,Kepler-100 c,12.815735,0.8031,6.5383,2.08,0.111,1.23
4932442,K01665.01,Kepler-923 b,6.9338,0.803,4.5793,1.15,0.073,0.97
6387450,K01228.01,,3.66132652,0.803,2.4092,13.7,0.043,0.87
7040629,K00671.01,Kepler-208 b,4.228677,0.802,3.5241,1.43,0.051,0.972
7619236,K00682.01,,562.1424,0.801,9.4862,10.8,1.367,1.29
11551692,K01781.01,Kepler-411 A c,7.8344508,0.801,2.9987,3.76,0.072,0.759
5613330,K00649.01,Kepler-635 b,23.44955,0.8,8.7559,2.5,0.167,1.26
7603200,K00314.01,Kepler-138 c,13.781052,0.8,2.4289,1.94,0.091,0.612
10554999,K00534.02,Kepler-179 b,2.73589,0.8,2.0237,1.7,0.036,0.738
9157634,K00526.01,Kepler-586 b,2.1047142,0.8,1.8507,2.7,0.031,0.8
3848275,K02995.01,Kepler-1403 b,5.194928,0.8,3.2027,2.1,0.061,1.07
10861608,K03118.01,,174.9598,0.8,5.2261,1.6,0.58,0.73
7582689,K03097.03,Kepler-431 c,8.7032,0.8,4.9508,1.09,0.088,1.79
4852528,K00500.02,Kepler-80 c,9.521783,0.8,2.5181,2.82,0.079,0.647
5865654,K03071.01,Kepler-1423 b,23.95536,0.8,3.2848,3.4,0.158,2.05
7595157,K00568.01,Kepler-605 b,3.383536,0.8,1.4457,1.39,0.042,0.77
7440748,K00457.02,Kepler-161 c,7.064271,0.8,1.3895,2,0.066,0.69
11461433,K02399.01,Kepler-1222 b,1.916992,0.8,1.3824,0.9,0.028,0.723
9411412,K02101.01,Kepler-1096 b,2.892219,0.8,1.3988,1.17,0.033,0.56
10978763,K01931.02,Kepler-339 d,10.55803,0.8,3.444,1.37,0.092,0.83
5387843,K01762.01,,0.870697,0.8,1.2996,2.23,0.018,0.94
5716932,K02358.01,,56.4943,0.8,8.5341,2.19,0.305,1.11
6707908,K02014.01,,2.466077,0.8,1.4804,2.4,0.035,0.86
5375194,K01825.01,Kepler-964 b,13.522604,0.8,3.9623,4.2,0.108,1.49
7219825,K00238.02,Kepler-123 c,26.69376,0.8,4.1827,1.41,0.182,1.05
3764879,K02141.01,,1.3069909,0.8,0.8666,1.76,0.024,0.96
7269493,K01961.01,Kepler-1027 A b,1.9078086,0.8,1.8921,2.18,0.03,1.75
10028352,K01957.01,,1.3868003,0.8,1.3403,2.2,0.026,1.26
9532052,K02115.01,Kepler-67 b,15.72584,0.8,3.9862,3.8,0.122,0.98
11656918,K01945.01,Kepler-1023 b,62.1402,0.8,4.4408,2.7,0.292,0.81
3732821,K01207.01,Kepler-790 b,13.73468,0.8,2.4329,2.6,0.103,0.81
5084942,K00161.01,Kepler-475 b,3.1055091,0.8,1.744,2.68,0.039,0.798
4913852,K00818.01,Kepler-691 b,8.114368,0.8,2.4403,2.29,0.064,0.509
3114167,K00795.01,Kepler-684 b,6.770278,0.8,1.9859,3.5,0.069,0.86
11754553,K00775.01,Kepler-52 c,16.385,0.8,3.1252,1.93,0.105,0.548
11442465,K00768.01,,33.933583,0.8,12.6181,7.13,0.189,0.687
11013201,K00972.02,,7.82257,0.8,3.1148,1.73,0.098,2.92
10395381,K00740.01,Kepler-659 b,17.67168,0.8,3.43,2.21,0.119,0.671
11246364,K00539.01,,200,0.799,7.2668,1.21,0.67,1.09
6937692,K00513.01,Kepler-584 b,35.18112,0.799,7.6647,4,0.223,1.14
8700771,K01283.01,Kepler-806 b,8.09214,0.799,5.9432,1.46,0.078,1.65
8547140,K01266.01,Kepler-801 b,11.419267,0.799,4.2208,2.05,0.085,0.597
6021275,K00284.02,Kepler-132 A c,6.414842,0.798,3.5547,1.28,0.067,1.03
6021193,K02148.03,Kepler-363 b,3.614609,0.798,3.3889,1.61,0.047,1.91
10549023,K02131.01,Kepler-1112 b,14.36274,0.798,4.9824,2.6,0.125,1.2
8247638,K00907.01,Kepler-251 c,16.51395,0.798,4.3213,3.6,0.125,1.09
4914423,K00108.01,Kepler-103 b,15.965349,0.797,4.6518,2.94,0.13,1.21
6941084,K02348.01,Kepler-1204 b,85.7428,0.797,8.7782,3,0.385,1.07
11361646,K00330.01,Kepler-524 b,7.974157,0.7963,5.495,2.4,0.079,1.25
6707833,K00563.01,Kepler-602 b,15.28462,0.796,6.0978,1.92,0.124,1
8043714,K01765.01,,6.8149853,0.796,2.801,14.8,0.067,0.8
7449136,K01890.01,Kepler-1002 b,4.336491,0.796,4.3106,1.5,0.055,1.32
8953257,K01383.01,,3.22178448,0.796,3.0053,28,0.044,1.09
6685609,K00665.01,Kepler-207 d,5.86805,0.795,4.1366,2.5,0.065,1.1
8609450,K01278.03,Kepler-282 b,9.22123,0.795,3.6721,1.29,0.088,0.99
8813698,K01268.01,,268.9424,0.795,5.7076,12,0.849,1.08
10187017,K00082.05,Kepler-102 b,5.286978,0.794,2.4394,0.54,0.055,0.736
10187017,K00082.01,Kepler-102 e,16.145685,0.794,3.7544,2.54,0.116,0.736
9289704,K02222.01,,34.1323,0.794,9.3297,4.33,0.249,1.589
10002866,K00723.01,Kepler-222 b,3.9369952,0.793,1.8425,3,0.046,0.76
11153121,K01647.02,Kepler-313 c,32.2757,0.793,7.2532,1.96,0.196,1.08
10351767,K01153.01,,0.6350702,0.792,1.5957,24.2,0.015,1.07
1432789,K00992.01,Kepler-745 b,9.93161,0.792,5.8836,1.85,0.09,0.88
7455981,K03096.01,Kepler-1425 b,14.45414,0.79,6.9316,0.88,0.112,0.93
8344004,K00573.02,Kepler-188 b,2.06187,0.79,1.9543,1.84,0.032,1.12
8429314,K02624.01,Kepler-1294 b,115.6879,0.79,5.2783,2.8,0.472,0.85
4178606,K02728.01,Kepler-1326 b,42.35113,0.79,7.7678,3.7,0.261,1.34
2989706,K02692.01,,1.2576893,0.79,0.996,3.1,0.022,0.85
9815053,K02923.01,,5.838947,0.79,1.1893,1.4,0.059,0.76
6716545,K02906.02,,145.8926,0.79,9.2877,1.47,0.57,1.33
7810483,K01943.01,,29.922091,0.79,2.9201,2.1,0.193,0.98
9458343,K02246.01,Kepler-1156 b,11.89534,0.79,3.5681,1.48,0.104,0.95
5706966,K01908.01,Kepler-333 A b,12.55096,0.79,3.1628,1.44,0.089,0.571
9656252,K02044.01,Kepler-1068 b,16.92333,0.79,4.3816,3.4,0.132,0.95
7955580,K01711.01,Kepler-934 b,55.67454,0.79,4.033,2.2,0.257,0.72
9520838,K01866.01,Kepler-987 b,105.308,0.79,6.3378,3.9,0.442,0.93
2014991,K02178.01,,6.496807,0.79,2.7451,2.5,0.074,2
5959753,K00226.01,Kepler-496 b,8.308485,0.79,3.2543,2.33,0.075,0.73
8235924,K02347.01,Kepler-1203 b,0.5879933,0.79,1.2577,1.01,0.011,0.532
8260902,K02144.01,Kepler-1118 b,38.66952,0.79,5.4674,4.32,0.217,1.54
12506770,K01577.01,Kepler-895 b,2.806242,0.79,1.8127,1.46,0.033,0.566
5008501,K01666.01,,0.9680274,0.79,0.8737,1.7,0.02,1.11
8937021,K01394.01,,5.663616,0.79,1.6285,3.5,0.055,0.69
8685497,K01629.01,Kepler-914 b,4.409673,0.79,2.0931,1.49,0.055,1.15
9597806,K01481.01,Kepler-860 b,5.10137,0.79,2.6206,3.2,0.059,0.99
4049131,K00811.01,Kepler-687 b,20.505935,0.79,4.3352,3.6,0.131,0.69
8414716,K00910.01,Kepler-721 b,5.392066,0.79,3.1037,2.67,0.056,0.7
7678434,K00892.02,,3.970006,0.79,1.3638,1.31,0.045,0.74
11754553,K00775.03,Kepler-52 d,36.44591,0.79,4.1756,1.96,0.179,0.548
1865042,K01002.01,Kepler-746 b,3.481538,0.79,1.7906,1.36,0.045,1.012
2849805,K01116.01,Kepler-773 b,3.749103,0.79,1.7549,1.57,0.047,1.05
6678383,K00111.04,,103.627,0.79,6.889,0.77,0.402,0.93
5866724,K00085.03,Kepler-65 d,8.131146,0.789,4.363,1.41,0.084,1.197
5966322,K00303.01,Kepler-517 A b,60.9292,0.789,6.6005,3.12,0.294,1.03
7269974,K00456.02,Kepler-160 b,4.309405,0.789,3.1265,1.66,0.052,0.92
6528464,K00270.01,Kepler-449 b,12.5825,0.789,6.4462,1.8,0.104,1.46
8247638,K00907.03,Kepler-251 b,4.790873,0.789,2.8012,1.66,0.055,1.09
6613006,K01223.01,,7.38883324,0.788,4.9197,11.5,0.074,0.89
10272442,K00734.01,Kepler-657 b,24.54362,0.788,7.7978,3.4,0.167,0.92
4275721,K01342.02,Kepler-825 c,8.181943,0.787,2.5128,2.14,0.083,1.09
6975129,K01628.01,Kepler-312 c,19.747469,0.787,3.5427,2.85,0.153,1.192
6061119,K00846.01,Kepler-699 b,27.807543,0.7844,4.1659,16.2,0.18,0.91
6267535,K00660.01,Kepler-638 b,6.079629,0.784,7.2182,2.8,0.063,1.49
10004738,K01598.02,Kepler-310 d,92.8756,0.784,7.1491,2.5,0.397,0.9
5374854,K00645.02,,23.78362,0.783,8.0072,2.9,0.175,1.67
9896558,K01718.01,Kepler-937 b,67.66919,0.783,10.1638,3.8,0.332,1.13
10481045,K02320.01,,2.037315,0.783,3.8913,0.99,0.031,0.88
8630788,K01258.01,Kepler-281 c,36.33767,0.782,6.7665,4.9,0.211,0.84
8488878,K01248.01,,5.8018767,0.781,3.6082,17.1,0.063,0.71
5966154,K00655.02,Kepler-201 c,151.886,0.78,12.0628,2.55,0.588,1.24
8361905,K00689.01,Kepler-646 b,15.87369,0.78,3.5036,1.96,0.123,0.83
5774349,K00557.01,Kepler-599 b,15.65558,0.78,4.017,2.64,0.112,0.78
8015907,K00517.01,Kepler-585 b,2.7523623,0.78,2.1374,3.4,0.037,1.09
3756264,K03108.01,,7.362723,0.78,1.492,2,0.074,0.89
10973664,K00601.03,Kepler-619 c,1.2084485,0.78,1.4977,1.62,0.023,0.98
10187017,K00082.02,Kepler-102 d,10.311732,0.78,3.2071,1.34,0.086,0.736
12404954,K00361.01,Kepler-537 b,3.247583,0.78,2.5716,1.53,0.043,0.99
10019643,K00471.01,Kepler-163 c,21.34735,0.78,3.899,2.3,0.149,0.85
7977197,K00459.01,Kepler-162 c,19.446313,0.78,3.6532,3.3,0.139,0.98
8481129,K02402.01,Kepler-1223 b,16.30177,0.78,4.0154,1.12,0.111,0.66
6697605,K02851.01,,3.420638,0.78,1.6814,2.1,0.044,0.95
9092504,K02716.02,,6.460056,0.78,1.9422,2,0.067,0.85
9837661,K02715.03,,5.720856,0.78,2.7756,2.7,0.053,0.6
5794570,K02675.01,Kepler-1312 b,5.4483247,0.78,2.2335,2.16,0.06,0.84
10028535,K02493.01,Kepler-1259 b,0.6630983,0.78,1.1514,1.32,0.014,0.699
5695396,K00283.01,Kepler-131 b,16.091941,0.78,2.9258,2.41,0.126,1.034
12164564,K02780.01,Kepler-1343 b,3.351824,0.78,2.0008,2.3,0.045,1.01
10271691,K02240.01,,63.9125,0.78,18.5535,0.89,0.297,0.75
8367644,K01879.01,Kepler-993 b,22.08515,0.78,2.238,5.5,0.132,0.93
9790806,K02035.01,Kepler-1066 b,1.9315635,0.78,1.6181,2.64,0.029,1.11
11069176,K02007.02,Kepler-1050 c,21.12902,0.78,3.8228,1.52,0.151,1.05
7033233,K02339.01,Kepler-1197 b,2.032317,0.78,1.1327,1.13,0.027,0.636
4545187,K00223.01,Kepler-121 b,3.1774266,0.78,1.5249,2.84,0.04,0.75
11875734,K01828.01,Kepler-966 b,99.7469,0.78,6.6888,4.7,0.404,1.18
7870032,K01818.01,Kepler-961 b,16.877342,0.78,3.9137,3.5,0.125,1.09
8175131,K02139.01,,4.2712108,0.78,2.8433,3.5,0.047,0.75
9836149,K01958.01,Kepler-66 b,17.81563,0.78,3.4131,2.94,0.135,0.92
8321314,K02293.01,,15.03343,0.78,3.4022,2,0.112,0.93
4140813,K02117.01,,13.36011,0.78,2.7107,1.77,0.094,0.573
4079535,K01322.01,,17.727244,0.78,3.8542,15.1,0.137,0.95
10973814,K01307.01,Kepler-287 c,44.85199,0.78,3.5334,3.1,0.241,1
10904857,K00194.01,Kepler-488 b,3.12082903,0.78,2.0209,14.5,0.043,0.98
7938496,K00900.01,,13.80994,0.78,3.1191,4.6,0.112,1.11
10987985,K00758.01,Kepler-665 b,16.01285,0.78,3.3152,2.7,0.111,0.71
6185331,K01727.01,Kepler-943 b,49.76999,0.779,10.4799,5.8,0.263,0.87
4077526,K01336.01,Kepler-58 b,10.21851,0.779,3.9103,2.6,0.093,1.09
3342970,K00800.02,Kepler-234 c,7.212031,0.779,4.205,3.4,0.075,1
3964109,K00393.01,Kepler-544 b,21.41664,0.778,7.0452,1.97,0.157,1.04
8609450,K01278.02,Kepler-282 e,44.34713,0.778,6.6417,3.1,0.252,0.99
8800954,K01274.01,Kepler-421 b,362,0.778,16.7283,4.73,0.923,0.787
6422155,K00510.02,Kepler-172 c,6.388987,0.777,3.3151,2.5,0.064,0.97
8613535,K02263.01,,29.96819,0.777,6.7959,2.02,0.196,1.03
10028792,K01574.02,Kepler-87 c,573.96,0.777,16.7212,3.2,1.332,0.85
7287683,K01622.01,,69.83732,0.776,8.5527,3.6,0.397,2.03
8013419,K00901.01,,12.73262,0.776,2.1665,5.12,0.091,0.567
4077526,K01336.02,Kepler-58 c,15.5738,0.775,4.5291,2.6,0.124,1.09
6305192,K00219.01,Kepler-494 b,8.0251044,0.7745,5.7437,5,0.076,0.82
5866724,K00085.01,Kepler-65 c,5.859933,0.773,4.1078,2.36,0.068,1.197
8866102,K00042.01,Kepler-410 A b,17.834381,0.773,4.655,2.71,0.141,1.36
10937029,K00433.02,Kepler-553 c,328.2402,0.772,12.1363,10.7,0.859,0.83
5631630,K02010.01,Kepler-1051 b,25.96264,0.772,6.2173,2.5,0.188,1.33
8193178,K00572.01,Kepler-187 c,10.640211,0.771,5.4494,2.7,0.095,1.15
9904006,K02135.01,Kepler-361 c,55.18815,0.771,9.381,2.55,0.296,1.23
6357290,K03040.01,,4.809999,0.77,1.9978,1.13,0.055,0.58
11823054,K00543.01,Kepler-181 c,4.302163,0.77,2.0146,2.29,0.049,0.75
5218441,K00407.01,,3.6137575,0.77,5.3533,7.7,0.047,0.95
2557816,K00488.01,Kepler-575 b,9.379012,0.77,3.2783,2.31,0.085,0.91
11192998,K00481.01,Kepler-166 b,7.650262,0.77,2.8496,2.6,0.073,0.78
10460984,K00474.04,Kepler-164 b,5.035023,0.77,1.6181,1.48,0.06,1.1
8616637,K00579.01,Kepler-190 b,2.020012,0.77,1.8487,1.51,0.029,0.74
9589524,K00468.01,Kepler-563 b,22.184312,0.77,3.2145,3.4,0.141,0.77
9153554,K03044.01,,0.37368571,0.77,0.9417,2.4,0.01,0.93
10068024,K02891.01,,2.0231294,0.77,1.3357,1.04,0.033,1.09
9837661,K02715.01,Kepler-1321 b,11.128312,0.77,2.8827,5.8,0.082,0.6
8758204,K02841.01,,159.3909,0.77,6.6762,2.7,0.547,0.76
3116302,K02526.01,,134.961,0.77,17.9461,1.26,0.526,1.08
7183745,K02521.02,,4.86643,0.77,2.1327,1.35,0.054,0.69
7199906,K01739.01,,220.657,0.77,7.8216,2.1,0.721,0.92
5706966,K01908.02,Kepler-333 A c,24.08826,0.77,4.0304,1.16,0.138,0.571
10213902,K01723.01,Kepler-940 b,59.62217,0.77,6.5098,3.5,0.305,0.96
7304449,K01702.01,Kepler-1650 b,1.5381625,0.77,1.1291,1.54,0.021,0.479
5602588,K02369.02,,6.31451,0.77,2.0512,1.77,0.068,0.95
3548044,K02194.01,Kepler-371 b,34.76359,0.77,4.1338,1.84,0.212,0.95
7286173,K01862.01,Kepler-986 b,56.435,0.77,4.8229,2.3,0.283,0.85
4056616,K02013.01,Kepler-1053 b,2.41436,0.77,1.3318,0.86,0.03,0.558
9839821,K02012.01,Kepler-1052 b,34.85333,0.77,5.4063,2.71,0.208,0.88
11121752,K02333.02,Kepler-380 c,7.63018,0.77,2.867,1.62,0.079,1.34
8495415,K02362.02,Kepler-1208 b,11.08487,0.77,1.9722,2.6,0.093,0.84
10779233,K01989.01,Kepler-1040 b,201.1232,0.77,10.5584,3.05,0.657,1.14
8561231,K02346.01,Kepler-1202 b,28.68549,0.77,5.5383,2.52,0.181,0.85
5195172,K01671.01,,1.480311,0.77,2.6757,1.1,0.026,1.25
7458762,K00887.01,Kepler-713 b,7.411138,0.77,2.5934,2.5,0.074,0.89
6949607,K00870.01,Kepler-28 b,5.912262,0.77,2.5058,2.17,0.056,0.638
6862603,K00866.01,,2.861164,0.77,1.5258,3.7,0.04,0.97
8561063,K00961.01,Kepler-42 b,1.2137703,0.77,0.5423,3.46,0.019,0.681
9415172,K00938.02,Kepler-255 d,1.045632,0.77,1.8348,1.28,0.019,0.8
7449541,K02063.01,Kepler-1078 b,3.007257,0.769,4.1821,1.57,0.04,0.85
7663691,K00891.01,Kepler-715 b,10.006563,0.769,5.1152,3.1,0.092,0.95
3114811,K01117.01,Kepler-774 b,11.08942,0.768,6.3607,2.2,0.107,1.58
3858804,K00391.01,,25.95068,0.767,13.1767,5.85,0.188,2.43
5088536,K00282.03,Kepler-130 A d,87.5187,0.767,5.6712,1.09,0.381,1.11
9006186,K02169.03,,4.272354,0.767,2.2432,0.71,0.048,0.93
3342970,K00800.01,Kepler-234 b,2.711482,0.767,3.1265,3.2,0.039,1
10587105,K00339.01,Kepler-529 b,1.9803619,0.766,2.5299,1.92,0.032,1.04
8410727,K01148.01,Kepler-270 b,11.47613,0.766,4.9349,1.87,0.105,1.28
7031517,K00871.01,,12.9406716,0.7659,2.3741,19.8,0.108,0.9
6681233,K00562.01,,32.63286247,0.7657,3.0758,0.56,0.193,0.8
11811193,K02260.01,Kepler-1163 b,6.117982,0.764,3.8114,0.97,0.069,1.12
8609450,K01278.01,Kepler-282 d,24.80446,0.763,5.5428,2.46,0.171,0.99
9842906,K01493.01,,4.9887,0.763,8.3797,1.84,0.059,0.91
7626506,K00150.02,Kepler-112 c,28.57414,0.762,5.1899,3.7,0.18,1.15
3531558,K00118.01,Kepler-467 b,24.99334,0.762,5.9672,1.69,0.167,0.93
8480285,K00691.02,Kepler-647 b,16.22547,0.761,6.4335,1.39,0.13,1.18
3742855,K00045.01,,6.3971906,0.761,5.2283,10.45,0.059,0.723
11153121,K01647.01,Kepler-313 b,14.97015,0.761,5.9628,1.97,0.117,1.08
10973664,K00601.01,Kepler-619 b,5.404283,0.76,2.544,3,0.062,0.98
7364176,K00373.01,,135.1898,0.76,8.9261,2.52,0.487,0.909
10275766,K02810.02,,354.963,0.76,15.6805,2.4,1.022,1.05
8379705,K02507.01,,11.12956,0.76,2.6971,2.2,0.1,0.98
7609553,K02924.01,Kepler-1387 b,2.279533,0.76,1.6267,0.9,0.03,0.72
9955598,K01925.01,Kepler-409 b,68.95803,0.76,2.9869,1.12,0.316,0.947
5942808,K02250.01,,2.935346,0.76,1.4126,2.9,0.038,0.87
7668663,K01898.01,Kepler-1005 b,6.498013,0.76,2.3377,1.56,0.069,1.04
6205228,K01882.01,Kepler-996 b,3.770567,0.76,1.822,1.83,0.048,0.97
9634821,K02037.01,,73.7571,0.76,2.7851,5.4,0.338,1.14
2304320,K02033.01,Kepler-1064 b,16.54091,0.76,2.8218,1.51,0.119,0.71
9758089,K01871.02,,32.3767,0.76,4.1242,1.82,0.172,0.616
11566256,K02361.01,,5.783926,0.76,1.584,1.9,0.064,0.93
5629538,K02345.01,Kepler-1201 b,15.18701,0.76,4.2445,1.91,0.123,1.08
6383785,K00239.01,Kepler-501 b,5.640662,0.76,2.9389,4,0.064,1.02
10253547,K02153.01,Kepler-364 c,59.9802,0.76,6.7966,2.2,0.319,1.17
6774537,K02146.01,Kepler-1120 b,2.949017,0.76,2.0906,1.5,0.036,0.71
3869825,K01178.01,,4.8006507,0.76,7.7225,17.6,0.061,1.26
10599397,K01285.01,,0.937444,0.76,1.9388,7,0.019,0.9
4650733,K01659.01,,29.53838,0.76,4.3261,2.7,0.2,1.16
11764462,K01531.01,Kepler-884 b,5.699215,0.76,2.4901,1.46,0.063,1.06
10621666,K01636.01,,2.618349,0.76,3.2334,1.26,0.037,0.92
9388479,K00936.01,Kepler-732 b,9.467839,0.76,2.6326,2.58,0.07,0.496
5358241,K00829.01,Kepler-53 b,18.64895,0.76,4.4815,3.1,0.141,0.97
8222813,K01069.01,Kepler-760 b,8.704142,0.76,3.083,4.2,0.083,1.17
12404086,K00788.01,Kepler-681 b,26.39452,0.76,3.5254,3,0.16,0.7
7373451,K00881.01,Kepler-712 b,21.02236,0.76,4.259,3.31,0.14,0.722
9823457,K00954.02,Kepler-259 c,36.92564,0.76,4.9031,3.1,0.218,0.91
9823457,K00954.01,Kepler-259 b,8.115313,0.76,2.9428,2.9,0.079,0.91
8478994,K00245.03,Kepler-37 b,13.36744,0.759,2.9142,0.31,0.1,0.728
8958035,K01391.01,,7.9811836,0.759,1.5774,8.8,0.081,1.02
5120087,K00639.01,Kepler-631 b,17.97988,0.758,5.769,2.7,0.142,1.11
10189546,K00427.02,Kepler-549 b,42.95011,0.758,5.5153,2.7,0.227,0.85
7584650,K02631.01,,44.9995,0.758,8.6108,1.6,0.253,1.2
4077526,K01336.04,,4.458252,0.758,3.0377,1.7,0.054,1.09
8121310,K00317.01,Kepler-521 b,22.20792,0.757,7.5436,4.3,0.173,1.82
9006449,K01413.01,Kepler-295 b,12.64481,0.755,8.668,1.53,0.102,0.94
9450647,K00110.01,Kepler-465 b,9.940678,0.754,3.9767,3,0.097,1.21
9955262,K00076.01,,77.47848,0.754,10.8692,8.6,0.408,2.19
11153121,K01647.03,,6.33091,0.754,4.4753,1.09,0.066,1.08
10905239,K00046.01,Kepler-101 b,3.4876878,0.7535,4.0237,4.33,0.047,1.105
7877496,K00202.01,Kepler-412 b,1.72086037,0.753,2.0479,11.2,0.029,1.03
8802165,K00694.01,Kepler-648 b,17.421125,0.752,5.0983,2.87,0.13,0.86
7939330,K01581.02,Kepler-896 b,144.5431,0.752,16.1541,2.9,0.519,0.81
11566064,K00353.02,,30.65268,0.751,4.9635,2.3,0.211,1.3
9664142,K02654.01,Kepler-1305 b,13.56315,0.751,5.9063,1.76,0.111,0.88
5706595,K02183.01,Kepler-370 c,19.02339,0.751,3.8962,1.88,0.139,0.88
7802136,K01449.01,,10.9802455,0.751,3.8219,25,0.097,0.98
9873254,K00717.02,Kepler-653 c,3.601506,0.75,1.3196,0.95,0.047,1.077
3745690,K00442.03,Kepler-157 d,7.025763,0.75,2.3394,1.52,0.072,0.92
9527334,K00049.01,Kepler-461 b,8.313759,0.75,3.0819,3.24,0.083,1.044
4270253,K00551.02,Kepler-183 b,5.688018,0.75,2.285,2,0.062,0.88
10858832,K00432.01,Kepler-552 b,5.2634076,0.75,2.0595,3.5,0.06,1
12072872,K03017.01,,2.462885,0.75,1.9851,0.77,0.035,1.05
5695904,K02983.01,,0.42385469,0.75,1.0099,0.88,0.009,0.501
6381846,K00509.02,Kepler-171 c,11.463527,0.75,2.6646,2.8,0.097,0.83
8554498,K00005.02,,7.05186,0.75,3.6882,0.66,0.075,1.42
5209845,K02883.01,Kepler-1378 b,11.954051,0.75,2.6664,2.5,0.088,0.72
8081899,K02426.01,Kepler-1235 b,4.160693,0.75,2.3678,0.79,0.049,0.78
3234598,K02413.02,Kepler-383 c,31.20013,0.75,3.7038,1.26,0.17,0.645
8676148,K02544.01,Kepler-1273 b,28.62525,0.75,4.7325,2.3,0.18,0.84
11246161,K02796.01,,0.5374126,0.75,1.2022,1.08,0.013,0.97
3119256,K02784.01,,4.142435,0.75,2.5929,1.87,0.058,2.12
10978763,K01931.03,Kepler-339 c,6.98825,0.75,3.2955,1.23,0.07,0.83
12505654,K02353.01,,5.186781,0.75,0.8163,2,0.054,0.73
11288051,K00241.02,Kepler-124 d,30.95053,0.75,4.4384,1.37,0.182,0.74
5080636,K01843.02,,6.356006,0.75,1.3406,0.8,0.054,0.494
6383785,K00239.02,,3.622714,0.75,2.4363,1.41,0.048,1.02
5211199,K02158.01,,4.562143,0.75,2.7098,1.59,0.052,1.55
11129738,K01427.01,Kepler-844 b,2.613004,0.75,1.8183,1.37,0.031,0.541
8454250,K01254.01,,5.082748,0.75,6.0492,3.4,0.052,0.758
6924203,K01370.01,Kepler-829 b,6.883593,0.75,2.0805,1.87,0.07,0.84
6837146,K01362.01,,20.51321,0.75,3.2982,2.7,0.143,0.79
12252424,K00153.02,Kepler-113 b,4.753994,0.75,2.5968,2.07,0.05,0.687
7907423,K00899.01,Kepler-249 c,7.113726,0.75,2.2133,1.57,0.058,0.492
10854555,K00755.01,Kepler-664 b,2.525612,0.75,1.648,2.8,0.036,1
7109675,K00872.01,Kepler-46 b,33.601789,0.75,4.3739,7.2,0.191,0.76
9875711,K00956.01,Kepler-742 b,8.360847,0.75,2.8178,3.17,0.07,0.628
9388479,K00936.02,Kepler-732 c,0.8930477,0.75,1.1894,1.47,0.015,0.496
9663113,K00179.01,Kepler-458 c,20.740555,0.7495,10.9891,3.7,0.15,1.04
12120484,K02407.01,Kepler-1226 b,17.29184,0.748,6.9108,1.52,0.135,1.01
9006186,K02169.02,,3.266606,0.748,2.1255,0.75,0.04,0.93
9530945,K00708.02,Kepler-216 b,7.693491,0.747,4.9743,1.96,0.079,1.05
6422155,K00510.01,Kepler-172 b,2.940321,0.747,2.6996,2.3,0.038,0.97
5009743,K01609.01,Kepler-906 b,41.69831,0.747,5.6911,2.4,0.245,1.06
10545066,K00337.01,Kepler-528 b,19.78302,0.746,5.6089,1.96,0.145,0.94
9076513,K00583.01,Kepler-611 b,2.437018,0.745,3.3839,1.5,0.036,0.91
10617017,K02149.01,Kepler-1121 b,13.15127,0.744,5.3559,1.53,0.115,1.43
8494142,K00370.01,Kepler-145 c,42.88255,0.742,9.8983,4.32,0.261,1.98
9592705,K00288.01,,10.275394,0.742,6.4571,3.12,0.104,1.95
6448890,K01241.02,Kepler-56 b,10.50343,0.741,13.5401,3.84,0.104,3.14
6020753,K00657.02,Kepler-202 c,16.28247,0.74,2.9346,2.05,0.111,0.659
9458613,K00707.05,Kepler-33 b,5.668075,0.74,4.8438,1.79,0.068,1.82
5640085,K00448.01,Kepler-159 b,10.139614,0.74,2.7202,2.21,0.079,0.597
7419318,K00313.01,Kepler-137 c,18.735721,0.74,3.0961,2.21,0.134,0.858
8895758,K03106.01,Kepler-1427 b,0.9689678,0.74,1.4063,1.25,0.02,0.99
10599206,K00476.01,Kepler-566 b,18.42787,0.74,2.9478,2.2,0.125,0.78
8558011,K00577.02,Kepler-607 b,0.638154,0.74,0.957,1.46,0.014,1.15
10878263,K00341.01,Kepler-414 c,7.170732,0.74,3.0482,2.97,0.072,0.933
10552611,K00338.02,Kepler-141 b,3.107528,0.74,2.1081,17.5,0.042,19.2
6507427,K02455.01,,4.742536,0.74,1.0202,1.81,0.056,0.92
6432345,K02757.01,,234.6356,0.74,7.4352,3.3,0.721,0.98
10018233,K02655.01,Kepler-1306 b,16.29571,0.74,2.2165,1.8,0.125,0.86
8544992,K02466.02,Kepler-388 c,13.29724,0.74,3.055,1.06,0.094,0.606
9729691,K01751.01,Kepler-949 b,8.689298,0.74,2.7421,2.9,0.076,0.79
8230616,K01713.01,Kepler-316 c,6.827818,0.74,2.3693,1.41,0.059,0.557
9489524,K02029.01,Kepler-352 c,16.33279,0.74,2.1815,1.33,0.118,0.725
10670119,K02179.02,Kepler-369 b,2.732786,0.74,1.006,1.6,0.03,0.6
11656246,K01532.01,Kepler-885 b,18.1145,0.74,5.0633,2.15,0.143,1.29
6934291,K01367.01,Kepler-828 b,0.5678562,0.74,1.0213,1.41,0.012,0.699
9970525,K00154.01,,30.00909,0.74,3.1501,1.06,0.201,1.21
9401997,K01633.01,Kepler-916 b,32.29861,0.74,5.0066,1.71,0.188,0.75
3940418,K00810.01,,4.783,0.74,2.4966,2.6,0.05,0.74
3116412,K01115.01,Kepler-772 b,12.99178,0.74,6.1004,2.13,0.105,1.23
8156120,K00318.01,Kepler-522 b,38.58336,0.7396,10.6986,5.19,0.247,1.38
7212184,K02487.01,Kepler-1255 b,36.2929,0.739,7.7281,1.98,0.221,1.02
5108214,K01924.01,,2.119128,0.739,4.8907,1.35,0.036,1.91
7939330,K01581.01,,29.53941,0.739,9.5899,2.3,0.18,0.81
5534941,K02332.01,,3.700563,0.735,5.2106,1.37,0.046,1.57
6541920,K00157.03,Kepler-11 e,31.995467,0.735,4.2748,4.18,0.196,1.06
7626506,K00150.01,Kepler-112 b,8.408916,0.734,3.5964,3.5,0.079,1.15
9641481,K02152.01,Kepler-1122 b,42.19301,0.733,7.3123,2.04,0.232,0.82
4076098,K01323.01,Kepler-817 b,3.9901099,0.733,2.5116,6.4,0.05,0.75
6196457,K00285.02,Kepler-92 c,26.72428,0.7323,8.6946,2.6,0.184,1.53
11656302,K00434.01,,22.2648059,0.732,7.5572,13.1,0.152,0.85
9088780,K02640.01,,33.1809,0.732,15.2416,9.36,0.226,4.11
8478994,K00245.01,Kepler-37 d,39.792232,0.732,4.5717,1.94,0.208,0.728
6021193,K02148.02,Kepler-363 c,7.54236,0.732,4.8648,2.36,0.077,1.91
10337258,K00333.01,Kepler-527 b,13.285388,0.731,6.2576,2.5,0.117,1.17
8972058,K00159.01,Kepler-115 c,8.990916,0.731,4.1668,2.8,0.086,1.19
7124613,K00673.01,Kepler-642 b,4.417463,0.73,3.0297,2.25,0.056,1.24
12470954,K00439.02,,5.40534,0.73,2.3245,0.88,0.057,0.76
8037145,K00520.02,Kepler-176 b,5.433043,0.73,2.43,1.4,0.055,0.79
11192998,K00481.03,Kepler-166 c,34.26062,0.73,4.9648,2.7,0.198,0.78
10878263,K00341.02,Kepler-414 b,4.69964,0.73,2.6258,1.69,0.054,0.933
6516185,K02445.01,,47.3635,0.73,5.3166,2.9,0.259,0.96
12120307,K02597.03,,5.6135,0.73,2.8273,1.37,0.065,1.1
11752906,K00253.01,,6.38317,0.73,1.7941,2.34,0.055,0.522
9642292,K02946.01,Kepler-1392 b,15.14112,0.73,4.3595,2.2,0.121,0.85
4172746,K02531.01,,17.69931,0.73,2.5436,2.1,0.122,0.74
8947520,K02517.01,Kepler-1264 b,0.96852,0.73,1.284,1.25,0.019,0.99
9593757,K02774.01,,2.4943022,0.73,2.3007,5.19,0.021,0.27
8544992,K02466.01,Kepler-388 b,3.173338,0.73,1.92,0.95,0.036,0.606
7097965,K02083.01,,7.72087,0.73,1.6438,2.2,0.079,1.25
11622600,K01876.01,Kepler-991 b,82.53186,0.73,5.0278,2.73,0.316,0.59
9597058,K01819.01,Kepler-962 b,12.057086,0.73,2.3093,1.98,0.099,0.79
11187436,K01804.01,Kepler-957 b,5.907393,0.73,1.1733,5.9,0.058,0.73
10287723,K01174.01,,330,0.73,9.3024,2.37,0.796,0.587
11176127,K01430.01,Kepler-298 b,10.475426,0.73,2.3445,2.24,0.082,0.635
7768451,K01527.01,,192.6747,0.73,4.7843,4.2,0.628,1.18
9288786,K01390.01,,1.74410132,0.73,1.5585,6.36,0.024,0.564
6198999,K01687.01,Kepler-928 b,3.932449,0.73,2.2252,1.48,0.043,0.664
8150320,K00904.01,Kepler-55 d,2.2111068,0.73,1.7211,1.59,0.029,0.602
1431122,K00994.01,,4.298863,0.73,2.4503,1.28,0.049,0.88
11192141,K00977.01,,1.3537763,0.73,4.7394,63.5,0.024,16.5
6949607,K00870.02,Kepler-28 c,8.9857,0.73,3.0259,2.02,0.074,0.638
6850504,K00070.04,Kepler-20 A e,6.098496,0.729,2.7716,0.91,0.063,0.939
3239945,K00490.03,Kepler-167 A c,7.406105,0.729,2.8874,1.54,0.066,0.7
4741126,K01534.02,Kepler-887 c,7.63861,0.728,4.1058,0.95,0.08,1.12
8672910,K00918.02,,5.714834,0.728,2.1752,1.44,0.06,0.83
8644288,K00137.02,Kepler-18 d,14.85894,0.725,3.6292,6.01,0.116,0.978
3128793,K01786.01,,24.678853,0.7248,14.4315,6.28,0.145,0.637
8480285,K00691.01,,29.66653,0.724,8.5703,3.26,0.195,1.18
7115785,K00672.03,,0.566869,0.724,3.4199,0.55,0.013,1
10933561,K00291.01,Kepler-133 c,31.51789,0.724,7.7278,2.73,0.197,1.34
4144576,K02202.01,Kepler-1139 b,0.8131804,0.724,1.4592,1.04,0.016,0.73
5077629,K00822.01,,7.9193704,0.723,3.2647,11.3,0.077,0.85
6603043,K00368.01,,110.321605,0.7224,13.32,18.9,0.576,2.05
9458613,K00707.03,Kepler-33 e,31.78466,0.722,8.9695,4.1,0.214,1.82
6470149,K01230.01,,165.72106,0.7216,27.2591,37.1,0.672,4.12
10454313,K00532.01,Kepler-588 b,4.221644,0.72,3.0296,2.7,0.052,0.98
9941859,K00528.02,Kepler-178 d,96.672,0.72,5.9842,3.6,0.397,1.05
11802615,K00296.01,Kepler-513 b,28.86231,0.72,5.361,2.4,0.187,1.07
12352520,K03094.01,,4.577026,0.72,1.0162,1.53,0.045,0.513
6609270,K03090.01,,3.822234,0.72,1.9055,1.6,0.04,0.7
9279669,K00585.01,Kepler-612 b,3.72218,0.72,2.0443,2.48,0.046,0.82
11192998,K00481.02,Kepler-166 d,1.554001,0.72,1.7861,1.7,0.025,0.78
11621223,K00355.01,Kepler-535 b,4.903349,0.72,2.8721,2.35,0.061,1.214
8355239,K00574.01,Kepler-189 c,20.13493,0.72,3.672,2.53,0.136,0.72
8193178,K00572.02,Kepler-187 b,4.93892,0.72,4.4939,1.36,0.057,1.15
6436029,K02828.01,Kepler-1359 b,59.49786,0.72,5.6021,4.1,0.286,1.04
11133306,K00276.01,Kepler-509 b,41.74591,0.72,4.6798,2.5,0.242,1.14
1996180,K02534.01,Kepler-1271 b,3.025534,0.72,3.0542,1.15,0.042,1.02
10880507,K02936.01,Kepler-1390 b,6.480178,0.72,3.2845,1.1,0.067,0.84
8429566,K02511.01,,3.732241,0.72,2.0053,1.31,0.046,0.92
7045496,K01939.01,Kepler-1021 b,13.474881,0.72,2.5493,2.2,0.106,0.77
3967326,K02084.01,,4.195803,0.72,2.1369,3.5,0.051,1.12
7219761,K01927.01,,47.764,0.72,4.0834,1.27,0.265,1.76
9411166,K01922.01,Kepler-1016 b,1.954541,0.72,2.0998,2.04,0.031,0.95
11030475,K02248.01,,2.818125,0.72,1.8963,1.45,0.037,0.75
9758089,K01871.01,,92.725,0.72,6.3347,2.21,0.346,0.616
8556077,K02027.01,,3.6357082,0.72,2.2964,1.38,0.05,1.5
11288051,K00241.01,Kepler-124 c,13.821387,0.72,3.6067,2.23,0.106,0.74
8247771,K02344.01,Kepler-1200 b,1.118557,0.72,1.6871,1.01,0.018,0.589
4249725,K00222.02,Kepler-120 c,12.794594,0.72,3.5011,1.85,0.093,0.592
8042453,K02304.01,Kepler-1182 b,11.1736,0.72,3.334,1.55,0.098,0.9
8041216,K00237.01,Kepler-500 b,8.508355,0.72,3.5148,2.4,0.081,0.89
4813563,K01959.01,Kepler-1026 b,36.51567,0.72,3.6103,2.2,0.192,0.69
4249725,K00222.01,Kepler-120 b,6.312504,0.72,2.8175,2.26,0.058,0.592
10027323,K01596.01,Kepler-309 b,5.923589,0.72,2.7905,1.34,0.056,0.642
4274548,K01331.01,,6.800945,0.72,2.0164,1.6,0.064,0.61
9455556,K01396.02,Kepler-294 b,3.701311,0.72,2.6229,1.74,0.047,0.89
8703884,K01262.01,,14.17098,0.72,3.5589,4.8,0.11,0.82
6149553,K01686.01,,56.8672,0.72,4.2265,1.33,0.231,0.494
5456651,K00835.01,Kepler-239 b,11.763057,0.72,3.023,2.25,0.092,0.664
5115978,K00823.01,,1.028414,0.72,1.3049,8.7,0.021,1.06
6047498,K01013.01,,0.5187486,0.72,0.7624,2.6,0.012,0.82
8288947,K01142.01,Kepler-778 b,3.75577,0.72,2.2714,1.7,0.045,0.74
8397675,K01140.01,,0.55326047,0.72,0.6975,13.4,0.015,3.47
11013201,K00972.01,,13.118908,0.72,4.3745,6.1,0.139,2.92
6784235,K00863.01,Kepler-708 b,3.167876,0.72,2.2565,2.7,0.042,0.89
10384962,K00619.01,,2.87924364,0.718,2.3649,22.6,0.04,0.92
11242721,K00763.01,,19.651221,0.718,5.209,12.6,0.144,1.07
10587105,K00339.03,,35.86286,0.717,6.9928,1.78,0.222,1.04
9696358,K02545.01,Kepler-1274 b,6.98158,0.717,5.7133,0.78,0.075,1.25
9649706,K02049.01,Kepler-1072 b,1.56906,0.716,2.9439,1.35,0.028,1.07
10538176,K01301.01,Kepler-284 b,12.69906,0.716,2.6741,2.54,0.104,0.82
11027624,K01439.01,Kepler-849 b,394.6107,0.7157,24.6135,7.8,1.129,1.65
9458613,K00707.01,Kepler-33 d,21.775754,0.715,8.0979,5.5,0.166,1.82
8644288,K00137.03,Kepler-18 b,3.504761,0.715,2.1192,1.82,0.044,0.978
5866724,K00085.02,Kepler-65 b,2.1549189,0.714,3.23,1.27,0.035,1.197
11853905,K00007.01,Kepler-4 b,3.2136641,0.714,4.1109,3.72,0.044,1.27
5651104,K00840.01,Kepler-695 b,3.0403293,0.714,1.8021,7.7,0.037,0.73
4143755,K00281.01,Kepler-510 b,19.55663,0.713,8.1854,3.9,0.153,2.1
2438513,K01944.02,,8.36048,0.713,6.7903,2.41,0.089,1.97
3239945,K00490.01,Kepler-167 A b,4.393147,0.712,2.4954,1.62,0.047,0.7
4833421,K00232.03,Kepler-122 d,21.58738,0.712,4.7551,1.82,0.155,0.97
5735762,K00148.02,Kepler-48 c,9.673928,0.712,4.4,3.15,0.085,0.888
9458613,K00707.04,Kepler-33 c,13.175619,0.711,6.7462,3.28,0.119,1.82
10657406,K01837.01,Kepler-969 b,34.17325,0.711,4.6538,2.3,0.191,0.84
9414417,K00974.01,,53.50607,0.711,10.644,3.24,0.309,2.19
5941160,K00654.01,Kepler-200 b,8.594777,0.71,3.1917,2.54,0.083,1.28
9964801,K00721.01,Kepler-654 b,13.72446,0.71,7.2785,2.76,0.116,1.56
3847138,K00444.01,Kepler-556 b,11.722936,0.71,4.2884,2.2,0.101,0.92
7700622,K00315.01,,35.58944,0.71,4.0994,2.14,0.188,0.649
7050989,K00312.01,Kepler-136 A b,11.57894,0.71,2.8599,1.91,0.107,1.21
10513530,K00533.02,,3.52467,0.71,2.0553,1.09,0.042,0.87
6838050,K00512.01,Kepler-583 b,6.510036,0.71,3.4401,2.5,0.064,0.96
6451936,K00511.02,Kepler-173 b,4.263756,0.71,2.2213,1.58,0.052,1.08
4852528,K00500.04,Kepler-80 e,4.645366,0.71,2.2109,1.64,0.049,0.647
4852528,K00500.01,Kepler-80 b,7.053439,0.71,2.5797,2.62,0.065,0.647
11074541,K00345.01,Kepler-531 b,29.88571,0.71,4.5819,2.72,0.171,0.707
9301506,K03047.01,,0.3026108,0.71,0.9711,1.22,0.008,0.82
5857540,K02448.01,Kepler-1242 b,13.62793,0.71,3.0903,3.3,0.109,1.02
10842192,K02736.01,Kepler-1329 b,9.336445,0.71,2.322,2,0.074,0.589
12120307,K02597.01,Kepler-394 b,8.00547,0.71,3.2903,1.63,0.083,1.1
10024051,K02409.01,Kepler-1228 b,0.5773752,0.71,1.0906,1.63,0.013,0.74
5350244,K02555.01,Kepler-1276 b,12.57144,0.71,5.0372,1.18,0.112,1.19
11071200,K02696.01,,96.45752,0.71,10.9556,5.5,0.465,1.67
2718778,K02489.01,,3.92458,0.71,3.9233,1.33,0.048,0.63
10122538,K02926.01,Kepler-1388 b,12.28549,0.71,2.9166,2.6,0.084,0.6
11818607,K02467.01,,5.056739,0.71,3.662,1.26,0.058,0.9
11285136,K01774.01,,2.36817389,0.71,2.2823,11.8,0.035,1.05
3734418,K02261.02,,6.62558,0.71,2.0033,0.82,0.063,0.79
11348997,K02090.01,Kepler-1089 b,5.132541,0.71,1.5958,1.5,0.045,0.5
6206214,K02252.01,Kepler-1158 b,13.53996,0.71,4.5741,1.58,0.117,1.31
7094486,K01907.01,Kepler-1009 b,11.350106,0.71,2.2899,1.94,0.081,0.528
7386827,K01704.01,,10.418751,0.71,2.8463,2.8,0.089,1.03
7215678,K02354.01,,1.1512393,0.71,0.958,1.59,0.022,0.98
3962751,K02326.01,,45.603,0.71,8.3492,0.63,0.243,0.82
11774991,K02173.02,Kepler-367 c,53.5782,0.71,5.2134,1.08,0.244,0.654
11774991,K02173.01,Kepler-367 b,37.81526,0.71,4.6532,1.1,0.194,0.654
11709244,K01832.02,Kepler-325 c,12.76212,0.71,1.867,2.6,0.104,1
10153855,K01981.01,Kepler-1037 b,1.06379,0.71,1.1232,1.3,0.019,0.8
6373680,K02127.01,,2.8706539,0.71,1.6313,2.3,0.04,0.92
4049901,K02295.01,,16.29022,0.71,2.9545,0.67,0.118,0.9
6934986,K02294.01,,131.4851,0.71,5.2106,2.4,0.509,0.94
10468940,K01163.01,Kepler-273 b,2.936497,0.71,1.7403,1.79,0.039,0.9
8757910,K01269.01,,0.6550023,0.71,1.3258,2.35,0.016,1.09
9455556,K01396.01,Kepler-294 c,6.626389,0.71,3.2817,2.7,0.069,0.89
7901948,K01511.01,Kepler-872 b,2.578878,0.71,2.3304,1.74,0.036,0.85
8240904,K01070.02,Kepler-266 c,107.7143,0.71,7.8696,4.1,0.452,1.02
5021899,K00821.01,Kepler-692 b,21.81293,0.71,4.4629,3.6,0.145,0.95
8689031,K00920.01,Kepler-726 b,21.80441,0.71,3.3299,2.92,0.148,0.81
11923270,K00781.01,Kepler-676 b,11.598192,0.71,2.4781,2.99,0.082,0.516
11460018,K00769.01,Kepler-671 b,4.280969,0.71,3.0192,2.3,0.05,0.82
7434875,K00884.02,Kepler-247 d,20.476536,0.71,3.1781,3.9,0.134,0.68
10811496,K00753.01,,19.899147,0.71,1.5428,9,0.143,0.88
3218908,K01108.03,Kepler-770 d,4.152386,0.71,2.8715,1.24,0.049,0.81
6863998,K00867.01,Kepler-709 b,16.085351,0.71,3.6974,3.3,0.114,0.79
9787239,K00952.03,Kepler-32 d,22.780806,0.71,3.3628,2.49,0.129,0.524
9787239,K00952.02,Kepler-32 c,8.752167,0.71,2.4118,1.99,0.068,0.524
9512687,K00942.01,Kepler-735 b,11.515093,0.71,2.0548,2.7,0.092,0.69
10157458,K01083.01,Kepler-764 b,7.33674,0.71,3.4844,1.8,0.073,0.87
9458613,K00707.02,Kepler-33 f,41.02795,0.7096,9.9869,4.69,0.254,1.82
2579043,K02064.01,,6.312192,0.709,5.1172,2.11,0.07,1.07
5897826,K00126.01,Kepler-469 b,33.79723,0.709,13.7513,19.9,0.22,1.73
6442377,K00176.01,Kepler-483 b,30.22935,0.708,6.4721,2.6,0.204,1.18
8559644,K00139.01,Kepler-111 c,224.79712,0.707,11.1189,7.34,0.763,1.16
7447200,K00676.02,Kepler-210 b,2.4532339,0.705,1.7399,2.56,0.03,0.569
11401767,K02195.01,Kepler-372 c,20.05414,0.705,6.3651,2.5,0.154,1.303
9530945,K00708.01,Kepler-216 c,17.40652,0.702,7.0247,2.73,0.137,1.05
9146018,K00584.02,Kepler-192 c,21.22341,0.702,4.7845,2.08,0.145,0.8
10227020,K00730.03,Kepler-223 e,19.72134,0.701,5.6615,2.5,0.14,1.03
4476423,K02481.01,,33.8476,0.701,14.9456,20.6,0.25,6.8
10080248,K01722.01,Kepler-939 b,14.87712,0.701,6.5278,1.77,0.118,0.88
2989404,K01824.02,Kepler-323 b,1.678338,0.701,2.3739,1.81,0.029,1.4
8552719,K01792.01,Kepler-953 b,88.40703,0.7007,12.5546,4.61,0.4,1.039
8711794,K00105.01,Kepler-463 b,8.981008,0.7,1.897,3.35,0.08,0.96
5445681,K03039.01,Kepler-1417 b,20.35045,0.7,7.3049,1.05,0.146,1.03
6850504,K00070.02,Kepler-20 A b,3.6961159,0.7,2.4973,1.97,0.045,0.939
3733628,K00387.01,Kepler-543 b,13.899645,0.7,3.5285,2.18,0.098,0.604
7175184,K00369.01,Kepler-144 b,5.885221,0.7,1.8948,1.33,0.067,1.116
11134879,K00480.01,Kepler-570 b,4.301671,0.7,2.102,2.5,0.049,0.85
8956706,K02431.01,,8.38032,0.7,4.6723,1.08,0.077,0.77
9602613,K02612.02,,7.573056,0.7,2.6164,0.56,0.071,0.92
10336927,K02394.01,,134.7631,0.7,8.7732,1.3,0.528,1.11
9475552,K02694.01,Kepler-1315 b,0.8433802,0.7,1.4363,1.3,0.015,0.65
10059645,K02520.01,Kepler-1265 b,6.494474,0.7,2.237,1.3,0.06,0.653
7269881,K02916.01,,0.30693336,0.7,0.7838,0.84,0.008,0.74
9108085,K02470.01,,2.174946,0.7,4.0176,0.82,0.032,0.85
9651234,K01938.01,Kepler-1020 b,96.91492,0.7,6.2088,2.3,0.389,0.74
7008211,K02102.01,Kepler-1097 b,187.7465,0.7,5.6547,3.6,0.597,0.83
10130039,K01909.01,Kepler-334 c,12.758079,0.7,4.081,1.48,0.109,1
8396405,K01733.01,,19.18123,0.7,2.3182,2.3,0.134,0.77
9573685,K02057.01,Kepler-1074 b,5.945678,0.7,2.1418,1.12,0.053,0.528
3128552,K02055.01,Kepler-1073 b,8.678902,0.7,3.6795,2.11,0.082,0.86
6185476,K00227.01,,17.660113,0.7,3.3317,2.94,0.118,0.633
9973109,K02018.01,Kepler-1056 b,27.4954,0.7,4.9191,2.6,0.172,1.03
11495458,K02318.01,Kepler-1190 b,10.45854,0.7,3.2282,1.3,0.082,0.645
4857213,K02120.01,,8.77406,0.7,2.1499,2.8,0.081,1.88
10844890,K01946.01,,8.294769,0.7,2.4666,2.32,0.081,0.98
11497958,K01422.03,Kepler-296 A b,10.86431,0.7,1.6651,1.53,0.077,0.5
9214942,K01403.01,Kepler-833 b,18.75444,0.7,3.1591,1.89,0.117,0.575
6607286,K01239.01,,0.7832832,0.7,1.8604,1.39,0.017,0.85
4060815,K01222.01,,4.28553,0.7,3.2702,1.97,0.057,2.78
5272878,K00826.01,Kepler-694 b,6.365815,0.7,3.0807,2.59,0.067,0.86
8689373,K00921.02,Kepler-253 d,18.11978,0.7,4.3562,2.9,0.126,0.71
8505670,K00912.02,Kepler-252 b,6.668391,0.7,1.8745,1.26,0.059,0.58
7907423,K00899.02,Kepler-249 b,3.306562,0.7,1.813,1.2,0.035,0.492
11673674,K00133.01,,4.6187664,0.7,5.5697,8.1,0.055,1.08
3640905,K01221.02,Kepler-278 c,51.0802,0.699,11.4292,2.21,0.276,1.83
9471974,K00119.02,Kepler-108 B c,190.3134,0.6981,15.6346,3.4,0.622,0.94
4945877,K01936.01,,1.339665,0.698,1.9264,1.18,0.031,2.1
8478994,K00245.02,Kepler-37 c,21.302,0.694,3.7956,0.75,0.137,0.728
6693640,K01245.01,Kepler-798 b,13.7199,0.694,5.4958,2.07,0.118,1.11
9473078,K02079.01,Kepler-1087 b,0.6938521,0.693,1.6963,0.66,0.014,0.93
6685609,K00665.02,Kepler-207 b,1.611881,0.692,3.1831,1.17,0.027,1.1
2989404,K01824.01,Kepler-323 c,3.553801,0.692,3.0505,2.04,0.048,1.4
7504778,K02316.01,Kepler-1188 b,17.13756,0.692,7.037,2.3,0.134,1.05
8631160,K01271.01,,161.85932,0.6911,9.9016,10.5,0.628,1.42
11823054,K00543.02,Kepler-181 b,3.137852,0.69,1.9898,1.42,0.04,0.75
10611420,K03148.01,,11.505399,0.69,2.5,1.9,0.105,1.07
8344004,K00573.01,Kepler-188 c,5.996557,0.69,3.286,3.2,0.065,1.12
5092266,K03045.01,,44.8686,0.69,3.8003,2.2,0.251,0.82
11236244,K02460.01,Kepler-1246 b,11.32306,0.69,3.0053,1.12,0.085,0.62
10905911,K02754.01,Kepler-1339 b,1.3415609,0.69,1.6334,0.72,0.023,0.886
8025596,K02615.01,Kepler-1290 b,4.695153,0.69,2.8619,1.65,0.055,0.92
8415200,K02730.01,Kepler-1328 b,4.521577,0.69,3.5419,1.05,0.054,0.93
5308387,K02724.01,,0.6207406,0.69,1.7297,1.7,0.016,1.62
10468885,K02589.01,Kepler-1284 b,0.6640818,0.69,1.2054,1.21,0.014,0.71
9837661,K02715.02,Kepler-1321 c,2.226494,0.69,1.7822,3.1,0.028,0.6
9468551,K02980.01,Kepler-1399 b,1.638626,0.69,1.9459,1.39,0.028,0.97
9580167,K02548.01,,0.827166,0.69,1.37,0.93,0.016,0.7
9995402,K02832.01,Kepler-1361 b,3.575547,0.69,2.4194,0.82,0.042,0.77
9635606,K02535.01,,48.89276,0.69,5.0495,1.6,0.234,0.71
5471202,K02911.01,,12.42673,0.69,16.3099,1.05,0.108,1.02
5511081,K01930.04,Kepler-338 e,9.34131,0.69,5.9257,1.36,0.09,1.51
8218379,K01920.01,Kepler-1014 b,16.571152,0.69,3.0067,2.17,0.123,0.79
11030475,K02248.04,,2.646235,0.69,1.9024,1.04,0.035,0.75
8226050,K01910.01,Kepler-1010 b,34.26749,0.69,4.6778,2.4,0.191,0.84
10328393,K01905.01,Kepler-332 b,7.626364,0.69,2.3415,1.4,0.069,0.75
6152974,K00216.01,Kepler-118 c,20.172011,0.69,3.2817,6.1,0.133,0.79
9634821,K02037.03,,8.56268,0.69,1.4434,3,0.081,1.14
5940165,K02031.01,Kepler-1062 b,9.304236,0.69,1.905,1.58,0.074,0.59
11701407,K02376.01,Kepler-1214 b,18.82735,0.69,2.5602,2.7,0.136,0.93
5599774,K02337.01,Kepler-1195 b,8.496449,0.69,2.3085,2.3,0.075,0.75
11342416,K02366.01,Kepler-1209 b,25.36855,0.69,4.643,1.31,0.176,1.22
4545187,K00223.02,Kepler-121 c,41.00812,0.69,4.0155,2.56,0.221,0.75
5301750,K01589.03,Kepler-84 e,27.43473,0.69,5.0763,2.4,0.179,1.03
9941066,K01584.01,Kepler-898 b,5.870719,0.69,2.4586,1.37,0.053,0.558
11356260,K01441.01,Kepler-851 b,8.50691,0.69,3.0943,1.69,0.08,0.98
11389771,K01436.02,Kepler-301 d,13.75135,0.69,4.0457,1.9,0.111,0.9
11176127,K01430.03,Kepler-298 d,77.4814,0.69,4.8215,2.55,0.31,0.635
11611600,K01424.01,Kepler-842 b,1.2195847,0.69,1.6339,1.47,0.02,0.637
10925104,K00156.03,Kepler-114 d,11.776147,0.69,2.9261,2.53,0.09,0.654
6049190,K01685.01,,70.4654,0.69,6.8268,3.6,0.354,1.12
9277896,K01632.01,Kepler-915 b,4.59492,0.69,2.9439,1.36,0.057,1.26
8689373,K00921.01,Kepler-253 c,10.281925,0.69,3.6155,2.5,0.086,0.71
8150320,K00904.04,Kepler-55 e,4.617519,0.69,2.2991,1.34,0.047,0.602
1161345,K00984.01,,4.2873775,0.69,1.548,3.19,0.052,0.92
7118364,K00873.01,Kepler-710 b,4.347326,0.69,2.2408,1.94,0.051,0.85
10526549,K00746.01,Kepler-660 b,9.273827,0.69,3.3921,2.64,0.077,0.69
8561063,K00961.02,Kepler-42 c,0.4532875,0.69,0.4358,3.19,0.01,0.681
9787239,K00952.05,Kepler-32 f,0.742956,0.69,1.0739,0.86,0.013,0.524
10166274,K01078.03,Kepler-267 d,28.46381,0.69,2.9609,2.31,0.15,0.527
9032900,K00134.01,,67.42112,0.6893,12.2479,13.2,0.36,1.72
5881688,K00843.01,Kepler-696 b,4.1904091,0.689,2.9628,5.9,0.051,1.04
4951877,K00501.01,,24.79513,0.688,8.5955,2.3,0.163,0.9
4263293,K01895.03,Kepler-331 d,32.13493,0.688,2.7134,2.19,0.172,0.579
8801343,K01247.01,,2.73987394,0.687,3.8463,21.9,0.041,1.39
11600889,K01442.01,Kepler-407 b,0.6693356,0.685,1.2852,1.23,0.015,0.996
9884104,K00718.03,Kepler-219 d,47.90421,0.684,5.7124,2.67,0.272,1.31
10470206,K00335.01,,46.56678,0.684,7.463,4.9,0.276,1.61
7761545,K01472.01,Kepler-857 b,85.35172,0.684,7.1533,6.1,0.371,0.83
7199397,K00075.01,,105.88531,0.6827,18.3308,8.8,0.47,2.06
5131180,K00641.01,,14.85176,0.68,3.3817,1.83,0.098,0.546
6665695,K00561.01,Kepler-601 b,5.378901,0.68,2.7073,1.82,0.056,0.75
10843590,K00431.02,Kepler-153 c,46.90191,0.68,3.8725,2.8,0.238,0.91
6103377,K03004.01,Kepler-1407 b,20.07113,0.68,6.1047,2.2,0.149,1.11
3559935,K00492.01,Kepler-576 b,29.9115,0.68,6.4073,3,0.177,0.95
10577994,K00475.02,Kepler-165 c,15.31307,0.68,3.0847,2.49,0.112,0.79
12120307,K02597.02,Kepler-394 c,12.13123,0.68,3.9383,1.7,0.109,1.1
3234598,K02413.01,Kepler-383 b,12.90483,0.68,3.0166,1.32,0.094,0.645
10489206,K00251.01,Kepler-125 b,4.1643875,0.68,1.8539,2.59,0.041,0.515
6670075,K02382.01,,0.7597061,0.68,1.2609,1.8,0.02,2.2
11179076,K02497.01,Kepler-1261 b,48.4308,0.68,3.5952,2.3,0.235,0.74
5385439,K02478.01,,12.42558,0.68,15.0739,1.05,0.098,0.91
10480915,K02040.01,,19.58579,0.68,1.6251,2.2,0.144,0.94
2985767,K02032.01,Kepler-1063 A b,14.079698,0.68,1.3339,1.26,0.109,0.86
10187159,K01870.01,Kepler-989 b,7.964294,0.68,1.5049,2.2,0.071,0.76
9735426,K01849.01,Kepler-979 b,8.088034,0.68,1.7812,2.4,0.074,0.71
6666233,K02306.01,,0.512404,0.68,1.1846,0.94,0.01,0.523
8081187,K01951.01,Kepler-1025 b,37.32281,0.68,7.1573,2,0.228,1.06
5864975,K01787.01,Kepler-950 b,98.7187,0.68,6.7238,8,0.418,0.89
5301750,K01589.05,Kepler-84 f,44.55208,0.68,5.9989,2.02,0.247,1.03
5299459,K01576.01,Kepler-307 b,10.415808,0.68,2.7401,3.2,0.089,1.03
9573539,K00180.01,Kepler-484 b,10.045607,0.68,3.2557,2.53,0.091,0.92
12418724,K01516.01,Kepler-873 b,20.55341,0.68,5.0883,3,0.154,1.07
6851425,K00163.01,Kepler-477 B b,11.119888,0.68,3.3045,2.2,0.09,0.83
7870390,K00898.01,Kepler-83 A b,9.770513,0.68,2.6168,2.83,0.078,0.607
11391957,K00765.01,Kepler-668 b,8.353917,0.68,2.3351,2.8,0.079,0.82
2302548,K00988.02,Kepler-261 c,24.57078,0.68,2.8017,2.17,0.158,0.799
3245969,K01101.02,,11.39094,0.68,2.4911,2.07,0.09,0.663
8565266,K00578.01,Kepler-608 b,6.41246,0.679,5.3452,4,0.068,1.1
9214713,K00422.01,,480,0.677,8.2375,15,1.24,1.1
6196457,K00285.03,Kepler-92 d,49.35899,0.677,11.3705,1.84,0.278,1.53
5370302,K00831.01,,3.90434158,0.677,3.4899,12.1,0.048,0.86
7906882,K00686.01,,52.513565,0.675,3.2639,11.4,0.262,0.9
5735762,K00148.01,Kepler-48 b,4.777981,0.675,3.582,2.14,0.053,0.888
9146018,K00584.01,Kepler-192 b,9.926733,0.674,3.8584,2.29,0.087,0.8
3458028,K02276.01,Kepler-1171 b,1.4425953,0.673,3.0956,3.1,0.03,2.23
6387542,K01626.01,Kepler-912 b,2.534773,0.673,4.3969,2.05,0.037,0.9
10187017,K00082.04,Kepler-102 c,7.07134,0.672,3.2631,0.69,0.067,0.736
9451706,K00271.01,Kepler-127 d,48.63057,0.672,7.0357,2.51,0.282,1.27
5527172,K01678.01,,3.1839629,0.672,3.3637,19.3,0.043,0.9
9451127,K01381.01,,5.1174009,0.672,3.84,28,0.06,0.98
8395660,K00116.01,Kepler-106 c,13.570733,0.672,3.2468,2.47,0.111,1.04
9471268,K01835.01,Kepler-326 c,4.580339,0.671,2.1701,3.38,0.052,1.8
5735762,K00148.03,Kepler-48 d,42.89592,0.671,7.464,2.35,0.23,0.888
5640085,K00448.02,Kepler-159 c,43.60891,0.67,4.9432,2.89,0.208,0.597
9139084,K00323.01,Kepler-523 b,5.835973,0.67,2.0772,2.17,0.063,0.887
5791986,K00413.01,Kepler-151 b,15.228997,0.67,2.589,2.8,0.114,0.81
10353968,K00618.01,Kepler-623 b,9.070808,0.67,2.6636,2.9,0.082,0.86
9958962,K00593.03,,25.53327,0.67,4.2031,1.81,0.171,0.92
9958962,K00593.02,Kepler-616 c,90.41119,0.67,6.6169,3.4,0.398,0.92
9020160,K00582.03,Kepler-191 b,9.939543,0.67,2.9477,1.38,0.085,0.73
10552611,K00338.01,Kepler-141 c,7.010617,0.67,3.0819,37.4,0.072,19.2
4172013,K02386.01,,16.26932,0.67,3.7754,1.94,0.126,0.89
5272233,K02711.01,Kepler-400 b,9.024391,0.67,3.2043,1.76,0.086,1.12
10471515,K02961.01,Kepler-1395 b,3.784706,0.67,3.1315,1.23,0.053,1.99
5544903,K02499.01,,7.575721,0.67,2.3603,2.5,0.079,1.09
9943435,K02788.01,,0.7776648,0.67,1.2213,1.32,0.016,0.87
9728465,K02270.01,,7.353871,0.67,2.1253,1.67,0.079,1.48
9072190,K01933.01,Kepler-1018 b,49.10146,0.67,6.4415,2.6,0.259,0.85
3967760,K01760.01,Kepler-317 b,5.524233,0.67,2.6311,2,0.057,0.86
10130039,K01909.02,Kepler-334 b,5.470371,0.67,3.1746,1.11,0.062,1
11520459,K02226.01,,8.46354,0.67,1.4521,2.6,0.081,0.93
6773862,K01868.01,Kepler-988 b,17.760669,0.67,1.6477,2.04,0.11,0.533
11288051,K00241.03,Kepler-124 b,3.410505,0.67,2.3409,0.93,0.042,0.74
8160953,K01858.01,Kepler-985 b,116.33223,0.67,7.2964,4.2,0.45,0.94
7430034,K01848.01,Kepler-978 b,49.62473,0.67,6.425,2.4,0.275,1.06
7219825,K00238.01,Kepler-123 b,17.23229,0.67,4.5111,2.5,0.136,1.05
4074736,K01328.01,,80.96711,0.67,2.6294,5.8,0.359,0.84
10426656,K01161.03,Kepler-272 b,2.971365,0.67,2.6937,1.3,0.037,0.84
10352945,K01158.01,,6.471796,0.67,6.8961,1.9,0.069,0.78
10813841,K01640.01,,6.168482,0.67,1.8572,1.29,0.067,0.78
7841925,K01499.03,,6.20934,0.67,2.6404,0.95,0.062,0.92
3839488,K01216.01,Kepler-794 b,11.13127,0.67,4.1332,1.79,0.099,1.16
9886661,K01606.01,Kepler-905 b,5.082709,0.67,1.8732,1.6,0.058,0.938
5956656,K01053.01,Kepler-756 b,1.224862,0.67,1.6656,1.27,0.022,0.81
11403044,K00766.01,Kepler-669 b,4.125573,0.67,3.2063,4,0.051,0.99
3003992,K01119.02,,13.55481,0.67,2.4488,0.66,0.102,0.816
7134976,K00874.01,Kepler-246 b,4.601836,0.67,2.2357,2.2,0.049,0.76
8008067,K00316.02,Kepler-139 c,157.0702,0.669,8.2282,2.8,0.586,1.18
10340423,K00736.01,Kepler-225 c,18.79398,0.669,3.3061,2.29,0.116,0.563
7887791,K01964.01,,2.229323,0.668,1.9348,0.73,0.033,0.971
8692861,K00172.02,Kepler-69 c,242.4677,0.668,12.9854,1.74,0.762,0.9
5511081,K01930.03,Kepler-338 d,44.4315,0.667,10.3376,2.46,0.254,1.51
10867062,K01303.01,,34.29834,0.666,19.1942,4.28,0.2,1.46
7831264,K00171.01,Kepler-116 b,5.968741,0.664,3.6762,2.74,0.069,1.15
8030148,K00155.01,Kepler-474 b,5.660691,0.663,4.708,3.74,0.061,1.3
9946525,K00398.01,Kepler-148 d,51.846913,0.661,4.7573,8.1,0.25,0.78
10016874,K00426.01,,16.301293,0.66,3.4649,3.5,0.127,1.14
10266615,K00530.01,Kepler-587 b,10.940266,0.66,2.3424,2.1,0.095,0.85
5791986,K00413.02,Kepler-151 c,24.67424,0.66,3.059,2.2,0.158,0.81
6289257,K00307.02,Kepler-520 c,5.211058,0.66,3.263,1.15,0.061,1.086
8037145,K00520.01,Kepler-176 c,12.760082,0.66,3.555,2.4,0.098,0.79
5461440,K00504.01,Kepler-581 b,40.60709,0.66,5.8894,2.21,0.225,0.81
4852528,K00500.03,Kepler-80 d,3.072169,0.66,2.0319,1.47,0.037,0.647
7175184,K00369.02,Kepler-144 c,10.104648,0.66,2.3978,1.26,0.096,1.116
10460984,K00474.02,Kepler-164 d,28.98687,0.66,3.4572,2.5,0.194,1.1
6937402,K02894.01,Kepler-1380 b,10.310531,0.66,5.4512,1.8,0.09,0.86
6211812,K02638.01,,2.524074,0.66,1.1673,1.5,0.034,0.86
8570333,K02436.01,Kepler-1237 b,84.5731,0.66,6.3226,2.3,0.352,0.77
7531677,K02601.01,,2.62225,0.66,3.2268,0.99,0.039,1.29
10489206,K00251.02,Kepler-125 c,5.77447,0.66,1.9889,0.82,0.051,0.515
6587105,K02721.01,Kepler-1325 b,33.87854,0.66,5.4604,2.4,0.201,0.83
7183745,K02521.01,Kepler-1266 b,28.4752,0.66,4.5258,2.1,0.176,0.69
7294743,K02516.01,,2.810324,0.66,3.5688,1.24,0.038,1.68
8631504,K02503.01,,14.82022,0.66,4.1405,3.02,0.115,2.25
9229657,K02491.01,Kepler-1257 b,2.668362,0.66,2.5356,1.44,0.037,0.86
10453588,K02484.01,Kepler-1253 b,68.8881,0.66,5.8595,1.4,0.332,1.1
7960980,K02274.01,Kepler-1170 b,9.98965,0.66,3.7349,2.4,0.088,0.74
11046458,K00214.01,Kepler-424 b,3.3118628,0.66,1.2309,7.1,0.041,0.92
9044228,K01988.01,Kepler-1039 b,0.9348918,0.66,1.4563,1.1,0.016,0.6
8804455,K02159.01,,7.596769,0.66,3.37,1.07,0.075,0.88
10874215,K02305.01,,31.03364,0.66,3.1765,2.4,0.191,0.85
8612275,K02111.01,Kepler-360 b,3.289684,0.66,2.5285,1.74,0.044,1.03
11389771,K01436.01,Kepler-301 b,2.508567,0.66,2.3819,1.41,0.036,0.9
9719634,K01500.01,,3.3515682,0.66,2.4559,1.7,0.04,0.76
7102227,K01360.02,Kepler-290 b,14.589501,0.66,2.4462,2.22,0.108,0.7
4770365,K01475.03,,4.729344,0.66,1.8565,1.14,0.046,0.556
5358241,K00829.02,Kepler-53 d,9.75193,0.66,4.0291,2.1,0.091,0.97
10797460,K00752.02,Kepler-227 c,54.41759,0.66,4.6085,3.1,0.274,0.99
9820483,K00953.01,Kepler-740 b,3.5840842,0.66,2.8503,4.5,0.045,0.83
6435936,K00854.01,Kepler-705 b,56.05628,0.66,4.6978,2.18,0.231,0.503
9787239,K00952.01,Kepler-32 b,5.901269,0.66,2.2573,2.15,0.052,0.524
9466668,K00939.04,Kepler-256 e,10.68176,0.66,3.5771,1.62,0.095,0.89
3662838,K00302.01,Kepler-516 b,24.854687,0.6578,9.078,4.8,0.187,1.64
8074805,K02670.01,,170.86766,0.657,15.6676,19.2,0.611,1.03
10743597,K00989.03,,16.16099,0.657,4.6142,3.6,0.121,0.84
6850504,K00070.01,Kepler-20 A c,10.8540894,0.656,3.8226,3.17,0.093,0.939
10028792,K01574.01,Kepler-87 b,114.73653,0.655,12.0656,6.2,0.455,0.85
6021193,K02148.01,Kepler-363 d,11.93223,0.653,6.2702,2.62,0.105,1.91
10937029,K00433.01,Kepler-553 b,4.0304645,0.651,2.8711,4.6,0.046,0.83
6850504,K00070.03,Kepler-20 A d,77.61153,0.651,7.3552,2.84,0.344,0.939
2444412,K00103.01,,14.910755,0.65,3.3104,2.95,0.115,0.955
6062088,K00658.02,Kepler-203 c,5.370639,0.65,2.0909,2.1,0.06,0.91
8738735,K00693.01,Kepler-214 c,28.77957,0.65,7.6822,2.04,0.193,1.07
10460984,K00474.03,,94.878,0.65,5.2323,3.1,0.427,1.1
11194032,K00348.01,Kepler-533 b,28.511096,0.65,4.4429,2.94,0.161,0.656
3545135,K02755.01,,8.482949,0.65,2.4883,0.89,0.082,0.98
6586746,K02747.01,Kepler-1335 b,6.26407,0.65,2.4274,1.6,0.06,0.72
5980208,K02742.01,Kepler-1331 b,0.7891622,0.65,0.9263,0.91,0.014,0.552
11818872,K02581.01,,12.73672,0.65,4.209,0.88,0.104,0.82
10861715,K02537.01,,133.5181,0.65,11.3384,1.52,0.518,0.94
6028860,K02950.01,,0.42201612,0.65,0.918,3.1,0.011,0.83
10880007,K02502.01,,86.7988,0.65,2.9921,1.04,0.342,0.7
5959719,K02498.01,Kepler-390 A b,6.738019,0.65,2.525,0.84,0.066,0.75
11966253,K02772.01,,0.6434704,0.65,1.2168,1.29,0.014,1.02
10917043,K02770.01,,205.3831,0.65,8.5871,2.18,0.583,0.594
9112931,K02256.01,Kepler-1161 b,10.71243,0.65,2.7223,2.7,0.083,0.8
7672097,K02255.01,Kepler-1160 b,7.97083,0.65,3.0007,1.95,0.077,0.87
7815744,K01710.01,Kepler-933 b,14.20437,0.65,4.1217,1.72,0.11,0.56
7379385,K02207.01,,67.2156,0.65,15.5373,1.53,0.332,1.07
9992325,K02205.01,Kepler-1140 b,24.08638,0.65,2.1567,3,0.156,0.89
10525027,K02006.01,Kepler-1049 b,3.273459,0.65,1.7306,0.88,0.035,0.521
10863608,K02368.01,Kepler-1210 b,8.07073,0.65,3.4331,1.55,0.078,0.9
4370527,K02166.01,Kepler-1128 b,61.61929,0.65,3.7864,3.2,0.294,0.8
7289577,K01974.01,,109.444,0.65,3.8944,2.9,0.433,0.8
8240797,K01809.02,Kepler-321 b,4.915378,0.65,2.8778,1.41,0.055,0.909
4055304,K02119.01,Kepler-1107 b,0.5710391,0.65,1.0894,1.31,0.012,0.76
9221517,K02281.01,Kepler-1173 b,0.7698541,0.65,1.0696,0.84,0.015,0.75
3447722,K01198.03,Kepler-275 d,35.6756,0.65,5.7744,2.8,0.225,1.14
5299459,K01576.02,Kepler-307 c,13.084143,0.65,3.0347,2.8,0.103,1.03
11026304,K01420.01,,13.351585,0.65,3.6123,4.5,0.102,0.77
9202151,K01393.01,,1.6947354,0.65,1.6713,2.3,0.022,0.6
10925104,K00156.01,Kepler-114 c,8.041317,0.65,2.6487,1.6,0.07,0.654
11821363,K01494.01,,8.1959,0.65,2.8994,2.3,0.073,0.78
7870390,K00898.02,Kepler-83 A d,5.16982,0.65,2.1555,2.18,0.051,0.607
10601284,K00749.02,Kepler-226 b,3.941046,0.65,2.4849,1.66,0.047,0.81
2851100,K01104.01,,0.8901087,0.65,0.7089,1.49,0.016,0.618
11401755,K00277.01,Kepler-36 c,16.230685,0.6476,8.7099,3.44,0.129,1.61
4741126,K01534.01,Kepler-887 b,20.42226,0.646,6.3706,1.64,0.154,1.12
9963524,K00720.02,Kepler-221 d,10.041555,0.645,2.5733,2.81,0.085,0.81
9881662,K00327.02,Kepler-140 c,91.3525,0.645,8.3551,1.68,0.423,1.166
8630788,K01258.02,Kepler-281 b,14.64613,0.645,5.635,2.2,0.115,0.84
5513012,K02668.01,Kepler-1310 b,0.6793614,0.643,1.3729,1.33,0.015,0.82
9842890,K01479.01,,4.98824,0.643,7.7387,2.17,0.058,0.84
11502867,K00195.01,Kepler-426 b,3.21752044,0.642,2.116,11.7,0.042,0.93
6685609,K00665.03,Kepler-207 c,3.071563,0.641,4.0809,1.11,0.042,1.1
10418224,K00428.01,Kepler-40 b,6.8731791,0.641,7.1176,7,0.074,1.07
7366258,K00880.01,Kepler-82 b,26.44288,0.641,3.9942,4,0.169,0.9
5181817,K00642.01,,4.3504333,0.64,1.7895,1.47,0.053,0.93
4270253,K00551.01,Kepler-183 c,11.637026,0.64,3.3387,2.25,0.1,0.88
11720424,K03116.01,Kepler-1432 b,23.91103,0.64,5.0532,2,0.17,1.07
6587002,K00612.01,Kepler-196 b,20.74011,0.64,3.0819,2.1,0.136,0.83
9020160,K00582.01,Kepler-191 d,5.945053,0.64,2.6173,2.2,0.06,0.73
8631751,K02453.01,,1.530552,0.64,0.8992,1.23,0.02,0.55
4915638,K02617.01,Kepler-1291 b,8.62989,0.64,3.4301,1.39,0.078,0.76
12016267,K02590.01,,11.74902,0.64,4.0965,1.13,0.111,1.77
11565924,K02837.01,Kepler-1364 b,13.32191,0.64,6.2588,1.7,0.122,1.44
7289162,K02539.01,,5.266472,0.64,2.063,1.11,0.061,1.09
12110786,K02665.01,,1.1122071,0.64,1.3365,0.75,0.021,0.95
9909735,K01779.01,Kepler-318 b,4.6627227,0.64,2.8215,5.8,0.054,1.39
10329469,K02271.01,Kepler-1168 b,55.8228,0.64,5.4969,2.2,0.267,0.71
6696580,K02092.02,Kepler-359 b,25.56294,0.64,4.3993,2.8,0.173,0.81
9472000,K02082.01,,31.58844,0.64,3.4106,1.97,0.199,0.96
6786348,K01749.01,Kepler-947 b,26.96447,0.64,3.9012,2.1,0.173,0.84
10723367,K02236.02,Kepler-375 b,12.12665,0.64,2.4233,1.8,0.103,0.88
10531955,K02208.01,Kepler-1141 b,2.344547,0.64,1.5288,0.73,0.033,0.909
4247791,K00028.01,,4.1008674,0.64,6.8284,37.4,0.05,0.97
10464050,K01851.01,Kepler-981 b,4.469763,0.64,1.7919,2.3,0.054,0.93
7269493,K01961.02,,76.6372,0.64,8.0772,1.95,0.353,1.75
4042026,K01180.01,,34.820052,0.64,10.3275,11.4,0.19,0.77
10964440,K01310.01,Kepler-813 b,19.12962,0.64,3.4561,2.2,0.142,0.96
10337517,K01165.02,Kepler-783 b,4.2928,0.64,2.6371,1.05,0.051,1.17
7375795,K01378.02,,1.383324,0.64,1.9427,0.6,0.022,0.848
10166274,K01078.01,Kepler-267 b,3.353707,0.64,1.5271,2,0.036,0.527
5164255,K00824.01,Kepler-693 b,15.375871,0.64,3.3973,9.6,0.109,0.72
8883593,K00923.01,Kepler-728 b,5.743491,0.64,3.5347,3.2,0.063,0.9
3832474,K00806.03,Kepler-30 b,29.1647,0.64,4.6609,1.37,0.184,0.94
11853255,K00778.01,Kepler-674 b,2.24338,0.64,1.0671,1.61,0.028,0.547
2165002,K00999.02,Kepler-263 c,47.33465,0.64,4.9055,2.89,0.238,0.77
3240158,K01106.01,Kepler-769 b,7.425992,0.64,4.0084,2.5,0.077,1.02
6922244,K00010.01,Kepler-8 b,3.52249913,0.64,3.1984,15.9,0.047,1.56
5297298,K00130.01,,34.193587,0.6381,9.0354,22.2,0.221,1.79
10982872,K00343.02,Kepler-142 b,2.0241346,0.638,2.5341,1.86,0.031,1.14
10982872,K00343.01,Kepler-142 c,4.761697,0.637,3.379,2.69,0.055,1.14
3832474,K00806.02,Kepler-30 c,60.322921,0.637,7.0755,14,0.298,0.94
6291653,K00850.01,Kepler-702 b,10.5262937,0.636,2.5221,8.4,0.089,0.81
4544907,K02024.01,Kepler-1060 b,46.87882,0.633,9.3393,2.3,0.25,1.04
3544595,K00069.01,Kepler-93 b,4.7267482,0.632,2.934,1.5,0.053,0.871
6191521,K00847.01,Kepler-700 b,80.87159,0.632,11.4216,5.4,0.361,0.86
8692861,K00172.01,Kepler-69 b,13.722364,0.631,5.2396,2.28,0.112,0.9
6020753,K00657.01,Kepler-202 b,4.069402,0.63,2.0897,1.61,0.044,0.659
5121511,K00640.01,Kepler-632 b,30.99644,0.63,2.8329,2.44,0.185,0.894
9950612,K00719.01,Kepler-220 c,9.034208,0.63,1.5113,1.64,0.076,0.655
5124254,K03099.01,,14.04978,0.63,2.8757,1.25,0.095,0.545
5686174,K00610.01,Kepler-622 b,14.282318,0.63,2.5173,1.79,0.096,0.546
9570741,K00586.01,Kepler-613 b,15.77955,0.63,3.9971,2.3,0.124,0.91
11624249,K00356.01,Kepler-536 b,1.8270813,0.63,2.0274,5.73,0.028,1.6
9146018,K00584.03,Kepler-192 d,6.47052,0.63,3.4313,0.91,0.066,0.8
10122538,K02926.02,Kepler-1388 c,5.536068,0.63,2.0271,2.3,0.049,0.6
6026438,K02045.02,Kepler-354 d,24.21152,0.63,3.2799,1.46,0.142,0.625
3448130,K02043.01,,78.5459,0.63,8.8933,2.6,0.363,0.94
8564674,K02022.01,Kepler-349 b,5.929774,0.63,2.4891,1.88,0.064,0.91
9006186,K02169.04,,2.192589,0.63,2.1692,0.48,0.031,0.93
12691412,K01983.01,,6.901424,0.63,2.6197,1.79,0.079,1.356
11718144,K02310.01,,16.4588,0.63,1.9627,2,0.126,0.87
9661979,K02132.01,,69.8941,0.63,5.0891,2.1,0.321,0.84
9427402,K01397.01,,6.247069,0.63,1.4936,3.5,0.059,0.96
11547505,K01655.01,Kepler-922 b,0.9384704,0.63,1.3268,1.53,0.019,0.98
7296086,K01374.01,,0.8907361,0.63,1.3064,1.76,0.017,1.11
3337425,K01114.01,,7.047134,0.63,2.3794,1.9,0.07,1.03
3240158,K01106.02,Kepler-769 c,15.98467,0.63,5.2164,2.2,0.128,1.02
9787239,K00952.04,Kepler-32 e,2.896009,0.63,1.7798,1.11,0.033,0.524
7764367,K00685.01,Kepler-644 b,3.173905,0.629,3.5799,2.8,0.045,1.52
8678594,K01261.01,Kepler-799 b,133.461,0.629,11.9415,7,0.516,0.93
5511081,K01930.02,Kepler-338 c,24.31058,0.623,8.829,2.14,0.17,1.51
4914423,K00108.02,Kepler-103 c,179.601,0.622,13.436,4.46,0.654,1.21
3323887,K00377.02,Kepler-9 c,38.907202,0.621,4.5336,8.22,0.229,1.012
6347299,K00661.01,Kepler-204 b,14.401041,0.62,3.8953,2.2,0.118,1.07
6125481,K00659.01,Kepler-637 b,23.20581,0.62,4.3406,2.7,0.174,1.46
5786676,K00650.01,,11.954776,0.62,2.1391,2.3,0.093,0.76
9895004,K00328.01,,2.2508261,0.62,1.115,2.67,0.033,1.1
4633570,K00446.01,Kepler-158 b,16.70924,0.62,2.731,1.86,0.111,0.628
4568298,K02986.01,,0.5625559,0.62,1.6774,1.33,0.013,0.87
4852528,K00500.05,Kepler-80 f,0.9867679,0.62,1.4618,1.17,0.017,0.647
10388286,K00596.01,Kepler-617 b,1.6826933,0.62,1.4351,1.37,0.022,0.502
9958962,K00593.01,Kepler-616 b,9.997624,0.62,3.2663,2.35,0.092,0.92
12107021,K00360.01,,5.94174,0.62,3.9905,0.69,0.067,1.085
8197560,K03074.01,,1.0242555,0.62,1.8297,3.7,0.019,0.81
10019643,K00471.02,Kepler-163 b,7.81101,0.62,3.3728,1.04,0.076,0.85
3558981,K00052.01,,2.98786187,0.62,2.618,17.51,0.037,0.802
11303815,K02645.01,,1.7057807,0.62,1.4806,1.7,0.026,0.84
9825174,K02880.01,Kepler-1377 b,0.7409258,0.62,1.1062,1.4,0.015,0.89
10189557,K02427.01,,2.931017,0.62,2.1703,1.53,0.038,0.92
4547603,K02855.01,,1.4007498,0.62,1.0515,1.02,0.023,0.78
5175024,K02563.01,Kepler-1279 b,23.47794,0.62,6.5871,1.42,0.168,1.16
10876237,K02960.01,,1.4659394,0.62,1.3298,0.74,0.026,1.03
5542983,K02501.01,,4.768826,0.62,1.7962,0.98,0.057,0.98
9307509,K02096.01,,9.76283,0.62,3.137,1.7,0.081,0.73
3832716,K00027.01,,1.14187687,0.62,4.2169,97,0.022,1.48
3967760,K01760.02,Kepler-317 c,8.77514,0.62,3.1895,1.7,0.078,0.86
7802719,K02247.01,Kepler-1157 b,4.457356,0.62,2.4731,0.89,0.046,0.61
9351316,K02078.01,Kepler-1086 B b,18.78423,0.62,3.0348,1.73,0.116,0.565
3446451,K01735.01,,0.64234826,0.62,1.4482,2.7,0.016,1.57
8591173,K02181.01,,12.28859,0.62,2.9216,3.77,0.101,1.89
9532710,K02364.01,,5.24307,0.62,6.0547,3.63,0.062,1.8
3554031,K01194.01,Kepler-415 c,8.70778,0.62,2.4553,1.9,0.072,0.61
10022908,K01586.01,Kepler-900 b,6.991307,0.62,2.0602,1.55,0.064,0.628
10963242,K01312.02,,31.24611,0.62,4.7627,1.41,0.204,1.09
8609450,K01278.04,Kepler-282 c,13.63894,0.62,5.3483,1.33,0.115,0.99
5271608,K01673.01,,2.490473,0.62,2.0628,1.89,0.037,1.03
4826110,K01524.01,,1.333407,0.62,1.0447,1.02,0.022,0.78
9726659,K01491.01,Kepler-862 b,3.148679,0.62,2.2334,2.54,0.042,1.03
10601284,K00749.03,Kepler-226 d,8.10938,0.62,3.244,1.42,0.077,0.81
12306058,K02541.01,Kepler-391 b,7.41682,0.619,6.8386,2.16,0.078,2.41
10971674,K01296.01,,2.38086261,0.619,4.0645,22.1,0.034,1.13
9597345,K00711.01,Kepler-218 c,44.6991,0.617,6.3847,3.19,0.248,1.059
10984090,K00112.01,Kepler-466 b,51.07931,0.615,6.4316,2.86,0.273,0.991
4742414,K00631.01,Kepler-628 b,15.458071,0.6144,9.1033,9.6,0.126,1.41
10189546,K00427.03,Kepler-549 c,116.9562,0.613,9.2536,3.4,0.443,0.85
9654875,K02272.01,,1.341364,0.611,7.0694,1.5,0.029,2.35
6442340,K00664.01,Kepler-206 c,13.13742,0.61,4.7968,1.98,0.11,1.27
6347299,K00661.02,Kepler-204 c,25.6595,0.61,4.7299,1.47,0.173,1.07
6949898,K03031.01,,7.648001,0.61,2.2915,1.27,0.074,0.82
7516809,K03133.01,,0.24183915,0.61,0.8538,1.32,0.008,0.89
11497977,K00483.01,Kepler-571 b,4.798625,0.61,3.0656,2.46,0.054,0.82
7613246,K03062.01,,0.7691238,0.61,0.9653,1.3,0.017,0.96
9886361,K02732.03,Kepler-403 c,54.28091,0.61,5.4166,1.35,0.293,1.06
9269042,K02397.01,Kepler-1221 b,12.00095,0.61,3.3142,1.68,0.096,0.76
10586004,K00275.02,Kepler-129 c,82.1997,0.61,9.9449,2.04,0.392,1.36
7769819,K02778.01,Kepler-1342 b,2.21571,0.61,2.0028,1.89,0.033,0.98
9008737,K02768.02,Kepler-404 c,14.75122,0.61,2.2721,1.28,0.115,0.82
11030475,K02248.03,,0.761948,0.61,1.4051,1.05,0.015,0.75
10015937,K01720.01,,59.6626,0.61,4.2185,2.6,0.286,0.77
12058204,K02218.01,Kepler-373 b,5.535301,0.61,2.8058,1.47,0.061,0.87
11824786,K02371.01,Kepler-1212 b,12.9413,0.61,4.391,1.9,0.111,0.99
5289854,K01593.01,Kepler-308 b,9.69483,0.61,2.6505,2.2,0.089,0.89
4455231,K01332.03,Kepler-288 d,56.6344,0.61,6.0821,2.87,0.296,1.15
4455231,K01332.01,Kepler-288 c,19.30563,0.61,4.244,3.08,0.145,1.15
6185711,K00169.01,,11.702194,0.61,2.0904,2.2,0.1,0.88
2441495,K00166.01,Kepler-479 b,12.493311,0.61,2.2716,2.5,0.098,0.91
10990917,K01643.01,Kepler-919 b,11.04564,0.61,4.5275,2.06,0.098,1.03
6936909,K01363.01,Kepler-291 b,3.546534,0.61,2.2571,2.07,0.046,0.91
8226994,K00906.01,Kepler-250 c,7.156816,0.61,2.6287,2.3,0.066,0.76
2157247,K00997.01,,5.686619,0.61,16.3233,6.8,0.063,1.02
7869917,K01525.01,Kepler-880 b,7.714663,0.609,4.3705,2.23,0.084,1.46
5511081,K01930.01,Kepler-338 b,13.72686,0.608,7.4166,2.21,0.116,1.51
11758544,K01883.01,Kepler-997 b,2.70729,0.608,3.4466,1.07,0.04,1.19
10319385,K01169.01,,0.689204,0.607,1.6424,1.49,0.016,1.014
12017140,K00358.01,,22.8452414,0.605,5.0903,24,0.164,1.04
7436215,K00885.01,,25.58546721,0.6026,2.2763,0.5,0.158,0.7
6291033,K00452.01,Kepler-557 b,3.70597,0.601,5.158,2.55,0.048,1.08
10843590,K00431.01,Kepler-153 b,18.870214,0.6,3.1219,3.2,0.13,0.91
8758136,K03006.01,,0.9982186,0.6,1.78,1.22,0.02,0.97
7097534,K03126.01,,2.213936,0.6,4.746,0.93,0.034,0.98
6451936,K00511.01,Kepler-173 c,8.005798,0.6,3.1331,2.8,0.08,1.08
12061222,K00484.01,Kepler-572 b,17.205222,0.6,3.7321,2.46,0.123,0.731
2715695,K03077.02,,7.55834,0.6,3.1776,1.5,0.066,0.655
6607357,K02838.02,Kepler-1365 c,4.774656,0.6,3.8459,0.66,0.055,0.9
6350476,K02710.01,,1.1105995,0.6,1.3734,1.2,0.019,0.8
10098844,K02964.01,Kepler-1397 b,47.44949,0.6,10.8258,1.58,0.255,0.97
8263545,K02822.01,,4.445911,0.6,2.4009,1.7,0.053,0.76
9880190,K02509.01,Kepler-1263 b,4.551433,0.6,2.2709,1.03,0.05,0.76
6767840,K02506.01,Kepler-1262 b,17.35848,0.6,3.1973,1.8,0.134,1.06
8189801,K02480.01,,0.6668163,0.6,0.9582,1.22,0.012,0.54
6705142,K01758.01,,5.597163,0.6,1.852,1.5,0.06,0.51
2307415,K02053.01,Kepler-356 c,13.12155,0.6,3.6361,1.71,0.113,1.19
6226290,K02019.01,Kepler-1057 b,14.08818,0.6,4.2237,2.7,0.114,0.88
8099138,K02338.01,Kepler-1196 b,66.1832,0.6,5.3353,2,0.321,0.9
9347009,K01971.01,Kepler-1030 b,19.3296,0.6,3.901,2.14,0.128,0.67
8107225,K00235.01,Kepler-499 b,5.632566,0.6,2.1796,1.91,0.058,0.7
3554031,K01194.02,,14.86297,0.6,2.9638,1.49,0.102,0.61
5301750,K01589.02,Kepler-84 c,12.882525,0.6,4.3713,2.4,0.108,1.03
8804283,K01276.02,,13.26107,0.6,4.023,1.23,0.107,0.82
5269467,K01672.01,Kepler-925 b,33.86736,0.6,3.629,1.89,0.176,0.608
8113154,K01542.01,,2.5868808,0.6,5.6112,21,0.04,1.28
9824805,K01526.01,Kepler-881 b,4.44446,0.6,3.0803,1.42,0.055,1.02
7629518,K01495.01,Kepler-863 b,15.5949,0.6,5.0799,2.8,0.122,0.92
6060203,K01059.01,Kepler-757 b,1.022693,0.6,1.5429,1.04,0.019,0.81
5809890,K01050.01,Kepler-755 A b,1.269095,0.6,1.5236,1.4,0.021,0.76
8490993,K00911.02,Kepler-722 c,105.152,0.6,5.8515,2.7,0.443,0.95
7135852,K00875.01,,4.220959,0.6,3.0104,2.77,0.044,0.56
9605514,K00945.02,,40.71652,0.6,7.0083,3,0.242,1.07
11359879,K00128.01,Kepler-15 b,4.94278327,0.599,3.382,11.97,0.059,1.09
4180280,K00144.01,Kepler-472 b,4.1762599,0.596,3.621,3.03,0.048,0.795
6032497,K00845.01,Kepler-698 b,16.32986,0.596,6.0136,3.5,0.124,0.98
12020329,K00783.01,Kepler-678 b,7.275026,0.5956,7.5923,4.3,0.07,0.76
5972334,K00191.01,Kepler-487 b,15.3587794,0.595,4.1921,11,0.118,0.88
10984090,K00112.02,Kepler-466 c,3.709191,0.595,2.6782,1.2,0.047,0.991
5963582,K02479.01,,25.54004,0.593,8.6686,1.99,0.168,1.7
5020319,K00635.01,,16.71979,0.59,3.3645,2.73,0.135,1.129
10265898,K00732.02,,3.295369,0.59,2.0208,0.99,0.041,0.78
7050989,K00312.02,Kepler-136 A c,16.39922,0.59,3.6428,1.84,0.134,1.21
10934674,K00477.01,Kepler-567 b,16.54301,0.59,3.8725,2.2,0.115,0.75
10068659,K02602.01,Kepler-1287 b,11.47685,0.59,3.2937,1.4,0.101,0.95
11187837,K00252.01,,17.604437,0.59,3.6794,3.16,0.113,0.654
9101496,K01915.01,Kepler-335 b,6.562295,0.59,3.9405,1.59,0.069,0.93
4035640,K01881.01,Kepler-995 b,28.26681,0.59,4.6488,2.9,0.167,0.82
8564674,K02022.02,Kepler-349 c,12.24769,0.59,3.3068,2.09,0.105,0.91
5088591,K01801.01,Kepler-955 b,14.532271,0.59,3.2661,3.4,0.108,0.86
9718066,K02287.01,Kepler-378 b,16.09234,0.59,1.91,0.7,0.109,0.6
3962243,K01203.02,Kepler-276 b,14.12843,0.59,3.6207,2.4,0.116,0.95
2697169,K01027.01,,14.71266,0.59,4.2138,1.11,0.118,0.94
7870390,K00898.03,Kepler-83 A c,20.08976,0.59,3.5778,2.36,0.126,0.607
7351237,K00879.01,,25.64385,0.59,5.0463,4.3,0.162,0.87
7134976,K00874.02,Kepler-246 c,11.18714,0.59,3.1931,1.46,0.089,0.76
6422070,K00852.01,Kepler-704 b,3.761849,0.59,3.1053,2.1,0.045,0.9
9775938,K00951.02,Kepler-258 c,33.65304,0.59,4.1737,2.4,0.181,0.68
9466668,K00939.02,Kepler-256 d,5.839061,0.59,3.1245,1.54,0.063,0.89
6871071,K02220.02,Kepler-374 d,5.028239,0.588,3.5196,1.38,0.058,0.97
10264660,K00098.01,Kepler-14 b,6.7901235,0.5878,6.2711,10,0.078,1.63
2692377,K00299.01,Kepler-98 b,1.5416829,0.587,1.9378,1.98,0.026,1.11
11666881,K00167.01,Kepler-480 b,4.919576,0.586,4.2284,2.45,0.06,1.14
12644769,K01611.01,,41.0775821,0.585,5.5284,24.89,0.206,0.62
4278221,K01615.01,Kepler-908 A b,1.340638,0.583,1.7195,1.17,0.025,1.115
11709124,K00435.02,,741,0.582,17.8249,8.8,1.621,0.93
12644822,K00791.01,Kepler-682 b,12.611904,0.582,5.165,7.1,0.104,0.88
7050060,K02215.01,,22.0406,0.581,12.6386,0.81,0.148,0.903
6442340,K00664.02,Kepler-206 b,7.7822,0.58,4.1086,1.29,0.077,1.27
10002866,K00723.02,Kepler-222 d,28.08209,0.58,4.5741,3.3,0.172,0.76
7447200,K00676.01,Kepler-210 c,7.9725436,0.58,2.9443,3.3,0.066,0.569
8017703,K00518.01,Kepler-174 b,13.981814,0.58,2.9848,2.02,0.096,0.61
4832837,K00605.01,Kepler-621 b,2.6281053,0.58,1.8854,1.78,0.032,0.57
6063220,K00305.01,Kepler-99 B b,4.6035613,0.58,2.4019,1.57,0.05,0.732
10577994,K00475.01,Kepler-165 b,8.180896,0.58,2.7417,2.25,0.073,0.79
9583881,K00467.01,Kepler-562 b,18.009297,0.58,4.9624,5,0.133,0.88
8890783,K00464.02,Kepler-561 c,5.350193,0.58,2.309,2.5,0.057,0.9
2573056,K02648.01,,0.6317976,0.58,1.1391,1.55,0.015,1.17
12115188,K02396.01,,0.49543439,0.58,1.2649,1.6,0.012,0.89
5174858,K02532.01,,7.971054,0.58,1.3588,1.63,0.072,0.74
9836959,K01715.01,,105.0129,0.58,6.2533,1.88,0.43,1.05
10328458,K02214.01,Kepler-1146 b,2.352237,0.58,1.7838,1.13,0.03,0.646
8492026,K02016.01,Kepler-1054 b,4.30643,0.58,4.0727,1.5,0.053,0.91
11121752,K02333.01,Kepler-380 b,3.930873,0.58,2.9222,1.36,0.051,1.34
9412760,K01977.01,Kepler-345 c,9.387512,0.58,1.4849,1.24,0.074,0.58
8973129,K02286.01,Kepler-1176 b,24.17534,0.58,3.1746,1.85,0.158,0.8
8165946,K02105.01,Kepler-1100 b,6.421928,0.58,2.7147,1.36,0.07,1.02
9480310,K01470.01,,15.4341,0.58,4.1593,3.5,0.122,0.79
5438099,K01567.02,Kepler-306 b,4.646195,0.58,2.3324,2.01,0.053,0.88
8564587,K01270.01,Kepler-57 b,5.729319,0.58,1.1185,2.23,0.059,0.74
3218908,K01108.02,Kepler-770 c,1.475316,0.58,2.3363,1.01,0.025,0.81
8559644,K00139.02,Kepler-111 b,3.34184,0.578,2.9021,1.49,0.046,1.16
6678383,K00111.03,Kepler-104 A d,51.75627,0.578,7.3856,2.36,0.253,0.93
11673802,K01894.01,Kepler-1004 b,5.288016,0.577,8.798,17.1,0.077,9
8494263,K01255.01,,78.92509,0.576,7.5842,7.2,0.356,0.66
7132798,K00220.01,Kepler-119 b,2.4220796,0.575,2.6259,3.62,0.034,0.81
4552729,K02691.01,,97.4553,0.573,7.0662,3.07,0.363,0.646
8552202,K00914.01,,3.886609,0.573,3.2262,1.98,0.048,0.85
10794087,K01316.01,,7.64951,0.571,6.4539,1.47,0.082,1.84
8352537,K00420.01,Kepler-547 b,6.0103736,0.57,2.2123,3.65,0.058,0.687
11623629,K00365.01,Kepler-538 A b,81.73747,0.57,6.7755,2.29,0.349,0.87
3328080,K03075.01,,4.76559,0.57,2.1288,0.74,0.051,0.84
10916600,K02623.01,Kepler-1293 b,5.57661,0.57,4.0256,0.95,0.066,1.185
11283615,K02816.01,Kepler-1355 b,1.2895886,0.57,1.3303,1.38,0.022,0.78
6149910,K02469.01,,131.1897,0.57,7.2449,2.01,0.448,0.68
10601465,K02902.01,,138.612,0.57,13.7904,0.54,0.483,0.69
8680979,K01891.02,Kepler-330 b,8.2598,0.57,2.6089,1.26,0.074,0.69
9003401,K02319.01,,21.10354,0.57,1.9631,1.72,0.158,1.24
6062929,K02315.01,,22.1339,0.57,2.0793,2.02,0.144,0.72
10426656,K01161.01,Kepler-272 c,6.057428,0.57,3.7863,1.7,0.06,0.84
7512982,K01480.02,,7.00433,0.57,2.5753,1.1,0.066,0.7
12470844,K00790.02,Kepler-233 c,60.41916,0.57,4.969,2.4,0.286,0.751
7825899,K00896.01,Kepler-248 c,16.23952,0.57,4.0996,4.53,0.122,0.874
5003117,K00405.01,,37.613572,0.5652,7.1786,15.3,0.211,0.88
5094751,K00123.01,Kepler-109 b,6.481674,0.563,3.6334,2.64,0.069,1.43
5088536,K00282.02,Kepler-130 A b,8.457422,0.561,3.3331,1.03,0.08,1.11
6707835,K00666.01,Kepler-640 b,22.24818,0.56,3.9045,2.57,0.159,1.02
9002278,K00701.01,Kepler-62 d,18.164064,0.56,2.9621,1.91,0.117,0.601
9880467,K00326.01,,8.973505,0.56,3.0721,36.2,0.105,12.4
6508221,K00416.01,Kepler-152 b,18.208009,0.56,3.8016,3,0.127,0.73
1995519,K02634.01,Kepler-1299 b,19.9399,0.56,3.9117,2.45,0.141,0.83
9474493,K02574.01,,0.5125809,0.56,1.5608,1.33,0.012,0.8
12469800,K02543.01,,1.301993,0.56,1.4482,1.36,0.021,0.739
8547429,K02658.01,,11.65975,0.56,3.9698,1.14,0.102,0.94
9283156,K02657.01,,5.224152,0.56,2.8363,0.6,0.057,0.8
9278725,K02223.01,Kepler-1148 b,1.1044547,0.56,1.101,1.54,0.019,0.726
11457726,K02047.01,Kepler-1070 b,6.221632,0.56,3.209,1.72,0.071,1.25
11460462,K02110.01,Kepler-1104 b,5.037282,0.56,1.9522,1.14,0.061,1.27
10928043,K01315.01,,6.846337,0.56,3.4323,1.47,0.074,1.145
10485069,K01171.01,,0.4452773,0.56,2.0178,1.33,0.012,0.99
5636648,K01565.01,,0.46674288,0.56,1.0284,2.7,0.012,0.87
10790387,K01288.01,Kepler-807 b,117.93119,0.56,5.7641,10.87,0.495,1.134
4471747,K01656.01,,51.39,0.56,5.4233,2.2,0.274,1.04
11337372,K01650.01,Kepler-920 b,6.53251,0.56,3.6448,2.23,0.068,0.85
6545358,K01233.01,,1.17153673,0.56,1.2314,5.2,0.024,1.32
6312314,K01625.01,,1.221198,0.56,1.8688,1.17,0.022,1.06
7211141,K01355.01,Kepler-827 b,51.92981,0.56,5.2922,5.2,0.269,0.85
3440861,K01219.01,,3.50376,0.56,3.164,0.62,0.041,0.76
9605514,K00945.01,,25.84723,0.56,6.1635,2.55,0.179,1.07
6678383,K00111.02,Kepler-104 A c,23.66834,0.558,5.7564,2.05,0.15,0.93
11074835,K02533.01,Kepler-1270 b,6.0331,0.558,9.7417,3.12,0.072,3.04
9579641,K00115.02,Kepler-105 c,7.125967,0.558,2.8255,1.91,0.077,1.35
9881662,K00327.01,Kepler-140 b,3.254282,0.556,2.9911,1.53,0.046,1.166
7132798,K00220.02,Kepler-119 c,4.12502,0.556,3.0338,0.87,0.049,0.81
5972334,K00191.02,,2.4183985,0.556,2.0722,2.3,0.034,0.88
3656121,K00386.02,Kepler-146 c,76.7324,0.555,5.8936,3.1,0.364,1.12
9471974,K00119.01,Kepler-108 B b,49.18431,0.5544,11.4739,3.9,0.252,0.94
12504988,K00181.01,,5.0939389,0.552,3.8264,17.3,0.06,1.02
7033671,K00670.01,Kepler-641 b,9.489383,0.55,3.4906,1.77,0.085,1.06
5440317,K03141.01,Kepler-1438 b,2.319426,0.55,1.6555,0.88,0.033,0.84
6289650,K00415.01,,166.78821,0.55,6.0104,7.9,0.6,1.11
8022244,K00519.01,Kepler-175 b,11.90362,0.55,4.2566,2.5,0.104,0.95
4833135,K00498.01,,8.66142,0.55,4.0081,0.76,0.086,1.04
2446113,K00379.02,,23.13571,0.55,3.1404,2.02,0.174,1.66
6029239,K00304.02,,5.51835,0.55,2.9015,1.16,0.065,1.85
3966801,K00494.01,Kepler-577 b,25.69597,0.55,3.9191,2.37,0.157,0.688
8355239,K00574.02,Kepler-189 b,10.40006,0.55,3.3977,1.17,0.087,0.72
9753154,K02457.01,Kepler-1244 b,3.704297,0.55,3.1864,1.14,0.052,1.59
10597693,K02958.01,,31.60854,0.55,3.7172,2.1,0.205,1.08
9730163,K02704.02,Kepler-445 b,2.984151,0.55,1.499,1.96,0.024,0.27
5128673,K02698.01,Kepler-1316 b,87.97294,0.55,14.7496,2.9,0.385,0.88
3654095,K02667.01,,1.3035726,0.55,1.039,1.62,0.024,0.95
8162790,K01712.01,,10.161102,0.55,3.117,3.3,0.092,0.98
11670125,K02355.01,Kepler-1206 b,1.216997,0.55,1.369,1.45,0.02,0.677
9086251,K02367.01,,6.89204,0.55,1.6216,1.12,0.074,1.17
9334893,K02298.01,,16.66733,0.55,3.4167,1,0.114,0.7
10676014,K01797.01,Kepler-954 b,16.781774,0.55,3.7677,2.2,0.115,0.7
6946199,K01359.01,,37.10064,0.55,5.6582,3.5,0.222,0.92
8395660,K00116.03,Kepler-106 b,6.165,0.55,2.7464,0.81,0.066,1.04
4833421,K00232.04,Kepler-122 e,37.99441,0.545,6.7926,1.85,0.226,0.97
5790807,K00259.01,,79.996223,0.541,6.6285,29,0.404,1.83
6062088,K00658.01,Kepler-203 b,3.1626947,0.54,1.9352,2.1,0.042,0.91
4563268,K00627.01,Kepler-625 b,7.751908,0.54,3.5763,2.51,0.082,1.199
10225800,K00729.01,,1.4237997,0.54,1.5179,4.4,0.025,0.89
6388770,K03035.01,,21.3412,0.54,10.7326,1.42,0.159,1.39
10513530,K00533.01,Kepler-589 b,16.549414,0.54,4.1569,2.4,0.118,0.87
9650989,K03095.01,,3.423896,0.54,1.9199,1.13,0.045,0.92
3834322,K02763.01,,0.4984334,0.54,1.0217,1.05,0.011,0.654
5436338,K02835.01,,6.309229,0.54,1.3516,1.71,0.058,0.609
6842807,K02921.01,,16.6147,0.54,2.8378,1.54,0.119,0.79
5213902,K01941.01,,1.1948118,0.54,1.4585,1.5,0.023,1.02
8127586,K01752.01,,16.60951,0.54,3.4761,2,0.129,1.05
10723367,K02236.01,Kepler-375 c,19.98795,0.54,3.14,2.3,0.143,0.88
7102316,K02028.02,Kepler-351 b,37.05302,0.54,4.9959,2.8,0.211,0.85
9886255,K01846.01,Kepler-976 b,105.9577,0.54,7.1837,3.74,0.413,0.73
3326377,K01830.01,Kepler-967 b,13.227123,0.54,3.3218,2.42,0.1,0.8
10010440,K02309.01,Kepler-1184 b,53.59923,0.54,6.84,2.8,0.291,1.08
11922722,K02301.01,,3.512883,0.54,3.3613,1.14,0.043,0.95
3546060,K02126.01,Kepler-1110 b,9.69323,0.54,2.6561,2.4,0.082,0.72
4136466,K01344.01,Kepler-826 b,4.487548,0.54,2.6906,1.1,0.054,0.95
3859079,K01199.01,Kepler-786 b,53.52939,0.54,5.6805,2.26,0.254,0.695
5542466,K01590.02,,2.355788,0.54,1.6973,1.18,0.031,0.71
5184709,K01670.01,,10.57906,0.54,1.638,2.04,0.099,1.06
10925104,K00156.02,Kepler-114 b,5.188548,0.54,2.4914,1.18,0.052,0.654
7841925,K01499.02,,0.840649,0.54,1.5536,0.66,0.016,0.92
3832474,K00806.01,Kepler-30 d,143.21515,0.54,9.5123,9.37,0.53,0.94
9480189,K00941.02,Kepler-257 b,2.382666,0.54,1.8525,2,0.032,0.75
9466668,K00939.01,Kepler-256 c,3.388008,0.54,2.7145,1.54,0.044,0.89
6678383,K00111.01,Kepler-104 A b,11.427512,0.539,4.5865,2.14,0.092,0.93
11498128,K02296.01,Kepler-1177 b,106.249,0.539,13.6667,2.2,0.439,1
3642289,K00301.01,Kepler-135 b,6.002551,0.538,3.9413,1.73,0.068,1.21
10982872,K00343.03,Kepler-142 d,41.80925,0.537,7.4627,1.58,0.235,1.14
11342550,K01421.01,,485,0.533,22.5996,9.4,1.193,0.96
6046540,K00200.01,Kepler-74 b,7.3407239,0.531,2.9711,8.6,0.074,0.91
11618601,K03022.02,,5.053618,0.53,2.2403,1.17,0.057,0.86
8822216,K00581.01,Kepler-610 b,6.996922,0.53,2.7231,3.06,0.07,0.83
8681833,K02865.01,Kepler-1372 b,1.3115613,0.53,1.9981,1.12,0.023,0.89
12314973,K00279.01,Kepler-450 b,28.454899,0.53,8.1448,5.1,0.193,1.31
6438099,K02976.01,,21.613185,0.53,1.74,2.5,0.145,0.759
9950316,K02947.01,,57.1036,0.53,10.3253,1.15,0.284,0.82
4242147,K01934.01,,28.78281,0.53,3.4444,1.75,0.161,0.592
11705004,K02199.01,,9.033401,0.53,2.6562,2.1,0.08,0.74
11069176,K02007.01,Kepler-1050 b,15.3791,0.53,4.5855,1.51,0.122,1.05
10384798,K01997.01,Kepler-1043 b,38.50519,0.53,5.7237,2.5,0.226,0.94
4466677,K01338.03,,21.01086,0.53,4.6682,1.21,0.147,0.98
5371776,K01557.01,Kepler-304 b,3.2957058,0.53,1.8417,2.8,0.038,0.67
11954842,K01530.01,Kepler-883 b,12.98497,0.53,3.4568,1.89,0.112,1.09
8018547,K00902.01,,83.91089,0.53,6.6443,5.43,0.321,0.599
7825899,K00896.02,Kepler-248 b,6.308207,0.53,3.0319,3.22,0.065,0.874
10141900,K01082.03,Kepler-763 b,1.196577,0.53,1.2406,1.02,0.021,0.73
9466668,K00939.03,Kepler-256 b,1.620436,0.53,2.1337,1.11,0.027,0.89
10227020,K00730.01,Kepler-223 d,14.7884,0.527,6.0849,3,0.116,1.03
8753657,K00321.02,Kepler-406 c,4.62339,0.527,2.9832,0.84,0.054,1.11
6752502,K00667.01,,4.305218,0.52,2.7209,6.36,0.044,0.668
9880467,K00326.02,,108.5277,0.52,7.2133,30,0.555,12.4
11568987,K00354.02,,7.378776,0.52,3.3025,1.22,0.076,1.044
11568987,K00354.01,Kepler-534 b,15.959946,0.52,4.35,2.36,0.128,1.044
7977197,K00459.02,Kepler-162 b,6.919723,0.52,3.3392,1.34,0.07,0.98
12208631,K02449.01,,53.357,0.52,6.1756,2.6,0.281,0.89
9209624,K02443.02,Kepler-387 c,11.83728,0.52,3.5081,1.02,0.106,1.09
7047363,K02432.01,Kepler-1236 b,31.05745,0.52,3.4887,2.12,0.185,0.78
9777251,K02600.01,,1.332557,0.52,3.6557,1.3,0.024,1.13
7446631,K02598.01,,29.22604,0.52,5.2517,1.3,0.187,1
10397751,K02859.02,Kepler-1371 c,2.005409,0.52,1.8684,0.67,0.029,0.88
9827149,K02586.02,,5.97108,0.52,2.4008,1.23,0.065,0.89
8494617,K02389.01,Kepler-1218 b,22.92272,0.52,7.3618,1.47,0.164,1.22
9475552,K02694.02,,6.566075,0.52,1.8487,1.4,0.06,0.65
7879433,K02527.01,,1.3858,0.52,1.6757,0.57,0.021,0.581
5695524,K01897.01,,59.77049,0.52,4.2181,2.7,0.307,1.09
6382217,K02036.01,Kepler-353 A c,8.410953,0.52,2.2584,1.51,0.066,0.528
3648437,K01861.01,,17.50439,0.52,4.2422,2.48,0.136,1
10132832,K02313.01,Kepler-1186 b,16.07677,0.52,2.2811,2.1,0.125,0.91
10470616,K02112.01,,4.157131,0.52,1.8769,1.12,0.054,1.224
5474613,K01599.01,Kepler-1659 c,20.41724,0.52,5.4039,1.9,0.143,0.92
5301750,K01589.04,Kepler-84 d,4.224488,0.52,3.1604,1.24,0.051,1.03
11014932,K01432.04,Kepler-299 e,38.28437,0.52,5.4082,1.64,0.223,0.9
9425139,K01411.01,,305.0565,0.52,6.186,7.05,0.922,1.097
5972334,K00191.04,Kepler-487 c,38.65154,0.52,5.3303,2.3,0.218,0.88
6390824,K01234.01,,0.97354602,0.52,1.5944,3.9,0.02,0.98
7512982,K01480.01,Kepler-859 b,20.38164,0.52,3.9163,2.7,0.135,0.7
8240904,K01070.01,Kepler-266 b,6.6184,0.52,3.6211,2.45,0.07,1.02
10601284,K00749.01,Kepler-226 c,5.349569,0.52,3.1011,2.37,0.058,0.81
10386984,K00739.01,Kepler-658 b,1.2870749,0.52,1.5217,1.48,0.019,0.538
5780885,K00097.01,Kepler-7 b,4.88548917,0.5145,5.2295,16.1,0.061,1.78
7046804,K00205.01,Kepler-492 b,11.7201189,0.514,2.9425,7.7,0.093,0.77
5728139,K00206.01,Kepler-433 b,5.3340867,0.5137,6.4086,8.1,0.06,1.14
10723750,K00209.02,Kepler-117 b,18.795909,0.5125,7.2427,5.74,0.146,1.135
6442340,K00664.03,Kepler-206 d,23.44194,0.51,6.2338,1.3,0.161,1.27
4656049,K00629.01,Kepler-627 b,40.69944,0.51,6.7883,3.1,0.249,1.5
9950612,K00719.03,Kepler-220 e,45.90403,0.51,2.8193,1.18,0.225,0.655
5978361,K00558.01,,9.178475,0.51,2.1613,2.2,0.083,0.8
6945786,K03136.01,,2.391612,0.51,1.9619,1.07,0.032,0.723
5351250,K00408.03,Kepler-150 e,30.82701,0.51,4.8611,2.6,0.191,0.94
9837685,K02461.01,Kepler-1247 b,13.71206,0.51,2.3655,2.2,0.111,0.8
9899181,K02867.02,,18.94,0.51,5.6448,0.24,0.124,0.761
9827149,K02586.01,Kepler-1282 b,2.131925,0.51,1.7266,1.5,0.033,0.89
5374403,K02556.01,Kepler-1277 b,40.8364,0.51,5.1979,1.37,0.229,0.86
9395719,K02472.01,Kepler-1250 b,2.60755,0.51,1.3575,1.9,0.038,0.96
9369366,K02905.01,,36.00549,0.51,3.6574,1.9,0.242,1.74
10158418,K01784.01,,5.0074099,0.51,1.2441,5.2,0.057,0.89
6382217,K02036.02,Kepler-353 A b,5.7953,0.51,1.9734,0.98,0.052,0.528
5546761,K02160.01,Kepler-1125 b,17.67089,0.51,6.2978,1.78,0.132,0.87
2693736,K01976.01,Kepler-1034 b,12.124,0.51,3.3502,2.1,0.096,0.77
11760959,K01484.01,,3.470194,0.51,2.4037,2.08,0.042,0.79
4275191,K00813.01,Kepler-688 b,3.8959309,0.51,2.3271,7.7,0.047,0.81
12470844,K00790.01,Kepler-233 b,8.472396,0.51,2.6981,2.46,0.077,0.751
8280511,K01151.01,Kepler-271 b,10.43549,0.51,3.5509,1.46,0.091,0.97
10122255,K01086.01,Kepler-765 b,27.66556,0.51,6.7058,2.27,0.181,1.05
8644288,K00137.01,Kepler-18 c,7.6415706,0.509,3.4533,4.75,0.075,0.978
8738735,K00693.02,Kepler-214 b,15.66039,0.502,7.1008,2.16,0.128,1.07
8176650,K00960.01,,15.8011078,0.5005,6.3118,15.1,0.117,0.76
4827723,K00632.01,Kepler-629 b,7.238519,0.5,3.1488,1.46,0.071,0.901
9597345,K00711.03,Kepler-218 d,124.5231,0.5,9.7758,2.83,0.491,1.059
9716391,K03025.01,Kepler-1413 b,13.18309,0.5,3.5096,1.6,0.106,0.68
10717241,K00430.02,,9.34037,0.5,2.1373,0.77,0.073,0.559
10617638,K03016.01,,0.7108964,0.5,1.1796,1.03,0.015,0.97
5683743,K00412.01,Kepler-546 b,4.1470198,0.5,2.9389,6.6,0.049,1.16
10665043,K03080.01,,185.01,0.5,17.9601,1.12,0.606,0.73
9844088,K00470.01,Kepler-564 b,3.7508299,0.5,1.9921,4.2,0.046,0.84
11100383,K00346.01,Kepler-532 b,12.924909,0.5,2.5937,2.4,0.1,0.768
7008149,K02918.01,,0.51555255,0.5,1.3158,4.2,0.012,0.87
12301181,K02059.01,Kepler-1076 b,6.147313,0.5,2.6919,0.83,0.058,0.667
6871071,K02220.03,Kepler-374 b,1.897828,0.5,2.732,1.16,0.03,0.97
9634821,K02037.02,,5.477102,0.5,1.4682,2.7,0.06,1.14
6356207,K02021.01,Kepler-1059 b,3.764162,0.5,2.0271,1.57,0.044,0.64
3661886,K02279.02,Kepler-377 b,12.50948,0.5,4.1358,1.16,0.109,1.01
10730034,K01305.02,Kepler-285 c,6.18677,0.5,2.8247,1.13,0.063,0.76
11497958,K01422.04,Kepler-296 A f,63.33828,0.5,3.6048,1.61,0.249,0.5
8804283,K01276.01,,22.78983,0.5,5.251,2.02,0.153,0.82
9636135,K01498.02,,2.421496,0.5,2.6475,1.35,0.036,0.95
5880320,K01060.04,Kepler-758 e,8.1938,0.5,4.6738,1.46,0.086,1.24
12066335,K00784.01,Kepler-231 c,19.27147,0.5,2.9239,1.93,0.117,0.551
5531576,K00837.01,Kepler-240 c,7.953558,0.5,2.6453,1.99,0.071,0.661
9451706,K00271.02,Kepler-127 c,29.392404,0.498,6.896,2.33,0.202,1.27
3935914,K00809.01,Kepler-686 b,1.59474469,0.494,1.9519,12.1,0.027,0.96
9410930,K00196.01,Kepler-41 b,1.85555773,0.492,2.3354,9.4,0.029,0.89
11037335,K01435.01,Kepler-300 c,40.71524,0.491,8.6493,2.26,0.234,0.93
7109675,K00872.02,Kepler-46 d,6.766579,0.491,2.9135,1.48,0.066,0.76
8962094,K00700.04,Kepler-215 e,68.1603,0.49,5.6308,1.8,0.324,1.07
8161561,K00688.01,Kepler-645 b,3.275783,0.49,2.9924,2.28,0.046,1.35
12302530,K00438.01,Kepler-155 b,5.931217,0.49,2.267,1.9,0.055,0.606
8709688,K03019.01,,4.179393,0.49,2.594,1.53,0.048,1.06
11669239,K00542.02,Kepler-180 b,13.81752,0.49,3.6904,1.52,0.109,1.04
5351250,K00408.04,Kepler-150 b,3.428129,0.49,2.3375,1.3,0.044,0.94
9714550,K03048.01,,4.732914,0.49,1.668,1.08,0.054,0.82
9636563,K02892.01,,10.635946,0.49,3.0202,1.26,0.092,0.8
12254378,K02387.01,Kepler-1217 b,2.032324,0.49,1.8563,1.62,0.032,0.97
8463346,K02529.01,Kepler-436 c,16.79702,0.49,3.4541,1.77,0.111,0.579
5383248,K00261.01,Kepler-96 b,16.238465,0.49,3.8551,2.65,0.125,1.017
9364290,K02374.01,Kepler-382 b,5.26226,0.49,3.2174,1.35,0.057,1
11601584,K01831.02,Kepler-324 b,4.385316,0.49,2.5868,1.04,0.05,0.75
9650808,K01970.02,Kepler-344 c,125.5963,0.49,7.3551,3.1,0.479,0.96
4349442,K01803.01,,4.539292,0.49,1.8752,1.8,0.048,0.71
3444588,K01202.01,Kepler-787 b,0.9282974,0.49,1.2516,1.17,0.016,0.552
5371776,K01557.04,Kepler-304 e,1.499142,0.49,1.407,1.06,0.023,0.67
8552565,K01277.01,,1.06193123,0.49,2.1459,1.29,0.021,0.97
8583696,K01275.01,Kepler-803 b,50.28578,0.49,6.3763,3.2,0.256,0.94
6543893,K01627.02,,5.93916,0.49,2.3038,1.43,0.063,0.82
8240904,K01070.03,,92.7557,0.49,8.9578,2.85,0.409,1.02
7434875,K00884.01,Kepler-247 c,9.439451,0.49,2.9311,3.8,0.08,0.68
12366681,K00973.01,,13.33387,0.49,6.5149,0.47,0.118,1.99
10682541,K00751.01,Kepler-663 b,4.996777,0.49,2.0364,2.4,0.053,0.79
10063802,K01888.01,Kepler-1000 b,120.019,0.489,11.5435,4.3,0.519,1.41
9115800,K00421.01,Kepler-548 b,4.4541913,0.485,2.3071,11.1,0.049,0.86
10614012,K01807.01,,132.1405,0.4835,25.9754,70.4,0.64,8.61
4833421,K00232.01,Kepler-122 c,12.466071,0.482,5.0522,4.7,0.108,0.97
10489525,K00106.01,,1.6122513,0.48,3.0177,5,0.031,2.41
9941859,K00528.01,Kepler-178 b,9.576715,0.48,3.3828,2.9,0.085,1.05
5872150,K00414.02,,5.922366,0.48,3.01,2.02,0.065,1.05
5351250,K00408.01,Kepler-150 c,7.381996,0.48,3.117,3.7,0.073,0.94
6071903,K00306.01,Kepler-519 A b,24.307983,0.48,2.6209,2.29,0.161,0.871
5340644,K00503.01,Kepler-580 b,8.22248,0.48,2.6696,2.13,0.067,0.557
6933567,K02643.01,Kepler-1301 b,9.082386,0.48,2.0118,1.38,0.08,0.76
9209624,K02443.01,Kepler-387 b,6.79165,0.48,2.9972,1.2,0.073,1.09
11752906,K00253.02,,20.61867,0.48,3.2054,1.18,0.12,0.522
9472074,K02735.01,,0.5588406,0.48,0.8406,1.19,0.012,0.69
7605093,K02817.01,Kepler-1356 b,0.6340034,0.48,0.9257,1.31,0.014,0.68
11253827,K02672.02,Kepler-396 b,42.99066,0.48,4.7047,3.5,0.228,1.04
6047072,K02100.01,Kepler-1095 b,4.271024,0.48,2.2909,1.29,0.052,0.93
8127607,K01919.01,,16.609626,0.48,2.9336,2.1,0.119,0.75
12121470,K02142.01,,1.8773533,0.48,1.8037,1.71,0.031,1.1
10482160,K01170.01,,7.343692,0.48,1.1296,2.1,0.073,0.87
10858691,K01306.04,Kepler-286 e,29.22144,0.48,4.0261,1.78,0.187,0.93
10730034,K01305.01,Kepler-285 b,2.633893,0.48,2.1635,1.27,0.036,0.76
7174351,K01365.01,,1.4870837,0.48,1.2623,1.57,0.025,0.81
6543893,K01627.01,Kepler-913 b,10.29678,0.48,2.8158,2.14,0.091,0.82
8280511,K01151.03,Kepler-271 d,5.24948,0.48,2.8576,0.7,0.058,0.97
6948054,K00869.01,Kepler-245 b,7.490188,0.48,2.8144,2.7,0.069,0.8
10148521,K01084.01,,1.2042737,0.48,1.4012,1.24,0.022,0.84
5972334,K00191.03,,0.7085982,0.479,1.4539,1.24,0.015,0.88
5872150,K00414.01,,20.3550856,0.475,5.289,17,0.147,1.05
9757613,K00250.01,Kepler-26 b,12.283078,0.475,2.8563,3.08,0.09,0.577
8806123,K00523.02,Kepler-177 b,36.85478,0.474,7.531,2.9,0.223,1.07
3937519,K00221.01,Kepler-495 b,3.4130351,0.474,2.6424,4.8,0.042,0.76
4932348,K00819.01,,38.0367485,0.474,3.7567,24,0.212,0.77
10005020,K00724.01,,6.971058,0.47,3.8863,2.4,0.071,0.86
11709124,K00435.01,Kepler-154 d,20.549751,0.47,5.4378,3.6,0.148,0.93
8197793,K03123.01,,15.23128,0.47,4.3063,1.7,0.124,1
11394027,K00349.01,,14.386786,0.47,2.1583,2.5,0.113,1.05
5621586,K02415.01,,5.25408,0.47,2.917,1.82,0.06,0.89
8004903,K02594.01,Kepler-1286 b,11.2545,0.47,4.9138,2.4,0.098,1.09
11125613,K02485.01,Kepler-1254 b,9.99124,0.47,2.7683,1.57,0.083,0.75
8164257,K02073.02,Kepler-357 b,6.475341,0.47,2.6178,1.7,0.061,0.72
3629967,K01901.01,,85.6539,0.47,6.9469,2.07,0.388,0.96
9967771,K01875.01,Kepler-990 b,9.917215,0.47,3.243,2.1,0.091,0.96
9351920,K02129.01,Kepler-1111 b,8.79631,0.47,3.5164,1.77,0.085,0.96
10362031,K02118.01,,3.213698,0.47,2.2128,0.82,0.043,1.019
5376836,K00182.01,,3.47942537,0.47,3.2992,13.2,0.045,0.91
9765975,K01520.01,Kepler-877 b,18.45848,0.47,3.2938,1.9,0.128,0.83
3641726,K00804.01,,9.029305,0.47,3.1352,2.6,0.079,0.82
11304958,K00764.01,Kepler-667 b,41.43954,0.47,10.6241,4.7,0.218,0.88
6680177,K00860.01,,16.61474,0.47,2.7655,0.7,0.12,0.83
9761882,K00948.01,Kepler-738 b,24.58719,0.47,3.9033,2.5,0.16,0.79
4833421,K00232.05,Kepler-122 f,56.25696,0.467,8.1388,1.79,0.294,0.97
1717722,K03145.01,,4.536993,0.46,1.6672,1.44,0.048,0.633
3642335,K03010.01,Kepler-1410 b,60.8713,0.46,4.5711,1.41,0.25,0.532
5040077,K03065.01,,0.8963827,0.46,1.177,1.13,0.018,0.94
12602314,K02853.01,,1.4070228,0.46,1.362,1.06,0.022,0.77
8110767,K02504.01,,20.49013,0.46,3.992,2.2,0.147,0.85
6716545,K02906.01,Kepler-1383 b,13.9095,0.46,6.781,1.36,0.119,1.33
6871071,K02220.01,Kepler-374 c,3.282784,0.46,3.3344,1.19,0.044,0.97
7102316,K02028.01,Kepler-351 c,57.24717,0.46,6.1224,3.3,0.282,0.85
11923284,K02026.01,Kepler-1061 b,2.758006,0.46,2.0383,1.94,0.041,1.3
4157325,K01860.01,Kepler-416 b,6.319439,0.46,3.1923,2.58,0.069,1.12
11601584,K01831.03,,34.2069,0.46,5.241,1.3,0.196,0.75
11288505,K01433.01,Kepler-846 b,19.80762,0.46,3.6088,2.2,0.142,0.86
6034945,K01683.01,Kepler-927 b,9.11513,0.46,4.5734,1.8,0.085,1.01
10879038,K01641.01,Kepler-918 b,4.85382,0.46,2.7349,1.36,0.057,0.96
5956342,K01052.03,Kepler-265 e,67.8299,0.46,6.9189,2.51,0.341,1.07
3560301,K00968.01,,4.649606,0.46,13.3147,2,0.063,2.02
3734868,K00805.01,,10.3280186,0.4588,7.9635,13.4,0.089,1.01
4478168,K00626.02,,8.02901,0.45,3.1623,0.96,0.081,1.086
9162741,K00703.01,,1.3686106,0.45,1.6712,1.33,0.025,1.172
12470954,K00439.01,Kepler-554 b,1.90221,0.45,2.2091,3.6,0.029,0.76
3217264,K00401.01,Kepler-149 b,29.198926,0.45,5.1414,7.23,0.18,1.58
7107802,K02420.01,Kepler-1231 b,10.41729,0.45,4.237,1.27,0.093,0.88
8227661,K02826.01,,0.9268482,0.45,1.5422,0.57,0.011,0.27
5185897,K02693.01,Kepler-398 b,4.0814148,0.45,2.2014,0.73,0.043,0.575
6846911,K02477.01,,14.02625,0.45,1.2912,2.2,0.113,1.09
9965957,K01911.01,Kepler-1011 b,5.753201,0.45,1.6214,2.2,0.059,0.79
7626370,K01706.01,Kepler-932 b,1.9214304,0.45,1.8003,1.32,0.028,0.81
2021440,K01987.01,,7.811385,0.45,3.8466,2.1,0.072,0.71
10253547,K02153.02,Kepler-364 b,25.7461,0.45,6.9127,1.3,0.182,1.17
10975146,K01300.01,Kepler-808 b,0.6313298,0.45,1.0875,1.34,0.012,0.622
8081482,K01539.01,,2.81945506,0.45,4.1168,30,0.038,1.08
9818462,K01521.01,Kepler-878 b,25.94199,0.45,3.9625,1.93,0.156,0.77
8226994,K00906.03,Kepler-250 b,4.14787,0.45,2.3997,0.99,0.046,0.76
8127639,K01012.01,,1.0234717,0.45,1.6892,3.6,0.02,0.97
4833421,K00232.02,Kepler-122 b,5.766148,0.445,3.8686,1.92,0.064,0.97
10287248,K01152.01,,4.72225588,0.445,3.4236,19.56,0.046,0.653
10002261,K00959.01,,12.71379439,0.444,2.5473,5.39,0.063,0.27
7898352,K01486.02,Kepler-302 b,30.18376,0.441,5.8355,2.8,0.191,0.92
7186665,K03033.01,,8.559432,0.44,4.5373,1.19,0.084,1.02
3642289,K00301.02,Kepler-135 c,11.44883,0.44,5.1592,1.16,0.104,1.21
7595157,K00568.02,Kepler-605 c,2.359002,0.44,1.8505,0.74,0.033,0.77
8884274,K02868.01,Kepler-1374 b,10.652797,0.44,2.7244,1.7,0.092,0.57
6614629,K02737.01,,0.52661718,0.44,1.129,0.81,0.012,1.02
6765135,K02592.01,,175.609,0.44,8.6674,2.3,0.635,1.02
5775129,K02802.01,,3.848208,0.44,2.0033,1.64,0.05,1.08
8077137,K00274.01,Kepler-128 b,15.09205,0.44,4.1385,1.13,0.127,1.55
4275117,K02776.01,,1.0065197,0.44,1.1706,1.18,0.02,0.98
11774303,K02269.01,,0.6140747,0.44,1.0865,2.12,0.015,1.11
4349452,K00244.02,Kepler-25 A b,6.2385593,0.44,3.5454,3.4,0.07,1.66
9662811,K01854.01,Kepler-984 b,43.03252,0.44,6.0719,3.14,0.232,1.33
9205938,K02162.01,Kepler-1126 b,108.593,0.44,8.0975,1.89,0.458,0.99
9471268,K01835.02,Kepler-326 b,2.2483077,0.44,2.0484,2.92,0.033,1.8
5978559,K02321.01,,95.6091,0.44,7.4628,2.21,0.427,1.05
7207061,K02113.01,Kepler-417 c,15.94274,0.44,3.3605,2.8,0.122,0.83
4135665,K01339.01,Kepler-823 b,4.168078,0.44,2.7437,1.65,0.048,1.01
9150827,K01408.01,,14.53398,0.44,3.2434,1.25,0.097,0.54
4830605,K01660.01,,35.638,0.44,4.6938,1.98,0.213,0.91
10747439,K01638.01,,4.5935928,0.44,1.9648,3.6,0.055,0.96
3453214,K00802.01,,19.620342,0.44,1.9819,12.8,0.141,0.87
9579641,K00115.01,Kepler-105 b,5.4122014,0.438,2.8202,3.38,0.064,1.35
3228945,K02917.01,,0.7309,0.4352,2.9341,102,0.016,1.05
9834731,K03043.01,,3.089423,0.43,2.4274,0.9,0.042,0.92
11618601,K03022.01,,2.762634,0.43,1.9203,1.21,0.038,0.86
10068030,K00529.01,,2.023125,0.43,1.2387,2.99,0.03,0.81
5351250,K00408.02,Kepler-150 d,12.56091,0.43,3.787,2.9,0.105,0.94
12416661,K03122.01,Kepler-1434 b,8.05334,0.43,5.199,1.09,0.084,1.55
10600261,K00597.02,Kepler-194 b,2.092282,0.43,2.36,1.46,0.033,1.04
4847534,K00499.01,Kepler-579 b,9.668464,0.43,2.5107,1.6,0.082,0.8
10554967,K03059.01,,0.5363397,0.43,1.1485,1.7,0.013,0.74
6500206,K02451.01,,13.37522,0.43,1.7645,1.8,0.102,0.86
2142522,K02403.01,Kepler-1224 b,13.323565,0.43,4.0806,1.14,0.114,1.08
6697605,K02851.02,,1.2393568,0.43,1.5448,1.15,0.023,0.95
9692128,K02769.01,,1.4803185,0.43,2.067,1.36,0.026,1.14
11601584,K01831.01,Kepler-324 c,51.80403,0.43,6.2109,2.5,0.258,0.75
4466677,K01338.02,,42.0365,0.43,6.2734,1.64,0.233,0.98
10460629,K01168.01,,432.09,0.43,21.4368,2.8,1.193,1.4
7376983,K01358.04,,2.34587,0.43,1.569,1.09,0.031,0.67
8125580,K01014.01,Kepler-749 b,17.31729,0.43,3.1141,2.71,0.117,0.7
6948054,K00869.04,Kepler-245 e,3.219792,0.43,2.1492,1.72,0.039,0.8
10265898,K00732.03,,5.254582,0.43,2.6271,1.03,0.056,0.78
3353050,K00384.01,Kepler-541 b,5.08006,0.427,5.2694,1.85,0.059,1.21
10386922,K00289.02,Kepler-511 b,296.6371,0.423,16.4256,5.04,0.854,0.949
3109930,K01112.01,,37.81062,0.423,8.9077,2.14,0.225,1.01
11073351,K00537.01,Kepler-592 b,2.82021,0.42,2.4721,2.14,0.04,0.97
9758032,K03137.01,,1.3320418,0.42,1.6458,0.93,0.023,0.77
7106173,K03083.02,,6.232171,0.42,2.6955,0.54,0.067,0.91
10925113,K02557.01,,11.77582,0.42,2.9715,1.46,0.097,0.77
4381282,K02922.01,,0.497585,0.42,1.3594,1.03,0.012,0.78
7762723,K02663.01,,9.88744,0.42,4.2113,0.7,0.089,0.84
8890150,K02650.01,Kepler-395 c,34.98804,0.42,4.386,1.28,0.171,0.523
8260234,K02085.01,,5.71479,0.42,2.8794,1.5,0.058,0.81
2854181,K02232.01,,101.1337,0.42,4.1873,3.5,0.415,0.91
11709244,K01832.03,Kepler-325 d,38.71585,0.42,3.4318,2.8,0.218,1
3219995,K02314.01,Kepler-1187 b,18.87061,0.42,3.154,2.26,0.142,0.98
2161536,K02130.01,,16.85481,0.42,2.4452,1.66,0.106,0.536
7207061,K02113.02,Kepler-417 b,12.33108,0.42,3.0886,2.38,0.103,0.83
9225395,K02107.01,Kepler-1101 b,81.317,0.42,5.7922,2.2,0.357,0.81
5301750,K01589.01,Kepler-84 b,8.725854,0.42,4.3006,2.2,0.083,1.03
11046025,K01646.01,,3.720226,0.42,1.8705,0.94,0.042,0.72
7841925,K01499.01,Kepler-865 b,14.163994,0.42,4.2969,2.5,0.107,0.92
6462874,K01231.01,,22.342931,0.42,6.7474,3.08,0.131,0.566
4770365,K01475.01,,1.6093059,0.42,1.5542,1.44,0.022,0.556
8395660,K00116.04,Kepler-106 d,23.98059,0.42,4.6787,0.93,0.163,1.04
5880320,K01060.03,Kepler-758 d,20.49659,0.42,6.6827,1.96,0.159,1.24
6948054,K00869.02,Kepler-245 d,36.28011,0.42,4.9242,3.1,0.197,0.8
10657664,K00964.01,,3.27369909,0.42,2.9026,22.8,0.058,2.58
5794379,K00842.02,Kepler-241 c,36.06595,0.42,4.3024,2.61,0.187,0.648
9022166,K02175.01,Kepler-368 b,26.84734,0.416,9.9626,1.35,0.174,0.84
12058931,K00546.02,Kepler-182 b,9.82598,0.41,4.7769,2.2,0.093,1.01
6291837,K00308.01,,35.59743,0.41,6.0211,3.15,0.227,1.207
12405333,K03009.01,Kepler-1409 b,0.7648651,0.41,1.1909,1.05,0.015,0.79
10460984,K00474.01,Kepler-164 c,10.945729,0.41,2.9872,2.5,0.101,1.1
4829935,K02395.01,,16.932932,0.41,1.5779,2.5,0.134,1.04
4479633,K02814.01,,0.475068,0.41,0.9735,1.02,0.012,0.95
9964748,K02496.01,,1.1838178,0.41,1.4626,0.93,0.022,0.98
10275805,K02782.01,,112.6437,0.41,5.8504,3.7,0.463,0.88
10005788,K01940.02,,6.7368,0.41,2.3637,0.68,0.059,0.576
8167996,K01867.01,Kepler-327 b,2.549559,0.41,1.6373,1.2,0.03,0.523
11308499,K02168.02,Kepler-366 c,12.51625,0.41,4.7559,1.7,0.109,1.01
11308499,K02168.01,Kepler-366 b,3.281895,0.41,3.0505,1.37,0.045,1.01
10684670,K02317.01,Kepler-1189 b,3.788753,0.41,3.0697,1.23,0.047,1.1
10206675,K02283.01,,17.401899,0.41,3.0663,1.51,0.11,0.563
10724369,K01302.01,Kepler-809 b,55.63765,0.41,6.9979,2.7,0.286,0.9
5880320,K01060.01,Kepler-758 b,12.10995,0.41,5.6498,2.02,0.112,1.24
2574338,K01030.01,,9.22969,0.41,2.7144,2.36,0.091,1.1
7295235,K00987.01,Kepler-743 A b,3.179262,0.41,1.006,1.28,0.042,0.917
3228824,K01100.01,,0.7309384,0.41,2.6613,1.73,0.015,0.73
5531576,K00837.02,Kepler-240 b,4.144538,0.41,2.209,1.28,0.046,0.661
10723750,K00209.01,Kepler-117 c,50.790563,0.4056,10.95,8.75,0.284,1.135
9963524,K00720.01,Kepler-221 c,5.6905861,0.4,2.5158,2.96,0.058,0.81
9070666,K03008.01,Kepler-1408 b,2.997905,0.4,4.3692,0.84,0.042,1.25
10252275,K03130.02,,5.652507,0.4,2.1602,0.83,0.057,0.78
4832837,K00605.02,,5.065356,0.4,2.567,0.61,0.05,0.57
8176564,K02720.01,,6.571477,0.4,3.0728,0.8,0.07,1.05
9697131,K02706.01,,3.0975887,0.4,4.7503,1.45,0.045,1.56
11127479,K02792.01,Kepler-1349 b,2.1282478,0.4,3.3957,0.51,0.033,1.01
10203349,K02212.01,Kepler-1144 b,17.14624,0.4,3.9724,1.82,0.132,0.91
6199702,K02211.01,,0.80525763,0.4,1.0475,2,0.018,1.04
4142847,K02210.01,Kepler-1143 b,2.88887,0.4,1.5523,1.43,0.036,0.711
3657758,K02034.01,Kepler-1065 b,3.609319,0.4,1.7528,3.1,0.046,0.89
10798331,K02373.01,,147.2796,0.4,7.4584,2.2,0.538,0.99
6776401,K01847.01,Kepler-977 b,26.85336,0.4,4.4457,2.6,0.163,0.85
10583761,K02300.01,Kepler-1179 b,2.685058,0.4,1.0657,1.26,0.035,0.83
3962243,K01203.01,Kepler-276 c,31.88293,0.4,5.3779,2.9,0.2,0.95
4061149,K01201.01,,2.757567,0.4,1.007,1.21,0.031,0.516
8628758,K01279.01,Kepler-804 b,14.37438,0.4,4.7978,1.56,0.115,0.88
9264949,K01405.01,Kepler-835 b,11.41904,0.4,4.3156,2.37,0.102,1.01
12406749,K01476.01,,56.36391,0.4,5.6256,4.3,0.273,0.83
7434875,K00884.03,Kepler-247 b,3.336205,0.4,2.0917,1.45,0.04,0.68
6022556,K00844.01,Kepler-697 b,3.709884,0.4,3.0893,3.6,0.045,0.8
5903749,K03029.02,,6.347232,0.39,3.2261,1.18,0.063,0.92
8751796,K03125.01,Kepler-1435 b,4.453434,0.39,3.9522,0.85,0.057,1.26
7119481,K00566.01,Kepler-604 b,25.85515,0.39,3.9407,2.4,0.176,0.99
11100670,K02885.01,,20.23381,0.39,3.8265,1.39,0.144,0.79
8611257,K02931.01,Kepler-1389 b,99.25095,0.39,5.7931,1.64,0.387,0.7
5794570,K02675.02,,1.1161319,0.39,1.3448,0.93,0.021,0.84
9704384,K01913.01,Kepler-1012 b,5.508576,0.39,2.902,1.34,0.058,0.95
12253474,K01947.01,,6.422957,0.39,1.1192,1.49,0.069,1.01
11336883,K01445.01,Kepler-853 b,7.168879,0.39,4.5975,1.28,0.078,1.22
3860441,K01188.01,,2.988088,0.39,2.5588,2.2,0.039,0.79
5438099,K01567.04,Kepler-306 e,44.8418,0.39,5.6337,2.81,0.242,0.88
9141746,K00929.01,Kepler-730 b,6.4916717,0.39,4.2273,8.7,0.069,1.02
6032981,K01054.01,,3.32303,0.39,4.11,18.5,0.062,16.61
9775938,K00951.01,Kepler-258 b,13.197244,0.39,3.4759,3.1,0.097,0.68
3831053,K00388.01,,6.149362,0.388,5.5268,3.01,0.068,1.58
6462863,K00094.03,Kepler-89 A e,54.31993,0.387,8.4943,6.73,0.305,1.52
10616571,K00340.01,,23.673188,0.381,14.6388,16.8,0.169,1.119
3247268,K01089.01,Kepler-418 b,86.67831,0.381,10.1137,9.7,0.393,1.06
3541946,K00624.03,Kepler-198 d,1.3118451,0.38,1.7281,1.35,0.023,0.85
8162789,K00521.01,,10.160956,0.38,3.0487,3.7,0.094,1.09
11499192,K03120.01,Kepler-1433 b,4.135906,0.38,2.6013,1.29,0.052,0.99
12404305,K00486.01,Kepler-573 b,22.18339,0.38,5.1527,2.44,0.155,0.9
4067925,K03066.01,,24.22049,0.38,3.2999,2.1,0.151,0.71
8558011,K00577.01,,39.67715,0.38,5.0826,2.9,0.227,1.15
3234843,K03057.02,Kepler-405 b,10.61366,0.38,3.6326,2.1,0.095,0.83
12156347,K02588.01,,5.779572,0.38,2.1317,1.15,0.053,0.554
7466270,K02959.01,,16.15609,0.38,2.9573,2.2,0.11,0.74
5202905,K01932.01,Kepler-340 c,22.82485,0.38,6.8837,5.2,0.201,2.83
11073656,K02206.01,,1.834225,0.38,1.774,1.49,0.03,1
10965588,K02177.01,Kepler-1132 b,62.8908,0.38,6.8967,2.19,0.294,0.76
10026544,K02312.01,,176.277,0.38,14.0625,2.41,0.645,2.04
11462341,K02124.01,,42.33711,0.38,4.4993,1.05,0.199,0.553
4770365,K01475.02,,9.512123,0.38,2.8825,1.83,0.074,0.556
4139816,K00812.04,Kepler-235 c,7.82496,0.38,2.3312,1.28,0.064,0.552
5446285,K00142.01,Kepler-88 b,10.916386,0.38,3.4511,3.78,0.098,0.997
8753657,K00321.01,Kepler-406 b,2.4263077,0.373,2.6466,1.5,0.035,1.11
4478168,K00626.01,Kepler-624 b,14.586675,0.37,4.0488,2.11,0.121,1.086
9597345,K00711.02,Kepler-218 b,3.619345,0.37,3.1758,1.5,0.046,1.059
5524881,K03030.01,,7.195425,0.37,4.0944,1.49,0.075,0.99
8192911,K03058.01,,7.538885,0.37,3.0899,1.95,0.074,0.96
2716801,K03053.01,Kepler-1419 b,42.52146,0.37,5.9603,2.6,0.239,0.9
6964929,K02756.01,Kepler-1340 b,0.6650251,0.37,1.7653,0.94,0.015,0.91
7136729,K02872.01,,3.173199,0.37,2.4992,0.99,0.04,0.91
12008872,K02729.01,Kepler-1327 b,14.88811,0.37,4.982,1.8,0.121,1.14
7673192,K02722.02,Kepler-402 e,11.24284,0.37,4.1127,1.41,0.105,1.23
4858610,K02844.01,,2.722851,0.37,2.5988,1.05,0.036,0.82
6467363,K02840.01,,3.679328,0.37,3.8057,0.87,0.045,0.93
9898447,K02803.01,,2.3775217,0.37,2.2927,0.47,0.034,0.83
7542369,K02465.01,,5.460902,0.37,1.8699,1.47,0.064,1.09
10230571,K01926.01,,123.1149,0.37,17.2442,0.46,0.288,0.27
2307415,K02053.02,Kepler-356 b,4.612661,0.37,2.9534,1.45,0.056,1.19
8261920,K02174.01,,6.693196,0.37,2.0762,1.35,0.059,0.572
8802693,K02000.01,Kepler-1045 b,26.41073,0.37,2.9635,2.5,0.167,0.79
4262581,K02122.01,Kepler-1109 b,37.64617,0.37,6.186,1.67,0.217,0.88
5438099,K01567.01,Kepler-306 c,7.240136,0.37,3.0868,2.56,0.072,0.88
7366258,K00880.03,Kepler-82 e,5.902209,0.366,2.8274,2.3,0.062,0.9
9346253,K01388.01,,34.0645692,0.361,9.3289,17.8,0.213,1.02
8823868,K00081.01,,23.876191,0.3605,9.2561,10.7,0.22,2.6
12833566,K03024.01,,0.537844,0.36,1.6092,0.57,0.014,1.264
10934313,K03121.01,,1.926891,0.36,1.2821,1.36,0.031,1.07
11912932,K03085.01,,3.747888,0.36,3.8206,0.82,0.046,0.83
11442793,K00351.05,Kepler-90 c,8.71989,0.36,3.9669,1.36,0.087,1.07
10924562,K03063.01,Kepler-1422 b,18.60503,0.36,6.8889,1.23,0.141,0.78
11015108,K00344.01,Kepler-530 A b,39.30924,0.36,5.7999,3.8,0.226,1.12
8095441,K02743.01,Kepler-1332 b,11.874578,0.36,2.0055,1.27,0.099,0.84
6345732,K02857.02,Kepler-1370 c,7.441406,0.36,4.7445,1.11,0.077,1.21
9693006,K02913.01,Kepler-1385 b,2.888796,0.36,2.9253,0.56,0.039,0.85
8866137,K02074.01,Kepler-1083 b,33.41832,0.36,4.3052,2.3,0.188,0.7
5357545,K02219.01,,3.757307,0.36,0.8916,1.08,0.043,0.691
4157325,K01860.03,,3.076508,0.36,2.6119,1.61,0.042,1.12
8013439,K02352.02,Kepler-381 b,5.629026,0.36,4.0716,0.82,0.069,1.352
8394721,K00152.03,Kepler-79 b,13.48458,0.36,5.0353,2.94,0.117,1.1
5542466,K01590.03,,4.746676,0.36,2.3706,1.14,0.05,0.71
3554031,K01194.03,Kepler-415 b,4.176366,0.36,2.2281,1.15,0.044,0.61
5526717,K01677.02,,8.5117,0.36,2.9015,0.81,0.08,0.85
5530882,K01680.01,,5.082554,0.36,2.9061,0.86,0.057,0.85
7871954,K01515.01,Kepler-303 b,1.937034,0.36,1.4687,0.99,0.025,0.547
9520668,K01514.01,,1.3993336,0.36,1.7115,0.94,0.021,0.587
7439316,K01501.01,Kepler-866 b,2.617056,0.36,2.2162,1.4,0.033,0.68
2441728,K01000.01,,0.8568931,0.36,1.3299,0.99,0.018,0.95
10910878,K00757.02,Kepler-229 d,41.19274,0.36,4.5832,3.3,0.216,0.7
4263293,K01895.02,Kepler-331 c,17.28116,0.352,2.7839,2.31,0.114,0.579
10585852,K01314.01,Kepler-815 b,8.57507,0.351,8.6303,3.47,0.09,2.67
7529266,K00680.01,Kepler-435 b,8.6001453,0.3507,8.9948,8,0.086,1.18
9884104,K00718.01,Kepler-219 b,4.585504,0.35,3.3225,2.58,0.057,1.31
3323887,K00377.01,Kepler-9 b,19.273938,0.35,4.1601,8.28,0.143,1.012
7296438,K00364.01,,173.9285,0.35,2.6425,0.93,0.638,1.35
6200715,K00451.01,,3.7235708,0.35,2.8983,2.7,0.05,1.15
8073806,K02411.01,,11.96712,0.35,4.1778,2.7,0.102,1
6186964,K02839.01,Kepler-1366 b,2.1645503,0.35,1.3749,1.5,0.027,0.63
8242434,K01726.01,Kepler-942 b,44.96393,0.35,4.9833,1.84,0.217,0.654
8689793,K01893.01,Kepler-1003 b,3.554901,0.35,2.1104,1.5,0.047,0.98
9549648,K01886.01,Kepler-999 b,5.991849,0.35,1.7031,2.5,0.071,1.87
4157325,K01860.02,Kepler-416 c,12.20942,0.35,4.1779,2.5,0.107,1.12
8261920,K02174.03,,7.7251,0.35,2.1741,0.95,0.065,0.572
9895709,K01594.01,,1.8189295,0.35,1.6739,1.9,0.03,1
3848972,K01187.01,,0.37052915,0.35,0.7938,3.53,0.01,0.8
11014932,K01432.01,Kepler-299 c,6.885841,0.35,3.3541,1.89,0.071,0.9
10357040,K01634.01,,46.8823,0.35,2.1676,1.63,0.259,0.95
9015738,K01616.01,Kepler-909 b,13.93281,0.35,2.424,1.38,0.12,1.128
4139816,K00812.02,Kepler-235 d,20.06057,0.35,3.2659,2.1,0.121,0.552
5956342,K01052.01,Kepler-265 c,17.02885,0.35,4.5847,2.5,0.136,1.07
8490993,K00911.01,Kepler-722 b,4.093602,0.35,2.2831,2.29,0.051,0.95
8280511,K01151.02,Kepler-271 c,7.411038,0.35,3.426,1.15,0.072,0.97
1725016,K01007.01,Kepler-748 b,7.40758,0.35,3.6294,2.13,0.076,0.99
1718189,K00993.01,Kepler-262 c,21.85347,0.35,3.5258,1.69,0.152,0.88
8312852,K01143.01,,7.440431,0.35,2.4584,2.6,0.074,0.87
9941662,K00013.01,Kepler-13 b,1.7635877,0.35,3.1666,23,0.038,2.7
7303287,K01353.01,Kepler-289 c,125.86546,0.343,9.0585,18.6,0.518,1.64
8039892,K00903.01,Kepler-719 b,5.007312,0.341,4.2333,7.4,0.057,0.89
6593150,K03037.01,,5.465488,0.34,3.244,1.3,0.059,0.82
11244137,K02994.01,Kepler-1402 b,2.033876,0.34,3.3049,0.68,0.03,0.77
8022244,K00519.02,Kepler-175 c,34.03544,0.34,6.7485,2.6,0.209,0.95
8017703,K00518.03,Kepler-174 d,247.3503,0.34,8.9238,2.22,0.652,0.61
6381846,K00509.03,Kepler-171 d,39.59492,0.34,5.5171,1.94,0.222,0.83
10600261,K00597.01,Kepler-194 c,17.30693,0.34,5.0122,2.65,0.133,1.04
6312171,K03079.01,,92.5734,0.34,8.4509,1.5,0.391,0.83
11442793,K00351.06,Kepler-90 b,7.008233,0.34,3.7064,1.16,0.075,1.07
9959492,K03051.01,,11.68242,0.34,2.7249,1.61,0.103,0.99
5036705,K02437.01,Kepler-1238 b,4.147653,0.34,3.3491,1.33,0.052,1.06
6185496,K02858.01,,0.474627,0.34,1.0418,1.24,0.011,0.68
7382313,K02392.01,Kepler-1220 b,7.42716,0.34,3.4818,1.38,0.073,0.99
8168187,K02209.01,Kepler-1142 b,18.30216,0.34,7.8278,1.16,0.134,0.86
6061773,K02001.01,,8.277379,0.34,2.4063,2.4,0.078,1.8
10028792,K01574.03,,5.83343,0.34,5.0435,0.78,0.062,0.85
5308663,K01562.01,,0.7845087,0.34,1.786,2.3,0.017,0.78
12400538,K01503.01,Kepler-867 b,150.2413,0.34,10.8801,3.97,0.537,0.81
5817553,K01040.01,,4.2061023,0.34,7.2339,4,0.053,1.05
2165002,K00999.01,Kepler-263 b,16.56806,0.34,4.1494,2.66,0.118,0.77
1718189,K00993.02,Kepler-262 b,13.06062,0.34,2.9662,1.3,0.108,0.88
2854698,K00986.01,Kepler-260 b,8.18746,0.34,3.0823,2.04,0.077,0.9
2720309,K01092.01,,0.41333387,0.34,1.39,3.8,0.011,0.9
9406990,K00937.01,Kepler-733 b,20.83495,0.34,4.0548,2.42,0.142,0.78
7849854,K00897.01,Kepler-718 b,2.05234974,0.332,2.054,11.5,0.031,0.96
7419318,K00313.02,Kepler-137 b,8.436404,0.33,3.2241,1.61,0.079,0.858
5520547,K02990.01,Kepler-1401 b,11.19948,0.33,3.7405,1.23,0.1,0.95
10600261,K00597.03,Kepler-194 d,52.81476,0.33,7.2769,2.43,0.28,1.04
3324986,K03084.01,,1.540402,0.33,1.8258,1.06,0.026,0.87
7289317,K02450.01,Kepler-1243 b,16.83192,0.33,4.1306,1.6,0.126,0.93
9602613,K02612.01,,4.612264,0.33,2.726,0.51,0.051,0.92
6690836,K02699.01,Kepler-1317 b,0.5688763,0.33,1.2115,1.38,0.013,0.71
9823519,K02793.01,Kepler-1350 b,4.49685,0.33,1.851,2.9,0.042,0.62
7032421,K01747.01,,20.55873,0.33,1.2192,1.9,0.143,0.81
9580992,K02217.01,,37.80223,0.33,3.5878,1.9,0.208,0.73
11126381,K01863.01,,33.78882,0.33,5.5136,2.5,0.211,1.01
6962109,K02182.01,Kepler-1134 b,17.13271,0.33,3.1056,2.4,0.128,0.81
3327993,K02157.01,,2.115547,0.33,3.9907,1.65,0.032,0.88
3966262,K01811.01,,2.4635342,0.33,2.2993,2.3,0.035,0.81
11014932,K01432.03,Kepler-299 b,2.927162,0.33,2.5272,1.19,0.04,0.9
10744335,K01304.01,Kepler-810 b,4.59731,0.33,2.9046,1.55,0.055,0.93
12266636,K01522.01,Kepler-879 b,33.38541,0.33,5.0904,2.32,0.199,0.99
11337141,K01649.01,,4.043539,0.33,1.6887,1.06,0.04,0.513
5474733,K01610.01,,0.8837763,0.33,1.6228,1.12,0.018,0.99
10797460,K00752.01,Kepler-227 b,9.488102,0.33,3.172,2.5,0.085,0.99
10141900,K01082.02,,4.096729,0.33,2.0704,1.23,0.047,0.73
8164012,K02116.01,Kepler-1106 b,1.2527398,0.328,2.0993,1.48,0.024,1.03
11442793,K00351.01,Kepler-90 h,331.643,0.326,14.5403,9.8,0.98,1.07
9300285,K00705.01,,1.01267301,0.32,2.214,5.1,0.021,1.37
3348285,K03021.01,,0.8038344,0.32,1.3296,0.77,0.018,1.03
3752110,K03142.01,,27.94325,0.32,6.2699,2,0.189,1.09
11554435,K00063.01,Kepler-63 b,9.4341577,0.32,2.7726,6.31,0.089,0.993
7903086,K02761.01,,1.8468499,0.32,1.7151,1.9,0.029,0.8
11495766,K02630.01,,4.175069,0.32,4.2508,0.53,0.051,0.89
8212002,K02593.01,Kepler-1285 b,14.79763,0.32,6.3573,0.79,0.119,1.053
10336951,K02401.01,,38.23021,0.32,4.3216,1.35,0.193,0.628
3734418,K02261.01,Kepler-1164 b,3.976032,0.32,2.2563,1.05,0.045,0.79
6774880,K02062.01,Kepler-1077 b,34.35173,0.32,4.225,2.5,0.211,0.97
11570749,K01856.01,,46.29494,0.32,5.5955,4.35,0.245,1.6
4173026,K02172.01,,10.440887,0.32,3.3795,2.5,0.091,0.96
5802478,K01834.01,,3.7918642,0.32,2.4767,2.7,0.049,1.02
11014932,K01432.02,Kepler-299 d,15.05482,0.32,4.3902,1.57,0.119,0.9
9784222,K01513.01,,1.1972985,0.32,1.3363,2.2,0.023,1.04
9636135,K01498.01,Kepler-864 b,5.833734,0.32,3.8751,2.15,0.064,0.95
10271806,K00733.02,Kepler-224 d,11.349294,0.32,3.0481,2.47,0.093,0.72
6392727,K00851.01,Kepler-703 b,4.5835184,0.32,2.716,5.4,0.054,0.87
5794379,K00842.01,Kepler-241 b,12.71807,0.32,3.1446,2.17,0.093,0.648
10799735,K00193.01,,37.590272,0.317,4.335,14,0.225,0.99
4384675,K00445.01,,260.2071733,0.3162,6.5894,2.22,0.803,0.92
7336093,K03143.01,,4.4040248,0.3162,2.4108,0.45,0.045,0.602
1725415,K02988.01,,2.43731228,0.3162,1.8933,0.69,0.036,0.94
10216045,K00594.01,,16.88954693,0.3162,3.4113,0.23,0.124,0.79
8161830,K03046.01,,1.10118564,0.3162,5.2008,0.42,0.02,0.83
3859363,K02887.01,,1.5685982,0.3162,3.0018,1.85,0.028,1.04
10663411,K02584.01,,157.8580002,0.3162,14.1073,1.42,0.577,1.14
9823564,K02940.01,,129.683661,0.3162,7.8635,1.49,0.503,0.91
9277210,K02268.01,,4.94440412,0.3162,17.5425,0.67,0.064,1.396
5110683,K02334.01,,12.53449909,0.3162,6.023,0.74,0.107,0.9
8872048,K02323.01,,58.35512552,0.3162,8.4541,0.51,0.274,0.88
9171801,K00933.01,,3.18585499,0.3162,1.2288,0.08,0.042,0.87
8846163,K00962.01,,26.77891391,0.3162,3.1249,0.3,0.141,0.485
7051984,K02879.01,,0.3390709,0.314,1.1581,1.43,0.01,2.08
10295951,K01154.01,,6.81082301,0.314,7.721,24.7,0.082,2.08
11442793,K00351.02,Kepler-90 g,210.59659,0.313,12.2293,6.8,0.724,1.07
10265898,K00732.01,Kepler-656 b,1.2602548,0.31,1.7627,2.6,0.022,0.78
10227020,K00730.02,Kepler-223 c,9.84871,0.31,5.8433,1.98,0.088,1.03
9838804,K03028.01,,1.332597,0.31,2.7568,1.07,0.023,0.75
12058931,K00546.01,Kepler-182 c,20.68438,0.31,6.4144,3,0.152,1.01
6265792,K02753.01,Kepler-1338 b,0.9351186,0.31,1.7182,0.88,0.019,1.09
5991936,K02606.01,,6.097377,0.31,3.3208,2.9,0.079,1.48
6607357,K02838.01,Kepler-1365 b,7.699939,0.31,4.4996,0.75,0.075,0.9
6697756,K02798.01,Kepler-1351 b,0.916139,0.31,1.1039,0.59,0.016,0.583
8167996,K01867.03,Kepler-327 c,5.212275,0.31,2.1517,1.07,0.048,0.523
7286911,K02180.01,Kepler-1133 b,11.5556,0.31,1.6141,1.8,0.098,0.83
9415108,K02121.01,Kepler-1108 b,4.510142,0.31,2.1896,1.39,0.052,0.81
4243911,K01337.01,Kepler-821 b,1.92282,0.31,1.9758,1.13,0.028,0.75
6541920,K00157.04,Kepler-11 f,46.68641,0.31,6.4484,2.43,0.252,1.06
10468940,K01163.02,Kepler-273 c,8.014957,0.31,3.2333,1.63,0.076,0.9
5371776,K01557.02,Kepler-304 d,9.653484,0.31,2.8974,2.4,0.078,0.67
7691260,K01528.01,Kepler-882 b,3.98955,0.31,1.5413,0.95,0.046,0.733
4725681,K00817.01,Kepler-236 c,23.96812,0.31,4.0226,1.74,0.133,0.524
6462863,K00094.01,Kepler-89 A d,22.343001,0.305,6.6986,11.4,0.168,1.52
5531694,K00647.01,Kepler-634 b,5.169487,0.3,4.5693,1.67,0.062,1.17
9884104,K00718.02,Kepler-219 c,22.71456,0.3,5.7705,3.07,0.166,1.31
2438264,K00440.01,Kepler-156 c,15.906811,0.3,3.9368,2.2,0.112,0.74
4175630,K02998.01,Kepler-1405 b,28.22737,0.3,5.7242,3,0.181,0.89
8046689,K03092.01,,5.785382,0.3,2.2309,1.68,0.065,0.99
7668416,K03089.01,,0.858548,0.3,1.0481,0.98,0.017,0.92
6129524,K02886.01,Kepler-1379 b,0.8818394,0.3,1.325,1.34,0.018,0.79
3336765,K02740.01,,1.844866,0.3,1.7162,1.09,0.03,1.09
9845898,K02423.01,Kepler-1233 b,45.1257,0.3,6.8671,2.09,0.264,1.15
7673192,K02722.04,Kepler-402 d,8.921049,0.3,3.9014,1.3,0.09,1.23
7673192,K02722.03,Kepler-402 b,4.028742,0.3,2.9947,1.14,0.053,1.23
9395024,K02383.01,Kepler-1216 b,4.370381,0.3,2.758,1.33,0.053,0.94
4385148,K02942.01,,13.84293,0.3,4.0744,1.49,0.112,0.68
5108946,K02955.01,,0.5912768,0.3,1.026,1.24,0.014,1
5787131,K02927.01,,24.43528,0.3,4.1366,1.8,0.167,0.76
4248120,K02216.01,,23.34034,0.3,2.2371,2.4,0.152,0.97
6864893,K02375.01,,40.87934,0.3,5.1883,1.55,0.223,0.78
10670119,K02179.01,Kepler-369 c,14.87174,0.3,2.4285,1.8,0.092,0.6
2990873,K02335.01,Kepler-1194 b,16.22391,0.3,2.4726,1.9,0.124,1.15
11298298,K01802.01,Kepler-956 b,5.248681,0.3,1.8401,2.42,0.06,0.98
3440978,K02288.01,,38.10325,0.3,3.0297,2.4,0.205,0.84
10858691,K01306.03,Kepler-286 d,5.914256,0.3,2.5635,1.46,0.065,0.93
6616218,K01692.01,Kepler-314 c,5.9604,0.3,2.7219,2.65,0.065,0.951
8742590,K01281.01,,49.47779,0.3,2.6474,2,0.261,0.86
7376983,K01358.01,,5.644954,0.3,2.2485,2.1,0.056,0.67
11960862,K00782.01,Kepler-677 b,6.575324,0.3,4.291,5.5,0.069,1.04
10015516,K00990.01,,67.69263,0.3,49.1621,107,0.469,12
4563268,K00627.02,Kepler-625 c,4.165471,0.29,3.2394,1.22,0.054,1.199
11442793,K00351.04,Kepler-90 e,91.94069,0.29,8.9676,2.25,0.416,1.07
11768142,K02626.01,Kepler-1652 b,38.09824,0.29,3.1406,1.39,0.178,0.502
6351097,K02618.01,,12.491349,0.29,2.5609,1.4,0.103,0.95
11968463,K02433.01,Kepler-385 c,15.16342,0.29,5.655,2.07,0.124,1.04
6429812,K02408.01,Kepler-1227 b,94.2899,0.29,4.2594,2.13,0.4,0.97
6781548,K02944.01,,9.121999,0.29,3.4656,2.9,0.087,0.98
5942949,K02525.01,,57.2937,0.29,5.0244,1.85,0.257,0.665
4991208,K02951.01,Kepler-1393 b,2.443564,0.29,1.4172,0.73,0.035,0.87
9366886,K02901.01,,0.6335112,0.29,1.3143,0.77,0.012,0.571
6525946,K02093.01,,6.78354,0.29,3.4112,2.12,0.073,0.98
9304101,K02067.01,Kepler-1079 b,13.24514,0.29,4.2257,2.87,0.118,2.35
7661065,K02307.01,,4.150316,0.29,0.9373,1.9,0.048,0.81
3661886,K02279.01,Kepler-377 c,27.01559,0.29,5.9123,1.7,0.182,1.01
11599038,K01437.01,,7.01773,0.29,3.0737,1.79,0.073,1
11401182,K01428.01,Kepler-845 b,0.9278551,0.29,1.4859,1.46,0.017,0.685
7102227,K01360.03,,0.764022,0.29,1.1322,0.78,0.015,0.7
8505670,K00912.01,Kepler-252 c,10.848507,0.29,2.9606,2.3,0.081,0.58
8158127,K01015.02,Kepler-750 c,4.08902,0.29,3.2601,1.31,0.052,1.02
8962094,K00700.02,Kepler-215 b,9.3605,0.2882,3.1713,1.71,0.086,1.07
9305831,K00204.01,Kepler-44 b,3.246732,0.285,3.0258,7.1,0.04,0.87
3230805,K03068.01,,3.916765,0.28,2.1396,0.87,0.044,0.656
4939533,K02899.01,,5.772063,0.28,2.7182,1.49,0.061,0.81
6294819,K02852.01,Kepler-1368 b,0.675649,0.28,1.9054,1.33,0.015,0.91
4180401,K02709.01,,15.412528,0.28,2.9439,2,0.117,0.72
4385148,K02942.02,,24.27684,0.28,4.9533,1.5,0.163,0.68
3241604,K02824.01,,1.7033468,0.28,1.9679,1.69,0.028,0.9
10341917,K02823.01,,0.9337306,0.28,4.9447,1.54,0.018,0.69
7918992,K02095.01,Kepler-1091 b,1.434779,0.28,2.078,1.11,0.025,0.85
9643874,K01457.01,Kepler-856 b,8.0276729,0.28,3.0613,7.4,0.078,0.81
8552583,K01265.01,,1.061934,0.28,2.2237,1.73,0.02,0.84
8107380,K00162.01,Kepler-476 b,14.006406,0.28,4.6697,2.54,0.112,0.96
5820218,K01048.01,,3.411751,0.28,2.2341,1.25,0.037,0.533
5113822,K00638.02,Kepler-199 c,67.0935,0.276,6.9026,3.9,0.324,1.16
4165960,K00395.01,,6.7745,0.27,1.9124,2.4,0.075,1.15
8043638,K00460.01,Kepler-559 b,17.587568,0.27,4.3241,3.7,0.125,0.98
8611832,K02414.01,Kepler-384 b,22.59848,0.27,6.3434,1.18,0.156,0.92
10397751,K02859.03,,4.288818,0.27,2.6674,0.75,0.049,0.88
9026749,K02564.01,Kepler-1280 b,66.5598,0.27,9.551,1.49,0.334,1.04
5175986,K02708.01,Kepler-1320 b,0.8683865,0.27,1.079,1.52,0.016,0.653
5695396,K00283.02,Kepler-131 c,25.51704,0.27,5.0204,0.84,0.171,1.034
9823519,K02793.02,Kepler-1350 c,1.7667914,0.27,1.3637,2.1,0.023,0.62
10090257,K02476.01,,2.286124,0.27,7.5271,1.03,0.029,0.599
3657176,K02903.01,,17.41654,0.27,2.6936,1.9,0.13,0.97
9412760,K01977.02,Kepler-345 b,7.41538,0.27,1.5905,0.69,0.063,0.58
3342794,K02278.02,Kepler-376 b,4.92044,0.27,3.9339,1.11,0.059,1.16
12365184,K01474.01,Kepler-419 b,69.73297,0.27,3.8269,9.3,0.363,1.39
8158127,K01015.01,Kepler-750 b,9.4288,0.27,4.372,2.48,0.091,1.02
5642620,K02882.02,,0.49339506,0.2602,0.8838,1.2,0.011,0.7
5098444,K00637.01,,26.949206,0.26,9.5439,9.7,0.157,0.7
5702939,K03000.01,,18.39902,0.26,3.8671,1.03,0.137,0.94
7440748,K00457.01,Kepler-161 b,4.921357,0.26,1.896,1.84,0.052,0.69
11962284,K02647.01,Kepler-1302 b,8.83915,0.26,1.8752,1.4,0.077,0.83
9574179,K02637.01,,3.99018,0.26,2.7852,0.75,0.05,0.95
7021681,K00255.01,Kepler-505 b,27.521732,0.26,4.0468,2.53,0.146,0.523
6124512,K02627.01,Kepler-1296 b,8.38469,0.26,4.2652,1.05,0.076,0.95
3533469,K02430.01,,10.21517,0.26,3.3082,1.5,0.092,1.04
11360805,K02422.01,Kepler-1232 b,26.78372,0.26,4.5519,1.7,0.164,0.91
9886361,K02732.01,Kepler-403 b,7.031417,0.26,5.8595,1,0.075,1.06
5688910,K02856.01,Kepler-1369 b,25.87333,0.26,5.6494,2.9,0.171,1.07
7673192,K02722.01,Kepler-402 c,6.124833,0.26,3.4842,1.43,0.07,1.23
11037511,K02580.01,Kepler-1281 b,3.116082,0.26,1.6253,1.5,0.04,0.8
8077137,K00274.02,Kepler-128 c,22.79519,0.26,5.0921,1.13,0.167,1.55
7090524,K02920.01,Kepler-1386 b,6.739726,0.26,4.0772,1.12,0.068,0.9
9336200,K02242.01,Kepler-1153 b,1.755846,0.26,1.8073,1.51,0.028,0.81
3847907,K00229.01,Kepler-497 b,3.57321,0.26,2.8942,5.2,0.043,0.98
7449554,K02357.01,,2.420893,0.26,2.7498,1.45,0.036,0.94
6921944,K02114.01,Kepler-1105 b,4.421539,0.26,1.9413,1.33,0.044,0.55
11193263,K01438.01,Kepler-848 b,6.911301,0.26,5.5678,1.4,0.07,0.99
11493431,K01434.01,Kepler-847 b,2.343248,0.26,1.9514,1.01,0.03,0.657
8826878,K00922.01,Kepler-727 b,5.154441,0.26,2.8347,2.2,0.055,0.88
5709725,K00555.01,Kepler-598 b,3.70173,0.257,2.4796,1.41,0.044,0.903
5642620,K02882.01,,75.8577898,0.2553,4.7715,2.5,0.312,0.7
5903312,K00008.01,,1.1601562,0.253,1.649,1.99,0.022,1
8605074,K00915.01,,37.6016649,0.252,8.0504,29,0.224,1.14
5796675,K00652.01,Kepler-636 A b,16.080672,0.25,2.8525,3.58,0.113,0.653
11237332,K03103.01,,19.30768,0.25,4.8313,0.56,0.14,1.01
6587002,K00612.02,Kepler-196 c,47.42693,0.25,5.0602,2.3,0.236,0.83
5088536,K00282.01,Kepler-130 A c,27.508682,0.25,5.8455,2.81,0.176,1.11
8578780,K02023.01,,13.59053,0.25,3.7997,2.2,0.104,0.88
5725087,K00033.01,,0.36619622,0.25,1.1446,0.49,0.006,0.27
11709244,K01832.01,Kepler-325 b,4.544475,0.25,1.7918,3,0.052,1
4275721,K01342.01,Kepler-825 b,3.773682,0.25,2.9495,1.41,0.049,1.09
11774387,K01497.01,,0.52022264,0.25,1.1741,1.9,0.012,0.89
7376983,K01358.02,,8.74306,0.25,2.6173,1.58,0.075,0.67
3660924,K01214.01,Kepler-793 b,4.241499,0.25,3.019,1.38,0.05,1.06
10910878,K00757.01,Kepler-229 c,16.068618,0.25,3.5286,4.8,0.115,0.7
9946525,K00398.03,Kepler-148 b,1.7293718,0.245,1.7387,1.65,0.026,0.78
11512246,K00168.02,Kepler-23 d,15.27448,0.241,6.754,2.81,0.128,1.87
9886221,K00591.01,,2.992664,0.24,1.8191,0.91,0.04,0.84
11129258,K02898.01,Kepler-1381 b,25.38413,0.24,3.8215,2.4,0.173,0.98
9149789,K02874.01,,0.35251785,0.24,1.0127,1.05,0.009,0.79
7984574,K02400.01,,11.61924,0.24,1.9205,2.5,0.101,0.9
8760040,K02963.01,Kepler-1396 b,18.22077,0.24,5.4813,1.49,0.14,1.03
4935172,K02962.01,,2.172927,0.24,2.1645,0.92,0.034,0.99
5428668,K02794.01,,0.703399,0.24,0.8271,1.9,0.016,0.92
8022489,K02674.03,Kepler-1311 c,2.53574,0.24,3.9599,1.02,0.037,1.24
8746295,K02475.01,,6.855635,0.24,2.4577,1.21,0.069,0.85
8076630,K02235.01,,0.8616457,0.24,1.8516,1.28,0.017,0.82
6604328,K01736.01,Kepler-945 b,31.0031,0.24,5.278,2.48,0.196,0.94
8007644,K02328.01,Kepler-1192 b,25.2033,0.24,4.4977,2.2,0.167,0.87
5080636,K01843.01,Kepler-974 b,4.194525,0.24,1.7119,1.28,0.041,0.494
3851130,K02284.01,,2.6979068,0.24,2.3689,1.4,0.037,1.28
6751874,K02282.01,Kepler-1174 b,6.89225,0.24,2.7074,1.43,0.072,0.96
3962440,K01208.01,,288.8824,0.24,7.6856,6.6,0.909,1.14
4860932,K01600.01,,12.365728,0.24,2.4887,2.2,0.107,0.96
11497958,K01422.02,Kepler-296 A d,19.85025,0.24,2.7409,1.99,0.115,0.5
11669125,K01535.01,Kepler-888 b,70.6985,0.24,6.4663,2.22,0.344,1.18
6690082,K01240.01,Kepler-280 b,2.139564,0.24,2.0617,1.4,0.032,0.86
11918099,K00780.01,Kepler-675 b,2.3374551,0.24,1.9584,2.03,0.031,0.67
9513865,K00943.01,Kepler-736 b,3.601449,0.24,2.2486,2.1,0.043,0.74
8805348,K00695.01,Kepler-649 b,29.90757,0.23,4.8362,2.8,0.195,1.14
3354846,K02444.01,Kepler-1241 b,18.55269,0.23,4.0758,2.4,0.132,0.82
5106313,K02878.01,,3.895233,0.23,1.6896,0.96,0.045,0.68
6199056,K02398.01,,1.168993,0.23,0.9364,1.8,0.023,1.51
9177629,K02522.01,,5.604018,0.23,1.1209,1,0.055,0.7
10964265,K02934.01,,0.6374871,0.23,1.9126,1.7,0.015,1.07
6922710,K02087.01,Kepler-1088 b,23.1276,0.23,4.859,1.6,0.165,1.28
6026438,K02045.01,Kepler-354 b,5.47663,0.23,2.4796,1.55,0.053,0.625
11853878,K01833.01,Kepler-968 b,3.692988,0.23,1.7482,1.62,0.04,0.599
7273277,K01979.01,Kepler-1035 b,2.71406,0.23,1.2288,1.13,0.037,0.94
8628758,K01279.02,Kepler-804 c,9.6519,0.23,4.4216,0.88,0.088,0.88
9007866,K01407.01,,1.386618,0.23,3.3311,0.78,0.024,0.84
5531953,K01681.01,,6.939196,0.23,2.144,1.26,0.057,0.503
6677256,K01243.01,,3.1258091,0.23,1.9158,1.81,0.044,1.18
10268907,K01077.01,,1.1039682,0.23,0.9771,1.22,0.02,0.69
8847111,K02985.01,,0.57588448,0.22,1.4716,2.12,0.014,0.99
2446113,K00379.01,,6.717274,0.22,2.4261,2.9,0.076,1.66
9911882,K02429.01,,1.5956359,0.22,1.3514,1.59,0.026,0.84
9965184,K02428.01,,16.22766,0.22,3.8762,2.6,0.125,1.07
12456601,K02745.01,Kepler-1334 b,15.645864,0.22,4.0444,2.2,0.122,0.89
3241557,K02863.01,,1.7033565,0.22,1.9602,0.92,0.028,0.95
5308666,K02718.01,,0.78451141,0.22,1.8678,0.58,0.01,0.27
11090556,K02977.02,Kepler-1398 c,4.138284,0.22,3.5014,0.85,0.052,1.05
6105462,K02098.01,Kepler-1093 b,25.08272,0.22,6.6298,2.1,0.178,1.39
4989057,K01923.01,Kepler-1017 b,7.234049,0.22,2.062,3.2,0.071,1.51
8611781,K02185.01,Kepler-1135 b,76.9611,0.22,9.2724,2.07,0.35,1.08
7033233,K02339.02,,65.187,0.22,5.4418,1.23,0.276,0.636
3749134,K01212.01,Kepler-792 b,11.30118,0.22,3.8812,1.69,0.098,0.98
9030447,K01401.01,,0.5666931,0.22,2.3577,1.44,0.015,1.35
12110942,K00786.01,Kepler-680 b,3.689938,0.22,2.5319,1.88,0.047,0.89
10149023,K01081.01,,9.955121,0.22,3.2651,2.2,0.093,0.98
8962094,K00700.03,Kepler-215 c,14.6673,0.2143,3.7495,1.57,0.116,1.07
6606653,K01224.01,,2.69802,0.2139,5.7986,21.2,0.041,1.18
3970233,K00604.01,,8.25491651,0.213,5.8528,11.7,0.075,0.84
7672940,K01463.01,,580,0.211,11.4312,16.29,1.382,1.093
9640985,K00713.01,,2.1781502,0.21,2.4795,2.9,0.036,1.29
9002278,K00701.02,Kepler-62 b,5.714932,0.21,2.3287,1.23,0.054,0.601
8822216,K00581.02,Kepler-610 c,151.8654,0.21,8.5925,2.14,0.546,0.83
8890783,K00464.01,Kepler-561 b,58.36209,0.21,6.3329,6.5,0.279,0.9
9842937,K02567.01,,4.988483,0.21,7.4369,1.28,0.055,0.97
8801316,K02956.01,Kepler-1394 b,3.937713,0.21,4.9576,0.77,0.054,1.55
6778019,K02953.01,,0.4729151,0.21,1.8112,0.9,0.012,0.95
4365442,K02787.01,,1.7144088,0.21,3.5671,1.34,0.031,1.71
8240617,K02474.01,,176.8304,0.21,6.0968,1.66,0.597,0.8
9008737,K02768.01,Kepler-404 b,11.82913,0.21,2.6346,1.3,0.099,0.82
9071593,K02257.01,Kepler-1162 b,32.56265,0.21,5.4537,2,0.193,0.8
7750419,K01708.01,,32.77373,0.21,2.1858,2.2,0.201,0.9
11336883,K01445.02,,54.3443,0.21,9.5653,1.12,0.299,1.22
7375795,K01378.01,,19.30125,0.21,5.8541,1.2,0.13,0.848
892772,K01009.01,,5.092505,0.21,3.5648,1.35,0.055,0.82
3120276,K01111.01,,10.26551,0.21,3.6284,1.65,0.091,0.84
6276477,K00849.01,Kepler-701 b,10.355459,0.21,3.227,2.4,0.088,0.89
9578686,K00709.01,Kepler-651 b,21.3845,0.2,3.9206,2.16,0.147,0.87
10717241,K00430.01,Kepler-551 b,12.376487,0.2,2.7137,2.23,0.088,0.559
10793172,K02871.01,,12.10001,0.2,3.4149,1.1,0.101,0.84
7767162,K02869.01,Kepler-1375 b,3.300426,0.2,4.6413,1.22,0.045,1.24
5185897,K02693.03,Kepler-398 d,6.834378,0.2,2.1548,0.74,0.061,0.575
5652893,K02790.01,Kepler-1347 b,14.009463,0.2,3.4702,0.94,0.106,0.73
10158729,K02097.01,Kepler-1092 b,58.6003,0.2,5.6123,2.3,0.306,1.05
8914779,K02230.01,,0.9873384,0.2,2.7055,1.34,0.022,2.44
2141783,K02201.01,,116.5269,0.2,4.2569,2.9,0.474,1.19
11410904,K02171.01,Kepler-1131 b,3.532292,0.2,3.0195,1.4,0.046,0.92
7204981,K02164.01,Kepler-1127 b,5.123338,0.2,2.7419,1.33,0.056,0.81
7746958,K02324.01,,1.204681,0.2,1.1172,0.32,0.013,0.27
9872283,K01815.01,Kepler-960 b,3.1268651,0.2,1.1864,1.8,0.037,0.7
11499228,K02109.01,Kepler-1103 b,19.79243,0.2,3.2899,2.02,0.149,1.06
10963242,K01312.01,Kepler-814 b,6.146918,0.2,3.4427,1.68,0.069,1.09
7025526,K01380.01,,1.0741081,0.2,1.8018,0.58,0.018,0.68
4139816,K00812.03,Kepler-235 e,46.18288,0.2,4.4993,2,0.21,0.552
3554600,K00803.01,,7.544283,0.2,5.1909,1.54,0.074,0.83
7678434,K00892.01,Kepler-716 b,10.371721,0.2,2.9535,2.6,0.086,0.74
9818381,K00135.01,Kepler-43 b,3.02409489,0.199,2.8179,10.56,0.044,1.201
10801100,K02228.01,,102.6565,0.191,13.9961,2.1,0.477,1.348
8367113,K00575.01,Kepler-606 b,24.31587,0.19,4.214,2.6,0.17,1.03
5817986,K02897.01,,0.58431068,0.19,1.5314,2.4,0.013,0.88
2305866,K02610.01,,24.10608,0.19,10.0209,1.11,0.172,1.188
8247770,K02569.01,,8.28131,0.19,3.7862,1.1,0.077,1.03
4484336,K02547.01,,8.94326,0.19,2.552,1.57,0.086,1.11
7021534,K02267.01,,9.065542,0.19,1.7413,1.52,0.087,0.97
10600955,K02227.01,Kepler-1151 b,65.6462,0.19,4.5971,2.29,0.312,1.01
4254466,K02134.01,Kepler-1113 b,42.3002,0.19,4.2867,2.3,0.23,0.97
10666230,K01295.01,,1.5778002,0.19,1.6097,2.7,0.027,1
11177543,K01648.01,,38.32527,0.19,2.5586,1.41,0.211,0.75
2716853,K01022.01,Kepler-752 b,18.82729,0.19,4.6464,2.6,0.135,0.85
1432214,K00998.01,,161.78811,0.182,5.2038,28,0.592,0.96
3632418,K00975.01,Kepler-21 A b,2.785819,0.181,3.4109,1.72,0.043,2.04
5688790,K03144.01,Kepler-1439 b,8.07392,0.18,2.2922,2.1,0.062,0.67
11076400,K02759.01,,1.0780862,0.18,0.9288,0.87,0.018,0.7
11465950,K02620.01,,16.05727,0.18,3.3958,2.2,0.122,0.83
7812455,K02881.01,,0.4517915,0.18,1.1852,3.8,0.012,1.13
10591855,K02845.01,Kepler-1367 b,1.5740872,0.18,1.6174,0.82,0.022,0.533
9730163,K02704.01,Kepler-445 c,4.871229,0.18,1.9372,2.9,0.033,0.27
3861611,K02932.01,,3.849332,0.18,2.2271,1.75,0.048,0.73
5649833,K02799.01,,0.5979336,0.18,2.0759,1.98,0.015,1.16
5302006,K01755.01,,6.146317,0.18,3.3284,3.6,0.071,1.23
5602588,K02369.01,Kepler-1211 b,11.01832,0.18,3.7301,2.3,0.099,0.95
8495415,K02362.01,,2.237185,0.18,1.7159,1.79,0.032,0.84
7543649,K01469.01,,3.5820738,0.18,3.3888,4.3,0.047,1.06
11497958,K01422.01,Kepler-296 A c,5.841641,0.18,1.8444,1.89,0.051,0.5
9641018,K01504.01,,2.178155,0.18,2.5317,1.9,0.033,0.96
7366258,K00880.04,Kepler-82 d,2.382961,0.18,2.186,1.41,0.034,0.9
11904151,K00072.01,Kepler-10 b,0.8374908,0.1744,1.8029,1.37,0.017,1
9631995,K00022.01,Kepler-422 b,7.8914502,0.172,3.7932,11.27,0.081,1.112
9641041,K00324.01,,1.08907779,0.17,2.4867,1.3,0.022,1.05
11521793,K00352.01,Kepler-143 c,27.08216,0.17,4.6145,2.24,0.177,1.06
8827575,K03052.02,,15.6113,0.17,3.6805,0.88,0.115,0.93
8210018,K02762.01,Kepler-1341 A b,132.9955,0.17,7.1784,1.93,0.445,0.586
10064256,K02849.01,,5.959585,0.17,2.838,0.97,0.06,0.78
11090556,K02977.01,Kepler-1398 b,2.788149,0.17,3.386,0.79,0.04,1.05
6948480,K02975.01,,175.3313,0.17,5.1973,2.9,0.621,0.94
5307568,K02804.01,,2.628385,0.17,3.1818,1.05,0.036,1
10404582,K02147.01,Kepler-362 c,37.86589,0.17,4.7635,1.75,0.22,0.89
6949061,K01960.01,Kepler-343 b,8.968574,0.17,4.3394,1.65,0.086,1.06
5039228,K01597.01,,7.796734,0.17,4.6288,2.68,0.086,1.424
5617854,K01588.01,Kepler-901 b,3.517482,0.17,1.5717,1.24,0.038,0.552
7211221,K01379.01,Kepler-831 b,5.621546,0.17,2.47,1.15,0.062,0.89
11391018,K00189.01,Kepler-486 b,30.360447,0.17,5.9327,9.88,0.17,0.699
6462863,K00094.04,Kepler-89 A b,3.743245,0.169,3.602,1.73,0.051,1.52
8934495,K00524.01,,4.592392,0.16,2.3795,2.28,0.051,0.75
6545051,K02777.01,,1.995645,0.16,4.6735,1.06,0.029,0.72
10094670,K01984.01,,22.0641,0.16,3.5642,1.98,0.159,1
4551328,K01324.01,,0.52205926,0.16,1.4793,3.3,0.012,0.85
10485179,K01167.01,,0.4452747,0.16,2.0216,1.11,0.011,0.76
6863839,K01373.01,,1.9263586,0.16,2.5499,1.3,0.031,0.99
8150320,K00904.03,Kepler-55 c,42.14334,0.16,6.474,1.77,0.203,0.602
3239945,K00490.02,Kepler-167 A e,341,0.158,16.1083,9.4,0.854,0.7
7918652,K02984.01,,11.4556,0.15,5.0526,1.09,0.101,1.27
3957082,K02864.01,,3.778891,0.15,5.4195,0.75,0.048,1.08
4664046,K02930.01,,1.1297578,0.15,2.8427,0.96,0.02,0.77
10518399,K02800.01,,2.696392,0.15,3.6638,1.39,0.037,1.2
2437505,K02671.01,,21.476429,0.15,5.4162,8.51,0.09,0.27
2708885,K02907.01,,1.1469386,0.15,1.7361,1.5,0.02,0.85
9718379,K02379.01,,40.00728,0.15,2.6169,2.5,0.238,1.09
6541920,K00157.06,Kepler-11 b,10.303995,0.15,4.0284,1.72,0.092,1.06
10858691,K01306.01,Kepler-286 b,1.796311,0.15,1.7837,1.33,0.029,0.93
7376983,K01358.03,,3.648459,0.15,1.9841,1.13,0.042,0.67
6849310,K00864.01,Kepler-244 b,4.311802,0.15,2.7007,2.7,0.05,0.81
10271806,K00733.01,Kepler-224 c,5.925016,0.15,2.5645,2.84,0.06,0.72
8557374,K00692.01,Kepler-213 b,2.462345,0.14,1.8202,1.14,0.035,0.87
5978170,K03140.01,,5.688814,0.14,2.4821,0.86,0.052,0.544
4815520,K00367.01,Kepler-1656 b,31.57868,0.14,2.1223,4.98,0.194,1.09
8430964,K03078.01,,2.986172,0.14,3.2928,1.14,0.042,0.99
6461850,K03054.01,,0.544961,0.14,1.2408,1.6,0.013,0.69
7019524,K02877.01,Kepler-1376 b,5.308774,0.14,3.1013,1.06,0.059,0.93
9019191,K02604.01,,14.43325,0.14,2.3375,1.33,0.105,0.654
9092504,K02716.01,Kepler-1322 b,0.9628682,0.14,1.6969,1.5,0.019,0.85
11361283,K02551.01,,16.47985,0.14,3.5358,1.58,0.113,0.681
11622985,K02550.01,,18.02447,0.14,3.6343,1.87,0.136,0.92
5609593,K02834.01,Kepler-1362 b,136.2053,0.14,5.6339,2.31,0.457,0.667
8804845,K02039.01,,5.425944,0.14,2.519,1.27,0.059,0.82
4455231,K01332.02,Kepler-288 b,6.09741,0.14,3.531,1.64,0.067,1.15
10004519,K01572.01,Kepler-894 b,9.80314,0.14,4.4466,2.46,0.092,0.87
5443775,K01676.01,,3.3076711,0.14,1.7461,1.7,0.044,1.07
6692833,K01244.01,,10.80491,0.14,2.9164,1.63,0.098,0.96
10879656,K01642.01,,0.3648612,0.14,1.6677,0.95,0.009,0.87
12459725,K00789.01,,14.17987,0.14,2.5588,2.1,0.114,0.87
3745690,K00442.01,Kepler-157 c,13.540407,0.13,4.2979,1.94,0.112,0.92
11972666,K00545.01,,1.0917315,0.13,2.1099,1.06,0.02,0.75
7024222,K00309.01,,1.6331212,0.13,1.5091,0.43,0.023,0.615
4551663,K02576.01,,12.077774,0.13,2.3397,1.12,0.096,0.87
11963206,K02820.01,Kepler-1357 b,3.009121,0.13,2.4583,1.26,0.041,0.9
4571536,K02954.01,,0.3383497,0.13,0.9666,1.15,0.009,0.83
11135308,K02805.01,Kepler-1352 b,1.877872,0.13,2.3763,0.84,0.031,1.23
10407054,K02500.01,,0.9337564,0.13,4.3757,0.95,0.019,1.077
8559152,K02488.01,Kepler-1256 b,12.41301,0.13,4.4504,1.37,0.111,1.3
9851662,K02483.01,Kepler-1252 b,15.05417,0.13,4.312,1.4,0.113,0.96
7124026,K02275.01,,15.74616,0.13,12.6998,1.34,0.126,0.97
10905746,K01725.01,Kepler-1651 A b,9.8847,0.13,2.1545,1.15,0.054,0.27
3097926,K02186.01,,14.9802,0.13,3.5831,2.9,0.115,0.91
8804397,K01853.01,Kepler-983 b,60.08556,0.13,6.7266,2.12,0.31,1.02
4458082,K02303.01,Kepler-1181 b,4.893489,0.13,3.2997,1.41,0.061,1.248
3858704,K01211.01,,3.0036093,0.13,3.9247,1.37,0.043,1.1
9899355,K01554.01,,1.332567,0.13,4.1106,2.8,0.024,0.78
8916492,K01414.01,,4.02378,0.13,3.5668,0.95,0.063,1.747
6932987,K01366.01,Kepler-293 b,19.25416,0.13,4.596,2.6,0.138,0.85
4139816,K00812.01,Kepler-235 b,3.340219,0.13,1.901,2.17,0.037,0.552
10154388,K00991.01,Kepler-744 b,12.062148,0.13,2.0178,2.7,0.105,1.57
10666592,K00002.01,Kepler-2 b,2.20473537,0.1282,3.8775,22.3,0.039,2.71
3642741,K00242.01,Kepler-503 b,7.2584656,0.126,5.7276,5.1,0.07,0.86
6428700,K00853.01,Kepler-242 b,8.203904,0.126,2.7736,2.2,0.071,0.71
7732285,K03023.01,,4.390475,0.12,3.1216,1.13,0.055,1.184
12785320,K00298.02,,57.38425,0.12,4.5899,1.42,0.292,1
11572193,K03109.01,Kepler-1428 b,10.676126,0.12,4.6965,1.26,0.095,1.046
7106173,K03083.01,,10.183244,0.12,3.3426,0.66,0.092,0.91
8845205,K00463.01,Kepler-560 B b,18.477659,0.12,1.8418,2.42,0.108,0.485
6263593,K03049.01,Kepler-1418 b,22.47697,0.12,3.5237,1.38,0.138,0.615
6198182,K02636.01,,3.881501,0.12,2.8671,0.61,0.048,1.01
9899181,K02867.01,,1.3325472,0.12,3.1847,0.39,0.021,0.761
4831728,K02739.02,,7.095693,0.12,3.3617,0.9,0.07,0.89
5513897,K02591.01,,0.7551093,0.12,3.1245,0.8,0.016,0.78
10341905,K02391.01,,0.9337456,0.12,4.1821,1.55,0.018,0.8
8345172,K02385.01,,50.57168,0.12,3.7997,2.8,0.251,0.72
10604521,K02797.01,,0.8681215,0.12,1.7393,1.34,0.018,0.85
2860793,K02277.01,,2.6298611,0.12,4.605,2.8,0.042,1.62
4473226,K02229.01,,14.8322,0.12,3.6702,2.9,0.116,0.94
10024701,K02002.01,Kepler-1046 b,14.37517,0.12,3.001,1.39,0.117,0.93
4650674,K01341.01,Kepler-824 b,4.514349,0.12,3.0326,1.65,0.055,1.07
6878167,K01371.01,,0.83397972,0.12,1.8079,1.82,0.017,0.88
7102227,K01360.01,Kepler-290 c,36.77019,0.12,4.3302,2.53,0.201,0.7
8395660,K00116.02,Kepler-106 e,43.84445,0.12,6.3286,2.52,0.244,1.04
9579641,K00115.03,,3.43584,0.12,2.6142,0.64,0.047,1.35
2854698,K00986.02,Kepler-260 c,76.0503,0.12,6.7983,1.69,0.34,0.9
5356593,K00644.01,,45.9778722,0.11,7.3575,35.8,0.271,2.33
9873254,K00717.01,Kepler-653 b,14.707512,0.11,3.1581,1.74,0.121,1.077
9640976,K00712.01,,2.1781458,0.11,2.1768,1.08,0.032,0.84
6364162,K02889.01,,5.243629,0.11,9.8991,1.19,0.061,1.07
10001368,K02785.01,Kepler-1344 b,4.768313,0.11,3.2908,1.73,0.057,1.13
10676923,K01297.01,,1.0310952,0.11,2.1446,2,0.021,1.11
10749128,K01639.01,,125.0038,0.11,6.6447,1.4,0.509,1.04
4043190,K01220.01,Kepler-796 b,6.400954,0.11,2.6213,1.95,0.069,1.69
10271806,K00733.03,Kepler-224 b,3.132943,0.11,2.0506,1.52,0.039,0.72
3240706,K01098.01,,5.489897,0.11,2.7762,2.1,0.061,0.91
6636320,K02989.01,,6.33127,0.1,2.9142,1.41,0.064,0.76
11968463,K02433.02,Kepler-385 b,10.04325,0.1,5.1359,2.29,0.094,1.04
6630943,K02738.01,,0.6904068,0.1,1.7126,1.17,0.014,0.81
6525185,K02568.01,,1.710305,0.1,2.8038,1.29,0.028,0.86
7515762,K02524.01,Kepler-1268 b,40.989,0.1,6.9555,1.89,0.244,1.08
11662184,K02791.01,Kepler-1348 b,27.5724,0.1,5.1717,1.63,0.182,0.95
4951249,K02258.01,,4.523439,0.1,2.5312,1.7,0.055,1.01
8197343,K01746.01,Kepler-946 b,11.79174,0.1,2.9445,1.86,0.102,0.93
10454632,K01877.01,Kepler-992 b,20.1602,0.1,3.6028,3.79,0.141,2.1
6142862,K02336.01,,5.334612,0.1,2.4723,0.85,0.051,0.584
12116380,K02155.01,Kepler-1123 b,4.33946,0.1,2.3145,1.46,0.05,0.82
9973855,K01966.01,,2.9560114,0.1,2.7686,0.76,0.038,0.861
7542813,K02302.01,Kepler-1180 b,16.85818,0.1,3.8626,1.77,0.134,1.07
5288570,K02136.01,,1.728532,0.1,3.6514,1.35,0.027,0.875
5289854,K01593.02,Kepler-308 c,15.3823,0.1,3.8334,1.99,0.121,0.89
5184584,K01564.01,Kepler-891 b,53.44965,0.1,5.2811,5.1,0.276,0.87
9692345,K01485.01,,0.6878956,0.1,2.4988,1.42,0.013,0.597
6066416,K01057.01,,1.30386393,0.1,2.9454,2.5,0.027,1.95
2558363,K01021.01,,0.5462482,0.1,1.424,2,0.013,0.79
12366084,K00787.01,Kepler-232 b,4.431185,0.1,3.2276,2.8,0.052,0.88
9963524,K00720.04,Kepler-221 b,2.795902,0.09,2.1169,1.56,0.036,0.81
9950612,K00719.04,Kepler-220 b,4.159821,0.09,1.4533,0.81,0.045,0.655
7976520,K00687.01,,4.178382,0.09,2.0645,1.46,0.051,0.93
9714696,K00616.01,,1.4333437,0.09,1.3436,2,0.025,0.95
6960456,K00613.01,,5.07444,0.09,4.1516,1.12,0.055,0.75
7216284,K03056.01,Kepler-1420 b,6.699662,0.09,2.6801,1.24,0.065,0.73
9652649,K02884.01,,2.488966,0.09,4.5705,0.64,0.035,0.88
5513893,K02741.01,,0.7551023,0.09,3.0218,0.65,0.016,0.92
4770174,K02971.01,,6.095883,0.09,5.4939,0.81,0.068,1.05
8243283,K02952.01,,1.759262,0.09,2.3091,1.41,0.029,1.05
6612284,K02908.01,,1.2453628,0.09,2.1562,1.28,0.023,0.81
6719086,K01357.01,,3.01435,0.09,2.5074,2.83,0.04,0.97
9077124,K00926.01,Kepler-729 b,3.1663528,0.09,3.3168,3.5,0.043,0.92
6381846,K00509.01,Kepler-171 b,4.166937,0.08,2.7693,2.27,0.05,0.83
11188249,K02765.01,,2.755038,0.08,3.4449,0.9,0.038,1.026
4459924,K02441.01,,4.791804,0.08,4.5477,0.76,0.053,0.76
8429415,K02965.01,,1.3525726,0.08,3.7505,0.97,0.025,1.33
9665922,K02815.01,,1.5453873,0.08,2.9482,0.61,0.026,0.88
4391348,K02514.01,,1.964335,0.08,2.4788,1.51,0.032,1.05
7770450,K01467.01,,1.1578068,0.08,2.6283,2.7,0.022,0.91
3348082,K01196.01,,3.982164,0.08,2.2589,2.1,0.049,1.02
6470917,K01690.01,,1.5060072,0.08,2.7705,1.28,0.026,1.02
6541920,K00157.01,Kepler-11 c,13.024877,0.08,4.4313,2.88,0.108,1.06
6546528,K01235.01,,3.0535601,0.08,2.446,1.8,0.041,0.85
8244190,K01071.01,,1.0920693,0.08,1.7717,1.2,0.02,0.82
9166870,K00932.01,,3.8556,0.08,2.9669,3,0.048,0.88
3340070,K01097.01,,10.91102,0.08,4.0708,2.2,0.097,0.91
11512246,K00168.03,Kepler-23 b,7.1069,0.072,5.3578,1.95,0.077,1.87
12785320,K00298.01,Kepler-515 A b,19.96359,0.07,3.2435,1.43,0.144,1
5444548,K00409.01,Kepler-545 b,13.249212,0.07,4.4239,2.24,0.11,0.9
4454752,K00496.01,Kepler-578 b,1.6168863,0.07,1.5638,1.8,0.025,0.87
11401822,K02454.01,,1.080701,0.07,4.1911,1.14,0.02,0.83
8639908,K02700.01,,0.9100229,0.07,2.0851,1.12,0.016,0.574
6370120,K02811.01,,1.3547737,0.07,1.6718,1.07,0.02,0.571
12061969,K02061.01,,14.092768,0.07,4.1474,1.83,0.104,0.69
11298815,K02015.01,,5.738641,0.07,3.0001,1.24,0.052,0.528
2975770,K01788.01,Kepler-951 A b,71.52622,0.07,5.8579,7.7,0.325,1.06
8491277,K00234.01,Kepler-498 b,9.613716,0.07,4.5636,3,0.088,1.09
10858691,K01306.02,Kepler-286 c,3.468052,0.07,2.2396,1.49,0.045,0.93
3835670,K00149.01,Kepler-473 b,14.557339,0.07,7.7648,5.51,0.12,1.79
8219268,K02133.01,Kepler-91 b,6.24658,0.069,11.2577,14.9,0.076,7.6
8394721,K00152.01,Kepler-79 d,52.0911,0.068,8.6315,6.1,0.288,1.1
11904151,K00072.02,Kepler-10 c,45.29406,0.0675,6.8586,2.19,0.241,1
11773022,K00620.02,Kepler-51 d,130.1831,0.061,8.4192,10,0.51,0.94
4633570,K00446.02,Kepler-158 c,28.55142,0.06,4.0953,1.82,0.159,0.628
8686097,K00374.01,Kepler-540 b,172.6909,0.06,11.2035,3.05,0.594,1.21
2853828,K02896.01,,1.07746544,0.06,1.5691,1.69,0.022,1.33
9996632,K02621.01,,8.443265,0.06,3.5398,1.7,0.083,0.91
12071037,K02388.01,,6.096917,0.06,7.3322,0.97,0.065,0.99
11200415,K00293.01,,4.63953,0.06,3.2913,1.68,0.06,1.59
8142942,K01985.01,,5.756239,0.06,1.0557,1.6,0.056,0.71
12121570,K02290.01,,91.5021,0.06,4.8064,1.85,0.369,0.701
10350571,K01175.02,,17.15714,0.06,10.323,1.65,0.133,1.65
6541920,K00157.02,Kepler-11 d,22.687123,0.06,5.3533,3.2,0.156,1.06
5956342,K01052.02,Kepler-265 b,6.846113,0.06,3.568,1.62,0.074,1.07
2853780,K02081.01,,6.213921,0.059,10.0793,4.13,0.075,3.13
5780460,K01005.01,Kepler-747 b,35.61758,0.054,8.3784,4.8,0.193,0.77
10019708,K00199.02,,8.78485,0.053,4.4258,1.69,0.088,1.09
3541946,K00624.01,Kepler-198 b,17.789742,0.05,4.4583,2.37,0.131,0.85
12206313,K02714.02,Kepler-401 c,47.32382,0.05,9.7754,2.1,0.272,1.46
12216278,K02565.01,,2.019482,0.05,3.8889,1.71,0.032,0.96
8410415,K02291.01,,44.29229,0.05,4.1155,2.3,0.237,0.8
4150539,K01330.01,,8.653009,0.05,3.2541,1.9,0.072,0.628
6541920,K00157.05,Kepler-11 g,118.37815,0.05,9.3054,3.38,0.469,1.06
9391506,K01410.01,Kepler-838 b,15.74954,0.05,4.5924,2.53,0.127,1.01
11402995,K00173.01,Kepler-481 b,10.060791,0.05,4.4787,2.48,0.091,1.18
3120431,K00798.01,,3.3419058,0.05,2.6997,2.2,0.041,0.78
5309353,K00643.01,,1.3763855,0.04,1.7539,1.48,0.022,0.795
10227020,K00730.04,Kepler-223 b,7.38402,0.04,5.5575,1.64,0.073,1.03
7534267,K03147.01,Kepler-1441 b,39.44131,0.04,7.0978,1.17,0.224,0.86
3217264,K00401.03,Kepler-149 c,55.3285,0.04,6.8556,2.66,0.275,1.58
9119568,K03087.02,,1.221842,0.04,6.2923,0.37,0.02,0.79
3834360,K00493.01,,2.9084604,0.04,1.8437,2.3,0.04,0.87
12206313,K02714.01,Kepler-401 b,14.38337,0.04,8.4283,1.75,0.123,1.46
6605493,K02559.01,,9.30955,0.04,3.4903,1,0.089,0.98
5529738,K02518.01,,0.7597584,0.04,3.3451,1.54,0.017,1.09
8636539,K02656.01,,6.77389,0.04,4.1202,1.23,0.074,1.1
6525193,K02653.01,,1.710273,0.04,2.4106,1.3,0.027,0.83
6209677,K01750.01,Kepler-948 b,7.768552,0.04,3.2786,1.31,0.075,0.94
4466677,K01338.01,Kepler-822 b,3.222961,0.04,2.9466,1.49,0.042,0.98
3447722,K01198.01,Kepler-275 c,16.08821,0.04,5.7517,2.84,0.133,1.14
8150320,K00904.02,Kepler-55 b,27.95369,0.04,5.6958,1.56,0.155,0.602
7685981,K00893.01,Kepler-717 b,4.408468,0.04,4.6495,2.3,0.053,0.99
11152159,K00761.01,,2.7012945,0.04,2.5353,2.8,0.036,0.9
3130300,K01105.01,,5.765698,0.04,2.8122,2.1,0.066,1.05
10864656,K01299.01,Kepler-432 b,52.50128,0.038,14.7951,9.6,0.303,3.29
9636569,K00527.01,,10.636288,0.032,3.8987,1.72,0.095,0.9
8248939,K00061.01,,1.633462,0.032,2.6082,2.4,0.027,1.039
7832356,K01456.01,Kepler-855 b,7.886632,0.032,5.2192,9.4,0.08,1.21
11974540,K00129.01,Kepler-470 b,24.6691698,0.032,7.015,11.8,0.181,1.39
8822366,K01282.01,Kepler-805 b,30.86392,0.0312,8.3623,3,0.2,1.92
6960445,K00669.01,,5.0743732,0.031,4.1916,2.8,0.056,0.91
9053112,K00702.01,,1.2748374,0.031,6.3516,4.27,0.026,2.78
2438070,K00363.01,,2.4429432,0.031,2.9819,4.3,0.034,1.41
8106610,K00570.01,,12.398966,0.031,3.3422,2.8,0.11,1.08
11769801,K02633.01,,29.71571,0.031,29.922,1.42,0.199,1.32
10686814,K02978.01,,2.618399,0.031,3.8911,0.89,0.031,0.551
5097470,K02767.01,,1.2880677,0.031,3.7279,0.84,0.023,0.85
9528420,K01742.01,,4.70846986,0.031,5.947,19.4,0.057,1.08
6032517,K02070.01,,1.7914047,0.031,2.1473,1.7,0.029,0.96
10549562,K01294.01,,9.089381,0.031,4.5814,3.7,0.093,1.25
10748393,K01289.01,,4.8878059,0.031,2.4485,9.8,0.055,0.88
8509361,K01280.01,,6.099,0.031,3.7324,2.9,0.068,2.06
11913073,K00011.01,,3.7478395,0.031,3.6646,2.11,0.045,0.79
10583180,K00748.01,,2.6963366,0.031,3.7977,1.53,0.034,0.7
9390653,K00249.01,Kepler-504 A b,9.549273,0.0309,1.6052,1.94,0.07,0.493
8180020,K01741.01,,5.80312836,0.0306,4.9901,20.4,0.063,0.81
2449431,K02009.01,,86.749,0.0305,9.1821,2.2,0.381,0.97
11773022,K00620.01,Kepler-51 b,45.155503,0.0304,5.7799,7.3,0.252,0.94
7778767,K02523.01,Kepler-1267 b,13.03106,0.0304,4.4113,1.87,0.108,0.84
5183357,K01669.01,Kepler-924 b,61.039,0.0304,8.4774,2.23,0.319,1.1
10586004,K00275.01,Kepler-129 b,15.79186,0.0301,7.1788,1.96,0.13,1.36
10191070,K00727.01,,1.2137451,0.03,4.0443,3.1,0.02,0.69
8695311,K03042.01,,31.02554,0.03,5.8424,1.9,0.197,0.96
5217891,K03036.01,,161.2287,0.03,18.2139,2.6,0.558,0.79
5738496,K00556.01,,9.501604,0.03,3.6771,2.2,0.088,0.91
3745690,K00442.02,Kepler-157 b,1.732323,0.03,2.1745,1.16,0.028,0.92
3437776,K00549.01,,10.297721,0.03,3.9623,2.2,0.09,0.98
3340312,K00441.01,,30.55296,0.03,3.5999,3.1,0.202,1.1
10908248,K03146.01,Kepler-1440 b,39.85925,0.03,8.355,1.31,0.226,1.08
1717722,K03145.02,,0.9773142,0.03,1.2615,1.01,0.017,0.633
11403530,K03015.01,Kepler-1412 b,3.614599,0.03,3.3477,0.66,0.047,1
3328052,K03011.01,,2.115486,0.03,3.7592,1.56,0.033,0.89
9541295,K03132.01,,0.5366522,0.03,2.4664,0.62,0.013,1.08
9777256,K02997.01,,1.332499,0.03,4.3796,0.99,0.022,0.836
8509442,K02992.01,,82.659,0.03,3.8165,2,0.306,0.534
4076976,K03124.01,,4.880548,0.03,8.4794,0.75,0.051,0.71
7602070,K00514.01,,11.755621,0.03,3.4828,2.2,0.099,0.83
7676423,K03113.01,Kepler-1430 b,2.460534,0.03,1.9935,1.49,0.034,0.91
10031500,K03107.01,,8.58986,0.03,4.1687,1.83,0.084,1.07
5282051,K00502.01,,5.910321,0.03,3.5129,1.52,0.061,1.02
3849155,K00390.01,,1.1683106,0.03,1.3463,1.5,0.021,0.87
3847708,K00389.01,,3.7412365,0.03,2.5199,1.34,0.044,0.714
3231137,K00382.01,,3.900156,0.03,2.6827,3,0.051,1.12
9020114,K03088.01,,3.484149,0.03,1.527,1.18,0.045,0.94
10749059,K03086.01,,174.7365,0.03,8.4778,3.1,0.608,0.89
5441980,K00607.01,,5.8939913,0.03,1.2226,7.2,0.064,0.82
3654719,K03081.01,,25.91912,0.03,4.8797,1.8,0.167,0.81
12316431,K00485.01,,17.907674,0.03,4.2082,3.1,0.138,0.99
3219643,K03072.01,,24.33553,0.03,3.3532,1.8,0.15,0.77
8621348,K00461.01,,11.34441,0.03,3.5539,1.9,0.097,0.83
10518725,K00336.01,,19.51477,0.03,3.6858,2.2,0.159,1.61
10383687,K00334.01,,8.487855,0.03,2.9984,1.6,0.081,0.996
7025846,K00565.01,,2.3405289,0.03,3.0345,1.43,0.035,1.06
6842682,K02649.01,Kepler-1303 b,7.561207,0.03,2.9054,1.16,0.075,0.88
9850957,K02446.01,,8.480238,0.03,6.4612,1.53,0.087,1.24
5097868,K02435.01,,6.802508,0.03,2.5374,1.34,0.07,0.89
6864885,K02434.01,,40.87795,0.03,7.3128,2.1,0.232,0.94
9962455,K02748.01,Kepler-1336 b,23.19899,0.03,10.1499,1.3,0.156,0.84
8885673,K02611.01,,1.2287252,0.03,1.1169,1.55,0.02,0.686
6705137,K02609.01,,5.597253,0.03,1.8138,1.18,0.061,0.88
10793172,K02871.02,,5.363717,0.03,2.7624,0.89,0.059,0.84
10664416,K02599.01,,25.32497,0.03,30.658,1.6,0.155,0.81
8258171,K00286.01,,23.627228,0.03,8.2496,3.5,0.207,2.82
6606438,K02860.01,,103.4278,0.03,5.375,2.6,0.439,0.8
4072333,K02731.01,,2.0077599,0.03,2.0804,1.8,0.03,0.82
4861527,K02727.01,,25.70558,0.03,5.967,1.8,0.178,1.08
7673841,K02585.01,Kepler-392 b,5.341788,0.03,3.6735,1.2,0.064,1.46
5513866,K02854.01,,0.755112,0.03,3.1794,1.4,0.016,1.008
9896018,K02579.01,,2.729679,0.03,2.3122,1.23,0.039,1.09
5443604,K02713.01,,21.391146,0.03,3.5005,1.6,0.137,0.66
9159242,K02566.01,,3.044629,0.03,6.0255,1.11,0.04,1.35
11414465,K02836.01,Kepler-1363 b,2.941938,0.03,2.1156,1.18,0.036,0.687
10679583,K02549.01,,3.547939,0.03,2.7757,1.11,0.044,0.775
5871985,K02703.01,Kepler-1318 b,213.2567,0.03,7.841,2.6,0.599,0.601
6307063,K02702.01,,75.37822,0.03,4.4884,1.8,0.339,0.8
5039129,K02546.01,,1.3196772,0.03,2.0496,0.99,0.025,1.06
3001885,K02540.01,,2.675966,0.03,2.1677,2.1,0.035,0.83
6026737,K02949.01,,10.17438,0.03,6.5193,1.23,0.097,1.78
4952341,K02818.01,,1.7968184,0.03,6.4001,3.5,0.034,1.82
8949925,K02972.01,,13.25163,0.03,5.7414,1.63,0.112,0.99
8560804,K02969.01,,31.97381,0.03,9.5696,1.02,0.201,1.03
7428316,K02809.01,,7.126783,0.03,3.7318,1.2,0.074,0.96
7899070,K02683.01,,126.44616,0.03,16.9307,4.6,0.482,0.83
3102384,K00273.01,Kepler-454 A b,10.573769,0.03,1.736,1.82,0.098,1.072
11874577,K02779.01,,34.45781,0.03,7.5169,2.4,0.214,1.02
11752908,K02651.01,,6.383203,0.03,1.7238,2.3,0.065,0.75
3337432,K02265.01,,2.976023,0.03,3.8188,0.93,0.04,1.003
8126558,K02259.01,,12.191471,0.03,2.1725,2.5,0.098,0.94
10491044,K01763.01,,2.199033,0.03,2.9166,1.5,0.03,0.74
4950232,K01753.01,,0.9794448,0.03,1.0505,1.6,0.019,0.65
5607631,K02254.01,,20.56999,0.03,3.2431,1.7,0.151,0.99
9517393,K02076.01,,56.77673,0.03,6.999,2.92,0.294,0.95
6364327,K01744.01,,5.243935,0.03,11.73,1.21,0.058,0.96
8129042,K01743.01,,54.3297,0.03,23.4542,2.7,0.301,1.51
10544677,K02244.01,,19.7357,0.03,3.9369,1.6,0.15,1.07
4077901,K02239.01,,12.10932,0.03,8.3725,0.93,0.099,0.83
10019708,K00199.01,Kepler-490 b,3.26869482,0.03,3.4397,11,0.045,1.09
6307083,K02050.01,,75.3781,0.03,5.1315,1.3,0.316,0.74
5024482,K02041.01,,1.5259258,0.03,2.354,1.98,0.026,1.033
7380829,K01703.01,,3.174582,0.03,8.1865,1.7,0.043,1.03
2581191,K02203.01,,1.9904434,0.03,2.9845,1.22,0.032,1.02
5894073,K02187.01,,10.585338,0.03,4.522,1.9,0.097,1.01
6300348,K00212.01,,5.6959013,0.03,3.5762,6.4,0.064,0.92
4736569,K01996.01,Kepler-1042 b,10.13195,0.03,3.1799,2.41,0.085,0.82
3328026,K01994.01,,2.115398,0.03,4.0925,1.8,0.032,0.91
10031707,K01827.01,,8.589686,0.03,6.5601,0.55,0.049,0.27
8107034,K02322.01,,332.745,0.03,20.6373,2.9,0.988,1.09
4247991,K02311.01,,191.8642,0.03,4.9009,0.95,0.664,0.985
5730389,K01956.01,,2.7595592,0.03,4.8342,1.8,0.037,0.87
7257363,K02292.01,,5.233516,0.03,4.3747,1.47,0.056,0.736
8652999,K01953.01,,15.160311,0.03,6.0321,2,0.119,1.17
4386059,K01340.01,,2.9005998,0.03,2.7597,1.54,0.04,1.006
5217586,K01592.01,,26.069353,0.03,5.5315,2.8,0.164,1.02
12019440,K00186.01,Kepler-485 b,3.2432603,0.03,3.0325,12.3,0.044,0.97
9705459,K01448.01,,2.48658698,0.03,2.9473,22,0.035,1.03
4164994,K01320.01,Kepler-816 b,10.506822,0.03,3.7353,8.2,0.09,0.75
5553652,K01575.01,,24.32771,0.03,4.8585,2.5,0.155,0.73
10341913,K01172.01,,0.9337554,0.03,4.2716,1.7,0.019,1.2
5210475,K01568.01,,1.0089169,0.03,1.557,1.6,0.02,0.74
9899280,K01559.01,,1.3325655,0.03,4.2268,1.55,0.02,0.609
7137725,K01699.01,,2.2535473,0.03,3.8449,1.53,0.036,1.42
6975615,K01698.01,,2.0653504,0.03,2.703,1.16,0.029,0.86
5282049,K01545.01,,5.9103688,0.03,3.9793,10.8,0.065,0.81
8552498,K01272.01,,0.53096754,0.03,2.3412,1.8,0.014,1.28
9040849,K01392.01,,4.1187746,0.03,3.6007,3.7,0.051,0.73
9535080,K01509.01,,49.65527,0.03,12.2228,3,0.277,1.32
5652237,K00164.01,,4.4645483,0.03,3.0312,3.2,0.057,2.02
3542588,K01217.01,,3.471412,0.03,3.7219,1.1,0.047,1.07
5477805,K01607.01,,5.006739,0.03,2.0592,2.2,0.059,1.45
6147122,K01062.01,,15.451512,0.03,3.6588,3,0.145,1.95
5876368,K01049.01,,0.52542651,0.03,1.1461,1.62,0.013,0.88
5988031,K01047.01,,2.5555332,0.03,6.218,1.6,0.037,0.92
2445129,K00793.01,,10.318768,0.03,2.9383,2.8,0.092,1.01
2445154,K01023.01,,8.41206,0.03,3.8392,1.63,0.07,0.602
11812062,K00776.01,Kepler-673 b,3.7287325,0.03,2.6047,5.5,0.045,0.79
8299955,K01147.01,,2.6827708,0.03,3.0368,1.41,0.039,1.27
5812701,K00012.01,Kepler-448 b,17.855149,0.03,7.4066,13.4,0.144,1.4
3003992,K01119.01,,7.244812,0.03,2.578,0.63,0.067,0.816
10743597,K00989.02,,0.8170339,0.03,2.2382,3.1,0.017,0.84
1433962,K00982.01,,1.5926501,0.03,6.0472,1.87,0.023,0.6
6862328,K00865.01,,119.02088,0.03,8.0568,6.9,0.469,0.86
6675056,K00859.01,,10.443322,0.03,2.8999,2.3,0.083,0.695
3239636,K01093.01,,0.52875259,0.03,3.4843,2.37,0.014,1.17
9480189,K00941.01,Kepler-257 c,6.581501,0.03,3.0976,3.4,0.062,0.75
10141900,K01082.01,,6.503227,0.03,2.5545,1.46,0.064,0.73
7779077,K01842.01,,16.841896,0.0299,2.5807,2.6,0.122,0.95
8460600,K01730.01,,6.35208972,0.0298,3.8651,21.3,0.062,0.77
7287415,K01369.01,,3.016148,0.0297,2.6938,1.5,0.041,0.98
10538176,K01301.02,Kepler-284 c,37.51391,0.0296,5.327,2.34,0.214,0.82
5706595,K02183.02,Kepler-370 b,4.579497,0.0295,3.5654,1.27,0.054,0.88
9244756,K01969.01,,16.34357,0.0295,5.3402,2.33,0.123,0.83
5812960,K00507.01,Kepler-582 b,18.492336,0.0294,3.5054,3.3,0.127,0.84
11032227,K01440.01,Kepler-850 b,7.19294,0.0294,3.3551,1.63,0.075,1
10340423,K00736.02,Kepler-225 b,6.739001,0.0294,3.0304,1.38,0.059,0.563
10810838,K00174.01,Kepler-482 b,56.35387,0.0293,3.3104,1.94,0.253,0.627
5113822,K00638.01,Kepler-199 b,23.636883,0.0292,5.0505,3.8,0.161,1.16
7984047,K01552.01,,77.63367,0.0292,4.0599,10.8,0.335,0.89
7366258,K00880.02,Kepler-82 c,51.53005,0.0291,6.4115,5.3,0.264,0.9
4752451,K00109.01,,6.4149767,0.029,2.9583,3.2,0.07,1.5
9478990,K00423.01,Kepler-39 b,21.087174,0.029,5.9134,9.8,0.155,1.04
9959589,K03098.01,,1.332567,0.029,3.9691,1.32,0.024,0.97
2449074,K00378.01,,4.9440222,0.029,3.0607,2.61,0.054,0.884
12106929,K00359.01,,5.937192,0.029,3.8512,1.83,0.065,0.92
3946023,K02447.01,,1.0454977,0.029,2.9328,0.59,0.02,1.06
3663173,K02750.01,,174.633,0.029,15.7521,3.9,0.623,0.73
8703887,K00287.01,,14.1709702,0.029,3.6718,22,0.153,1.98
3336283,K02974.01,,0.5764377,0.029,2.0822,0.91,0.014,1.14
8190354,K02781.01,,1.6157229,0.029,2.8996,0.64,0.026,0.96
11456382,K02771.01,,0.81428192,0.029,2.5121,1.68,0.018,1.2
9838975,K00218.01,,18.692859,0.029,4.0867,17.4,0.13,0.74
9899483,K01719.01,,1.332553,0.029,3.795,1.7,0.026,1.43
10909127,K02200.01,Kepler-1138 b,3.170598,0.029,1.6314,1.71,0.041,0.96
9042357,K01993.01,,16.003575,0.029,2.9478,1.9,0.118,0.78
7989422,K02151.01,,7.477662,0.029,2.5221,1.49,0.076,1.35
9529744,K01806.01,,2.40456,0.029,5.8741,2.2,0.037,1.12
5565497,K01789.01,,1.41252409,0.029,3.9261,6.9,0.031,2.3
7023960,K00187.01,,30.882549,0.029,5.342,14.2,0.194,0.92
11517719,K01416.01,Kepler-840 b,2.49577883,0.029,4.3498,16.7,0.036,1.04
10874614,K00017.01,Kepler-6 b,3.23469955,0.029,3.6016,11.07,0.045,1.082
11455491,K00178.01,,6.142826,0.029,4.718,1.32,0.07,1.14
10748390,K00003.01,Kepler-3 b,4.88780026,0.029,2.3684,4.68,0.052,0.742
10272640,K01074.01,Kepler-762 b,3.7705565,0.029,3.8162,11.1,0.049,0.99
3836375,K00807.01,,1.5403964,0.029,1.9054,2.9,0.025,0.81
10485250,K00745.01,,16.469814,0.029,9.439,8.2,0.116,0.78
7661409,K00957.01,,3.1405226,0.029,6.0053,3.7,0.043,1.04
9446824,K01382.01,,4.20233592,0.0289,3.7885,24,0.052,1.08
2853093,K01099.01,Kepler-767 b,161.5266,0.0287,3.6648,6.1,0.581,0.89
6152974,K00216.02,Kepler-118 b,7.51866,0.0285,2.9283,1.3,0.069,0.79
3248033,K00006.01,,1.3341094,0.0283,2.1315,2.98,0.025,1.55
4282872,K01325.01,Kepler-818 b,10.035355,0.0282,3.398,4.6,0.091,0.88
7037540,K01347.01,,14.4058538,0.0281,5.562,15.14,0.108,0.863
9899352,K03135.01,,1.33256,0.028,4.2224,1.26,0.023,0.84
7461307,K02909.01,,0.7735942,0.028,1.5704,0.77,0.016,0.89
6603756,K01729.01,,5.204286,0.028,6.222,16.4,0.055,0.85
9115681,K01865.01,,1.8639143,0.028,3.0034,2.7,0.033,1.57
5467124,K02161.01,,2.8457393,0.028,7.0532,1.28,0.039,0.88
5270698,K01543.01,,3.96433383,0.028,4.7665,15.8,0.05,0.98
5529643,K01679.01,,0.7597663,0.028,3.4617,2,0.017,0.99
7684873,K00014.01,,2.94737705,0.028,3.054,4.8,0.05,2.52
7380537,K00883.01,,2.68889807,0.028,2.0921,11.12,0.034,0.648
7778437,K00131.01,Kepler-471 b,5.0142325,0.028,4.599,9,0.06,1.13
8543100,K01975.01,Kepler-1033 b,7.560344,0.0279,3.9487,2.31,0.075,0.89
12120943,K01458.01,,8.981345,0.0276,4.9733,4.2,0.084,0.61
10031885,K00329.01,,8.58962,0.027,5.9832,1.5,0.083,0.95
11913012,K00544.01,,3.7478426,0.027,3.6465,2,0.048,0.97
2452450,K00380.01,,8.0970439,0.027,4.6002,5.3,0.087,1.7
8773869,K00462.01,,1.5763433,0.027,3.22,5.1,0.026,1.92
7700871,K00088.01,,2.5898322,0.027,2.7248,1.7,0.036,0.98
5078939,K02438.01,,1.958585,0.027,2.2522,1.8,0.029,0.78
11922678,K02425.01,,3.512909,0.027,3.0714,1.19,0.048,1.26
12164770,K02088.01,,2.630052,0.027,7.6708,1.96,0.039,1.07
8823426,K01259.01,,1.5065044,0.027,3.1726,1.41,0.021,0.522
8544996,K00913.01,Kepler-723 b,4.08227693,0.027,3.2244,11.1,0.049,0.84
4263293,K01895.01,Kepler-331 b,8.457521,0.0268,2.3245,2.1,0.07,0.579
8680979,K01891.01,Kepler-330 c,15.95522,0.0268,3.9358,1.85,0.115,0.69
9757613,K00250.03,Kepler-26 d,3.543867,0.0265,2.0549,1.13,0.039,0.577
9210823,K00090.01,,0.82820711,0.026,1.9009,3.3,0.017,1.63
5794240,K00254.01,Kepler-45 b,2.45524051,0.026,1.7234,9.85,0.029,0.531
5358624,K00830.01,Kepler-428 b,3.52563247,0.026,2.5986,9.77,0.042,0.674
11449844,K00125.01,Kepler-468 b,38.478743,0.026,5.0254,14.14,0.222,0.933
6209637,K01046.01,,0.734525,0.026,6.7027,1.7,0.017,1.256
7767559,K00895.01,,4.4094114,0.026,3.8575,11.4,0.05,1.01
9772531,K00950.01,,31.2016889,0.026,3.5355,10.41,0.158,0.52
10158990,K01080.01,,1.0965841,0.026,2.0671,1.4,0.019,0.82
7222086,K01701.01,,2.439006,0.0257,1.2064,1.73,0.041,1.92
9632895,K01451.01,,27.3220476,0.0256,5.6518,23.7,0.174,0.83
5728283,K01011.01,,6.1982738,0.0256,7.5195,22,0.067,0.96
6468138,K01826.01,Kepler-965 b,134.2519,0.0253,9.1677,2.59,0.52,0.94
6762829,K01740.01,,18.7952642,0.0252,9.9924,15.9,0.138,0.95
4832175,K02846.01,,0.947743,0.025,1.7967,0.95,0.016,0.63
5091016,K02973.01,,5.765619,0.025,3.3643,1.6,0.065,1.09
5709889,K02783.01,,0.5268877,0.025,1.2893,0.66,0.011,0.549
11231334,K00258.01,,4.1574505,0.025,5.227,5,0.055,1.53
3749365,K01176.01,Kepler-785 b,1.97376051,0.025,1.8195,9.86,0.027,0.618
9651668,K00183.01,Kepler-423 b,2.68432897,0.025,2.6749,12.4,0.038,0.93
7950644,K00192.01,Kepler-427 b,10.2909988,0.025,4.2661,10.1,0.095,1.03
9166862,K00931.01,Kepler-731 b,3.8556024,0.025,3.1938,11.1,0.048,0.89
9159275,K00930.01,,3.0447784,0.025,6.8073,3.3,0.04,0.81
2438502,K01003.01,,8.3606017,0.025,7.4333,14.2,0.074,0.79
8359498,K00127.01,Kepler-77 b,3.57878272,0.025,2.8982,10.93,0.047,1.039
6428700,K00853.02,Kepler-242 c,14.49672,0.0249,3.354,1.6,0.104,0.71
9766437,K00949.01,Kepler-739 b,12.532507,0.0247,3.9195,3.1,0.107,0.93
9030537,K01892.01,,62.56259,0.0246,5.4033,3,0.302,0.83
9823487,K01489.01,,16.00451,0.0246,3.9316,2.03,0.115,0.73
2302548,K00988.01,Kepler-261 b,10.381209,0.0245,2.8096,2.21,0.089,0.799
11669239,K00542.01,Kepler-180 c,41.88574,0.0243,6.1576,2.6,0.229,1.04
10123064,K00472.01,Kepler-565 b,4.243743,0.0243,3.375,3.4,0.051,0.9
9832208,K02553.01,,88.0708,0.0242,6.993,1.99,0.358,0.689
3437776,K00549.02,,0.63558575,0.024,2.7805,2.1,0.014,0.98
10363281,K02726.01,,0.9349261,0.024,2.1773,1.64,0.021,1.85
3556220,K01213.01,,0.7967132,0.024,2.7055,1.16,0.017,1.03
11909839,K00779.01,,10.4059559,0.024,6.4079,12.1,0.091,1.01
5475431,K01546.01,,0.9175471,0.0236,1.7196,9.5,0.018,0.82
3239671,K02066.01,,147.9724,0.0235,6.8993,3.5,0.556,0.95
7433585,K02999.01,,0.5455428,0.023,1.9997,0.89,0.013,0.96
3656121,K00386.01,Kepler-146 b,31.15857,0.023,5.2014,3.4,0.2,1.12
11858748,K01471.01,,1.7809803,0.023,2.1587,2.3,0.028,0.84
4840513,K01541.01,,2.37928191,0.023,3.2246,23.8,0.037,1.07
8262210,K01073.01,,1.6130154,0.023,3.0781,0.99,0.025,0.811
11656840,K00774.01,,7.4426623,0.023,2.3182,16,0.076,1.01
12356617,K00375.01,,600,0.0227,5.946,10.4,1.467,1.52
5514383,K00257.01,Kepler-506 b,6.883403,0.0225,2.0797,2.61,0.075,1.164
9595827,K00217.01,Kepler-71 b,3.905081,0.0224,2.8415,11.7,0.047,0.82
5966660,K00656.01,,1.9066335,0.022,2.4426,2.6,0.032,1.18
7385509,K00675.01,,1.6554664,0.022,3.3687,2.76,0.023,0.678
6044553,K02646.01,,0.53208852,0.022,2.2726,1.44,0.012,0.746
8687088,K02749.01,,0.9050391,0.022,1.4134,0.62,0.019,1.093
9591070,K02825.01,,0.7641726,0.022,2.3181,1.15,0.017,1.09
5648449,K00979.01,,4.3488698,0.022,2.3041,0.62,0.031,0.27
6803202,K00177.01,,21.06046,0.0215,5.2864,1.84,0.149,1.06
8686150,K00919.01,,51.425985,0.0211,14.8128,27,0.278,0.99
2445975,K00053.01,,3.3888855,0.021,2.4324,67,0.109,6.88
6468337,K01620.01,,0.9598524,0.021,2.0665,0.74,0.019,0.972
6891543,K01354.01,,1.7525598,0.021,3.9215,2.9,0.027,0.95
5709725,K00555.02,,86.4926,0.0202,7.4094,2.68,0.363,0.903
6062088,K00658.03,Kepler-203 d,11.32984,0.02,3.445,1.18,0.099,0.91
9702072,K00714.01,Kepler-652 b,4.1820097,0.02,2.2135,2.58,0.049,0.898
10290666,K00332.01,Kepler-526 b,5.45851,0.02,3.9749,1.84,0.063,1.21
10873260,K00535.01,Kepler-590 b,5.852981,0.02,4.5641,3.3,0.064,1
7609674,K03128.01,,21.23599,0.02,4.2219,1,0.148,0.974
4848424,K02991.01,,1.501769,0.02,3.377,0.69,0.023,0.67
7840044,K00516.01,,13.542027,0.02,3.2142,1.7,0.11,1.01
3323887,K00377.03,Kepler-9 d,1.5929716,0.02,1.8159,1.67,0.027,1.012
3541800,K00491.01,,4.662295,0.02,2.6291,2,0.056,1.01
10619142,K03082.01,,2.045145,0.02,4.0316,2.7,0.04,2.13
11255761,K00482.01,,4.99272,0.02,2.4725,2.3,0.055,0.96
11019987,K03060.01,Kepler-1421 b,6.91311,0.02,4.7787,0.71,0.076,1.2
3234843,K03057.01,Kepler-405 c,29.72682,0.02,3.476,2.7,0.189,0.83
8827575,K03052.01,,10.129652,0.02,3.2244,0.89,0.086,0.93
9520443,K02893.01,,0.49507227,0.02,1.1226,1.46,0.011,0.7
6364276,K02873.01,,5.243903,0.02,9.083,0.67,0.049,0.541
5881813,K02744.01,Kepler-1333 b,109.64811,0.02,6.261,2.7,0.44,0.83
4138951,K02866.01,Kepler-1373 b,1.2912458,0.02,2.0291,0.86,0.024,1.09
4055774,K02381.01,,6.587227,0.02,4.6335,1.6,0.067,0.82
10415227,K02562.01,,2.932323,0.02,3.4371,1.29,0.041,0.98
8617363,K02945.01,,19.94738,0.02,1.7659,2.5,0.142,0.85
4249611,K02821.01,,79.2459,0.02,5.6444,4.6,0.363,0.98
4270565,K02819.01,,18.01159,0.02,5.786,1.9,0.136,0.93
5980783,K02967.01,,37.30304,0.02,7.4793,2.2,0.219,0.88
5014903,K02966.01,,7.727653,0.02,2.23,1.9,0.075,0.93
10275766,K02810.01,,0.6617416,0.02,2.654,1.49,0.015,1.05
10904004,K02957.01,,4.644899,0.02,2.5301,0.65,0.049,0.686
5392702,K02510.01,,12.214443,0.02,7.0481,1.76,0.099,0.76
8259713,K02935.01,,27.88011,0.02,6.9664,1.72,0.19,1.16
3230753,K02928.01,,17.73347,0.02,5.3197,1.17,0.124,0.78
5041569,K02795.01,,2.535532,0.02,5.6083,2.4,0.037,0.98
9887224,K02464.01,,0.8746291,0.02,1.9629,0.64,0.016,0.742
8478994,K00245.04,Kepler-37 e,51.2069,0.02,8.994,0.37,0.246,0.728
5479802,K02251.01,,13.262616,0.02,3.8669,2.6,0.111,0.8
4770617,K02243.01,Kepler-1154 b,5.185444,0.02,3.9484,1.52,0.06,0.99
9635510,K02234.01,,2.351943,0.02,3.7476,1.49,0.036,1
10294613,K01896.01,,1.8544962,0.02,2.9532,2.5,0.028,0.76
8009496,K01869.01,,38.47716,0.02,3.6589,2,0.228,0.97
6525249,K02197.01,,1.7103257,0.02,2.639,1.8,0.028,0.95
8625821,K01859.01,,45.39692,0.02,3.2731,3,0.246,0.85
8179325,K02359.01,,3.172753,0.02,5.2611,1.36,0.04,0.73
12885212,K02184.01,,2.0575069,0.02,2.481,1.36,0.029,0.662
8582291,K02330.01,,2.468158,0.02,3.2294,1.2,0.034,0.91
7906739,K02165.01,,7.014751,0.02,3.9404,1.02,0.072,0.93
10232693,K02341.01,,0.9905185,0.02,1.5685,2.98,0.021,2.43
3937519,K00221.02,,5.89686,0.02,3.3743,0.74,0.061,0.76
4150624,K01334.01,,8.65312,0.02,3.0585,1.8,0.078,0.77
4285107,K01333.01,,2.2430251,0.02,2.7773,1.47,0.032,0.79
5629985,K01578.01,,2.271912,0.02,5.0348,1.25,0.034,0.91
10350571,K01175.01,Kepler-784 b,31.59334,0.02,12.6885,1.95,0.199,1.65
10480921,K01173.01,,2.0374475,0.02,3.5708,1.19,0.033,1.07
5557821,K01571.01,,2.9287747,0.02,3.2478,2.2,0.041,0.89
11497958,K01422.05,Kepler-296 A e,34.14247,0.02,3.3408,1.4,0.165,0.5
6891637,K01697.01,,1.7525397,0.02,3.9936,1.74,0.025,0.615
6891366,K01696.01,,1.7525443,0.02,3.6376,1.43,0.029,1.18
6616218,K01692.02,Kepler-314 b,2.461098,0.02,2.0837,0.84,0.036,0.951
8564587,K01270.02,Kepler-57 c,11.609257,0.02,1.7074,1.58,0.095,0.74
8766222,K01260.01,,5.297185,0.02,4.0223,1.7,0.048,0.606
8751933,K01257.01,Kepler-420 b,86.64774,0.02,4.2503,7.1,0.355,0.85
6383821,K01238.01,Kepler-797 b,27.07259,0.02,7.0142,1.9,0.17,0.86
9589323,K01488.01,Kepler-861 b,3.949633,0.02,1.5564,2.1,0.044,0.75
12403119,K01478.01,Kepler-858 b,76.13354,0.02,8.0205,5.26,0.342,0.982
8260218,K01066.01,,5.7148112,0.02,3.1376,9.7,0.063,0.92
8255887,K00908.01,Kepler-720 b,4.708327,0.02,3.1677,8.5,0.052,0.97
3838486,K00808.01,,2.99026,0.02,5.4934,1.75,0.035,0.623
757450,K00889.01,Kepler-75 b,8.8849176,0.02,2.0809,9.4,0.077,0.77
11507101,K00773.01,Kepler-672 b,38.37784,0.02,5.743,2.3,0.223,0.9
11414511,K00767.01,Kepler-670 b,2.81650521,0.02,2.4984,12,0.037,0.94
2837111,K01110.01,Kepler-771 b,8.73477,0.02,4.4921,1.62,0.083,0.93
3233043,K00966.02,,7.76967,0.02,4.7387,3.16,0.075,1.98
6756669,K00862.01,,5.85152433,0.02,3.2343,16,0.061,0.85
5481416,K00836.01,,2.3840538,0.02,2.2918,2.5,0.031,0.669
6587280,K00857.01,Kepler-243 b,5.71543,0.0198,2.5421,2.06,0.058,0.71
10864531,K02080.01,Kepler-358 c,83.4875,0.0196,6.1072,2.7,0.374,0.89
7456001,K01517.01,Kepler-874 b,40.06841,0.0192,5.9708,3.2,0.232,1.03
3438975,K00300.01,,2.9760145,0.019,4.0275,1.57,0.041,1.46
5478055,K00411.01,,15.852281,0.019,3.9194,3.5,0.124,1.16
6462863,K00094.02,Kepler-89 A c,10.423707,0.019,5.2039,4.22,0.101,1.52
5471574,K02505.01,,0.9628385,0.019,3.1934,1.63,0.021,1.69
4677282,K02766.01,,1.5721774,0.019,4.1196,2.1,0.029,1.21
5021176,K00447.01,,4.0450494,0.018,2.2018,2.6,0.05,0.97
9993529,K02644.01,,0.79054036,0.018,1.0995,1.4,0.015,0.652
10407221,K02605.01,,0.9337378,0.018,4.9092,1.23,0.016,0.636
10488450,K00290.01,,2.6833998,0.018,1.9113,2.57,0.043,1.404
10619192,K00203.01,Kepler-17 b,1.48571127,0.018,2.2746,14.82,0.026,1.048
10341831,K01164.01,,0.9337535,0.018,4.1403,1.06,0.015,0.517
11804465,K00020.01,Kepler-12 b,4.43796291,0.018,4.6714,17.6,0.056,1.38
9479273,K00940.01,Kepler-734 b,6.104862,0.018,4.6174,3.5,0.063,0.79
6805146,K00668.01,,13.77970808,0.0171,7.6422,22.9,0.12,1.43
5475641,K02895.01,,1.0698442,0.017,4.9203,1.8,0.018,0.72
7972785,K00184.01,,7.30073465,0.017,5.713,13,0.078,1.12
4851464,K01757.01,,5.54825343,0.0169,6.0914,17.8,0.062,0.82
7549209,K01518.01,Kepler-875 b,27.50655,0.0166,5.512,2,0.177,0.86
5372966,K00832.01,,9.28635788,0.0161,4.1657,19.3,0.085,0.88
9602514,K01490.01,,3.5565259,0.016,8.3755,4.2,0.044,2.23
8378634,K01139.01,,3.6294411,0.016,4.5661,4,0.05,1.47
4049108,K00495.01,,4.8044661,0.015,2.6607,2.3,0.053,0.84
11253827,K02672.01,Kepler-396 c,88.51658,0.015,6.8748,5.3,0.369,1.04
11177707,K01423.01,Kepler-841 b,124.41949,0.0143,3.6364,5.2,0.471,0.79
2441151,K00603.01,,2.1920104,0.014,2.2045,3,0.032,0.79
9899505,K03064.01,,1.3325576,0.014,4.2845,2.6,0.024,0.85
3425851,K00268.01,,110.37908,0.014,12.2494,1.73,0.406,0.786
10663396,K02046.01,Kepler-1069 b,23.8992,0.014,15.9361,2.21,0.166,1.23
7812179,K00515.01,,17.79441,0.013,2.9859,3.2,0.128,0.79
6531491,K01237.01,,14.324336,0.013,3.5975,3.8,0.118,0.94
5964985,K01056.01,,1.8513776,0.013,6.6935,2.3,0.033,1.62
6066403,K01045.01,,1.3038632,0.013,2.9007,2,0.023,0.93
8394721,K00152.02,Kepler-79 c,27.4022,0.0129,6.8189,3.1,0.188,1.1
5562090,K02664.01,Kepler-1309 b,28.84179,0.0125,2.4813,2.1,0.168,0.77
3342592,K00402.01,,17.1773292,0.0116,7.9075,14.8,0.132,0.94
3097346,K00264.01,,4.0298266,0.011,3.217,1.16,0.049,0.943
9950612,K00719.02,Kepler-220 d,28.12296,0.01,2.7618,0.88,0.162,0.655
9002278,K00701.03,Kepler-62 e,122.38742,0.01,6.6362,1.54,0.417,0.601
5303551,K00553.01,,2.399059,0.01,3.2882,1.9,0.034,0.99
10616679,K00429.01,Kepler-550 b,8.600121,0.01,4.0212,4.2,0.076,0.82
9946525,K00398.02,Kepler-148 c,4.1800659,0.01,2.4389,3.1,0.047,0.78
11442793,K00351.03,Kepler-90 d,59.73716,0.01,8.1198,2.5,0.312,1.07
8056665,K00089.01,Kepler-462 b,84.68895,0.01,10.0555,4.7,0.465,2.52
5475042,K03050.01,,1.2426408,0.01,1.6939,1.14,0.022,0.79
12935144,K02847.01,,1.0992879,0.01,1.6634,1.19,0.018,0.661
6849046,K00201.01,Kepler-491 b,4.2253846,0.01,2.8116,10,0.052,1.17
4768846,K02077.01,,1.2548322,0.01,2.3437,1.2,0.023,1
2987027,K00197.01,Kepler-489 b,17.2762904,0.01,3.9347,7.3,0.118,0.74
8956206,K02048.01,Kepler-1071 b,6.180013,0.01,2.0308,1.74,0.061,0.71
8160953,K01858.02,,86.0477,0.01,8.4519,1.94,0.368,0.94
8261920,K02174.02,,33.13733,0.01,3.7974,1.48,0.171,0.572
9851271,K02003.01,,8.480565,0.01,5.4197,2.6,0.08,1.07
11450414,K01992.01,Kepler-347 b,12.79838,0.01,6.1053,1.69,0.109,0.96
5124667,K01822.01,,150.8811,0.01,8.5105,3.5,0.58,1.39
3118797,K01950.01,Kepler-1024 b,66.4159,0.01,6.995,3.3,0.313,0.74
8191672,K00018.01,Kepler-5 b,3.54846566,0.01,4.0811,17.4,0.052,2.02
9512981,K01466.01,,281.5635,0.01,8.8095,9.3,0.744,0.67
3447722,K01198.02,Kepler-275 b,10.30109,0.01,4.9257,1.89,0.098,1.14
5542466,K01590.01,,12.89016,0.01,3.5534,1.63,0.096,0.71
5470739,K01585.01,Kepler-899 b,19.17903,0.01,5.0599,2.4,0.139,0.86
11336883,K01445.03,,20.0196,0.01,6.9994,0.92,0.154,1.22
5193400,K01580.01,,21.361788,0.01,0.5816,9.2,0.154,0.97
5438099,K01567.03,Kepler-306 d,17.32639,0.01,4.4055,2.31,0.128,0.88
11122894,K01426.01,Kepler-297 b,38.87135,0.01,6.048,3.2,0.23,1.04
7951018,K01553.01,Kepler-890 b,52.75886,0.01,6.6073,7.4,0.282,0.98
6696462,K01693.01,,3.403746,0.01,1.0884,2.3,0.043,0.84
9150827,K01408.02,,82.3721,0.01,6.3482,0.76,0.307,0.54
6774826,K01376.01,,7.138906,0.01,2.8558,2.49,0.085,1.502
8323753,K00175.01,,6.714263,0.01,2.8502,2.6,0.071,1.27
5357901,K00188.01,Kepler-425 b,3.79701711,0.01,2.2378,8.3,0.044,0.71
7811397,K01477.01,,169.50391,0.01,7.1541,8.2,0.577,0.79
5880320,K01060.02,Kepler-758 c,4.757896,0.01,4.5006,1.43,0.06,1.24
3351888,K00801.01,Kepler-685 b,1.62552343,0.01,2.3893,8.7,0.026,0.99
5094751,K00123.02,Kepler-109 c,21.222534,0.01,6.4708,2.71,0.153,1.43
7585481,K00890.01,Kepler-714 b,8.0988814,0.01,4.2109,8.2,0.081,1
10910878,K00757.03,Kepler-229 b,6.252948,0.01,2.5645,2.1,0.062,0.7
12062667,K01487.01,,2.929296,0.009,4.8631,2.9,0.043,1.37
9872292,K01537.01,,10.19144,0.0082,6.4902,0.82,0.094,1.116
8282651,K02193.01,Kepler-1136 b,2.361718,0.007,1.251,1.37,0.03,0.598
4761060,K02249.01,,13.379424,0.005,6.9758,3.4,0.124,1.8
9405595,K02125.01,,23.35986,0.002,4.8293,2.5,0.166,1.04
8008067,K00316.01,Kepler-139 b,15.771019,0,5.0524,2.63,0.126,1.18
10965008,K00536.01,Kepler-591 b,81.1699,0,7.4609,2.9,0.365,0.87
10395543,K00531.01,,3.6874687,0,1.0517,3,0.038,0.529
8017703,K00518.02,Kepler-174 c,44.00045,0,5.2485,1.47,0.206,0.61
6471021,K00372.01,Kepler-539 b,125.63064,0,9.0432,8.52,0.5,0.97
1571511,K00362.01,,14.0224519,0,8.0503,14.7,0.115,1.04
8845026,K00044.01,,66.467694,0,19.738,9.61,0.304,0.882
10386922,K00289.01,,26.62942,0,7.8202,2.19,0.175,1
8167959,K00267.01,,165.7441,0,9.8652,1.3,0.586,1.42
10471621,K02554.02,,10.27152,0,2.7633,1.03,0.08,0.61
6956014,K00031.01,,0.925585,0,1.7219,48.4,0.019,25.7
9071386,K00023.01,,4.69330583,0,5.1149,17.2,0.06,1.43
8164257,K02073.01,Kepler-357 d,49.50081,0,5.8598,2.2,0.237,0.72
9964670,K02192.01,,1.5413421,0,3.2768,1.46,0.024,0.73
9489524,K02029.02,Kepler-352 b,10.05548,0,2.6855,0.84,0.086,0.725
10656508,K00211.01,,124.03611,0,4.8379,9.6,0.506,1.1
6504954,K01790.01,Kepler-952 b,130.35148,0,6.0679,6.7,0.5,0.95
7622486,K01447.02,,2.2800034,0,2.4938,14.66,0.035,1.152
5283458,K01547.01,,30.693946,0,2.949,11.3,0.196,0.84
11512246,K00168.01,Kepler-23 c,10.742447,0,6.2123,3.69,0.101,1.87
9157908,K01400.01,,9.4147537,0,3.3546,3.3,0.092,1.185
4664847,K00816.01,Kepler-690 b,7.748083,0,3.5091,4.3,0.075,0.91
8672910,K00918.01,Kepler-725 b,39.643231,0,6.5002,10.1,0.218,0.83
6307537,K01120.01,,29.743977,0,26.0837,30.65,0.166,0.741
6849310,K00864.02,Kepler-244 d,20.05043,0,4.536,2.4,0.14,0.81
6522242,K00855.01,Kepler-706 b,41.4083,0,4.9205,12.2,0.228,0.82
